<?xml version="1.0"?><?mso-application progid="Excel.Sheet"?><Workbook xmlns="urn:schemas-microsoft-com:office:spreadsheet" xmlns:ss="urn:schemas-microsoft-com:office:spreadsheet"><DocumentProperties xmlns="urn:schemas-microsoft-com:office:office"><Author>Axel Richter</Author><Created>1639580819726</Created></DocumentProperties><Styles><Style ss:ID="Currency"><NumberFormat ss:Format="Currency"></NumberFormat></Style><Style ss:ID="Date"><NumberFormat ss:Format="Medium Date"></NumberFormat></Style></Styles><Worksheet ss:Name="General"><Table><Row><Cell><Data ss:Type="String">Reporte: </Data></Cell><Cell><Data ss:Type="String">Estado de actividades</Data></Cell></Row><Row><Cell><Data ss:Type="String">Categoría: </Data></Cell><Cell><Data ss:Type="String">Aulas Tutorial (#1315)</Data></Cell></Row><Row><Cell><Data ss:Type="String">Curso: </Data></Cell><Cell><Data ss:Type="String">Curso 0 o Tutorial - Aula 14 (#10834)</Data></Cell></Row><Row><Cell><Data ss:Type="String">Fecha de generación: </Data></Cell><Cell><Data ss:Type="String">15/12/2021</Data></Cell></Row><Row></Row><Row><Cell><Data ss:Type="String">Actividad</Data></Cell><Cell><Data ss:Type="String">#Usuarios</Data></Cell></Row><Row><Cell><Data ss:Type="String">Cuestionario de prerrequisito técnico</Data></Cell><Cell><Data ss:Type="String">14</Data></Cell></Row><Row><Cell><Data ss:Type="String">Foro de prerrequisito técnico</Data></Cell><Cell><Data ss:Type="String">13</Data></Cell></Row><Row><Cell><Data ss:Type="String">Etiqueta</Data></Cell><Cell><Data ss:Type="String">12</Data></Cell></Row></Table></Worksheet><Worksheet ss:Name="Detalle"><Table><Row><Cell><Data ss:Type="String">Nombre</Data></Cell><Cell><Data ss:Type="String">ID</Data></Cell><Cell><Data ss:Type="String">Email</Data></Cell><Cell><Data ss:Type="String">Grupo</Data></Cell><Cell><Data ss:Type="String">Cuestionario de prerrequisito técnico</Data></Cell><Cell><Data ss:Type="String">Fecha de término</Data></Cell><Cell><Data ss:Type="String">Suplantado</Data></Cell><Cell><Data ss:Type="String">Foro de prerrequisito técnico</Data></Cell><Cell><Data ss:Type="String">Fecha de término</Data></Cell><Cell><Data ss:Type="String">Suplantado</Data></Cell><Cell><Data ss:Type="String">Etiqueta</Data></Cell><Cell><Data ss:Type="String">Fecha de término</Data></Cell><Cell><Data ss:Type="String">Suplantado</Data></Cell></Row><Row><Cell><Data ss:Type="String">Paulina Alcaino</Data></Cell><Cell><Data ss:Type="String">15.774.219-1</Data></Cell><Cell><Data ss:Type="String">paulinalcaino@gmail.com</Data></Cell><Cell><Data ss:Type="String">Sin grupo</Data></Cell><Cell><Data ss:Type="String">Realizada</Data></Cell><Cell><Data ss:Type="String">06-11-2021</Data></Cell><Cell><Data ss:Type="String">NO</Data></Cell><Cell><Data ss:Type="String">Realizada</Data></Cell><Cell><Data ss:Type="String">06-11-2021</Data></Cell><Cell><Data ss:Type="String">NO</Data></Cell><Cell><Data ss:Type="String">No realizada</Data></Cell><Cell><Data ss:Type="String">No aplica</Data></Cell><Cell><Data ss:Type="String">No aplica</Data></Cell></Row><Row><Cell><Data ss:Type="String">Silvia Del Carmen Álvarez Rojas</Data></Cell><Cell><Data ss:Type="String">8.202.708-4</Data></Cell><Cell><Data ss:Type="String">utpmedia@cbo.cl</Data></Cell><Cell><Data ss:Type="String">Sin grupo</Data></Cell><Cell><Data ss:Type="String">No realizada</Data></Cell><Cell><Data ss:Type="String">No aplica</Data></Cell><Cell><Data ss:Type="String">No aplica</Data></Cell><Cell><Data ss:Type="String">No realizada</Data></Cell><Cell><Data ss:Type="String">No aplica</Data></Cell><Cell><Data ss:Type="String">No aplica</Data></Cell><Cell><Data ss:Type="String">No realizada</Data></Cell><Cell><Data ss:Type="String">No aplica</Data></Cell><Cell><Data ss:Type="String">No aplica</Data></Cell></Row><Row><Cell><Data ss:Type="String">Yanara Michele Aravena Ordóñez</Data></Cell><Cell><Data ss:Type="String">19.316.319-k</Data></Cell><Cell><Data ss:Type="String">yanara.aravena@colegiovillalourdes.com</Data></Cell><Cell><Data ss:Type="String">Sin grupo</Data></Cell><Cell><Data ss:Type="String">Realizada</Data></Cell><Cell><Data ss:Type="String">22-11-2021</Data></Cell><Cell><Data ss:Type="String">NO</Data></Cell><Cell><Data ss:Type="String">Realizada</Data></Cell><Cell><Data ss:Type="String">22-11-2021</Data></Cell><Cell><Data ss:Type="String">NO</Data></Cell><Cell><Data ss:Type="String">Realizada</Data></Cell><Cell><Data ss:Type="String">22-11-2021</Data></Cell><Cell><Data ss:Type="String">NO</Data></Cell></Row><Row><Cell><Data ss:Type="String">WALEZKA ARIAS ARIAS</Data></Cell><Cell><Data ss:Type="String">15.491.424-2</Data></Cell><Cell><Data ss:Type="String">WALEZKA_CFTSANAGUSTIN@HOTMAIL.CL</Data></Cell><Cell><Data ss:Type="String">Sin grupo</Data></Cell><Cell><Data ss:Type="String">No realizada</Data></Cell><Cell><Data ss:Type="String">No aplica</Data></Cell><Cell><Data ss:Type="String">No aplica</Data></Cell><Cell><Data ss:Type="String">No realizada</Data></Cell><Cell><Data ss:Type="String">No aplica</Data></Cell><Cell><Data ss:Type="String">No aplica</Data></Cell><Cell><Data ss:Type="String">No realizada</Data></Cell><Cell><Data ss:Type="String">No aplica</Data></Cell><Cell><Data ss:Type="String">No aplica</Data></Cell></Row><Row><Cell><Data ss:Type="String">MARIA INES DEL CARMEN ARIAS CORDOVA</Data></Cell><Cell><Data ss:Type="String">7.718.199-7</Data></Cell><Cell><Data ss:Type="String">INESITA58@HOTMAIL.CL</Data></Cell><Cell><Data ss:Type="String">Sin grupo</Data></Cell><Cell><Data ss:Type="String">No realizada</Data></Cell><Cell><Data ss:Type="String">No aplica</Data></Cell><Cell><Data ss:Type="String">No aplica</Data></Cell><Cell><Data ss:Type="String">No realizada</Data></Cell><Cell><Data ss:Type="String">No aplica</Data></Cell><Cell><Data ss:Type="String">No aplica</Data></Cell><Cell><Data ss:Type="String">No realizada</Data></Cell><Cell><Data ss:Type="String">No aplica</Data></Cell><Cell><Data ss:Type="String">No aplica</Data></Cell></Row><Row><Cell><Data ss:Type="String">Andrea Cecilia Bastidas Campos</Data></Cell><Cell><Data ss:Type="String">16.591.393-0</Data></Cell><Cell><Data ss:Type="String">cra.esccpezoaveliz@gmail.com</Data></Cell><Cell><Data ss:Type="String">Sin grupo</Data></Cell><Cell><Data ss:Type="String">No realizada</Data></Cell><Cell><Data ss:Type="String">No aplica</Data></Cell><Cell><Data ss:Type="String">No aplica</Data></Cell><Cell><Data ss:Type="String">No realizada</Data></Cell><Cell><Data ss:Type="String">No aplica</Data></Cell><Cell><Data ss:Type="String">No aplica</Data></Cell><Cell><Data ss:Type="String">No realizada</Data></Cell><Cell><Data ss:Type="String">No aplica</Data></Cell><Cell><Data ss:Type="String">No aplica</Data></Cell></Row><Row><Cell><Data ss:Type="String">JESSICA XIMENA CABEZA QUEVEDO</Data></Cell><Cell><Data ss:Type="String">12.062.449-0</Data></Cell><Cell><Data ss:Type="String">JCABEZAQUEVEDO.13@GMAIL.COM</Data></Cell><Cell><Data ss:Type="String">Sin grupo</Data></Cell><Cell><Data ss:Type="String">No realizada</Data></Cell><Cell><Data ss:Type="String">No aplica</Data></Cell><Cell><Data ss:Type="String">No aplica</Data></Cell><Cell><Data ss:Type="String">No realizada</Data></Cell><Cell><Data ss:Type="String">No aplica</Data></Cell><Cell><Data ss:Type="String">No aplica</Data></Cell><Cell><Data ss:Type="String">No realizada</Data></Cell><Cell><Data ss:Type="String">No aplica</Data></Cell><Cell><Data ss:Type="String">No aplica</Data></Cell></Row><Row><Cell><Data ss:Type="String">LEONTINA DEL CARMEN CARO GONZÁLEZ</Data></Cell><Cell><Data ss:Type="String">6.673.936-8</Data></Cell><Cell><Data ss:Type="String">LEITO_CARO@HOTMAIL.COM</Data></Cell><Cell><Data ss:Type="String">Sin grupo</Data></Cell><Cell><Data ss:Type="String">No realizada</Data></Cell><Cell><Data ss:Type="String">No aplica</Data></Cell><Cell><Data ss:Type="String">No aplica</Data></Cell><Cell><Data ss:Type="String">No realizada</Data></Cell><Cell><Data ss:Type="String">No aplica</Data></Cell><Cell><Data ss:Type="String">No aplica</Data></Cell><Cell><Data ss:Type="String">No realizada</Data></Cell><Cell><Data ss:Type="String">No aplica</Data></Cell><Cell><Data ss:Type="String">No aplica</Data></Cell></Row><Row><Cell><Data ss:Type="String">José Armando Cuello Jiménez</Data></Cell><Cell><Data ss:Type="String">9.190.485-3</Data></Cell><Cell><Data ss:Type="String">jose.cuello@slepcolchagua.cl</Data></Cell><Cell><Data ss:Type="String">Sin grupo</Data></Cell><Cell><Data ss:Type="String">No realizada</Data></Cell><Cell><Data ss:Type="String">No aplica</Data></Cell><Cell><Data ss:Type="String">No aplica</Data></Cell><Cell><Data ss:Type="String">No realizada</Data></Cell><Cell><Data ss:Type="String">No aplica</Data></Cell><Cell><Data ss:Type="String">No aplica</Data></Cell><Cell><Data ss:Type="String">No realizada</Data></Cell><Cell><Data ss:Type="String">No aplica</Data></Cell><Cell><Data ss:Type="String">No aplica</Data></Cell></Row><Row><Cell><Data ss:Type="String">MARIA DIAZ CORREA - 2155</Data></Cell><Cell><Data ss:Type="String">7.320.422-4</Data></Cell><Cell><Data ss:Type="String">DIAZCORREAMARIACRISTINA@GMAIL.COM</Data></Cell><Cell><Data ss:Type="String">Sin grupo</Data></Cell><Cell><Data ss:Type="String">No realizada</Data></Cell><Cell><Data ss:Type="String">No aplica</Data></Cell><Cell><Data ss:Type="String">No aplica</Data></Cell><Cell><Data ss:Type="String">No realizada</Data></Cell><Cell><Data ss:Type="String">No aplica</Data></Cell><Cell><Data ss:Type="String">No aplica</Data></Cell><Cell><Data ss:Type="String">No realizada</Data></Cell><Cell><Data ss:Type="String">No aplica</Data></Cell><Cell><Data ss:Type="String">No aplica</Data></Cell></Row><Row><Cell><Data ss:Type="String">YUVICA ESPINOZA</Data></Cell><Cell><Data ss:Type="String">13.064.304-3</Data></Cell><Cell><Data ss:Type="String">YESPINOZA@TUCLASE.CL</Data></Cell><Cell><Data ss:Type="String">Sin grupo</Data></Cell><Cell><Data ss:Type="String">No realizada</Data></Cell><Cell><Data ss:Type="String">No aplica</Data></Cell><Cell><Data ss:Type="String">No aplica</Data></Cell><Cell><Data ss:Type="String">No realizada</Data></Cell><Cell><Data ss:Type="String">No aplica</Data></Cell><Cell><Data ss:Type="String">No aplica</Data></Cell><Cell><Data ss:Type="String">No realizada</Data></Cell><Cell><Data ss:Type="String">No aplica</Data></Cell><Cell><Data ss:Type="String">No aplica</Data></Cell></Row><Row><Cell><Data ss:Type="String">JOCELYN VIVIANA FIERRO PINTO</Data></Cell><Cell><Data ss:Type="String">16.690.259-2</Data></Cell><Cell><Data ss:Type="String">JOCEL1712@HOTMAIL.COM</Data></Cell><Cell><Data ss:Type="String">Sin grupo</Data></Cell><Cell><Data ss:Type="String">No realizada</Data></Cell><Cell><Data ss:Type="String">No aplica</Data></Cell><Cell><Data ss:Type="String">No aplica</Data></Cell><Cell><Data ss:Type="String">No realizada</Data></Cell><Cell><Data ss:Type="String">No aplica</Data></Cell><Cell><Data ss:Type="String">No aplica</Data></Cell><Cell><Data ss:Type="String">No realizada</Data></Cell><Cell><Data ss:Type="String">No aplica</Data></Cell><Cell><Data ss:Type="String">No aplica</Data></Cell></Row><Row><Cell><Data ss:Type="String">MARGARITA GALLARDO VERA</Data></Cell><Cell><Data ss:Type="String">10.995.858-1</Data></Cell><Cell><Data ss:Type="String">GALLARDOMARGARITA10@GMAIL.COM</Data></Cell><Cell><Data ss:Type="String">Sin grupo</Data></Cell><Cell><Data ss:Type="String">No realizada</Data></Cell><Cell><Data ss:Type="String">No aplica</Data></Cell><Cell><Data ss:Type="String">No aplica</Data></Cell><Cell><Data ss:Type="String">No realizada</Data></Cell><Cell><Data ss:Type="String">No aplica</Data></Cell><Cell><Data ss:Type="String">No aplica</Data></Cell><Cell><Data ss:Type="String">No realizada</Data></Cell><Cell><Data ss:Type="String">No aplica</Data></Cell><Cell><Data ss:Type="String">No aplica</Data></Cell></Row><Row><Cell><Data ss:Type="String">LORENA BEATRIZ GARRIDO  CARRASCO</Data></Cell><Cell><Data ss:Type="String">12.793.126-7</Data></Cell><Cell><Data ss:Type="String">BEGAC_75@HOTMAIL.COM</Data></Cell><Cell><Data ss:Type="String">Sin grupo</Data></Cell><Cell><Data ss:Type="String">No realizada</Data></Cell><Cell><Data ss:Type="String">No aplica</Data></Cell><Cell><Data ss:Type="String">No aplica</Data></Cell><Cell><Data ss:Type="String">No realizada</Data></Cell><Cell><Data ss:Type="String">No aplica</Data></Cell><Cell><Data ss:Type="String">No aplica</Data></Cell><Cell><Data ss:Type="String">No realizada</Data></Cell><Cell><Data ss:Type="String">No aplica</Data></Cell><Cell><Data ss:Type="String">No aplica</Data></Cell></Row><Row><Cell><Data ss:Type="String">PALMENIA ANDREA GARRIDO SILVA</Data></Cell><Cell><Data ss:Type="String">12.532.644-7</Data></Cell><Cell><Data ss:Type="String">PALMENIA73@GMAIL.COM</Data></Cell><Cell><Data ss:Type="String">Sin grupo</Data></Cell><Cell><Data ss:Type="String">No realizada</Data></Cell><Cell><Data ss:Type="String">No aplica</Data></Cell><Cell><Data ss:Type="String">No aplica</Data></Cell><Cell><Data ss:Type="String">No realizada</Data></Cell><Cell><Data ss:Type="String">No aplica</Data></Cell><Cell><Data ss:Type="String">No aplica</Data></Cell><Cell><Data ss:Type="String">No realizada</Data></Cell><Cell><Data ss:Type="String">No aplica</Data></Cell><Cell><Data ss:Type="String">No aplica</Data></Cell></Row><Row><Cell><Data ss:Type="String">Carolina Paz Gómez Valenzuela</Data></Cell><Cell><Data ss:Type="String">12.885.716-8</Data></Cell><Cell><Data ss:Type="String">carolina.gomez@colegiostarosa.cl</Data></Cell><Cell><Data ss:Type="String">Sin grupo</Data></Cell><Cell><Data ss:Type="String">No realizada</Data></Cell><Cell><Data ss:Type="String">No aplica</Data></Cell><Cell><Data ss:Type="String">No aplica</Data></Cell><Cell><Data ss:Type="String">No realizada</Data></Cell><Cell><Data ss:Type="String">No aplica</Data></Cell><Cell><Data ss:Type="String">No aplica</Data></Cell><Cell><Data ss:Type="String">No realizada</Data></Cell><Cell><Data ss:Type="String">No aplica</Data></Cell><Cell><Data ss:Type="String">No aplica</Data></Cell></Row><Row><Cell><Data ss:Type="String">MARIANELA LESLIE GONZALEZ RAMOS</Data></Cell><Cell><Data ss:Type="String">10.409.264-0</Data></Cell><Cell><Data ss:Type="String">cramarianela2017@gmail.com</Data></Cell><Cell><Data ss:Type="String">Sin grupo</Data></Cell><Cell><Data ss:Type="String">Realizada</Data></Cell><Cell><Data ss:Type="String">11-11-2021</Data></Cell><Cell><Data ss:Type="String">NO</Data></Cell><Cell><Data ss:Type="String">Realizada</Data></Cell><Cell><Data ss:Type="String">11-11-2021</Data></Cell><Cell><Data ss:Type="String">NO</Data></Cell><Cell><Data ss:Type="String">Realizada</Data></Cell><Cell><Data ss:Type="String">11-11-2021</Data></Cell><Cell><Data ss:Type="String">NO</Data></Cell></Row><Row><Cell><Data ss:Type="String">Iris Yolanda Guerrero Jerez</Data></Cell><Cell><Data ss:Type="String">10.683.078-9</Data></Cell><Cell><Data ss:Type="String">irisguerrero@colegiobluco.com</Data></Cell><Cell><Data ss:Type="String">Sin grupo</Data></Cell><Cell><Data ss:Type="String">No realizada</Data></Cell><Cell><Data ss:Type="String">No aplica</Data></Cell><Cell><Data ss:Type="String">No aplica</Data></Cell><Cell><Data ss:Type="String">No realizada</Data></Cell><Cell><Data ss:Type="String">No aplica</Data></Cell><Cell><Data ss:Type="String">No aplica</Data></Cell><Cell><Data ss:Type="String">No realizada</Data></Cell><Cell><Data ss:Type="String">No aplica</Data></Cell><Cell><Data ss:Type="String">No aplica</Data></Cell></Row><Row><Cell><Data ss:Type="String">Teresa Susana Guerrero Toro</Data></Cell><Cell><Data ss:Type="String">9.813.455-7</Data></Cell><Cell><Data ss:Type="String">TGUERRERO@COLEGIOCERROGRANDE.CL</Data></Cell><Cell><Data ss:Type="String">Sin grupo</Data></Cell><Cell><Data ss:Type="String">No realizada</Data></Cell><Cell><Data ss:Type="String">No aplica</Data></Cell><Cell><Data ss:Type="String">No aplica</Data></Cell><Cell><Data ss:Type="String">No realizada</Data></Cell><Cell><Data ss:Type="String">No aplica</Data></Cell><Cell><Data ss:Type="String">No aplica</Data></Cell><Cell><Data ss:Type="String">No realizada</Data></Cell><Cell><Data ss:Type="String">No aplica</Data></Cell><Cell><Data ss:Type="String">No aplica</Data></Cell></Row><Row><Cell><Data ss:Type="String">AMANDA DANIELA GUTIERREZ MATAMALA</Data></Cell><Cell><Data ss:Type="String">16.069.296-0</Data></Cell><Cell><Data ss:Type="String">AMANDAGUTIERREZ_16@HOTMAIL.COM</Data></Cell><Cell><Data ss:Type="String">Sin grupo</Data></Cell><Cell><Data ss:Type="String">No realizada</Data></Cell><Cell><Data ss:Type="String">No aplica</Data></Cell><Cell><Data ss:Type="String">No aplica</Data></Cell><Cell><Data ss:Type="String">No realizada</Data></Cell><Cell><Data ss:Type="String">No aplica</Data></Cell><Cell><Data ss:Type="String">No aplica</Data></Cell><Cell><Data ss:Type="String">No realizada</Data></Cell><Cell><Data ss:Type="String">No aplica</Data></Cell><Cell><Data ss:Type="String">No aplica</Data></Cell></Row><Row><Cell><Data ss:Type="String">Mirtha Maritza Guzmán Valderrama</Data></Cell><Cell><Data ss:Type="String">12.189.552-8</Data></Cell><Cell><Data ss:Type="String">MMGUZVAL@GMAIL.COM</Data></Cell><Cell><Data ss:Type="String">Sin grupo</Data></Cell><Cell><Data ss:Type="String">No realizada</Data></Cell><Cell><Data ss:Type="String">No aplica</Data></Cell><Cell><Data ss:Type="String">No aplica</Data></Cell><Cell><Data ss:Type="String">No realizada</Data></Cell><Cell><Data ss:Type="String">No aplica</Data></Cell><Cell><Data ss:Type="String">No aplica</Data></Cell><Cell><Data ss:Type="String">No realizada</Data></Cell><Cell><Data ss:Type="String">No aplica</Data></Cell><Cell><Data ss:Type="String">No aplica</Data></Cell></Row><Row><Cell><Data ss:Type="String">ROSEMARIE ELIZABETH HERRERA MORAGA</Data></Cell><Cell><Data ss:Type="String">11.045.630-1</Data></Cell><Cell><Data ss:Type="String">RSMRHERRERA@GMAIL.COM</Data></Cell><Cell><Data ss:Type="String">Sin grupo</Data></Cell><Cell><Data ss:Type="String">No realizada</Data></Cell><Cell><Data ss:Type="String">No aplica</Data></Cell><Cell><Data ss:Type="String">No aplica</Data></Cell><Cell><Data ss:Type="String">No realizada</Data></Cell><Cell><Data ss:Type="String">No aplica</Data></Cell><Cell><Data ss:Type="String">No aplica</Data></Cell><Cell><Data ss:Type="String">No realizada</Data></Cell><Cell><Data ss:Type="String">No aplica</Data></Cell><Cell><Data ss:Type="String">No aplica</Data></Cell></Row><Row><Cell><Data ss:Type="String">Wilma Gladys Inzunza Fuentes</Data></Cell><Cell><Data ss:Type="String">6.718.787-3</Data></Cell><Cell><Data ss:Type="String">wilmainzunza@gmail.com</Data></Cell><Cell><Data ss:Type="String">Sin grupo</Data></Cell><Cell><Data ss:Type="String">No realizada</Data></Cell><Cell><Data ss:Type="String">No aplica</Data></Cell><Cell><Data ss:Type="String">No aplica</Data></Cell><Cell><Data ss:Type="String">No realizada</Data></Cell><Cell><Data ss:Type="String">No aplica</Data></Cell><Cell><Data ss:Type="String">No aplica</Data></Cell><Cell><Data ss:Type="String">No realizada</Data></Cell><Cell><Data ss:Type="String">No aplica</Data></Cell><Cell><Data ss:Type="String">No aplica</Data></Cell></Row><Row><Cell><Data ss:Type="String">Roberto Hernan Leone Aravena</Data></Cell><Cell><Data ss:Type="String">16.745.917-k</Data></Cell><Cell><Data ss:Type="String">rleone@escuelaelbosque.cl</Data></Cell><Cell><Data ss:Type="String">Sin grupo</Data></Cell><Cell><Data ss:Type="String">No realizada</Data></Cell><Cell><Data ss:Type="String">No aplica</Data></Cell><Cell><Data ss:Type="String">No aplica</Data></Cell><Cell><Data ss:Type="String">No realizada</Data></Cell><Cell><Data ss:Type="String">No aplica</Data></Cell><Cell><Data ss:Type="String">No aplica</Data></Cell><Cell><Data ss:Type="String">No realizada</Data></Cell><Cell><Data ss:Type="String">No aplica</Data></Cell><Cell><Data ss:Type="String">No aplica</Data></Cell></Row><Row><Cell><Data ss:Type="String">Tamara Bernardita Luengo Araya</Data></Cell><Cell><Data ss:Type="String">18.468.010-6</Data></Cell><Cell><Data ss:Type="String">tamaraluengo@colegiogardencollege.cl</Data></Cell><Cell><Data ss:Type="String">Sin grupo</Data></Cell><Cell><Data ss:Type="String">No realizada</Data></Cell><Cell><Data ss:Type="String">No aplica</Data></Cell><Cell><Data ss:Type="String">No aplica</Data></Cell><Cell><Data ss:Type="String">No realizada</Data></Cell><Cell><Data ss:Type="String">No aplica</Data></Cell><Cell><Data ss:Type="String">No aplica</Data></Cell><Cell><Data ss:Type="String">No realizada</Data></Cell><Cell><Data ss:Type="String">No aplica</Data></Cell><Cell><Data ss:Type="String">No aplica</Data></Cell></Row><Row><Cell><Data ss:Type="String">Paulina Maldonado</Data></Cell><Cell><Data ss:Type="String">12.687.162-7</Data></Cell><Cell><Data ss:Type="String">paulina2310@gmail.com</Data></Cell><Cell><Data ss:Type="String">Sin grupo</Data></Cell><Cell><Data ss:Type="String">No realizada</Data></Cell><Cell><Data ss:Type="String">No aplica</Data></Cell><Cell><Data ss:Type="String">No aplica</Data></Cell><Cell><Data ss:Type="String">No realizada</Data></Cell><Cell><Data ss:Type="String">No aplica</Data></Cell><Cell><Data ss:Type="String">No aplica</Data></Cell><Cell><Data ss:Type="String">No realizada</Data></Cell><Cell><Data ss:Type="String">No aplica</Data></Cell><Cell><Data ss:Type="String">No aplica</Data></Cell></Row><Row><Cell><Data ss:Type="String">INES DEL CARMEN MARTINEZ ESCOBAR</Data></Cell><Cell><Data ss:Type="String">10.970.173-4</Data></Cell><Cell><Data ss:Type="String">NENEMARTINEZ_36@HOTMAIL.COM</Data></Cell><Cell><Data ss:Type="String">Sin grupo</Data></Cell><Cell><Data ss:Type="String">No realizada</Data></Cell><Cell><Data ss:Type="String">No aplica</Data></Cell><Cell><Data ss:Type="String">No aplica</Data></Cell><Cell><Data ss:Type="String">No realizada</Data></Cell><Cell><Data ss:Type="String">No aplica</Data></Cell><Cell><Data ss:Type="String">No aplica</Data></Cell><Cell><Data ss:Type="String">No realizada</Data></Cell><Cell><Data ss:Type="String">No aplica</Data></Cell><Cell><Data ss:Type="String">No aplica</Data></Cell></Row><Row><Cell><Data ss:Type="String">Maritza Del Carmen Matus Acuña</Data></Cell><Cell><Data ss:Type="String">15.248.254-k</Data></Cell><Cell><Data ss:Type="String">maritzita0209@gmail.com</Data></Cell><Cell><Data ss:Type="String">Sin grupo</Data></Cell><Cell><Data ss:Type="String">No realizada</Data></Cell><Cell><Data ss:Type="String">No aplica</Data></Cell><Cell><Data ss:Type="String">No aplica</Data></Cell><Cell><Data ss:Type="String">No realizada</Data></Cell><Cell><Data ss:Type="String">No aplica</Data></Cell><Cell><Data ss:Type="String">No aplica</Data></Cell><Cell><Data ss:Type="String">No realizada</Data></Cell><Cell><Data ss:Type="String">No aplica</Data></Cell><Cell><Data ss:Type="String">No aplica</Data></Cell></Row><Row><Cell><Data ss:Type="String">Francisca Javiera Medalla Rivera</Data></Cell><Cell><Data ss:Type="String">18.353.733-4</Data></Cell><Cell><Data ss:Type="String">francisca.medalla@gmail.com</Data></Cell><Cell><Data ss:Type="String">Sin grupo</Data></Cell><Cell><Data ss:Type="String">Realizada</Data></Cell><Cell><Data ss:Type="String">05-11-2021</Data></Cell><Cell><Data ss:Type="String">NO</Data></Cell><Cell><Data ss:Type="String">No realizada</Data></Cell><Cell><Data ss:Type="String">No aplica</Data></Cell><Cell><Data ss:Type="String">No aplica</Data></Cell><Cell><Data ss:Type="String">Realizada</Data></Cell><Cell><Data ss:Type="String">05-11-2021</Data></Cell><Cell><Data ss:Type="String">NO</Data></Cell></Row><Row><Cell><Data ss:Type="String">Wendy Karina Millar Medina</Data></Cell><Cell><Data ss:Type="String">13.087.432-0</Data></Cell><Cell><Data ss:Type="String">wendy.millar@liceo-santacruzdetriana.cl</Data></Cell><Cell><Data ss:Type="String">Sin grupo</Data></Cell><Cell><Data ss:Type="String">No realizada</Data></Cell><Cell><Data ss:Type="String">No aplica</Data></Cell><Cell><Data ss:Type="String">No aplica</Data></Cell><Cell><Data ss:Type="String">No realizada</Data></Cell><Cell><Data ss:Type="String">No aplica</Data></Cell><Cell><Data ss:Type="String">No aplica</Data></Cell><Cell><Data ss:Type="String">No realizada</Data></Cell><Cell><Data ss:Type="String">No aplica</Data></Cell><Cell><Data ss:Type="String">No aplica</Data></Cell></Row><Row><Cell><Data ss:Type="String">ARCELIA MONTEROS GATICA - 22451</Data></Cell><Cell><Data ss:Type="String">17.297.251-9</Data></Cell><Cell><Data ss:Type="String">amonterogatica@gmail.com</Data></Cell><Cell><Data ss:Type="String">Sin grupo</Data></Cell><Cell><Data ss:Type="String">No realizada</Data></Cell><Cell><Data ss:Type="String">No aplica</Data></Cell><Cell><Data ss:Type="String">No aplica</Data></Cell><Cell><Data ss:Type="String">No realizada</Data></Cell><Cell><Data ss:Type="String">No aplica</Data></Cell><Cell><Data ss:Type="String">No aplica</Data></Cell><Cell><Data ss:Type="String">No realizada</Data></Cell><Cell><Data ss:Type="String">No aplica</Data></Cell><Cell><Data ss:Type="String">No aplica</Data></Cell></Row><Row><Cell><Data ss:Type="String">Bartolo Montoya Vásquez</Data></Cell><Cell><Data ss:Type="String">3.864.330-4</Data></Cell><Cell><Data ss:Type="String">bartolomontoya@gmail.com</Data></Cell><Cell><Data ss:Type="String">Sin grupo</Data></Cell><Cell><Data ss:Type="String">No realizada</Data></Cell><Cell><Data ss:Type="String">No aplica</Data></Cell><Cell><Data ss:Type="String">No aplica</Data></Cell><Cell><Data ss:Type="String">No realizada</Data></Cell><Cell><Data ss:Type="String">No aplica</Data></Cell><Cell><Data ss:Type="String">No aplica</Data></Cell><Cell><Data ss:Type="String">No realizada</Data></Cell><Cell><Data ss:Type="String">No aplica</Data></Cell><Cell><Data ss:Type="String">No aplica</Data></Cell></Row><Row><Cell><Data ss:Type="String">MIRELLA MORALES HIDALGO</Data></Cell><Cell><Data ss:Type="String">10.280.173-3</Data></Cell><Cell><Data ss:Type="String">MIRECRA09@GMAIL.COM</Data></Cell><Cell><Data ss:Type="String">Sin grupo</Data></Cell><Cell><Data ss:Type="String">No realizada</Data></Cell><Cell><Data ss:Type="String">No aplica</Data></Cell><Cell><Data ss:Type="String">No aplica</Data></Cell><Cell><Data ss:Type="String">No realizada</Data></Cell><Cell><Data ss:Type="String">No aplica</Data></Cell><Cell><Data ss:Type="String">No aplica</Data></Cell><Cell><Data ss:Type="String">No realizada</Data></Cell><Cell><Data ss:Type="String">No aplica</Data></Cell><Cell><Data ss:Type="String">No aplica</Data></Cell></Row><Row><Cell><Data ss:Type="String">Lorena Flor Moreno Villegas</Data></Cell><Cell><Data ss:Type="String">11.268.678-9</Data></Cell><Cell><Data ss:Type="String">lubatoli1107@gmail.com</Data></Cell><Cell><Data ss:Type="String">Sin grupo</Data></Cell><Cell><Data ss:Type="String">No realizada</Data></Cell><Cell><Data ss:Type="String">No aplica</Data></Cell><Cell><Data ss:Type="String">No aplica</Data></Cell><Cell><Data ss:Type="String">No realizada</Data></Cell><Cell><Data ss:Type="String">No aplica</Data></Cell><Cell><Data ss:Type="String">No aplica</Data></Cell><Cell><Data ss:Type="String">No realizada</Data></Cell><Cell><Data ss:Type="String">No aplica</Data></Cell><Cell><Data ss:Type="String">No aplica</Data></Cell></Row><Row><Cell><Data ss:Type="String">Carolina Alejandra Muñoz Cornejo</Data></Cell><Cell><Data ss:Type="String">16.713.713-k</Data></Cell><Cell><Data ss:Type="String">carolina.amcornejo@gmail.com</Data></Cell><Cell><Data ss:Type="String">Sin grupo</Data></Cell><Cell><Data ss:Type="String">No realizada</Data></Cell><Cell><Data ss:Type="String">No aplica</Data></Cell><Cell><Data ss:Type="String">No aplica</Data></Cell><Cell><Data ss:Type="String">No realizada</Data></Cell><Cell><Data ss:Type="String">No aplica</Data></Cell><Cell><Data ss:Type="String">No aplica</Data></Cell><Cell><Data ss:Type="String">No realizada</Data></Cell><Cell><Data ss:Type="String">No aplica</Data></Cell><Cell><Data ss:Type="String">No aplica</Data></Cell></Row><Row><Cell><Data ss:Type="String">Diana Priscila Muñoz Trecamán</Data></Cell><Cell><Data ss:Type="String">16.949.362-6</Data></Cell><Cell><Data ss:Type="String">MUNOZ.TRECAMAN@GMAIL.COM</Data></Cell><Cell><Data ss:Type="String">Sin grupo</Data></Cell><Cell><Data ss:Type="String">No realizada</Data></Cell><Cell><Data ss:Type="String">No aplica</Data></Cell><Cell><Data ss:Type="String">No aplica</Data></Cell><Cell><Data ss:Type="String">No realizada</Data></Cell><Cell><Data ss:Type="String">No aplica</Data></Cell><Cell><Data ss:Type="String">No aplica</Data></Cell><Cell><Data ss:Type="String">No realizada</Data></Cell><Cell><Data ss:Type="String">No aplica</Data></Cell><Cell><Data ss:Type="String">No aplica</Data></Cell></Row><Row><Cell><Data ss:Type="String">Verónica Navarro Reveco</Data></Cell><Cell><Data ss:Type="String">10.748.550-3</Data></Cell><Cell><Data ss:Type="String">VERONICA.NAVARRO.R@HOTMAIL.COM</Data></Cell><Cell><Data ss:Type="String">Sin grupo</Data></Cell><Cell><Data ss:Type="String">Realizada</Data></Cell><Cell><Data ss:Type="String">09-11-2021</Data></Cell><Cell><Data ss:Type="String">NO</Data></Cell><Cell><Data ss:Type="String">No realizada</Data></Cell><Cell><Data ss:Type="String">No aplica</Data></Cell><Cell><Data ss:Type="String">No aplica</Data></Cell><Cell><Data ss:Type="String">No realizada</Data></Cell><Cell><Data ss:Type="String">No aplica</Data></Cell><Cell><Data ss:Type="String">No aplica</Data></Cell></Row><Row><Cell><Data ss:Type="String">Verónica Cecilia Navea Huenche</Data></Cell><Cell><Data ss:Type="String">11.727.427-6</Data></Cell><Cell><Data ss:Type="String">vnaveah@hotmail.com</Data></Cell><Cell><Data ss:Type="String">Sin grupo</Data></Cell><Cell><Data ss:Type="String">No realizada</Data></Cell><Cell><Data ss:Type="String">No aplica</Data></Cell><Cell><Data ss:Type="String">No aplica</Data></Cell><Cell><Data ss:Type="String">No realizada</Data></Cell><Cell><Data ss:Type="String">No aplica</Data></Cell><Cell><Data ss:Type="String">No aplica</Data></Cell><Cell><Data ss:Type="String">No realizada</Data></Cell><Cell><Data ss:Type="String">No aplica</Data></Cell><Cell><Data ss:Type="String">No aplica</Data></Cell></Row><Row><Cell><Data ss:Type="String">Luis Fabián Ojeda Sanhueza</Data></Cell><Cell><Data ss:Type="String">12.338.212-9</Data></Cell><Cell><Data ss:Type="String">fabianojeda@gmail.com</Data></Cell><Cell><Data ss:Type="String">Sin grupo</Data></Cell><Cell><Data ss:Type="String">No realizada</Data></Cell><Cell><Data ss:Type="String">No aplica</Data></Cell><Cell><Data ss:Type="String">No aplica</Data></Cell><Cell><Data ss:Type="String">No realizada</Data></Cell><Cell><Data ss:Type="String">No aplica</Data></Cell><Cell><Data ss:Type="String">No aplica</Data></Cell><Cell><Data ss:Type="String">No realizada</Data></Cell><Cell><Data ss:Type="String">No aplica</Data></Cell><Cell><Data ss:Type="String">No aplica</Data></Cell></Row><Row><Cell><Data ss:Type="String">Angelina Del Carmen Orellana Torres</Data></Cell><Cell><Data ss:Type="String">16.966.807-8</Data></Cell><Cell><Data ss:Type="String">angelinaorellana28@gmail.com</Data></Cell><Cell><Data ss:Type="String">Sin grupo</Data></Cell><Cell><Data ss:Type="String">Realizada</Data></Cell><Cell><Data ss:Type="String">08-12-2021</Data></Cell><Cell><Data ss:Type="String">NO</Data></Cell><Cell><Data ss:Type="String">Realizada</Data></Cell><Cell><Data ss:Type="String">08-12-2021</Data></Cell><Cell><Data ss:Type="String">NO</Data></Cell><Cell><Data ss:Type="String">Realizada</Data></Cell><Cell><Data ss:Type="String">08-12-2021</Data></Cell><Cell><Data ss:Type="String">NO</Data></Cell></Row><Row><Cell><Data ss:Type="String">Natalia Belén Ormeño Espinoza</Data></Cell><Cell><Data ss:Type="String">16.425.140-3</Data></Cell><Cell><Data ss:Type="String">nataliabelenoe@gmail.com</Data></Cell><Cell><Data ss:Type="String">Sin grupo</Data></Cell><Cell><Data ss:Type="String">No realizada</Data></Cell><Cell><Data ss:Type="String">No aplica</Data></Cell><Cell><Data ss:Type="String">No aplica</Data></Cell><Cell><Data ss:Type="String">No realizada</Data></Cell><Cell><Data ss:Type="String">No aplica</Data></Cell><Cell><Data ss:Type="String">No aplica</Data></Cell><Cell><Data ss:Type="String">No realizada</Data></Cell><Cell><Data ss:Type="String">No aplica</Data></Cell><Cell><Data ss:Type="String">No aplica</Data></Cell></Row><Row><Cell><Data ss:Type="String">Carolina Oscariz Gatica</Data></Cell><Cell><Data ss:Type="String">13.302.642-8</Data></Cell><Cell><Data ss:Type="String">carolina.oscariz@sip.cl</Data></Cell><Cell><Data ss:Type="String">Sin grupo</Data></Cell><Cell><Data ss:Type="String">No realizada</Data></Cell><Cell><Data ss:Type="String">No aplica</Data></Cell><Cell><Data ss:Type="String">No aplica</Data></Cell><Cell><Data ss:Type="String">No realizada</Data></Cell><Cell><Data ss:Type="String">No aplica</Data></Cell><Cell><Data ss:Type="String">No aplica</Data></Cell><Cell><Data ss:Type="String">No realizada</Data></Cell><Cell><Data ss:Type="String">No aplica</Data></Cell><Cell><Data ss:Type="String">No aplica</Data></Cell></Row><Row><Cell><Data ss:Type="String">YESSICA PAOLA PEÑALOZA HERRERA</Data></Cell><Cell><Data ss:Type="String">12.611.865-1</Data></Cell><Cell><Data ss:Type="String">CYNTHIALEYLA@HOTMAIL.COM</Data></Cell><Cell><Data ss:Type="String">Sin grupo</Data></Cell><Cell><Data ss:Type="String">No realizada</Data></Cell><Cell><Data ss:Type="String">No aplica</Data></Cell><Cell><Data ss:Type="String">No aplica</Data></Cell><Cell><Data ss:Type="String">No realizada</Data></Cell><Cell><Data ss:Type="String">No aplica</Data></Cell><Cell><Data ss:Type="String">No aplica</Data></Cell><Cell><Data ss:Type="String">No realizada</Data></Cell><Cell><Data ss:Type="String">No aplica</Data></Cell><Cell><Data ss:Type="String">No aplica</Data></Cell></Row><Row><Cell><Data ss:Type="String">Andrea Alejandra Prieto Andrade</Data></Cell><Cell><Data ss:Type="String">9.511.338-9</Data></Cell><Cell><Data ss:Type="String">andreaprieto.eplemaitre@cormupa.cl</Data></Cell><Cell><Data ss:Type="String">Sin grupo</Data></Cell><Cell><Data ss:Type="String">No realizada</Data></Cell><Cell><Data ss:Type="String">No aplica</Data></Cell><Cell><Data ss:Type="String">No aplica</Data></Cell><Cell><Data ss:Type="String">No realizada</Data></Cell><Cell><Data ss:Type="String">No aplica</Data></Cell><Cell><Data ss:Type="String">No aplica</Data></Cell><Cell><Data ss:Type="String">No realizada</Data></Cell><Cell><Data ss:Type="String">No aplica</Data></Cell><Cell><Data ss:Type="String">No aplica</Data></Cell></Row><Row><Cell><Data ss:Type="String">Francisca Paola Ramírez Urra</Data></Cell><Cell><Data ss:Type="String">17.672.509-5</Data></Cell><Cell><Data ss:Type="String">franciscaramirez@colegiojoseartigas.cl</Data></Cell><Cell><Data ss:Type="String">Sin grupo</Data></Cell><Cell><Data ss:Type="String">No realizada</Data></Cell><Cell><Data ss:Type="String">No aplica</Data></Cell><Cell><Data ss:Type="String">No aplica</Data></Cell><Cell><Data ss:Type="String">No realizada</Data></Cell><Cell><Data ss:Type="String">No aplica</Data></Cell><Cell><Data ss:Type="String">No aplica</Data></Cell><Cell><Data ss:Type="String">No realizada</Data></Cell><Cell><Data ss:Type="String">No aplica</Data></Cell><Cell><Data ss:Type="String">No aplica</Data></Cell></Row><Row><Cell><Data ss:Type="String">SERGIO GUILLERMO REBOLLEDO GALLEGOS</Data></Cell><Cell><Data ss:Type="String">8.188.445-5</Data></Cell><Cell><Data ss:Type="String">SERGIO.REBOLLEDO@COEMCO.CL</Data></Cell><Cell><Data ss:Type="String">Sin grupo</Data></Cell><Cell><Data ss:Type="String">No realizada</Data></Cell><Cell><Data ss:Type="String">No aplica</Data></Cell><Cell><Data ss:Type="String">No aplica</Data></Cell><Cell><Data ss:Type="String">No realizada</Data></Cell><Cell><Data ss:Type="String">No aplica</Data></Cell><Cell><Data ss:Type="String">No aplica</Data></Cell><Cell><Data ss:Type="String">No realizada</Data></Cell><Cell><Data ss:Type="String">No aplica</Data></Cell><Cell><Data ss:Type="String">No aplica</Data></Cell></Row><Row><Cell><Data ss:Type="String">CAROLINA ESPERANZA ROCHA VILLALOBOS</Data></Cell><Cell><Data ss:Type="String">16.011.819-9</Data></Cell><Cell><Data ss:Type="String">CARIROCHAS@HOTMAIL.COM</Data></Cell><Cell><Data ss:Type="String">Sin grupo</Data></Cell><Cell><Data ss:Type="String">No realizada</Data></Cell><Cell><Data ss:Type="String">No aplica</Data></Cell><Cell><Data ss:Type="String">No aplica</Data></Cell><Cell><Data ss:Type="String">No realizada</Data></Cell><Cell><Data ss:Type="String">No aplica</Data></Cell><Cell><Data ss:Type="String">No aplica</Data></Cell><Cell><Data ss:Type="String">No realizada</Data></Cell><Cell><Data ss:Type="String">No aplica</Data></Cell><Cell><Data ss:Type="String">No aplica</Data></Cell></Row><Row><Cell><Data ss:Type="String">Luis Omar Rojas Reyes</Data></Cell><Cell><Data ss:Type="String">5.491.113-0</Data></Cell><Cell><Data ss:Type="String">rojasluis.reye4s@gmail.com</Data></Cell><Cell><Data ss:Type="String">Sin grupo</Data></Cell><Cell><Data ss:Type="String">No realizada</Data></Cell><Cell><Data ss:Type="String">No aplica</Data></Cell><Cell><Data ss:Type="String">No aplica</Data></Cell><Cell><Data ss:Type="String">No realizada</Data></Cell><Cell><Data ss:Type="String">No aplica</Data></Cell><Cell><Data ss:Type="String">No aplica</Data></Cell><Cell><Data ss:Type="String">No realizada</Data></Cell><Cell><Data ss:Type="String">No aplica</Data></Cell><Cell><Data ss:Type="String">No aplica</Data></Cell></Row><Row><Cell><Data ss:Type="String">JACQUELINE AMERICA ROZAS FERREIRA</Data></Cell><Cell><Data ss:Type="String">9.883.887-2</Data></Cell><Cell><Data ss:Type="String">J_DELFIN4@HOTMAIL.COM</Data></Cell><Cell><Data ss:Type="String">Sin grupo</Data></Cell><Cell><Data ss:Type="String">No realizada</Data></Cell><Cell><Data ss:Type="String">No aplica</Data></Cell><Cell><Data ss:Type="String">No aplica</Data></Cell><Cell><Data ss:Type="String">No realizada</Data></Cell><Cell><Data ss:Type="String">No aplica</Data></Cell><Cell><Data ss:Type="String">No aplica</Data></Cell><Cell><Data ss:Type="String">No realizada</Data></Cell><Cell><Data ss:Type="String">No aplica</Data></Cell><Cell><Data ss:Type="String">No aplica</Data></Cell></Row><Row><Cell><Data ss:Type="String">CRISTINA MARIELA SAAVEDRA PEÑALOZA</Data></Cell><Cell><Data ss:Type="String">14.247.771-8</Data></Cell><Cell><Data ss:Type="String">CRISTINASAAPENA@GMAIL.COM</Data></Cell><Cell><Data ss:Type="String">Sin grupo</Data></Cell><Cell><Data ss:Type="String">No realizada</Data></Cell><Cell><Data ss:Type="String">No aplica</Data></Cell><Cell><Data ss:Type="String">No aplica</Data></Cell><Cell><Data ss:Type="String">No realizada</Data></Cell><Cell><Data ss:Type="String">No aplica</Data></Cell><Cell><Data ss:Type="String">No aplica</Data></Cell><Cell><Data ss:Type="String">No realizada</Data></Cell><Cell><Data ss:Type="String">No aplica</Data></Cell><Cell><Data ss:Type="String">No aplica</Data></Cell></Row><Row><Cell><Data ss:Type="String">MARIA CRISTINA SANHUEZA ASTUDILLO</Data></Cell><Cell><Data ss:Type="String">8.574.340-6</Data></Cell><Cell><Data ss:Type="String">SANHUEZAASTUDILLO@GMAIL.COM</Data></Cell><Cell><Data ss:Type="String">Sin grupo</Data></Cell><Cell><Data ss:Type="String">No realizada</Data></Cell><Cell><Data ss:Type="String">No aplica</Data></Cell><Cell><Data ss:Type="String">No aplica</Data></Cell><Cell><Data ss:Type="String">No realizada</Data></Cell><Cell><Data ss:Type="String">No aplica</Data></Cell><Cell><Data ss:Type="String">No aplica</Data></Cell><Cell><Data ss:Type="String">No realizada</Data></Cell><Cell><Data ss:Type="String">No aplica</Data></Cell><Cell><Data ss:Type="String">No aplica</Data></Cell></Row><Row><Cell><Data ss:Type="String">TEOFILA UBERLINDA SILVA CERON</Data></Cell><Cell><Data ss:Type="String">6.624.302-8</Data></Cell><Cell><Data ss:Type="String">CHOFI295@HOTMAIL.COM</Data></Cell><Cell><Data ss:Type="String">Sin grupo</Data></Cell><Cell><Data ss:Type="String">No realizada</Data></Cell><Cell><Data ss:Type="String">No aplica</Data></Cell><Cell><Data ss:Type="String">No aplica</Data></Cell><Cell><Data ss:Type="String">No realizada</Data></Cell><Cell><Data ss:Type="String">No aplica</Data></Cell><Cell><Data ss:Type="String">No aplica</Data></Cell><Cell><Data ss:Type="String">No realizada</Data></Cell><Cell><Data ss:Type="String">No aplica</Data></Cell><Cell><Data ss:Type="String">No aplica</Data></Cell></Row><Row><Cell><Data ss:Type="String">Margarita Rosa Tapia Aránguiz - 26298</Data></Cell><Cell><Data ss:Type="String">7.064.577-7</Data></Cell><Cell><Data ss:Type="String">MARGARITA_TARAN@HOTMAIL.COM</Data></Cell><Cell><Data ss:Type="String">Sin grupo</Data></Cell><Cell><Data ss:Type="String">No realizada</Data></Cell><Cell><Data ss:Type="String">No aplica</Data></Cell><Cell><Data ss:Type="String">No aplica</Data></Cell><Cell><Data ss:Type="String">No realizada</Data></Cell><Cell><Data ss:Type="String">No aplica</Data></Cell><Cell><Data ss:Type="String">No aplica</Data></Cell><Cell><Data ss:Type="String">No realizada</Data></Cell><Cell><Data ss:Type="String">No aplica</Data></Cell><Cell><Data ss:Type="String">No aplica</Data></Cell></Row><Row><Cell><Data ss:Type="String">MARGARITA DEL CARMEN TAPIA SÁEZ</Data></Cell><Cell><Data ss:Type="String">16.067.631-0</Data></Cell><Cell><Data ss:Type="String">margarita.tapia@lpsj.cl</Data></Cell><Cell><Data ss:Type="String">Sin grupo</Data></Cell><Cell><Data ss:Type="String">No realizada</Data></Cell><Cell><Data ss:Type="String">No aplica</Data></Cell><Cell><Data ss:Type="String">No aplica</Data></Cell><Cell><Data ss:Type="String">No realizada</Data></Cell><Cell><Data ss:Type="String">No aplica</Data></Cell><Cell><Data ss:Type="String">No aplica</Data></Cell><Cell><Data ss:Type="String">No realizada</Data></Cell><Cell><Data ss:Type="String">No aplica</Data></Cell><Cell><Data ss:Type="String">No aplica</Data></Cell></Row><Row><Cell><Data ss:Type="String">PATRICIA TARIFEÑO ZUÑIGA - 11594</Data></Cell><Cell><Data ss:Type="String">7.626.951-3</Data></Cell><Cell><Data ss:Type="String">PATRICIADELCTARIFENO@GMAIL.COM</Data></Cell><Cell><Data ss:Type="String">Sin grupo</Data></Cell><Cell><Data ss:Type="String">No realizada</Data></Cell><Cell><Data ss:Type="String">No aplica</Data></Cell><Cell><Data ss:Type="String">No aplica</Data></Cell><Cell><Data ss:Type="String">No realizada</Data></Cell><Cell><Data ss:Type="String">No aplica</Data></Cell><Cell><Data ss:Type="String">No aplica</Data></Cell><Cell><Data ss:Type="String">No realizada</Data></Cell><Cell><Data ss:Type="String">No aplica</Data></Cell><Cell><Data ss:Type="String">No aplica</Data></Cell></Row><Row><Cell><Data ss:Type="String">ALEXIS VALDES GONZALEZ</Data></Cell><Cell><Data ss:Type="String">15.922.410-4</Data></Cell><Cell><Data ss:Type="String">ALEXISVALDES123@HOTMAIL.COM</Data></Cell><Cell><Data ss:Type="String">Sin grupo</Data></Cell><Cell><Data ss:Type="String">No realizada</Data></Cell><Cell><Data ss:Type="String">No aplica</Data></Cell><Cell><Data ss:Type="String">No aplica</Data></Cell><Cell><Data ss:Type="String">No realizada</Data></Cell><Cell><Data ss:Type="String">No aplica</Data></Cell><Cell><Data ss:Type="String">No aplica</Data></Cell><Cell><Data ss:Type="String">No realizada</Data></Cell><Cell><Data ss:Type="String">No aplica</Data></Cell><Cell><Data ss:Type="String">No aplica</Data></Cell></Row><Row><Cell><Data ss:Type="String">María Valenzuela</Data></Cell><Cell><Data ss:Type="String">13.344.485-8</Data></Cell><Cell><Data ss:Type="String">HETAUA@GMAIL.COM</Data></Cell><Cell><Data ss:Type="String">Sin grupo</Data></Cell><Cell><Data ss:Type="String">No realizada</Data></Cell><Cell><Data ss:Type="String">No aplica</Data></Cell><Cell><Data ss:Type="String">No aplica</Data></Cell><Cell><Data ss:Type="String">No realizada</Data></Cell><Cell><Data ss:Type="String">No aplica</Data></Cell><Cell><Data ss:Type="String">No aplica</Data></Cell><Cell><Data ss:Type="String">No realizada</Data></Cell><Cell><Data ss:Type="String">No aplica</Data></Cell><Cell><Data ss:Type="String">No aplica</Data></Cell></Row><Row><Cell><Data ss:Type="String">Susana Vargas Miranda</Data></Cell><Cell><Data ss:Type="String">10.292.324-3</Data></Cell><Cell><Data ss:Type="String">PEPACHARITO@GMAIL.COM</Data></Cell><Cell><Data ss:Type="String">Sin grupo</Data></Cell><Cell><Data ss:Type="String">No realizada</Data></Cell><Cell><Data ss:Type="String">No aplica</Data></Cell><Cell><Data ss:Type="String">No aplica</Data></Cell><Cell><Data ss:Type="String">No realizada</Data></Cell><Cell><Data ss:Type="String">No aplica</Data></Cell><Cell><Data ss:Type="String">No aplica</Data></Cell><Cell><Data ss:Type="String">No realizada</Data></Cell><Cell><Data ss:Type="String">No aplica</Data></Cell><Cell><Data ss:Type="String">No aplica</Data></Cell></Row><Row><Cell><Data ss:Type="String">Gloria Marisol Vent Maita</Data></Cell><Cell><Data ss:Type="String">13.903.586-0</Data></Cell><Cell><Data ss:Type="String">marisol.vent@industrialchillan.cl</Data></Cell><Cell><Data ss:Type="String">Sin grupo</Data></Cell><Cell><Data ss:Type="String">No realizada</Data></Cell><Cell><Data ss:Type="String">No aplica</Data></Cell><Cell><Data ss:Type="String">No aplica</Data></Cell><Cell><Data ss:Type="String">No realizada</Data></Cell><Cell><Data ss:Type="String">No aplica</Data></Cell><Cell><Data ss:Type="String">No aplica</Data></Cell><Cell><Data ss:Type="String">No realizada</Data></Cell><Cell><Data ss:Type="String">No aplica</Data></Cell><Cell><Data ss:Type="String">No aplica</Data></Cell></Row><Row><Cell><Data ss:Type="String">ELIZABETH ERIkA VENTURA NINA</Data></Cell><Cell><Data ss:Type="String">24.396.258-7</Data></Cell><Cell><Data ss:Type="String">EEVN80@GMAIL.COM</Data></Cell><Cell><Data ss:Type="String">Sin grupo</Data></Cell><Cell><Data ss:Type="String">No realizada</Data></Cell><Cell><Data ss:Type="String">No aplica</Data></Cell><Cell><Data ss:Type="String">No aplica</Data></Cell><Cell><Data ss:Type="String">No realizada</Data></Cell><Cell><Data ss:Type="String">No aplica</Data></Cell><Cell><Data ss:Type="String">No aplica</Data></Cell><Cell><Data ss:Type="String">No realizada</Data></Cell><Cell><Data ss:Type="String">No aplica</Data></Cell><Cell><Data ss:Type="String">No aplica</Data></Cell></Row><Row><Cell><Data ss:Type="String">LUCIA ELVIRA VILLEGAS RUIZ</Data></Cell><Cell><Data ss:Type="String">8.631.904-7</Data></Cell><Cell><Data ss:Type="String">LUSVIOMAR@GMAIL.COM</Data></Cell><Cell><Data ss:Type="String">Sin grupo</Data></Cell><Cell><Data ss:Type="String">No realizada</Data></Cell><Cell><Data ss:Type="String">No aplica</Data></Cell><Cell><Data ss:Type="String">No aplica</Data></Cell><Cell><Data ss:Type="String">No realizada</Data></Cell><Cell><Data ss:Type="String">No aplica</Data></Cell><Cell><Data ss:Type="String">No aplica</Data></Cell><Cell><Data ss:Type="String">No realizada</Data></Cell><Cell><Data ss:Type="String">No aplica</Data></Cell><Cell><Data ss:Type="String">No aplica</Data></Cell></Row><Row><Cell><Data ss:Type="String">Berenice Elena Wendegass Moreno</Data></Cell><Cell><Data ss:Type="String">13.032.729-k</Data></Cell><Cell><Data ss:Type="String">bwendega@uc.cl</Data></Cell><Cell><Data ss:Type="String">Sin grupo</Data></Cell><Cell><Data ss:Type="String">No realizada</Data></Cell><Cell><Data ss:Type="String">No aplica</Data></Cell><Cell><Data ss:Type="String">No aplica</Data></Cell><Cell><Data ss:Type="String">No realizada</Data></Cell><Cell><Data ss:Type="String">No aplica</Data></Cell><Cell><Data ss:Type="String">No aplica</Data></Cell><Cell><Data ss:Type="String">No realizada</Data></Cell><Cell><Data ss:Type="String">No aplica</Data></Cell><Cell><Data ss:Type="String">No aplica</Data></Cell></Row><Row><Cell><Data ss:Type="String">Paula Verónica Zúñiga Erices</Data></Cell><Cell><Data ss:Type="String">15.592.317-2</Data></Cell><Cell><Data ss:Type="String">paulahdd@gmail.com</Data></Cell><Cell><Data ss:Type="String">Sin grupo</Data></Cell><Cell><Data ss:Type="String">No realizada</Data></Cell><Cell><Data ss:Type="String">No aplica</Data></Cell><Cell><Data ss:Type="String">No aplica</Data></Cell><Cell><Data ss:Type="String">No realizada</Data></Cell><Cell><Data ss:Type="String">No aplica</Data></Cell><Cell><Data ss:Type="String">No aplica</Data></Cell><Cell><Data ss:Type="String">No realizada</Data></Cell><Cell><Data ss:Type="String">No aplica</Data></Cell><Cell><Data ss:Type="String">No aplica</Data></Cell></Row></Table></Worksheet></Workbook>