<?xml version="1.0"?><?mso-application progid="Excel.Sheet"?><Workbook xmlns="urn:schemas-microsoft-com:office:spreadsheet" xmlns:ss="urn:schemas-microsoft-com:office:spreadsheet"><DocumentProperties xmlns="urn:schemas-microsoft-com:office:office"><Author>Axel Richter</Author><Created>1639580787463</Created></DocumentProperties><Styles><Style ss:ID="Currency"><NumberFormat ss:Format="Currency"></NumberFormat></Style><Style ss:ID="Date"><NumberFormat ss:Format="Medium Date"></NumberFormat></Style></Styles><Worksheet ss:Name="General"><Table><Row><Cell><Data ss:Type="String">Reporte: </Data></Cell><Cell><Data ss:Type="String">Estado de actividades</Data></Cell></Row><Row><Cell><Data ss:Type="String">Categoría: </Data></Cell><Cell><Data ss:Type="String">Aulas Tutorial (#1315)</Data></Cell></Row><Row><Cell><Data ss:Type="String">Curso: </Data></Cell><Cell><Data ss:Type="String">Curso 0 o Tutorial - Aula 9 (#10813)</Data></Cell></Row><Row><Cell><Data ss:Type="String">Fecha de generación: </Data></Cell><Cell><Data ss:Type="String">15/12/2021</Data></Cell></Row><Row></Row><Row><Cell><Data ss:Type="String">Actividad</Data></Cell><Cell><Data ss:Type="String">#Usuarios</Data></Cell></Row><Row><Cell><Data ss:Type="String">Cuestionario de prerrequisito técnico</Data></Cell><Cell><Data ss:Type="String">4</Data></Cell></Row><Row><Cell><Data ss:Type="String">Foro de prerrequisito técnico</Data></Cell><Cell><Data ss:Type="String">3</Data></Cell></Row><Row><Cell><Data ss:Type="String">Etiqueta</Data></Cell><Cell><Data ss:Type="String">3</Data></Cell></Row></Table></Worksheet><Worksheet ss:Name="Detalle"><Table><Row><Cell><Data ss:Type="String">Nombre</Data></Cell><Cell><Data ss:Type="String">ID</Data></Cell><Cell><Data ss:Type="String">Email</Data></Cell><Cell><Data ss:Type="String">Grupo</Data></Cell><Cell><Data ss:Type="String">Cuestionario de prerrequisito técnico</Data></Cell><Cell><Data ss:Type="String">Fecha de término</Data></Cell><Cell><Data ss:Type="String">Suplantado</Data></Cell><Cell><Data ss:Type="String">Foro de prerrequisito técnico</Data></Cell><Cell><Data ss:Type="String">Fecha de término</Data></Cell><Cell><Data ss:Type="String">Suplantado</Data></Cell><Cell><Data ss:Type="String">Etiqueta</Data></Cell><Cell><Data ss:Type="String">Fecha de término</Data></Cell><Cell><Data ss:Type="String">Suplantado</Data></Cell></Row><Row><Cell><Data ss:Type="String">SILVANA JACQUELINE ACUÑA RIVERA</Data></Cell><Cell><Data ss:Type="String">11.468.547-k</Data></Cell><Cell><Data ss:Type="String">SILVANABOOK@GMAIL.COM</Data></Cell><Cell><Data ss:Type="String">Sin grupo</Data></Cell><Cell><Data ss:Type="String">No realizada</Data></Cell><Cell><Data ss:Type="String">No aplica</Data></Cell><Cell><Data ss:Type="String">No aplica</Data></Cell><Cell><Data ss:Type="String">No realizada</Data></Cell><Cell><Data ss:Type="String">No aplica</Data></Cell><Cell><Data ss:Type="String">No aplica</Data></Cell><Cell><Data ss:Type="String">No realizada</Data></Cell><Cell><Data ss:Type="String">No aplica</Data></Cell><Cell><Data ss:Type="String">No aplica</Data></Cell></Row><Row><Cell><Data ss:Type="String">Alexis Alejandro Ahumada Galaz</Data></Cell><Cell><Data ss:Type="String">19.018.239-8</Data></Cell><Cell><Data ss:Type="String">aahumada.lsi.d@fodec.cl</Data></Cell><Cell><Data ss:Type="String">Sin grupo</Data></Cell><Cell><Data ss:Type="String">No realizada</Data></Cell><Cell><Data ss:Type="String">No aplica</Data></Cell><Cell><Data ss:Type="String">No aplica</Data></Cell><Cell><Data ss:Type="String">No realizada</Data></Cell><Cell><Data ss:Type="String">No aplica</Data></Cell><Cell><Data ss:Type="String">No aplica</Data></Cell><Cell><Data ss:Type="String">No realizada</Data></Cell><Cell><Data ss:Type="String">No aplica</Data></Cell><Cell><Data ss:Type="String">No aplica</Data></Cell></Row><Row><Cell><Data ss:Type="String">Francisca Cecilia Del Carmen Allendes Castro</Data></Cell><Cell><Data ss:Type="String">10.383.081-8</Data></Cell><Cell><Data ss:Type="String">francisca_42@hotmail.es</Data></Cell><Cell><Data ss:Type="String">Sin grupo</Data></Cell><Cell><Data ss:Type="String">No realizada</Data></Cell><Cell><Data ss:Type="String">No aplica</Data></Cell><Cell><Data ss:Type="String">No aplica</Data></Cell><Cell><Data ss:Type="String">No realizada</Data></Cell><Cell><Data ss:Type="String">No aplica</Data></Cell><Cell><Data ss:Type="String">No aplica</Data></Cell><Cell><Data ss:Type="String">No realizada</Data></Cell><Cell><Data ss:Type="String">No aplica</Data></Cell><Cell><Data ss:Type="String">No aplica</Data></Cell></Row><Row><Cell><Data ss:Type="String">Sandra Alvarez Espinoza</Data></Cell><Cell><Data ss:Type="String">11.382.291-0</Data></Cell><Cell><Data ss:Type="String">sandraalvarezesp@gmail.com</Data></Cell><Cell><Data ss:Type="String">Sin grupo</Data></Cell><Cell><Data ss:Type="String">No realizada</Data></Cell><Cell><Data ss:Type="String">No aplica</Data></Cell><Cell><Data ss:Type="String">No aplica</Data></Cell><Cell><Data ss:Type="String">No realizada</Data></Cell><Cell><Data ss:Type="String">No aplica</Data></Cell><Cell><Data ss:Type="String">No aplica</Data></Cell><Cell><Data ss:Type="String">No realizada</Data></Cell><Cell><Data ss:Type="String">No aplica</Data></Cell><Cell><Data ss:Type="String">No aplica</Data></Cell></Row><Row><Cell><Data ss:Type="String">Lorena Del Carmen Álvarez Leal</Data></Cell><Cell><Data ss:Type="String">14.081.183-1</Data></Cell><Cell><Data ss:Type="String">loraley34@gmail.com</Data></Cell><Cell><Data ss:Type="String">Sin grupo</Data></Cell><Cell><Data ss:Type="String">No realizada</Data></Cell><Cell><Data ss:Type="String">No aplica</Data></Cell><Cell><Data ss:Type="String">No aplica</Data></Cell><Cell><Data ss:Type="String">No realizada</Data></Cell><Cell><Data ss:Type="String">No aplica</Data></Cell><Cell><Data ss:Type="String">No aplica</Data></Cell><Cell><Data ss:Type="String">No realizada</Data></Cell><Cell><Data ss:Type="String">No aplica</Data></Cell><Cell><Data ss:Type="String">No aplica</Data></Cell></Row><Row><Cell><Data ss:Type="String">Lidia Balbina Anfossi Bobadilla</Data></Cell><Cell><Data ss:Type="String">10.207.265-0</Data></Cell><Cell><Data ss:Type="String">mabytaanfossi@hotmail.com</Data></Cell><Cell><Data ss:Type="String">Sin grupo</Data></Cell><Cell><Data ss:Type="String">No realizada</Data></Cell><Cell><Data ss:Type="String">No aplica</Data></Cell><Cell><Data ss:Type="String">No aplica</Data></Cell><Cell><Data ss:Type="String">No realizada</Data></Cell><Cell><Data ss:Type="String">No aplica</Data></Cell><Cell><Data ss:Type="String">No aplica</Data></Cell><Cell><Data ss:Type="String">No realizada</Data></Cell><Cell><Data ss:Type="String">No aplica</Data></Cell><Cell><Data ss:Type="String">No aplica</Data></Cell></Row><Row><Cell><Data ss:Type="String">Pabla Ivonne Aparicio Astete</Data></Cell><Cell><Data ss:Type="String">12.910.341-8</Data></Cell><Cell><Data ss:Type="String">pablaaparicio@gmail.com</Data></Cell><Cell><Data ss:Type="String">Sin grupo</Data></Cell><Cell><Data ss:Type="String">Realizada</Data></Cell><Cell><Data ss:Type="String">20-10-2021</Data></Cell><Cell><Data ss:Type="String">NO</Data></Cell><Cell><Data ss:Type="String">No realizada</Data></Cell><Cell><Data ss:Type="String">No aplica</Data></Cell><Cell><Data ss:Type="String">No aplica</Data></Cell><Cell><Data ss:Type="String">No realizada</Data></Cell><Cell><Data ss:Type="String">No aplica</Data></Cell><Cell><Data ss:Type="String">No aplica</Data></Cell></Row><Row><Cell><Data ss:Type="String">CORINA DEL CARMEN ARAVENA BECERRA</Data></Cell><Cell><Data ss:Type="String">10.768.827-7</Data></Cell><Cell><Data ss:Type="String">CONYCRA@HOTMAIL.COM</Data></Cell><Cell><Data ss:Type="String">Sin grupo</Data></Cell><Cell><Data ss:Type="String">No realizada</Data></Cell><Cell><Data ss:Type="String">No aplica</Data></Cell><Cell><Data ss:Type="String">No aplica</Data></Cell><Cell><Data ss:Type="String">No realizada</Data></Cell><Cell><Data ss:Type="String">No aplica</Data></Cell><Cell><Data ss:Type="String">No aplica</Data></Cell><Cell><Data ss:Type="String">No realizada</Data></Cell><Cell><Data ss:Type="String">No aplica</Data></Cell><Cell><Data ss:Type="String">No aplica</Data></Cell></Row><Row><Cell><Data ss:Type="String">ANA PAMELA ARAYA ANGEL</Data></Cell><Cell><Data ss:Type="String">12.944.200-k</Data></Cell><Cell><Data ss:Type="String">ANNYYPAMELA@GMAIL.COM</Data></Cell><Cell><Data ss:Type="String">Sin grupo</Data></Cell><Cell><Data ss:Type="String">No realizada</Data></Cell><Cell><Data ss:Type="String">No aplica</Data></Cell><Cell><Data ss:Type="String">No aplica</Data></Cell><Cell><Data ss:Type="String">No realizada</Data></Cell><Cell><Data ss:Type="String">No aplica</Data></Cell><Cell><Data ss:Type="String">No aplica</Data></Cell><Cell><Data ss:Type="String">No realizada</Data></Cell><Cell><Data ss:Type="String">No aplica</Data></Cell><Cell><Data ss:Type="String">No aplica</Data></Cell></Row><Row><Cell><Data ss:Type="String">ROSA AROCA BASAUR</Data></Cell><Cell><Data ss:Type="String">9.927.163-9</Data></Cell><Cell><Data ss:Type="String">RAROCABASAUR@GMAIL.COM</Data></Cell><Cell><Data ss:Type="String">Sin grupo</Data></Cell><Cell><Data ss:Type="String">No realizada</Data></Cell><Cell><Data ss:Type="String">No aplica</Data></Cell><Cell><Data ss:Type="String">No aplica</Data></Cell><Cell><Data ss:Type="String">No realizada</Data></Cell><Cell><Data ss:Type="String">No aplica</Data></Cell><Cell><Data ss:Type="String">No aplica</Data></Cell><Cell><Data ss:Type="String">No realizada</Data></Cell><Cell><Data ss:Type="String">No aplica</Data></Cell><Cell><Data ss:Type="String">No aplica</Data></Cell></Row><Row><Cell><Data ss:Type="String">MÓNICA BADA ZECCHI</Data></Cell><Cell><Data ss:Type="String">21.613.921-6</Data></Cell><Cell><Data ss:Type="String">MONICABADAZ@YAHOO.COM</Data></Cell><Cell><Data ss:Type="String">Sin grupo</Data></Cell><Cell><Data ss:Type="String">No realizada</Data></Cell><Cell><Data ss:Type="String">No aplica</Data></Cell><Cell><Data ss:Type="String">No aplica</Data></Cell><Cell><Data ss:Type="String">No realizada</Data></Cell><Cell><Data ss:Type="String">No aplica</Data></Cell><Cell><Data ss:Type="String">No aplica</Data></Cell><Cell><Data ss:Type="String">No realizada</Data></Cell><Cell><Data ss:Type="String">No aplica</Data></Cell><Cell><Data ss:Type="String">No aplica</Data></Cell></Row><Row><Cell><Data ss:Type="String">Maria Florentina Baeza Moreno</Data></Cell><Cell><Data ss:Type="String">15.660.630-8</Data></Cell><Cell><Data ss:Type="String">Srta_mariflo2@hotmail.com</Data></Cell><Cell><Data ss:Type="String">Sin grupo</Data></Cell><Cell><Data ss:Type="String">No realizada</Data></Cell><Cell><Data ss:Type="String">No aplica</Data></Cell><Cell><Data ss:Type="String">No aplica</Data></Cell><Cell><Data ss:Type="String">No realizada</Data></Cell><Cell><Data ss:Type="String">No aplica</Data></Cell><Cell><Data ss:Type="String">No aplica</Data></Cell><Cell><Data ss:Type="String">No realizada</Data></Cell><Cell><Data ss:Type="String">No aplica</Data></Cell><Cell><Data ss:Type="String">No aplica</Data></Cell></Row><Row><Cell><Data ss:Type="String">PAOLA CARMEN BARRA HERNANDEZ</Data></Cell><Cell><Data ss:Type="String">13.046.673-7</Data></Cell><Cell><Data ss:Type="String">pa-olitajplm@hotmail.com</Data></Cell><Cell><Data ss:Type="String">Sin grupo</Data></Cell><Cell><Data ss:Type="String">No realizada</Data></Cell><Cell><Data ss:Type="String">No aplica</Data></Cell><Cell><Data ss:Type="String">No aplica</Data></Cell><Cell><Data ss:Type="String">No realizada</Data></Cell><Cell><Data ss:Type="String">No aplica</Data></Cell><Cell><Data ss:Type="String">No aplica</Data></Cell><Cell><Data ss:Type="String">No realizada</Data></Cell><Cell><Data ss:Type="String">No aplica</Data></Cell><Cell><Data ss:Type="String">No aplica</Data></Cell></Row><Row><Cell><Data ss:Type="String">XIMENA BARRA ROA</Data></Cell><Cell><Data ss:Type="String">15.224.373-1</Data></Cell><Cell><Data ss:Type="String">XIMENAMAGDA@GMAIL.COM</Data></Cell><Cell><Data ss:Type="String">Sin grupo</Data></Cell><Cell><Data ss:Type="String">No realizada</Data></Cell><Cell><Data ss:Type="String">No aplica</Data></Cell><Cell><Data ss:Type="String">No aplica</Data></Cell><Cell><Data ss:Type="String">No realizada</Data></Cell><Cell><Data ss:Type="String">No aplica</Data></Cell><Cell><Data ss:Type="String">No aplica</Data></Cell><Cell><Data ss:Type="String">No realizada</Data></Cell><Cell><Data ss:Type="String">No aplica</Data></Cell><Cell><Data ss:Type="String">No aplica</Data></Cell></Row><Row><Cell><Data ss:Type="String">STHEFANIE BASAY  ABRIGO</Data></Cell><Cell><Data ss:Type="String">17.873.507-1</Data></Cell><Cell><Data ss:Type="String">FANYBASAY@GMAIL.COM</Data></Cell><Cell><Data ss:Type="String">Sin grupo</Data></Cell><Cell><Data ss:Type="String">No realizada</Data></Cell><Cell><Data ss:Type="String">No aplica</Data></Cell><Cell><Data ss:Type="String">No aplica</Data></Cell><Cell><Data ss:Type="String">No realizada</Data></Cell><Cell><Data ss:Type="String">No aplica</Data></Cell><Cell><Data ss:Type="String">No aplica</Data></Cell><Cell><Data ss:Type="String">No realizada</Data></Cell><Cell><Data ss:Type="String">No aplica</Data></Cell><Cell><Data ss:Type="String">No aplica</Data></Cell></Row><Row><Cell><Data ss:Type="String">Veronica Alicia Bustamante Prado</Data></Cell><Cell><Data ss:Type="String">8.958.179-6</Data></Cell><Cell><Data ss:Type="String">VERONICA21BUSTAMANTE@GMAIL.COM</Data></Cell><Cell><Data ss:Type="String">Sin grupo</Data></Cell><Cell><Data ss:Type="String">Realizada</Data></Cell><Cell><Data ss:Type="String">26-10-2021</Data></Cell><Cell><Data ss:Type="String">NO</Data></Cell><Cell><Data ss:Type="String">Realizada</Data></Cell><Cell><Data ss:Type="String">26-10-2021</Data></Cell><Cell><Data ss:Type="String">NO</Data></Cell><Cell><Data ss:Type="String">Realizada</Data></Cell><Cell><Data ss:Type="String">26-10-2021</Data></Cell><Cell><Data ss:Type="String">NO</Data></Cell></Row><Row><Cell><Data ss:Type="String">Daniela Andrea Carrazana Cisternas</Data></Cell><Cell><Data ss:Type="String">14.906.033-2</Data></Cell><Cell><Data ss:Type="String">danielaandreacarrazanacisterna@gmail.com</Data></Cell><Cell><Data ss:Type="String">Sin grupo</Data></Cell><Cell><Data ss:Type="String">No realizada</Data></Cell><Cell><Data ss:Type="String">No aplica</Data></Cell><Cell><Data ss:Type="String">No aplica</Data></Cell><Cell><Data ss:Type="String">No realizada</Data></Cell><Cell><Data ss:Type="String">No aplica</Data></Cell><Cell><Data ss:Type="String">No aplica</Data></Cell><Cell><Data ss:Type="String">No realizada</Data></Cell><Cell><Data ss:Type="String">No aplica</Data></Cell><Cell><Data ss:Type="String">No aplica</Data></Cell></Row><Row><Cell><Data ss:Type="String">René Carreño Macaya&nbsp;</Data></Cell><Cell><Data ss:Type="String">12.683.276-1</Data></Cell><Cell><Data ss:Type="String">rene.carreno@tuclase.cl</Data></Cell><Cell><Data ss:Type="String">Sin grupo</Data></Cell><Cell><Data ss:Type="String">No realizada</Data></Cell><Cell><Data ss:Type="String">No aplica</Data></Cell><Cell><Data ss:Type="String">No aplica</Data></Cell><Cell><Data ss:Type="String">No realizada</Data></Cell><Cell><Data ss:Type="String">No aplica</Data></Cell><Cell><Data ss:Type="String">No aplica</Data></Cell><Cell><Data ss:Type="String">No realizada</Data></Cell><Cell><Data ss:Type="String">No aplica</Data></Cell><Cell><Data ss:Type="String">No aplica</Data></Cell></Row><Row><Cell><Data ss:Type="String">MIRIAM CARVAJAL RONDANELLI</Data></Cell><Cell><Data ss:Type="String">9.374.595-7</Data></Cell><Cell><Data ss:Type="String">CARVAJALRONDANELLI@GMAIL.COM</Data></Cell><Cell><Data ss:Type="String">Sin grupo</Data></Cell><Cell><Data ss:Type="String">No realizada</Data></Cell><Cell><Data ss:Type="String">No aplica</Data></Cell><Cell><Data ss:Type="String">No aplica</Data></Cell><Cell><Data ss:Type="String">No realizada</Data></Cell><Cell><Data ss:Type="String">No aplica</Data></Cell><Cell><Data ss:Type="String">No aplica</Data></Cell><Cell><Data ss:Type="String">No realizada</Data></Cell><Cell><Data ss:Type="String">No aplica</Data></Cell><Cell><Data ss:Type="String">No aplica</Data></Cell></Row><Row><Cell><Data ss:Type="String">Jorge Orlando Céspedes Romero</Data></Cell><Cell><Data ss:Type="String">7.814.110-7</Data></Cell><Cell><Data ss:Type="String">onmangue@gmail.com</Data></Cell><Cell><Data ss:Type="String">Sin grupo</Data></Cell><Cell><Data ss:Type="String">No realizada</Data></Cell><Cell><Data ss:Type="String">No aplica</Data></Cell><Cell><Data ss:Type="String">No aplica</Data></Cell><Cell><Data ss:Type="String">No realizada</Data></Cell><Cell><Data ss:Type="String">No aplica</Data></Cell><Cell><Data ss:Type="String">No aplica</Data></Cell><Cell><Data ss:Type="String">No realizada</Data></Cell><Cell><Data ss:Type="String">No aplica</Data></Cell><Cell><Data ss:Type="String">No aplica</Data></Cell></Row><Row><Cell><Data ss:Type="String">MARIA EUGENIA CHANDIA FERNANDEZ</Data></Cell><Cell><Data ss:Type="String">8.620.612-9</Data></Cell><Cell><Data ss:Type="String">EUGENIACHANDIA@GMAIL.COM</Data></Cell><Cell><Data ss:Type="String">Sin grupo</Data></Cell><Cell><Data ss:Type="String">No realizada</Data></Cell><Cell><Data ss:Type="String">No aplica</Data></Cell><Cell><Data ss:Type="String">No aplica</Data></Cell><Cell><Data ss:Type="String">No realizada</Data></Cell><Cell><Data ss:Type="String">No aplica</Data></Cell><Cell><Data ss:Type="String">No aplica</Data></Cell><Cell><Data ss:Type="String">No realizada</Data></Cell><Cell><Data ss:Type="String">No aplica</Data></Cell><Cell><Data ss:Type="String">No aplica</Data></Cell></Row><Row><Cell><Data ss:Type="String">Mirtha Isaura Chavarria Pinto</Data></Cell><Cell><Data ss:Type="String">6.517.089-2</Data></Cell><Cell><Data ss:Type="String">mirthachavarriapinto@gmail.com</Data></Cell><Cell><Data ss:Type="String">Sin grupo</Data></Cell><Cell><Data ss:Type="String">No realizada</Data></Cell><Cell><Data ss:Type="String">No aplica</Data></Cell><Cell><Data ss:Type="String">No aplica</Data></Cell><Cell><Data ss:Type="String">No realizada</Data></Cell><Cell><Data ss:Type="String">No aplica</Data></Cell><Cell><Data ss:Type="String">No aplica</Data></Cell><Cell><Data ss:Type="String">No realizada</Data></Cell><Cell><Data ss:Type="String">No aplica</Data></Cell><Cell><Data ss:Type="String">No aplica</Data></Cell></Row><Row><Cell><Data ss:Type="String">SUSANA CÓRDOVA</Data></Cell><Cell><Data ss:Type="String">14.299.867-k</Data></Cell><Cell><Data ss:Type="String">tiasusi.etj@gmail.com</Data></Cell><Cell><Data ss:Type="String">Sin grupo</Data></Cell><Cell><Data ss:Type="String">No realizada</Data></Cell><Cell><Data ss:Type="String">No aplica</Data></Cell><Cell><Data ss:Type="String">No aplica</Data></Cell><Cell><Data ss:Type="String">No realizada</Data></Cell><Cell><Data ss:Type="String">No aplica</Data></Cell><Cell><Data ss:Type="String">No aplica</Data></Cell><Cell><Data ss:Type="String">No realizada</Data></Cell><Cell><Data ss:Type="String">No aplica</Data></Cell><Cell><Data ss:Type="String">No aplica</Data></Cell></Row><Row><Cell><Data ss:Type="String">RUTH BETZABET DIAZ MILLALONCO</Data></Cell><Cell><Data ss:Type="String">18.642.751-3</Data></Cell><Cell><Data ss:Type="String">ruth.diaz@esc-aprat.cl</Data></Cell><Cell><Data ss:Type="String">Sin grupo</Data></Cell><Cell><Data ss:Type="String">No realizada</Data></Cell><Cell><Data ss:Type="String">No aplica</Data></Cell><Cell><Data ss:Type="String">No aplica</Data></Cell><Cell><Data ss:Type="String">No realizada</Data></Cell><Cell><Data ss:Type="String">No aplica</Data></Cell><Cell><Data ss:Type="String">No aplica</Data></Cell><Cell><Data ss:Type="String">No realizada</Data></Cell><Cell><Data ss:Type="String">No aplica</Data></Cell><Cell><Data ss:Type="String">No aplica</Data></Cell></Row><Row><Cell><Data ss:Type="String">Karina Andrea Diaz Soto</Data></Cell><Cell><Data ss:Type="String">12.713.449-9</Data></Cell><Cell><Data ss:Type="String">Biblioteca.melipulli@gmail.com</Data></Cell><Cell><Data ss:Type="String">Sin grupo</Data></Cell><Cell><Data ss:Type="String">No realizada</Data></Cell><Cell><Data ss:Type="String">No aplica</Data></Cell><Cell><Data ss:Type="String">No aplica</Data></Cell><Cell><Data ss:Type="String">No realizada</Data></Cell><Cell><Data ss:Type="String">No aplica</Data></Cell><Cell><Data ss:Type="String">No aplica</Data></Cell><Cell><Data ss:Type="String">No realizada</Data></Cell><Cell><Data ss:Type="String">No aplica</Data></Cell><Cell><Data ss:Type="String">No aplica</Data></Cell></Row><Row><Cell><Data ss:Type="String">Rosa Espinoza Salinas</Data></Cell><Cell><Data ss:Type="String">12.293.958-8</Data></Cell><Cell><Data ss:Type="String">profesora.rosita@live.com</Data></Cell><Cell><Data ss:Type="String">Sin grupo</Data></Cell><Cell><Data ss:Type="String">No realizada</Data></Cell><Cell><Data ss:Type="String">No aplica</Data></Cell><Cell><Data ss:Type="String">No aplica</Data></Cell><Cell><Data ss:Type="String">No realizada</Data></Cell><Cell><Data ss:Type="String">No aplica</Data></Cell><Cell><Data ss:Type="String">No aplica</Data></Cell><Cell><Data ss:Type="String">No realizada</Data></Cell><Cell><Data ss:Type="String">No aplica</Data></Cell><Cell><Data ss:Type="String">No aplica</Data></Cell></Row><Row><Cell><Data ss:Type="String">Lisbet Margarita Fernandez Gil</Data></Cell><Cell><Data ss:Type="String">26.086.451-3</Data></Cell><Cell><Data ss:Type="String">lisbet.fernandez@lezaeta.cl</Data></Cell><Cell><Data ss:Type="String">Sin grupo</Data></Cell><Cell><Data ss:Type="String">No realizada</Data></Cell><Cell><Data ss:Type="String">No aplica</Data></Cell><Cell><Data ss:Type="String">No aplica</Data></Cell><Cell><Data ss:Type="String">No realizada</Data></Cell><Cell><Data ss:Type="String">No aplica</Data></Cell><Cell><Data ss:Type="String">No aplica</Data></Cell><Cell><Data ss:Type="String">No realizada</Data></Cell><Cell><Data ss:Type="String">No aplica</Data></Cell><Cell><Data ss:Type="String">No aplica</Data></Cell></Row><Row><Cell><Data ss:Type="String">MANUEL FERNANDEZ OLGUIN</Data></Cell><Cell><Data ss:Type="String">6.976.612-9</Data></Cell><Cell><Data ss:Type="String">MALEF54O@HOTMAIL.COM</Data></Cell><Cell><Data ss:Type="String">Sin grupo</Data></Cell><Cell><Data ss:Type="String">No realizada</Data></Cell><Cell><Data ss:Type="String">No aplica</Data></Cell><Cell><Data ss:Type="String">No aplica</Data></Cell><Cell><Data ss:Type="String">No realizada</Data></Cell><Cell><Data ss:Type="String">No aplica</Data></Cell><Cell><Data ss:Type="String">No aplica</Data></Cell><Cell><Data ss:Type="String">No realizada</Data></Cell><Cell><Data ss:Type="String">No aplica</Data></Cell><Cell><Data ss:Type="String">No aplica</Data></Cell></Row><Row><Cell><Data ss:Type="String">PATRICIA DEL TRÁNSITO FERNÁNDEZ SAAVEDRA</Data></Cell><Cell><Data ss:Type="String">8.969.584-8</Data></Cell><Cell><Data ss:Type="String">PFERNANDEZSAA@GMAIL.COM</Data></Cell><Cell><Data ss:Type="String">Sin grupo</Data></Cell><Cell><Data ss:Type="String">No realizada</Data></Cell><Cell><Data ss:Type="String">No aplica</Data></Cell><Cell><Data ss:Type="String">No aplica</Data></Cell><Cell><Data ss:Type="String">No realizada</Data></Cell><Cell><Data ss:Type="String">No aplica</Data></Cell><Cell><Data ss:Type="String">No aplica</Data></Cell><Cell><Data ss:Type="String">No realizada</Data></Cell><Cell><Data ss:Type="String">No aplica</Data></Cell><Cell><Data ss:Type="String">No aplica</Data></Cell></Row><Row><Cell><Data ss:Type="String">ROSA JEANETTE FUENTES ROMERO</Data></Cell><Cell><Data ss:Type="String">7.055.078-4</Data></Cell><Cell><Data ss:Type="String">RJFR2008@HOTMAIL.COM</Data></Cell><Cell><Data ss:Type="String">Sin grupo</Data></Cell><Cell><Data ss:Type="String">No realizada</Data></Cell><Cell><Data ss:Type="String">No aplica</Data></Cell><Cell><Data ss:Type="String">No aplica</Data></Cell><Cell><Data ss:Type="String">No realizada</Data></Cell><Cell><Data ss:Type="String">No aplica</Data></Cell><Cell><Data ss:Type="String">No aplica</Data></Cell><Cell><Data ss:Type="String">No realizada</Data></Cell><Cell><Data ss:Type="String">No aplica</Data></Cell><Cell><Data ss:Type="String">No aplica</Data></Cell></Row><Row><Cell><Data ss:Type="String">María Elcira Garcés Valenzuela</Data></Cell><Cell><Data ss:Type="String">7.281.978-0</Data></Cell><Cell><Data ss:Type="String">mariagarcez@gmail.com</Data></Cell><Cell><Data ss:Type="String">Sin grupo</Data></Cell><Cell><Data ss:Type="String">No realizada</Data></Cell><Cell><Data ss:Type="String">No aplica</Data></Cell><Cell><Data ss:Type="String">No aplica</Data></Cell><Cell><Data ss:Type="String">No realizada</Data></Cell><Cell><Data ss:Type="String">No aplica</Data></Cell><Cell><Data ss:Type="String">No aplica</Data></Cell><Cell><Data ss:Type="String">No realizada</Data></Cell><Cell><Data ss:Type="String">No aplica</Data></Cell><Cell><Data ss:Type="String">No aplica</Data></Cell></Row><Row><Cell><Data ss:Type="String">PÍA CATALINA GÓMEZ KNABE</Data></Cell><Cell><Data ss:Type="String">16.584.034-8</Data></Cell><Cell><Data ss:Type="String">piacgomezk@gmail.com</Data></Cell><Cell><Data ss:Type="String">Sin grupo</Data></Cell><Cell><Data ss:Type="String">No realizada</Data></Cell><Cell><Data ss:Type="String">No aplica</Data></Cell><Cell><Data ss:Type="String">No aplica</Data></Cell><Cell><Data ss:Type="String">No realizada</Data></Cell><Cell><Data ss:Type="String">No aplica</Data></Cell><Cell><Data ss:Type="String">No aplica</Data></Cell><Cell><Data ss:Type="String">No realizada</Data></Cell><Cell><Data ss:Type="String">No aplica</Data></Cell><Cell><Data ss:Type="String">No aplica</Data></Cell></Row><Row><Cell><Data ss:Type="String">Margarita Andrea Gonzalez Abrigo</Data></Cell><Cell><Data ss:Type="String">16.844.127-4</Data></Cell><Cell><Data ss:Type="String">margarita.gonzalez@caec.cl</Data></Cell><Cell><Data ss:Type="String">Sin grupo</Data></Cell><Cell><Data ss:Type="String">No realizada</Data></Cell><Cell><Data ss:Type="String">No aplica</Data></Cell><Cell><Data ss:Type="String">No aplica</Data></Cell><Cell><Data ss:Type="String">No realizada</Data></Cell><Cell><Data ss:Type="String">No aplica</Data></Cell><Cell><Data ss:Type="String">No aplica</Data></Cell><Cell><Data ss:Type="String">No realizada</Data></Cell><Cell><Data ss:Type="String">No aplica</Data></Cell><Cell><Data ss:Type="String">No aplica</Data></Cell></Row><Row><Cell><Data ss:Type="String">XIMENA GONZALEZ CORREA</Data></Cell><Cell><Data ss:Type="String">8.110.425-5</Data></Cell><Cell><Data ss:Type="String">XIMENA.XIMEMAGDA@GMAIL.COM</Data></Cell><Cell><Data ss:Type="String">Sin grupo</Data></Cell><Cell><Data ss:Type="String">No realizada</Data></Cell><Cell><Data ss:Type="String">No aplica</Data></Cell><Cell><Data ss:Type="String">No aplica</Data></Cell><Cell><Data ss:Type="String">No realizada</Data></Cell><Cell><Data ss:Type="String">No aplica</Data></Cell><Cell><Data ss:Type="String">No aplica</Data></Cell><Cell><Data ss:Type="String">No realizada</Data></Cell><Cell><Data ss:Type="String">No aplica</Data></Cell><Cell><Data ss:Type="String">No aplica</Data></Cell></Row><Row><Cell><Data ss:Type="String">CARMEN VERONICA GONZALEZ GONZALEZ</Data></Cell><Cell><Data ss:Type="String">11.068.658-7</Data></Cell><Cell><Data ss:Type="String">CABARGEN@HOTMAIL.COM</Data></Cell><Cell><Data ss:Type="String">Sin grupo</Data></Cell><Cell><Data ss:Type="String">No realizada</Data></Cell><Cell><Data ss:Type="String">No aplica</Data></Cell><Cell><Data ss:Type="String">No aplica</Data></Cell><Cell><Data ss:Type="String">No realizada</Data></Cell><Cell><Data ss:Type="String">No aplica</Data></Cell><Cell><Data ss:Type="String">No aplica</Data></Cell><Cell><Data ss:Type="String">No realizada</Data></Cell><Cell><Data ss:Type="String">No aplica</Data></Cell><Cell><Data ss:Type="String">No aplica</Data></Cell></Row><Row><Cell><Data ss:Type="String">MONICA GONZALEZ SANDOVAL</Data></Cell><Cell><Data ss:Type="String">15.219.052-2</Data></Cell><Cell><Data ss:Type="String">monica.gonzalez@cpph.cl</Data></Cell><Cell><Data ss:Type="String">Sin grupo</Data></Cell><Cell><Data ss:Type="String">No realizada</Data></Cell><Cell><Data ss:Type="String">No aplica</Data></Cell><Cell><Data ss:Type="String">No aplica</Data></Cell><Cell><Data ss:Type="String">No realizada</Data></Cell><Cell><Data ss:Type="String">No aplica</Data></Cell><Cell><Data ss:Type="String">No aplica</Data></Cell><Cell><Data ss:Type="String">No realizada</Data></Cell><Cell><Data ss:Type="String">No aplica</Data></Cell><Cell><Data ss:Type="String">No aplica</Data></Cell></Row><Row><Cell><Data ss:Type="String">NOLFA ESTER GUTIERREZ CARRASCO</Data></Cell><Cell><Data ss:Type="String">15.210.858-3</Data></Cell><Cell><Data ss:Type="String">NOLFAGUTIERREZCARRASCO@GMAIL.COM</Data></Cell><Cell><Data ss:Type="String">Sin grupo</Data></Cell><Cell><Data ss:Type="String">No realizada</Data></Cell><Cell><Data ss:Type="String">No aplica</Data></Cell><Cell><Data ss:Type="String">No aplica</Data></Cell><Cell><Data ss:Type="String">No realizada</Data></Cell><Cell><Data ss:Type="String">No aplica</Data></Cell><Cell><Data ss:Type="String">No aplica</Data></Cell><Cell><Data ss:Type="String">No realizada</Data></Cell><Cell><Data ss:Type="String">No aplica</Data></Cell><Cell><Data ss:Type="String">No aplica</Data></Cell></Row><Row><Cell><Data ss:Type="String">Jennifer Henríquez Jiménez</Data></Cell><Cell><Data ss:Type="String">16.702.014-3</Data></Cell><Cell><Data ss:Type="String">jhenriquez@liceomixto.cl</Data></Cell><Cell><Data ss:Type="String">Sin grupo</Data></Cell><Cell><Data ss:Type="String">No realizada</Data></Cell><Cell><Data ss:Type="String">No aplica</Data></Cell><Cell><Data ss:Type="String">No aplica</Data></Cell><Cell><Data ss:Type="String">No realizada</Data></Cell><Cell><Data ss:Type="String">No aplica</Data></Cell><Cell><Data ss:Type="String">No aplica</Data></Cell><Cell><Data ss:Type="String">No realizada</Data></Cell><Cell><Data ss:Type="String">No aplica</Data></Cell><Cell><Data ss:Type="String">No aplica</Data></Cell></Row><Row><Cell><Data ss:Type="String">Monica Elba Henriquez Villa</Data></Cell><Cell><Data ss:Type="String">11.667.097-6</Data></Cell><Cell><Data ss:Type="String">monica.henriquez@colegiomariagriseldavalle</Data></Cell><Cell><Data ss:Type="String">Sin grupo</Data></Cell><Cell><Data ss:Type="String">No realizada</Data></Cell><Cell><Data ss:Type="String">No aplica</Data></Cell><Cell><Data ss:Type="String">No aplica</Data></Cell><Cell><Data ss:Type="String">No realizada</Data></Cell><Cell><Data ss:Type="String">No aplica</Data></Cell><Cell><Data ss:Type="String">No aplica</Data></Cell><Cell><Data ss:Type="String">No realizada</Data></Cell><Cell><Data ss:Type="String">No aplica</Data></Cell><Cell><Data ss:Type="String">No aplica</Data></Cell></Row><Row><Cell><Data ss:Type="String">Urzula Andrea Hernández Ramírez</Data></Cell><Cell><Data ss:Type="String">13.286.111-0</Data></Cell><Cell><Data ss:Type="String">URZULA.HERNANDEZ.RAMIREZ@GMAIL.COM</Data></Cell><Cell><Data ss:Type="String">Sin grupo</Data></Cell><Cell><Data ss:Type="String">No realizada</Data></Cell><Cell><Data ss:Type="String">No aplica</Data></Cell><Cell><Data ss:Type="String">No aplica</Data></Cell><Cell><Data ss:Type="String">No realizada</Data></Cell><Cell><Data ss:Type="String">No aplica</Data></Cell><Cell><Data ss:Type="String">No aplica</Data></Cell><Cell><Data ss:Type="String">No realizada</Data></Cell><Cell><Data ss:Type="String">No aplica</Data></Cell><Cell><Data ss:Type="String">No aplica</Data></Cell></Row><Row><Cell><Data ss:Type="String">Ilsia Lucy Ibacache González</Data></Cell><Cell><Data ss:Type="String">7.049.534-1</Data></Cell><Cell><Data ss:Type="String">ibacacheilsia@gmail.com</Data></Cell><Cell><Data ss:Type="String">Sin grupo</Data></Cell><Cell><Data ss:Type="String">No realizada</Data></Cell><Cell><Data ss:Type="String">No aplica</Data></Cell><Cell><Data ss:Type="String">No aplica</Data></Cell><Cell><Data ss:Type="String">No realizada</Data></Cell><Cell><Data ss:Type="String">No aplica</Data></Cell><Cell><Data ss:Type="String">No aplica</Data></Cell><Cell><Data ss:Type="String">No realizada</Data></Cell><Cell><Data ss:Type="String">No aplica</Data></Cell><Cell><Data ss:Type="String">No aplica</Data></Cell></Row><Row><Cell><Data ss:Type="String">Andrea Jabre Orozco</Data></Cell><Cell><Data ss:Type="String">16.044.968-3</Data></Cell><Cell><Data ss:Type="String">andreaaliciajabreorozco45@gmail.com</Data></Cell><Cell><Data ss:Type="String">Sin grupo</Data></Cell><Cell><Data ss:Type="String">Realizada</Data></Cell><Cell><Data ss:Type="String">03-11-2021</Data></Cell><Cell><Data ss:Type="String">NO</Data></Cell><Cell><Data ss:Type="String">Realizada</Data></Cell><Cell><Data ss:Type="String">03-11-2021</Data></Cell><Cell><Data ss:Type="String">NO</Data></Cell><Cell><Data ss:Type="String">Realizada</Data></Cell><Cell><Data ss:Type="String">03-11-2021</Data></Cell><Cell><Data ss:Type="String">NO</Data></Cell></Row><Row><Cell><Data ss:Type="String">OSCARINA LABRIN LABRIN</Data></Cell><Cell><Data ss:Type="String">16.217.932-2</Data></Cell><Cell><Data ss:Type="String">KARYLABRIN.KL@GMAIL.COM</Data></Cell><Cell><Data ss:Type="String">Sin grupo</Data></Cell><Cell><Data ss:Type="String">No realizada</Data></Cell><Cell><Data ss:Type="String">No aplica</Data></Cell><Cell><Data ss:Type="String">No aplica</Data></Cell><Cell><Data ss:Type="String">No realizada</Data></Cell><Cell><Data ss:Type="String">No aplica</Data></Cell><Cell><Data ss:Type="String">No aplica</Data></Cell><Cell><Data ss:Type="String">No realizada</Data></Cell><Cell><Data ss:Type="String">No aplica</Data></Cell><Cell><Data ss:Type="String">No aplica</Data></Cell></Row><Row><Cell><Data ss:Type="String">Vctor Hugo Lagos Trecaman</Data></Cell><Cell><Data ss:Type="String">12.928.214-2</Data></Cell><Cell><Data ss:Type="String">vlagos@millaray-temuco.cl</Data></Cell><Cell><Data ss:Type="String">Sin grupo</Data></Cell><Cell><Data ss:Type="String">No realizada</Data></Cell><Cell><Data ss:Type="String">No aplica</Data></Cell><Cell><Data ss:Type="String">No aplica</Data></Cell><Cell><Data ss:Type="String">No realizada</Data></Cell><Cell><Data ss:Type="String">No aplica</Data></Cell><Cell><Data ss:Type="String">No aplica</Data></Cell><Cell><Data ss:Type="String">No realizada</Data></Cell><Cell><Data ss:Type="String">No aplica</Data></Cell><Cell><Data ss:Type="String">No aplica</Data></Cell></Row><Row><Cell><Data ss:Type="String">ANA LECAROS AVALOS</Data></Cell><Cell><Data ss:Type="String">10.815.764-k</Data></Cell><Cell><Data ss:Type="String">BIBLIOTECACRA.LICEO@GMAIL.COM</Data></Cell><Cell><Data ss:Type="String">Sin grupo</Data></Cell><Cell><Data ss:Type="String">No realizada</Data></Cell><Cell><Data ss:Type="String">No aplica</Data></Cell><Cell><Data ss:Type="String">No aplica</Data></Cell><Cell><Data ss:Type="String">No realizada</Data></Cell><Cell><Data ss:Type="String">No aplica</Data></Cell><Cell><Data ss:Type="String">No aplica</Data></Cell><Cell><Data ss:Type="String">No realizada</Data></Cell><Cell><Data ss:Type="String">No aplica</Data></Cell><Cell><Data ss:Type="String">No aplica</Data></Cell></Row><Row><Cell><Data ss:Type="String">Maria Virginia Lopez Flores</Data></Cell><Cell><Data ss:Type="String">10.052.254-3</Data></Cell><Cell><Data ss:Type="String">marita152017@outlook.es</Data></Cell><Cell><Data ss:Type="String">Sin grupo</Data></Cell><Cell><Data ss:Type="String">No realizada</Data></Cell><Cell><Data ss:Type="String">No aplica</Data></Cell><Cell><Data ss:Type="String">No aplica</Data></Cell><Cell><Data ss:Type="String">No realizada</Data></Cell><Cell><Data ss:Type="String">No aplica</Data></Cell><Cell><Data ss:Type="String">No aplica</Data></Cell><Cell><Data ss:Type="String">No realizada</Data></Cell><Cell><Data ss:Type="String">No aplica</Data></Cell><Cell><Data ss:Type="String">No aplica</Data></Cell></Row><Row><Cell><Data ss:Type="String">URSULA SOLANGE MACIAS COLLADO</Data></Cell><Cell><Data ss:Type="String">12.911.306-5</Data></Cell><Cell><Data ss:Type="String">SOLANGEMACIAS@HOTMAIL.COM</Data></Cell><Cell><Data ss:Type="String">Sin grupo</Data></Cell><Cell><Data ss:Type="String">No realizada</Data></Cell><Cell><Data ss:Type="String">No aplica</Data></Cell><Cell><Data ss:Type="String">No aplica</Data></Cell><Cell><Data ss:Type="String">No realizada</Data></Cell><Cell><Data ss:Type="String">No aplica</Data></Cell><Cell><Data ss:Type="String">No aplica</Data></Cell><Cell><Data ss:Type="String">No realizada</Data></Cell><Cell><Data ss:Type="String">No aplica</Data></Cell><Cell><Data ss:Type="String">No aplica</Data></Cell></Row><Row><Cell><Data ss:Type="String">Claudia Soraya Macías Macías</Data></Cell><Cell><Data ss:Type="String">12.056.612-1</Data></Cell><Cell><Data ss:Type="String">claumacmac@hotmail.com</Data></Cell><Cell><Data ss:Type="String">Sin grupo</Data></Cell><Cell><Data ss:Type="String">No realizada</Data></Cell><Cell><Data ss:Type="String">No aplica</Data></Cell><Cell><Data ss:Type="String">No aplica</Data></Cell><Cell><Data ss:Type="String">No realizada</Data></Cell><Cell><Data ss:Type="String">No aplica</Data></Cell><Cell><Data ss:Type="String">No aplica</Data></Cell><Cell><Data ss:Type="String">No realizada</Data></Cell><Cell><Data ss:Type="String">No aplica</Data></Cell><Cell><Data ss:Type="String">No aplica</Data></Cell></Row><Row><Cell><Data ss:Type="String">JANETTE MEDINA MONSALVE - 4953</Data></Cell><Cell><Data ss:Type="String">11.684.466-4</Data></Cell><Cell><Data ss:Type="String">SCARYAPA2012@HOTMAIL.COM</Data></Cell><Cell><Data ss:Type="String">Sin grupo</Data></Cell><Cell><Data ss:Type="String">No realizada</Data></Cell><Cell><Data ss:Type="String">No aplica</Data></Cell><Cell><Data ss:Type="String">No aplica</Data></Cell><Cell><Data ss:Type="String">No realizada</Data></Cell><Cell><Data ss:Type="String">No aplica</Data></Cell><Cell><Data ss:Type="String">No aplica</Data></Cell><Cell><Data ss:Type="String">No realizada</Data></Cell><Cell><Data ss:Type="String">No aplica</Data></Cell><Cell><Data ss:Type="String">No aplica</Data></Cell></Row><Row><Cell><Data ss:Type="String">PAOLA  ALEJANDRA MENDEZ RETAMAL</Data></Cell><Cell><Data ss:Type="String">16.835.767-2</Data></Cell><Cell><Data ss:Type="String">ISICAM2009@HOTMAIL.COM</Data></Cell><Cell><Data ss:Type="String">Sin grupo</Data></Cell><Cell><Data ss:Type="String">No realizada</Data></Cell><Cell><Data ss:Type="String">No aplica</Data></Cell><Cell><Data ss:Type="String">No aplica</Data></Cell><Cell><Data ss:Type="String">No realizada</Data></Cell><Cell><Data ss:Type="String">No aplica</Data></Cell><Cell><Data ss:Type="String">No aplica</Data></Cell><Cell><Data ss:Type="String">No realizada</Data></Cell><Cell><Data ss:Type="String">No aplica</Data></Cell><Cell><Data ss:Type="String">No aplica</Data></Cell></Row><Row><Cell><Data ss:Type="String">Ana Gabriela Cecilia Meza Docmac</Data></Cell><Cell><Data ss:Type="String">13.393.034-5</Data></Cell><Cell><Data ss:Type="String">gabriela.meza@colegiosfa.cl</Data></Cell><Cell><Data ss:Type="String">Sin grupo</Data></Cell><Cell><Data ss:Type="String">No realizada</Data></Cell><Cell><Data ss:Type="String">No aplica</Data></Cell><Cell><Data ss:Type="String">No aplica</Data></Cell><Cell><Data ss:Type="String">No realizada</Data></Cell><Cell><Data ss:Type="String">No aplica</Data></Cell><Cell><Data ss:Type="String">No aplica</Data></Cell><Cell><Data ss:Type="String">No realizada</Data></Cell><Cell><Data ss:Type="String">No aplica</Data></Cell><Cell><Data ss:Type="String">No aplica</Data></Cell></Row><Row><Cell><Data ss:Type="String">DANIELA MONTES PINO</Data></Cell><Cell><Data ss:Type="String">16.635.405-6</Data></Cell><Cell><Data ss:Type="String">DANYMONTP@GMAIL.COM</Data></Cell><Cell><Data ss:Type="String">Sin grupo</Data></Cell><Cell><Data ss:Type="String">No realizada</Data></Cell><Cell><Data ss:Type="String">No aplica</Data></Cell><Cell><Data ss:Type="String">No aplica</Data></Cell><Cell><Data ss:Type="String">No realizada</Data></Cell><Cell><Data ss:Type="String">No aplica</Data></Cell><Cell><Data ss:Type="String">No aplica</Data></Cell><Cell><Data ss:Type="String">No realizada</Data></Cell><Cell><Data ss:Type="String">No aplica</Data></Cell><Cell><Data ss:Type="String">No aplica</Data></Cell></Row><Row><Cell><Data ss:Type="String">SOLEDAD LORENA MORALES JORQUERA</Data></Cell><Cell><Data ss:Type="String">13.772.740-4</Data></Cell><Cell><Data ss:Type="String">SULINAMORALES@GMAIL.COM</Data></Cell><Cell><Data ss:Type="String">Sin grupo</Data></Cell><Cell><Data ss:Type="String">No realizada</Data></Cell><Cell><Data ss:Type="String">No aplica</Data></Cell><Cell><Data ss:Type="String">No aplica</Data></Cell><Cell><Data ss:Type="String">No realizada</Data></Cell><Cell><Data ss:Type="String">No aplica</Data></Cell><Cell><Data ss:Type="String">No aplica</Data></Cell><Cell><Data ss:Type="String">No realizada</Data></Cell><Cell><Data ss:Type="String">No aplica</Data></Cell><Cell><Data ss:Type="String">No aplica</Data></Cell></Row><Row><Cell><Data ss:Type="String">ERICA MORENO</Data></Cell><Cell><Data ss:Type="String">15.159.920-6</Data></Cell><Cell><Data ss:Type="String">ERICA_82@HOTMAIL.CL</Data></Cell><Cell><Data ss:Type="String">Sin grupo</Data></Cell><Cell><Data ss:Type="String">No realizada</Data></Cell><Cell><Data ss:Type="String">No aplica</Data></Cell><Cell><Data ss:Type="String">No aplica</Data></Cell><Cell><Data ss:Type="String">No realizada</Data></Cell><Cell><Data ss:Type="String">No aplica</Data></Cell><Cell><Data ss:Type="String">No aplica</Data></Cell><Cell><Data ss:Type="String">No realizada</Data></Cell><Cell><Data ss:Type="String">No aplica</Data></Cell><Cell><Data ss:Type="String">No aplica</Data></Cell></Row><Row><Cell><Data ss:Type="String">Marcela Sara Muñoz Franulic</Data></Cell><Cell><Data ss:Type="String">8.142.004-1</Data></Cell><Cell><Data ss:Type="String">mmunozfranulic@gmail.com</Data></Cell><Cell><Data ss:Type="String">Sin grupo</Data></Cell><Cell><Data ss:Type="String">No realizada</Data></Cell><Cell><Data ss:Type="String">No aplica</Data></Cell><Cell><Data ss:Type="String">No aplica</Data></Cell><Cell><Data ss:Type="String">No realizada</Data></Cell><Cell><Data ss:Type="String">No aplica</Data></Cell><Cell><Data ss:Type="String">No aplica</Data></Cell><Cell><Data ss:Type="String">No realizada</Data></Cell><Cell><Data ss:Type="String">No aplica</Data></Cell><Cell><Data ss:Type="String">No aplica</Data></Cell></Row><Row><Cell><Data ss:Type="String">Damari Noemi Navarrete Diaz</Data></Cell><Cell><Data ss:Type="String">17.808.679-0</Data></Cell><Cell><Data ss:Type="String">damarinoeminavarretediaz@gmail.com</Data></Cell><Cell><Data ss:Type="String">Sin grupo</Data></Cell><Cell><Data ss:Type="String">No realizada</Data></Cell><Cell><Data ss:Type="String">No aplica</Data></Cell><Cell><Data ss:Type="String">No aplica</Data></Cell><Cell><Data ss:Type="String">No realizada</Data></Cell><Cell><Data ss:Type="String">No aplica</Data></Cell><Cell><Data ss:Type="String">No aplica</Data></Cell><Cell><Data ss:Type="String">No realizada</Data></Cell><Cell><Data ss:Type="String">No aplica</Data></Cell><Cell><Data ss:Type="String">No aplica</Data></Cell></Row><Row><Cell><Data ss:Type="String">ROXANA NAVARRETE SOTO</Data></Cell><Cell><Data ss:Type="String">14.476.939-2</Data></Cell><Cell><Data ss:Type="String">ROXANANAV@GMAIL.COM</Data></Cell><Cell><Data ss:Type="String">Sin grupo</Data></Cell><Cell><Data ss:Type="String">No realizada</Data></Cell><Cell><Data ss:Type="String">No aplica</Data></Cell><Cell><Data ss:Type="String">No aplica</Data></Cell><Cell><Data ss:Type="String">No realizada</Data></Cell><Cell><Data ss:Type="String">No aplica</Data></Cell><Cell><Data ss:Type="String">No aplica</Data></Cell><Cell><Data ss:Type="String">No realizada</Data></Cell><Cell><Data ss:Type="String">No aplica</Data></Cell><Cell><Data ss:Type="String">No aplica</Data></Cell></Row><Row><Cell><Data ss:Type="String">CRISTIAN ANDRES NEIRA GUIÑEZ</Data></Cell><Cell><Data ss:Type="String">16.201.692-k</Data></Cell><Cell><Data ss:Type="String">cristneira@udec.cl</Data></Cell><Cell><Data ss:Type="String">Sin grupo</Data></Cell><Cell><Data ss:Type="String">No realizada</Data></Cell><Cell><Data ss:Type="String">No aplica</Data></Cell><Cell><Data ss:Type="String">No aplica</Data></Cell><Cell><Data ss:Type="String">No realizada</Data></Cell><Cell><Data ss:Type="String">No aplica</Data></Cell><Cell><Data ss:Type="String">No aplica</Data></Cell><Cell><Data ss:Type="String">No realizada</Data></Cell><Cell><Data ss:Type="String">No aplica</Data></Cell><Cell><Data ss:Type="String">No aplica</Data></Cell></Row><Row><Cell><Data ss:Type="String">marcela olivares</Data></Cell><Cell><Data ss:Type="String">11.813.318-8</Data></Cell><Cell><Data ss:Type="String">sindefinir@mail.com</Data></Cell><Cell><Data ss:Type="String">Sin grupo</Data></Cell><Cell><Data ss:Type="String">No realizada</Data></Cell><Cell><Data ss:Type="String">No aplica</Data></Cell><Cell><Data ss:Type="String">No aplica</Data></Cell><Cell><Data ss:Type="String">No realizada</Data></Cell><Cell><Data ss:Type="String">No aplica</Data></Cell><Cell><Data ss:Type="String">No aplica</Data></Cell><Cell><Data ss:Type="String">No realizada</Data></Cell><Cell><Data ss:Type="String">No aplica</Data></Cell><Cell><Data ss:Type="String">No aplica</Data></Cell></Row><Row><Cell><Data ss:Type="String">Sebastian Olivares</Data></Cell><Cell><Data ss:Type="String">15.416.538-k</Data></Cell><Cell><Data ss:Type="String">solivares@tuclase.cl</Data></Cell><Cell><Data ss:Type="String">Sin grupo</Data></Cell><Cell><Data ss:Type="String">No realizada</Data></Cell><Cell><Data ss:Type="String">No aplica</Data></Cell><Cell><Data ss:Type="String">No aplica</Data></Cell><Cell><Data ss:Type="String">No realizada</Data></Cell><Cell><Data ss:Type="String">No aplica</Data></Cell><Cell><Data ss:Type="String">No aplica</Data></Cell><Cell><Data ss:Type="String">No realizada</Data></Cell><Cell><Data ss:Type="String">No aplica</Data></Cell><Cell><Data ss:Type="String">No aplica</Data></Cell></Row><Row><Cell><Data ss:Type="String">Cyndi Belén Olmedo Santana</Data></Cell><Cell><Data ss:Type="String">17.279.629-k</Data></Cell><Cell><Data ss:Type="String">belenolmedosan@gmail.com</Data></Cell><Cell><Data ss:Type="String">Sin grupo</Data></Cell><Cell><Data ss:Type="String">No realizada</Data></Cell><Cell><Data ss:Type="String">No aplica</Data></Cell><Cell><Data ss:Type="String">No aplica</Data></Cell><Cell><Data ss:Type="String">No realizada</Data></Cell><Cell><Data ss:Type="String">No aplica</Data></Cell><Cell><Data ss:Type="String">No aplica</Data></Cell><Cell><Data ss:Type="String">No realizada</Data></Cell><Cell><Data ss:Type="String">No aplica</Data></Cell><Cell><Data ss:Type="String">No aplica</Data></Cell></Row><Row><Cell><Data ss:Type="String">Leslie Alejandra Olmos Fernández</Data></Cell><Cell><Data ss:Type="String">13.839.727-0</Data></Cell><Cell><Data ss:Type="String">LESLIE_OLMOS@HOTMAIL.COM</Data></Cell><Cell><Data ss:Type="String">Sin grupo</Data></Cell><Cell><Data ss:Type="String">No realizada</Data></Cell><Cell><Data ss:Type="String">No aplica</Data></Cell><Cell><Data ss:Type="String">No aplica</Data></Cell><Cell><Data ss:Type="String">No realizada</Data></Cell><Cell><Data ss:Type="String">No aplica</Data></Cell><Cell><Data ss:Type="String">No aplica</Data></Cell><Cell><Data ss:Type="String">No realizada</Data></Cell><Cell><Data ss:Type="String">No aplica</Data></Cell><Cell><Data ss:Type="String">No aplica</Data></Cell></Row><Row><Cell><Data ss:Type="String">Israel Edmundo Orellana Rodríguez</Data></Cell><Cell><Data ss:Type="String">16.978.266-0</Data></Cell><Cell><Data ss:Type="String">israel_or@live.cl</Data></Cell><Cell><Data ss:Type="String">Sin grupo</Data></Cell><Cell><Data ss:Type="String">No realizada</Data></Cell><Cell><Data ss:Type="String">No aplica</Data></Cell><Cell><Data ss:Type="String">No aplica</Data></Cell><Cell><Data ss:Type="String">No realizada</Data></Cell><Cell><Data ss:Type="String">No aplica</Data></Cell><Cell><Data ss:Type="String">No aplica</Data></Cell><Cell><Data ss:Type="String">No realizada</Data></Cell><Cell><Data ss:Type="String">No aplica</Data></Cell><Cell><Data ss:Type="String">No aplica</Data></Cell></Row><Row><Cell><Data ss:Type="String">MARIO ORTIZ VELIZ</Data></Cell><Cell><Data ss:Type="String">15.912.516-5</Data></Cell><Cell><Data ss:Type="String">ORTIZRONNY2@GMAIL.COM</Data></Cell><Cell><Data ss:Type="String">Sin grupo</Data></Cell><Cell><Data ss:Type="String">No realizada</Data></Cell><Cell><Data ss:Type="String">No aplica</Data></Cell><Cell><Data ss:Type="String">No aplica</Data></Cell><Cell><Data ss:Type="String">No realizada</Data></Cell><Cell><Data ss:Type="String">No aplica</Data></Cell><Cell><Data ss:Type="String">No aplica</Data></Cell><Cell><Data ss:Type="String">No realizada</Data></Cell><Cell><Data ss:Type="String">No aplica</Data></Cell><Cell><Data ss:Type="String">No aplica</Data></Cell></Row><Row><Cell><Data ss:Type="String">SUSANA OSORIO RETAMALES</Data></Cell><Cell><Data ss:Type="String">11.646.787-9</Data></Cell><Cell><Data ss:Type="String">SOSORIO@SIP.CL</Data></Cell><Cell><Data ss:Type="String">Sin grupo</Data></Cell><Cell><Data ss:Type="String">No realizada</Data></Cell><Cell><Data ss:Type="String">No aplica</Data></Cell><Cell><Data ss:Type="String">No aplica</Data></Cell><Cell><Data ss:Type="String">No realizada</Data></Cell><Cell><Data ss:Type="String">No aplica</Data></Cell><Cell><Data ss:Type="String">No aplica</Data></Cell><Cell><Data ss:Type="String">No realizada</Data></Cell><Cell><Data ss:Type="String">No aplica</Data></Cell><Cell><Data ss:Type="String">No aplica</Data></Cell></Row><Row><Cell><Data ss:Type="String">BERTA OTERO UBILLA - 2800</Data></Cell><Cell><Data ss:Type="String">11.656.229-4</Data></Cell><Cell><Data ss:Type="String">BERTA.OTERO.1970@GMAIL.COM</Data></Cell><Cell><Data ss:Type="String">Sin grupo</Data></Cell><Cell><Data ss:Type="String">No realizada</Data></Cell><Cell><Data ss:Type="String">No aplica</Data></Cell><Cell><Data ss:Type="String">No aplica</Data></Cell><Cell><Data ss:Type="String">No realizada</Data></Cell><Cell><Data ss:Type="String">No aplica</Data></Cell><Cell><Data ss:Type="String">No aplica</Data></Cell><Cell><Data ss:Type="String">No realizada</Data></Cell><Cell><Data ss:Type="String">No aplica</Data></Cell><Cell><Data ss:Type="String">No aplica</Data></Cell></Row><Row><Cell><Data ss:Type="String">MARIA ANGELICA OVALLE MEZA</Data></Cell><Cell><Data ss:Type="String">12.831.362-1</Data></Cell><Cell><Data ss:Type="String">CATSOF21@GMAIL.COM</Data></Cell><Cell><Data ss:Type="String">Sin grupo</Data></Cell><Cell><Data ss:Type="String">No realizada</Data></Cell><Cell><Data ss:Type="String">No aplica</Data></Cell><Cell><Data ss:Type="String">No aplica</Data></Cell><Cell><Data ss:Type="String">No realizada</Data></Cell><Cell><Data ss:Type="String">No aplica</Data></Cell><Cell><Data ss:Type="String">No aplica</Data></Cell><Cell><Data ss:Type="String">No realizada</Data></Cell><Cell><Data ss:Type="String">No aplica</Data></Cell><Cell><Data ss:Type="String">No aplica</Data></Cell></Row><Row><Cell><Data ss:Type="String">Juan Pablo</Data></Cell><Cell><Data ss:Type="String">11.951.305-7</Data></Cell><Cell><Data ss:Type="String">jprojasrol@gmail.com</Data></Cell><Cell><Data ss:Type="String">Sin grupo</Data></Cell><Cell><Data ss:Type="String">No realizada</Data></Cell><Cell><Data ss:Type="String">No aplica</Data></Cell><Cell><Data ss:Type="String">No aplica</Data></Cell><Cell><Data ss:Type="String">No realizada</Data></Cell><Cell><Data ss:Type="String">No aplica</Data></Cell><Cell><Data ss:Type="String">No aplica</Data></Cell><Cell><Data ss:Type="String">No realizada</Data></Cell><Cell><Data ss:Type="String">No aplica</Data></Cell><Cell><Data ss:Type="String">No aplica</Data></Cell></Row><Row><Cell><Data ss:Type="String">Maria Eugenia Perez Cornejo</Data></Cell><Cell><Data ss:Type="String">16.222.981-8</Data></Cell><Cell><Data ss:Type="String">eugeniakenita1985@gmail.com</Data></Cell><Cell><Data ss:Type="String">Sin grupo</Data></Cell><Cell><Data ss:Type="String">No realizada</Data></Cell><Cell><Data ss:Type="String">No aplica</Data></Cell><Cell><Data ss:Type="String">No aplica</Data></Cell><Cell><Data ss:Type="String">No realizada</Data></Cell><Cell><Data ss:Type="String">No aplica</Data></Cell><Cell><Data ss:Type="String">No aplica</Data></Cell><Cell><Data ss:Type="String">No realizada</Data></Cell><Cell><Data ss:Type="String">No aplica</Data></Cell><Cell><Data ss:Type="String">No aplica</Data></Cell></Row><Row><Cell><Data ss:Type="String">MIRIAM LUZ PEZO OLIVA</Data></Cell><Cell><Data ss:Type="String">10.949.158-6</Data></Cell><Cell><Data ss:Type="String">MIRIAM.PEZO.OLIVA@GMAIL.COM</Data></Cell><Cell><Data ss:Type="String">Sin grupo</Data></Cell><Cell><Data ss:Type="String">No realizada</Data></Cell><Cell><Data ss:Type="String">No aplica</Data></Cell><Cell><Data ss:Type="String">No aplica</Data></Cell><Cell><Data ss:Type="String">No realizada</Data></Cell><Cell><Data ss:Type="String">No aplica</Data></Cell><Cell><Data ss:Type="String">No aplica</Data></Cell><Cell><Data ss:Type="String">No realizada</Data></Cell><Cell><Data ss:Type="String">No aplica</Data></Cell><Cell><Data ss:Type="String">No aplica</Data></Cell></Row><Row><Cell><Data ss:Type="String">Cecilia Angélica Quintana Valle</Data></Cell><Cell><Data ss:Type="String">11.081.699-5</Data></Cell><Cell><Data ss:Type="String">ceciliaquintanavalle@gmail.com</Data></Cell><Cell><Data ss:Type="String">Sin grupo</Data></Cell><Cell><Data ss:Type="String">No realizada</Data></Cell><Cell><Data ss:Type="String">No aplica</Data></Cell><Cell><Data ss:Type="String">No aplica</Data></Cell><Cell><Data ss:Type="String">No realizada</Data></Cell><Cell><Data ss:Type="String">No aplica</Data></Cell><Cell><Data ss:Type="String">No aplica</Data></Cell><Cell><Data ss:Type="String">No realizada</Data></Cell><Cell><Data ss:Type="String">No aplica</Data></Cell><Cell><Data ss:Type="String">No aplica</Data></Cell></Row><Row><Cell><Data ss:Type="String">Sandra del Carmen Rebolledo Cárdenas - 2613</Data></Cell><Cell><Data ss:Type="String">10.740.377-9</Data></Cell><Cell><Data ss:Type="String">santamatildeescuela@gmail.com</Data></Cell><Cell><Data ss:Type="String">Sin grupo</Data></Cell><Cell><Data ss:Type="String">No realizada</Data></Cell><Cell><Data ss:Type="String">No aplica</Data></Cell><Cell><Data ss:Type="String">No aplica</Data></Cell><Cell><Data ss:Type="String">No realizada</Data></Cell><Cell><Data ss:Type="String">No aplica</Data></Cell><Cell><Data ss:Type="String">No aplica</Data></Cell><Cell><Data ss:Type="String">No realizada</Data></Cell><Cell><Data ss:Type="String">No aplica</Data></Cell><Cell><Data ss:Type="String">No aplica</Data></Cell></Row><Row><Cell><Data ss:Type="String">JANETH MARISOL RIVAS MERINO</Data></Cell><Cell><Data ss:Type="String">9.242.281-k</Data></Cell><Cell><Data ss:Type="String">JANETH.RIVAS@HOTMAIL.COM</Data></Cell><Cell><Data ss:Type="String">Sin grupo</Data></Cell><Cell><Data ss:Type="String">No realizada</Data></Cell><Cell><Data ss:Type="String">No aplica</Data></Cell><Cell><Data ss:Type="String">No aplica</Data></Cell><Cell><Data ss:Type="String">No realizada</Data></Cell><Cell><Data ss:Type="String">No aplica</Data></Cell><Cell><Data ss:Type="String">No aplica</Data></Cell><Cell><Data ss:Type="String">No realizada</Data></Cell><Cell><Data ss:Type="String">No aplica</Data></Cell><Cell><Data ss:Type="String">No aplica</Data></Cell></Row><Row><Cell><Data ss:Type="String">CARMEN ROSA ROJAS MOLINA</Data></Cell><Cell><Data ss:Type="String">14.622.749-k</Data></Cell><Cell><Data ss:Type="String">CARMENSOLEDAD1976@GMAIL.COM</Data></Cell><Cell><Data ss:Type="String">Sin grupo</Data></Cell><Cell><Data ss:Type="String">No realizada</Data></Cell><Cell><Data ss:Type="String">No aplica</Data></Cell><Cell><Data ss:Type="String">No aplica</Data></Cell><Cell><Data ss:Type="String">No realizada</Data></Cell><Cell><Data ss:Type="String">No aplica</Data></Cell><Cell><Data ss:Type="String">No aplica</Data></Cell><Cell><Data ss:Type="String">No realizada</Data></Cell><Cell><Data ss:Type="String">No aplica</Data></Cell><Cell><Data ss:Type="String">No aplica</Data></Cell></Row><Row><Cell><Data ss:Type="String">Juan Antonio Rojas Olave</Data></Cell><Cell><Data ss:Type="String">7.267.713-7</Data></Cell><Cell><Data ss:Type="String">jolav4241@gmail.com</Data></Cell><Cell><Data ss:Type="String">Sin grupo</Data></Cell><Cell><Data ss:Type="String">No realizada</Data></Cell><Cell><Data ss:Type="String">No aplica</Data></Cell><Cell><Data ss:Type="String">No aplica</Data></Cell><Cell><Data ss:Type="String">No realizada</Data></Cell><Cell><Data ss:Type="String">No aplica</Data></Cell><Cell><Data ss:Type="String">No aplica</Data></Cell><Cell><Data ss:Type="String">No realizada</Data></Cell><Cell><Data ss:Type="String">No aplica</Data></Cell><Cell><Data ss:Type="String">No aplica</Data></Cell></Row><Row><Cell><Data ss:Type="String">ROSA ROMAN MADARIAGA</Data></Cell><Cell><Data ss:Type="String">11.393.272-4</Data></Cell><Cell><Data ss:Type="String">ROMANMADARIAGA@GMAIL.COM</Data></Cell><Cell><Data ss:Type="String">Sin grupo</Data></Cell><Cell><Data ss:Type="String">No realizada</Data></Cell><Cell><Data ss:Type="String">No aplica</Data></Cell><Cell><Data ss:Type="String">No aplica</Data></Cell><Cell><Data ss:Type="String">No realizada</Data></Cell><Cell><Data ss:Type="String">No aplica</Data></Cell><Cell><Data ss:Type="String">No aplica</Data></Cell><Cell><Data ss:Type="String">No realizada</Data></Cell><Cell><Data ss:Type="String">No aplica</Data></Cell><Cell><Data ss:Type="String">No aplica</Data></Cell></Row><Row><Cell><Data ss:Type="String">Magdalena Del Carmen Rosales Ávila</Data></Cell><Cell><Data ss:Type="String">10.263.340-7</Data></Cell><Cell><Data ss:Type="String">male_rosales@hotmail.com</Data></Cell><Cell><Data ss:Type="String">Sin grupo</Data></Cell><Cell><Data ss:Type="String">No realizada</Data></Cell><Cell><Data ss:Type="String">No aplica</Data></Cell><Cell><Data ss:Type="String">No aplica</Data></Cell><Cell><Data ss:Type="String">No realizada</Data></Cell><Cell><Data ss:Type="String">No aplica</Data></Cell><Cell><Data ss:Type="String">No aplica</Data></Cell><Cell><Data ss:Type="String">No realizada</Data></Cell><Cell><Data ss:Type="String">No aplica</Data></Cell><Cell><Data ss:Type="String">No aplica</Data></Cell></Row><Row><Cell><Data ss:Type="String">Ruth Geraldine Rossel Concha</Data></Cell><Cell><Data ss:Type="String">9.658.619-1</Data></Cell><Cell><Data ss:Type="String">PROYECTOLECTORCARMELITAS@GMAIL.COM</Data></Cell><Cell><Data ss:Type="String">Sin grupo</Data></Cell><Cell><Data ss:Type="String">No realizada</Data></Cell><Cell><Data ss:Type="String">No aplica</Data></Cell><Cell><Data ss:Type="String">No aplica</Data></Cell><Cell><Data ss:Type="String">No realizada</Data></Cell><Cell><Data ss:Type="String">No aplica</Data></Cell><Cell><Data ss:Type="String">No aplica</Data></Cell><Cell><Data ss:Type="String">No realizada</Data></Cell><Cell><Data ss:Type="String">No aplica</Data></Cell><Cell><Data ss:Type="String">No aplica</Data></Cell></Row><Row><Cell><Data ss:Type="String">Carolina Alejandra Ruiz</Data></Cell><Cell><Data ss:Type="String">14.228.175-9</Data></Cell><Cell><Data ss:Type="String">monserratcarolina2009@gmail.com</Data></Cell><Cell><Data ss:Type="String">Sin grupo</Data></Cell><Cell><Data ss:Type="String">No realizada</Data></Cell><Cell><Data ss:Type="String">No aplica</Data></Cell><Cell><Data ss:Type="String">No aplica</Data></Cell><Cell><Data ss:Type="String">No realizada</Data></Cell><Cell><Data ss:Type="String">No aplica</Data></Cell><Cell><Data ss:Type="String">No aplica</Data></Cell><Cell><Data ss:Type="String">No realizada</Data></Cell><Cell><Data ss:Type="String">No aplica</Data></Cell><Cell><Data ss:Type="String">No aplica</Data></Cell></Row><Row><Cell><Data ss:Type="String">Johanna Maribel Salas Arancibia</Data></Cell><Cell><Data ss:Type="String">15.835.887-5</Data></Cell><Cell><Data ss:Type="String">johanna_salas@hotmail.com</Data></Cell><Cell><Data ss:Type="String">Sin grupo</Data></Cell><Cell><Data ss:Type="String">Realizada</Data></Cell><Cell><Data ss:Type="String">17-11-2021</Data></Cell><Cell><Data ss:Type="String">NO</Data></Cell><Cell><Data ss:Type="String">Realizada</Data></Cell><Cell><Data ss:Type="String">17-11-2021</Data></Cell><Cell><Data ss:Type="String">NO</Data></Cell><Cell><Data ss:Type="String">Realizada</Data></Cell><Cell><Data ss:Type="String">17-11-2021</Data></Cell><Cell><Data ss:Type="String">NO</Data></Cell></Row><Row><Cell><Data ss:Type="String">MICHELLE PRISCILLA SALAZAR SALAZAR</Data></Cell><Cell><Data ss:Type="String">14.028.131-k</Data></Cell><Cell><Data ss:Type="String">MICHELLESALAZ@GMAIL.COM</Data></Cell><Cell><Data ss:Type="String">Sin grupo</Data></Cell><Cell><Data ss:Type="String">No realizada</Data></Cell><Cell><Data ss:Type="String">No aplica</Data></Cell><Cell><Data ss:Type="String">No aplica</Data></Cell><Cell><Data ss:Type="String">No realizada</Data></Cell><Cell><Data ss:Type="String">No aplica</Data></Cell><Cell><Data ss:Type="String">No aplica</Data></Cell><Cell><Data ss:Type="String">No realizada</Data></Cell><Cell><Data ss:Type="String">No aplica</Data></Cell><Cell><Data ss:Type="String">No aplica</Data></Cell></Row><Row><Cell><Data ss:Type="String">Leticia Isabel Sánchez Bustamante</Data></Cell><Cell><Data ss:Type="String">13.929.643-5</Data></Cell><Cell><Data ss:Type="String">leticia.sanchez@mineduc.cl</Data></Cell><Cell><Data ss:Type="String">Sin grupo</Data></Cell><Cell><Data ss:Type="String">No realizada</Data></Cell><Cell><Data ss:Type="String">No aplica</Data></Cell><Cell><Data ss:Type="String">No aplica</Data></Cell><Cell><Data ss:Type="String">No realizada</Data></Cell><Cell><Data ss:Type="String">No aplica</Data></Cell><Cell><Data ss:Type="String">No aplica</Data></Cell><Cell><Data ss:Type="String">No realizada</Data></Cell><Cell><Data ss:Type="String">No aplica</Data></Cell><Cell><Data ss:Type="String">No aplica</Data></Cell></Row><Row><Cell><Data ss:Type="String">ROSA ELVIRA SOLSONA MAYORGA</Data></Cell><Cell><Data ss:Type="String">7.240.436-k</Data></Cell><Cell><Data ss:Type="String">rosita.solsona@gmail.com</Data></Cell><Cell><Data ss:Type="String">Sin grupo</Data></Cell><Cell><Data ss:Type="String">No realizada</Data></Cell><Cell><Data ss:Type="String">No aplica</Data></Cell><Cell><Data ss:Type="String">No aplica</Data></Cell><Cell><Data ss:Type="String">No realizada</Data></Cell><Cell><Data ss:Type="String">No aplica</Data></Cell><Cell><Data ss:Type="String">No aplica</Data></Cell><Cell><Data ss:Type="String">No realizada</Data></Cell><Cell><Data ss:Type="String">No aplica</Data></Cell><Cell><Data ss:Type="String">No aplica</Data></Cell></Row><Row><Cell><Data ss:Type="String">LUIS HUMBERTO SOTO GALLARDO</Data></Cell><Cell><Data ss:Type="String">7.341.465-2</Data></Cell><Cell><Data ss:Type="String">LUSGALLARDO@GMAIL.COM</Data></Cell><Cell><Data ss:Type="String">Sin grupo</Data></Cell><Cell><Data ss:Type="String">No realizada</Data></Cell><Cell><Data ss:Type="String">No aplica</Data></Cell><Cell><Data ss:Type="String">No aplica</Data></Cell><Cell><Data ss:Type="String">No realizada</Data></Cell><Cell><Data ss:Type="String">No aplica</Data></Cell><Cell><Data ss:Type="String">No aplica</Data></Cell><Cell><Data ss:Type="String">No realizada</Data></Cell><Cell><Data ss:Type="String">No aplica</Data></Cell><Cell><Data ss:Type="String">No aplica</Data></Cell></Row><Row><Cell><Data ss:Type="String">Omar Octavio Soto Salles - 1472</Data></Cell><Cell><Data ss:Type="String">7.804.081-5</Data></Cell><Cell><Data ss:Type="String">O.SOTO@DEMLIMACHE.CL</Data></Cell><Cell><Data ss:Type="String">Sin grupo</Data></Cell><Cell><Data ss:Type="String">No realizada</Data></Cell><Cell><Data ss:Type="String">No aplica</Data></Cell><Cell><Data ss:Type="String">No aplica</Data></Cell><Cell><Data ss:Type="String">No realizada</Data></Cell><Cell><Data ss:Type="String">No aplica</Data></Cell><Cell><Data ss:Type="String">No aplica</Data></Cell><Cell><Data ss:Type="String">No realizada</Data></Cell><Cell><Data ss:Type="String">No aplica</Data></Cell><Cell><Data ss:Type="String">No aplica</Data></Cell></Row><Row><Cell><Data ss:Type="String">MARIBEL TORNERIA VARGAS</Data></Cell><Cell><Data ss:Type="String">8.301.555-1</Data></Cell><Cell><Data ss:Type="String">MARIBELPANCHI@YAHOO.ES</Data></Cell><Cell><Data ss:Type="String">Sin grupo</Data></Cell><Cell><Data ss:Type="String">No realizada</Data></Cell><Cell><Data ss:Type="String">No aplica</Data></Cell><Cell><Data ss:Type="String">No aplica</Data></Cell><Cell><Data ss:Type="String">No realizada</Data></Cell><Cell><Data ss:Type="String">No aplica</Data></Cell><Cell><Data ss:Type="String">No aplica</Data></Cell><Cell><Data ss:Type="String">No realizada</Data></Cell><Cell><Data ss:Type="String">No aplica</Data></Cell><Cell><Data ss:Type="String">No aplica</Data></Cell></Row><Row><Cell><Data ss:Type="String">Alexis Ricardo Ubal Varas</Data></Cell><Cell><Data ss:Type="String">6.385.591-k</Data></Cell><Cell><Data ss:Type="String">aubal@boscolab.cl</Data></Cell><Cell><Data ss:Type="String">Sin grupo</Data></Cell><Cell><Data ss:Type="String">No realizada</Data></Cell><Cell><Data ss:Type="String">No aplica</Data></Cell><Cell><Data ss:Type="String">No aplica</Data></Cell><Cell><Data ss:Type="String">No realizada</Data></Cell><Cell><Data ss:Type="String">No aplica</Data></Cell><Cell><Data ss:Type="String">No aplica</Data></Cell><Cell><Data ss:Type="String">No realizada</Data></Cell><Cell><Data ss:Type="String">No aplica</Data></Cell><Cell><Data ss:Type="String">No aplica</Data></Cell></Row><Row><Cell><Data ss:Type="String">MARGARITA URBINA MONTEALEGRE</Data></Cell><Cell><Data ss:Type="String">11.051.109-4</Data></Cell><Cell><Data ss:Type="String">MARGARITA_URB@HOTMAIL.COM</Data></Cell><Cell><Data ss:Type="String">Sin grupo</Data></Cell><Cell><Data ss:Type="String">No realizada</Data></Cell><Cell><Data ss:Type="String">No aplica</Data></Cell><Cell><Data ss:Type="String">No aplica</Data></Cell><Cell><Data ss:Type="String">No realizada</Data></Cell><Cell><Data ss:Type="String">No aplica</Data></Cell><Cell><Data ss:Type="String">No aplica</Data></Cell><Cell><Data ss:Type="String">No realizada</Data></Cell><Cell><Data ss:Type="String">No aplica</Data></Cell><Cell><Data ss:Type="String">No aplica</Data></Cell></Row><Row><Cell><Data ss:Type="String">JEANNETTE DEL PILAR URETA CARIZ</Data></Cell><Cell><Data ss:Type="String">8.773.171-5</Data></Cell><Cell><Data ss:Type="String">JEANNETTE_U.C@HOTMAIL.COM</Data></Cell><Cell><Data ss:Type="String">Sin grupo</Data></Cell><Cell><Data ss:Type="String">No realizada</Data></Cell><Cell><Data ss:Type="String">No aplica</Data></Cell><Cell><Data ss:Type="String">No aplica</Data></Cell><Cell><Data ss:Type="String">No realizada</Data></Cell><Cell><Data ss:Type="String">No aplica</Data></Cell><Cell><Data ss:Type="String">No aplica</Data></Cell><Cell><Data ss:Type="String">No realizada</Data></Cell><Cell><Data ss:Type="String">No aplica</Data></Cell><Cell><Data ss:Type="String">No aplica</Data></Cell></Row><Row><Cell><Data ss:Type="String">ELIZABETH CONSTANZA VALDENEGRO NÚÑEZ</Data></Cell><Cell><Data ss:Type="String">11.109.178-1</Data></Cell><Cell><Data ss:Type="String">KONYVAL@GMAIL.COM</Data></Cell><Cell><Data ss:Type="String">Sin grupo</Data></Cell><Cell><Data ss:Type="String">No realizada</Data></Cell><Cell><Data ss:Type="String">No aplica</Data></Cell><Cell><Data ss:Type="String">No aplica</Data></Cell><Cell><Data ss:Type="String">No realizada</Data></Cell><Cell><Data ss:Type="String">No aplica</Data></Cell><Cell><Data ss:Type="String">No aplica</Data></Cell><Cell><Data ss:Type="String">No realizada</Data></Cell><Cell><Data ss:Type="String">No aplica</Data></Cell><Cell><Data ss:Type="String">No aplica</Data></Cell></Row><Row><Cell><Data ss:Type="String">Gloria Valdés Espinoza</Data></Cell><Cell><Data ss:Type="String">10.220.844-7</Data></Cell><Cell><Data ss:Type="String">GLORIA.VALDES.CRA@GMAIL.COM</Data></Cell><Cell><Data ss:Type="String">Sin grupo</Data></Cell><Cell><Data ss:Type="String">No realizada</Data></Cell><Cell><Data ss:Type="String">No aplica</Data></Cell><Cell><Data ss:Type="String">No aplica</Data></Cell><Cell><Data ss:Type="String">No realizada</Data></Cell><Cell><Data ss:Type="String">No aplica</Data></Cell><Cell><Data ss:Type="String">No aplica</Data></Cell><Cell><Data ss:Type="String">No realizada</Data></Cell><Cell><Data ss:Type="String">No aplica</Data></Cell><Cell><Data ss:Type="String">No aplica</Data></Cell></Row><Row><Cell><Data ss:Type="String">Yasna Malvina Valenzuela Diaz</Data></Cell><Cell><Data ss:Type="String">11.296.608-0</Data></Cell><Cell><Data ss:Type="String">yasna.vd@claudiogay.cl</Data></Cell><Cell><Data ss:Type="String">Sin grupo</Data></Cell><Cell><Data ss:Type="String">No realizada</Data></Cell><Cell><Data ss:Type="String">No aplica</Data></Cell><Cell><Data ss:Type="String">No aplica</Data></Cell><Cell><Data ss:Type="String">No realizada</Data></Cell><Cell><Data ss:Type="String">No aplica</Data></Cell><Cell><Data ss:Type="String">No aplica</Data></Cell><Cell><Data ss:Type="String">No realizada</Data></Cell><Cell><Data ss:Type="String">No aplica</Data></Cell><Cell><Data ss:Type="String">No aplica</Data></Cell></Row><Row><Cell><Data ss:Type="String">María José Valenzuela Vidal</Data></Cell><Cell><Data ss:Type="String">17.089.192-9</Data></Cell><Cell><Data ss:Type="String">mariajose.valenzuela@mineduc.cl</Data></Cell><Cell><Data ss:Type="String">Sin grupo</Data></Cell><Cell><Data ss:Type="String">No realizada</Data></Cell><Cell><Data ss:Type="String">No aplica</Data></Cell><Cell><Data ss:Type="String">No aplica</Data></Cell><Cell><Data ss:Type="String">No realizada</Data></Cell><Cell><Data ss:Type="String">No aplica</Data></Cell><Cell><Data ss:Type="String">No aplica</Data></Cell><Cell><Data ss:Type="String">No realizada</Data></Cell><Cell><Data ss:Type="String">No aplica</Data></Cell><Cell><Data ss:Type="String">No aplica</Data></Cell></Row><Row><Cell><Data ss:Type="String">YESSICA ROXANA VALLEJOS AGUERO</Data></Cell><Cell><Data ss:Type="String">12.559.875-7</Data></Cell><Cell><Data ss:Type="String">YECA_ROXI@EDUCARCHILE.CL</Data></Cell><Cell><Data ss:Type="String">Sin grupo</Data></Cell><Cell><Data ss:Type="String">No realizada</Data></Cell><Cell><Data ss:Type="String">No aplica</Data></Cell><Cell><Data ss:Type="String">No aplica</Data></Cell><Cell><Data ss:Type="String">No realizada</Data></Cell><Cell><Data ss:Type="String">No aplica</Data></Cell><Cell><Data ss:Type="String">No aplica</Data></Cell><Cell><Data ss:Type="String">No realizada</Data></Cell><Cell><Data ss:Type="String">No aplica</Data></Cell><Cell><Data ss:Type="String">No aplica</Data></Cell></Row><Row><Cell><Data ss:Type="String">Marlene Cherllotte Vallejos Moreno</Data></Cell><Cell><Data ss:Type="String">11.536.470-7</Data></Cell><Cell><Data ss:Type="String">colegio@colegiodiegodealmagro.cl</Data></Cell><Cell><Data ss:Type="String">Sin grupo</Data></Cell><Cell><Data ss:Type="String">No realizada</Data></Cell><Cell><Data ss:Type="String">No aplica</Data></Cell><Cell><Data ss:Type="String">No aplica</Data></Cell><Cell><Data ss:Type="String">No realizada</Data></Cell><Cell><Data ss:Type="String">No aplica</Data></Cell><Cell><Data ss:Type="String">No aplica</Data></Cell><Cell><Data ss:Type="String">No realizada</Data></Cell><Cell><Data ss:Type="String">No aplica</Data></Cell><Cell><Data ss:Type="String">No aplica</Data></Cell></Row><Row><Cell><Data ss:Type="String">NATALIA PAZ VARGAS MORENO</Data></Cell><Cell><Data ss:Type="String">16.390.001-7</Data></Cell><Cell><Data ss:Type="String">NATALIA.PAZ86@GMAIL.COM</Data></Cell><Cell><Data ss:Type="String">Sin grupo</Data></Cell><Cell><Data ss:Type="String">No realizada</Data></Cell><Cell><Data ss:Type="String">No aplica</Data></Cell><Cell><Data ss:Type="String">No aplica</Data></Cell><Cell><Data ss:Type="String">No realizada</Data></Cell><Cell><Data ss:Type="String">No aplica</Data></Cell><Cell><Data ss:Type="String">No aplica</Data></Cell><Cell><Data ss:Type="String">No realizada</Data></Cell><Cell><Data ss:Type="String">No aplica</Data></Cell><Cell><Data ss:Type="String">No aplica</Data></Cell></Row><Row><Cell><Data ss:Type="String">CONSTANZA VELASCO BRUHN</Data></Cell><Cell><Data ss:Type="String">14.160.397-3</Data></Cell><Cell><Data ss:Type="String">CVELASCO@TUCLASE.CL</Data></Cell><Cell><Data ss:Type="String">Sin grupo</Data></Cell><Cell><Data ss:Type="String">No realizada</Data></Cell><Cell><Data ss:Type="String">No aplica</Data></Cell><Cell><Data ss:Type="String">No aplica</Data></Cell><Cell><Data ss:Type="String">No realizada</Data></Cell><Cell><Data ss:Type="String">No aplica</Data></Cell><Cell><Data ss:Type="String">No aplica</Data></Cell><Cell><Data ss:Type="String">No realizada</Data></Cell><Cell><Data ss:Type="String">No aplica</Data></Cell><Cell><Data ss:Type="String">No aplica</Data></Cell></Row><Row><Cell><Data ss:Type="String">Yorsi Amalia Vergara Canales</Data></Cell><Cell><Data ss:Type="String">10.494.018-8</Data></Cell><Cell><Data ss:Type="String">yvergara@espiritusanto.cl</Data></Cell><Cell><Data ss:Type="String">Sin grupo</Data></Cell><Cell><Data ss:Type="String">No realizada</Data></Cell><Cell><Data ss:Type="String">No aplica</Data></Cell><Cell><Data ss:Type="String">No aplica</Data></Cell><Cell><Data ss:Type="String">No realizada</Data></Cell><Cell><Data ss:Type="String">No aplica</Data></Cell><Cell><Data ss:Type="String">No aplica</Data></Cell><Cell><Data ss:Type="String">No realizada</Data></Cell><Cell><Data ss:Type="String">No aplica</Data></Cell><Cell><Data ss:Type="String">No aplica</Data></Cell></Row><Row><Cell><Data ss:Type="String">Eduardo Arturo Villalobos Ahumada</Data></Cell><Cell><Data ss:Type="String">8.225.150-2</Data></Cell><Cell><Data ss:Type="String">villalobos.ea@gmail.com</Data></Cell><Cell><Data ss:Type="String">Sin grupo</Data></Cell><Cell><Data ss:Type="String">No realizada</Data></Cell><Cell><Data ss:Type="String">No aplica</Data></Cell><Cell><Data ss:Type="String">No aplica</Data></Cell><Cell><Data ss:Type="String">No realizada</Data></Cell><Cell><Data ss:Type="String">No aplica</Data></Cell><Cell><Data ss:Type="String">No aplica</Data></Cell><Cell><Data ss:Type="String">No realizada</Data></Cell><Cell><Data ss:Type="String">No aplica</Data></Cell><Cell><Data ss:Type="String">No aplica</Data></Cell></Row><Row><Cell><Data ss:Type="String">Berenice Elena Wendegass Moreno</Data></Cell><Cell><Data ss:Type="String">13.032.729-k</Data></Cell><Cell><Data ss:Type="String">bwendega@uc.cl</Data></Cell><Cell><Data ss:Type="String">Sin grupo</Data></Cell><Cell><Data ss:Type="String">No realizada</Data></Cell><Cell><Data ss:Type="String">No aplica</Data></Cell><Cell><Data ss:Type="String">No aplica</Data></Cell><Cell><Data ss:Type="String">No realizada</Data></Cell><Cell><Data ss:Type="String">No aplica</Data></Cell><Cell><Data ss:Type="String">No aplica</Data></Cell><Cell><Data ss:Type="String">No realizada</Data></Cell><Cell><Data ss:Type="String">No aplica</Data></Cell><Cell><Data ss:Type="String">No aplica</Data></Cell></Row></Table></Worksheet></Workbook>