<?xml version="1.0"?><?mso-application progid="Excel.Sheet"?><Workbook xmlns="urn:schemas-microsoft-com:office:spreadsheet" xmlns:ss="urn:schemas-microsoft-com:office:spreadsheet"><DocumentProperties xmlns="urn:schemas-microsoft-com:office:office"><Author>Axel Richter</Author><Created>1639579174424</Created></DocumentProperties><Styles><Style ss:ID="Currency"><NumberFormat ss:Format="Currency"></NumberFormat></Style><Style ss:ID="Date"><NumberFormat ss:Format="Medium Date"></NumberFormat></Style></Styles><Worksheet ss:Name="General"><Table><Row><Cell><Data ss:Type="String">Reporte: </Data></Cell><Cell><Data ss:Type="String">Acceso a curso</Data></Cell></Row><Row><Cell><Data ss:Type="String">Categoría: </Data></Cell><Cell><Data ss:Type="String">Aulas Curso B (#1319)</Data></Cell></Row><Row><Cell><Data ss:Type="String">Curso: </Data></Cell><Cell><Data ss:Type="String">Plan de formación; Curso B: Organización, catalogación y circulación de recursos de la biblioteca escolar - Aula 7 (#10840)</Data></Cell></Row><Row><Cell><Data ss:Type="String">Fecha de generación: </Data></Cell><Cell><Data ss:Type="String">15/12/2021</Data></Cell></Row><Row></Row><Row><Cell><Data ss:Type="String">Fecha</Data></Cell><Cell><Data ss:Type="String">Cantidad</Data></Cell><Cell><Data ss:Type="String"></Data></Cell><Cell><Data ss:Type="String">Usuarios</Data></Cell><Cell><Data ss:Type="String">Cantidad</Data></Cell></Row><Row><Cell><Data ss:Type="String">25-10-2021</Data></Cell><Cell><Data ss:Type="String">7</Data></Cell><Cell><Data ss:Type="String"></Data></Cell><Cell><Data ss:Type="String">Con acceso </Data></Cell><Cell><Data ss:Type="String">171</Data></Cell></Row><Row><Cell><Data ss:Type="String">26-10-2021</Data></Cell><Cell><Data ss:Type="String">20</Data></Cell><Cell><Data ss:Type="String"></Data></Cell><Cell><Data ss:Type="String">Sin acceso </Data></Cell><Cell><Data ss:Type="String">20</Data></Cell></Row><Row><Cell><Data ss:Type="String">27-10-2021</Data></Cell><Cell><Data ss:Type="String">27</Data></Cell><Cell><Data ss:Type="String"></Data></Cell><Cell><Data ss:Type="String">Total </Data></Cell><Cell><Data ss:Type="String">191</Data></Cell></Row><Row><Cell><Data ss:Type="String">28-10-2021</Data></Cell><Cell><Data ss:Type="String">19</Data></Cell><Cell><Data ss:Type="String"></Data></Cell><Cell><Data ss:Type="String"></Data></Cell><Cell><Data ss:Type="String"></Data></Cell></Row><Row><Cell><Data ss:Type="String">29-10-2021</Data></Cell><Cell><Data ss:Type="String">11</Data></Cell><Cell><Data ss:Type="String"></Data></Cell><Cell><Data ss:Type="String"></Data></Cell><Cell><Data ss:Type="String"></Data></Cell></Row><Row><Cell><Data ss:Type="String">30-10-2021</Data></Cell><Cell><Data ss:Type="String">2</Data></Cell><Cell><Data ss:Type="String"></Data></Cell><Cell><Data ss:Type="String"></Data></Cell><Cell><Data ss:Type="String"></Data></Cell></Row><Row><Cell><Data ss:Type="String">31-10-2021</Data></Cell><Cell><Data ss:Type="String">7</Data></Cell><Cell><Data ss:Type="String"></Data></Cell><Cell><Data ss:Type="String"></Data></Cell><Cell><Data ss:Type="String"></Data></Cell></Row><Row><Cell><Data ss:Type="String">01-11-2021</Data></Cell><Cell><Data ss:Type="String">11</Data></Cell><Cell><Data ss:Type="String"></Data></Cell><Cell><Data ss:Type="String"></Data></Cell><Cell><Data ss:Type="String"></Data></Cell></Row><Row><Cell><Data ss:Type="String">02-11-2021</Data></Cell><Cell><Data ss:Type="String">32</Data></Cell><Cell><Data ss:Type="String"></Data></Cell><Cell><Data ss:Type="String"></Data></Cell><Cell><Data ss:Type="String"></Data></Cell></Row><Row><Cell><Data ss:Type="String">03-11-2021</Data></Cell><Cell><Data ss:Type="String">24</Data></Cell><Cell><Data ss:Type="String"></Data></Cell><Cell><Data ss:Type="String"></Data></Cell><Cell><Data ss:Type="String"></Data></Cell></Row><Row><Cell><Data ss:Type="String">04-11-2021</Data></Cell><Cell><Data ss:Type="String">28</Data></Cell><Cell><Data ss:Type="String"></Data></Cell><Cell><Data ss:Type="String"></Data></Cell><Cell><Data ss:Type="String"></Data></Cell></Row><Row><Cell><Data ss:Type="String">05-11-2021</Data></Cell><Cell><Data ss:Type="String">24</Data></Cell><Cell><Data ss:Type="String"></Data></Cell><Cell><Data ss:Type="String"></Data></Cell><Cell><Data ss:Type="String"></Data></Cell></Row><Row><Cell><Data ss:Type="String">06-11-2021</Data></Cell><Cell><Data ss:Type="String">7</Data></Cell><Cell><Data ss:Type="String"></Data></Cell><Cell><Data ss:Type="String"></Data></Cell><Cell><Data ss:Type="String"></Data></Cell></Row><Row><Cell><Data ss:Type="String">07-11-2021</Data></Cell><Cell><Data ss:Type="String">16</Data></Cell><Cell><Data ss:Type="String"></Data></Cell><Cell><Data ss:Type="String"></Data></Cell><Cell><Data ss:Type="String"></Data></Cell></Row><Row><Cell><Data ss:Type="String">08-11-2021</Data></Cell><Cell><Data ss:Type="String">71</Data></Cell><Cell><Data ss:Type="String"></Data></Cell><Cell><Data ss:Type="String"></Data></Cell><Cell><Data ss:Type="String"></Data></Cell></Row><Row><Cell><Data ss:Type="String">09-11-2021</Data></Cell><Cell><Data ss:Type="String">67</Data></Cell><Cell><Data ss:Type="String"></Data></Cell><Cell><Data ss:Type="String"></Data></Cell><Cell><Data ss:Type="String"></Data></Cell></Row><Row><Cell><Data ss:Type="String">10-11-2021</Data></Cell><Cell><Data ss:Type="String">62</Data></Cell><Cell><Data ss:Type="String"></Data></Cell><Cell><Data ss:Type="String"></Data></Cell><Cell><Data ss:Type="String"></Data></Cell></Row><Row><Cell><Data ss:Type="String">11-11-2021</Data></Cell><Cell><Data ss:Type="String">56</Data></Cell><Cell><Data ss:Type="String"></Data></Cell><Cell><Data ss:Type="String"></Data></Cell><Cell><Data ss:Type="String"></Data></Cell></Row><Row><Cell><Data ss:Type="String">12-11-2021</Data></Cell><Cell><Data ss:Type="String">42</Data></Cell><Cell><Data ss:Type="String"></Data></Cell><Cell><Data ss:Type="String"></Data></Cell><Cell><Data ss:Type="String"></Data></Cell></Row><Row><Cell><Data ss:Type="String">13-11-2021</Data></Cell><Cell><Data ss:Type="String">11</Data></Cell><Cell><Data ss:Type="String"></Data></Cell><Cell><Data ss:Type="String"></Data></Cell><Cell><Data ss:Type="String"></Data></Cell></Row><Row><Cell><Data ss:Type="String">14-11-2021</Data></Cell><Cell><Data ss:Type="String">20</Data></Cell><Cell><Data ss:Type="String"></Data></Cell><Cell><Data ss:Type="String"></Data></Cell><Cell><Data ss:Type="String"></Data></Cell></Row><Row><Cell><Data ss:Type="String">15-11-2021</Data></Cell><Cell><Data ss:Type="String">54</Data></Cell><Cell><Data ss:Type="String"></Data></Cell><Cell><Data ss:Type="String"></Data></Cell><Cell><Data ss:Type="String"></Data></Cell></Row><Row><Cell><Data ss:Type="String">16-11-2021</Data></Cell><Cell><Data ss:Type="String">60</Data></Cell><Cell><Data ss:Type="String"></Data></Cell><Cell><Data ss:Type="String"></Data></Cell><Cell><Data ss:Type="String"></Data></Cell></Row><Row><Cell><Data ss:Type="String">17-11-2021</Data></Cell><Cell><Data ss:Type="String">55</Data></Cell><Cell><Data ss:Type="String"></Data></Cell><Cell><Data ss:Type="String"></Data></Cell><Cell><Data ss:Type="String"></Data></Cell></Row><Row><Cell><Data ss:Type="String">18-11-2021</Data></Cell><Cell><Data ss:Type="String">48</Data></Cell><Cell><Data ss:Type="String"></Data></Cell><Cell><Data ss:Type="String"></Data></Cell><Cell><Data ss:Type="String"></Data></Cell></Row><Row><Cell><Data ss:Type="String">19-11-2021</Data></Cell><Cell><Data ss:Type="String">29</Data></Cell><Cell><Data ss:Type="String"></Data></Cell><Cell><Data ss:Type="String"></Data></Cell><Cell><Data ss:Type="String"></Data></Cell></Row><Row><Cell><Data ss:Type="String">20-11-2021</Data></Cell><Cell><Data ss:Type="String">9</Data></Cell><Cell><Data ss:Type="String"></Data></Cell><Cell><Data ss:Type="String"></Data></Cell><Cell><Data ss:Type="String"></Data></Cell></Row><Row><Cell><Data ss:Type="String">21-11-2021</Data></Cell><Cell><Data ss:Type="String">6</Data></Cell><Cell><Data ss:Type="String"></Data></Cell><Cell><Data ss:Type="String"></Data></Cell><Cell><Data ss:Type="String"></Data></Cell></Row><Row><Cell><Data ss:Type="String">22-11-2021</Data></Cell><Cell><Data ss:Type="String">48</Data></Cell><Cell><Data ss:Type="String"></Data></Cell><Cell><Data ss:Type="String"></Data></Cell><Cell><Data ss:Type="String"></Data></Cell></Row><Row><Cell><Data ss:Type="String">23-11-2021</Data></Cell><Cell><Data ss:Type="String">50</Data></Cell><Cell><Data ss:Type="String"></Data></Cell><Cell><Data ss:Type="String"></Data></Cell><Cell><Data ss:Type="String"></Data></Cell></Row><Row><Cell><Data ss:Type="String">24-11-2021</Data></Cell><Cell><Data ss:Type="String">54</Data></Cell><Cell><Data ss:Type="String"></Data></Cell><Cell><Data ss:Type="String"></Data></Cell><Cell><Data ss:Type="String"></Data></Cell></Row><Row><Cell><Data ss:Type="String">25-11-2021</Data></Cell><Cell><Data ss:Type="String">48</Data></Cell><Cell><Data ss:Type="String"></Data></Cell><Cell><Data ss:Type="String"></Data></Cell><Cell><Data ss:Type="String"></Data></Cell></Row><Row><Cell><Data ss:Type="String">26-11-2021</Data></Cell><Cell><Data ss:Type="String">33</Data></Cell><Cell><Data ss:Type="String"></Data></Cell><Cell><Data ss:Type="String"></Data></Cell><Cell><Data ss:Type="String"></Data></Cell></Row><Row><Cell><Data ss:Type="String">27-11-2021</Data></Cell><Cell><Data ss:Type="String">11</Data></Cell><Cell><Data ss:Type="String"></Data></Cell><Cell><Data ss:Type="String"></Data></Cell><Cell><Data ss:Type="String"></Data></Cell></Row><Row><Cell><Data ss:Type="String">28-11-2021</Data></Cell><Cell><Data ss:Type="String">6</Data></Cell><Cell><Data ss:Type="String"></Data></Cell><Cell><Data ss:Type="String"></Data></Cell><Cell><Data ss:Type="String"></Data></Cell></Row><Row><Cell><Data ss:Type="String">29-11-2021</Data></Cell><Cell><Data ss:Type="String">49</Data></Cell><Cell><Data ss:Type="String"></Data></Cell><Cell><Data ss:Type="String"></Data></Cell><Cell><Data ss:Type="String"></Data></Cell></Row><Row><Cell><Data ss:Type="String">30-11-2021</Data></Cell><Cell><Data ss:Type="String">43</Data></Cell><Cell><Data ss:Type="String"></Data></Cell><Cell><Data ss:Type="String"></Data></Cell><Cell><Data ss:Type="String"></Data></Cell></Row><Row><Cell><Data ss:Type="String">01-12-2021</Data></Cell><Cell><Data ss:Type="String">41</Data></Cell><Cell><Data ss:Type="String"></Data></Cell><Cell><Data ss:Type="String"></Data></Cell><Cell><Data ss:Type="String"></Data></Cell></Row><Row><Cell><Data ss:Type="String">02-12-2021</Data></Cell><Cell><Data ss:Type="String">34</Data></Cell><Cell><Data ss:Type="String"></Data></Cell><Cell><Data ss:Type="String"></Data></Cell><Cell><Data ss:Type="String"></Data></Cell></Row><Row><Cell><Data ss:Type="String">03-12-2021</Data></Cell><Cell><Data ss:Type="String">27</Data></Cell><Cell><Data ss:Type="String"></Data></Cell><Cell><Data ss:Type="String"></Data></Cell><Cell><Data ss:Type="String"></Data></Cell></Row><Row><Cell><Data ss:Type="String">04-12-2021</Data></Cell><Cell><Data ss:Type="String">7</Data></Cell><Cell><Data ss:Type="String"></Data></Cell><Cell><Data ss:Type="String"></Data></Cell><Cell><Data ss:Type="String"></Data></Cell></Row><Row><Cell><Data ss:Type="String">05-12-2021</Data></Cell><Cell><Data ss:Type="String">12</Data></Cell><Cell><Data ss:Type="String"></Data></Cell><Cell><Data ss:Type="String"></Data></Cell><Cell><Data ss:Type="String"></Data></Cell></Row><Row><Cell><Data ss:Type="String">06-12-2021</Data></Cell><Cell><Data ss:Type="String">46</Data></Cell><Cell><Data ss:Type="String"></Data></Cell><Cell><Data ss:Type="String"></Data></Cell><Cell><Data ss:Type="String"></Data></Cell></Row><Row><Cell><Data ss:Type="String">07-12-2021</Data></Cell><Cell><Data ss:Type="String">37</Data></Cell><Cell><Data ss:Type="String"></Data></Cell><Cell><Data ss:Type="String"></Data></Cell><Cell><Data ss:Type="String"></Data></Cell></Row><Row><Cell><Data ss:Type="String">08-12-2021</Data></Cell><Cell><Data ss:Type="String">15</Data></Cell><Cell><Data ss:Type="String"></Data></Cell><Cell><Data ss:Type="String"></Data></Cell><Cell><Data ss:Type="String"></Data></Cell></Row><Row><Cell><Data ss:Type="String">09-12-2021</Data></Cell><Cell><Data ss:Type="String">32</Data></Cell><Cell><Data ss:Type="String"></Data></Cell><Cell><Data ss:Type="String"></Data></Cell><Cell><Data ss:Type="String"></Data></Cell></Row><Row><Cell><Data ss:Type="String">10-12-2021</Data></Cell><Cell><Data ss:Type="String">32</Data></Cell><Cell><Data ss:Type="String"></Data></Cell><Cell><Data ss:Type="String"></Data></Cell><Cell><Data ss:Type="String"></Data></Cell></Row><Row><Cell><Data ss:Type="String">11-12-2021</Data></Cell><Cell><Data ss:Type="String">26</Data></Cell><Cell><Data ss:Type="String"></Data></Cell><Cell><Data ss:Type="String"></Data></Cell><Cell><Data ss:Type="String"></Data></Cell></Row><Row><Cell><Data ss:Type="String">12-12-2021</Data></Cell><Cell><Data ss:Type="String">17</Data></Cell><Cell><Data ss:Type="String"></Data></Cell><Cell><Data ss:Type="String"></Data></Cell><Cell><Data ss:Type="String"></Data></Cell></Row><Row><Cell><Data ss:Type="String">13-12-2021</Data></Cell><Cell><Data ss:Type="String">54</Data></Cell><Cell><Data ss:Type="String"></Data></Cell><Cell><Data ss:Type="String"></Data></Cell><Cell><Data ss:Type="String"></Data></Cell></Row><Row><Cell><Data ss:Type="String">14-12-2021</Data></Cell><Cell><Data ss:Type="String">47</Data></Cell><Cell><Data ss:Type="String"></Data></Cell><Cell><Data ss:Type="String"></Data></Cell><Cell><Data ss:Type="String"></Data></Cell></Row><Row><Cell><Data ss:Type="String">15-12-2021</Data></Cell><Cell><Data ss:Type="String">28</Data></Cell><Cell><Data ss:Type="String"></Data></Cell><Cell><Data ss:Type="String"></Data></Cell><Cell><Data ss:Type="String"></Data></Cell></Row><Row><Cell><Data ss:Type="String">Total</Data></Cell><Cell><Data ss:Type="String">1622</Data></Cell><Cell><Data ss:Type="String"></Data></Cell><Cell><Data ss:Type="String"></Data></Cell><Cell><Data ss:Type="String"></Data></Cell></Row></Table></Worksheet><Worksheet ss:Name="Detalle"><Table><Row><Cell><Data ss:Type="String">Rut</Data></Cell><Cell><Data ss:Type="String">Nombre</Data></Cell><Cell><Data ss:Type="String">Apellido</Data></Cell><Cell><Data ss:Type="String">Correo</Data></Cell><Cell><Data ss:Type="String">Grupo</Data></Cell><Cell><Data ss:Type="String">Fecha útimo acceso</Data></Cell><Cell><Data ss:Type="String">Hora útimo acceso</Data></Cell><Cell><Data ss:Type="String">Estado</Data></Cell></Row><Row><Cell><Data ss:Type="String">14.343.384-6</Data></Cell><Cell><Data ss:Type="String">VERÓNICA ANDREA</Data></Cell><Cell><Data ss:Type="String">SILVA ROJAS</Data></Cell><Cell><Data ss:Type="String">V.A.SILVA.R@GMAIL.COM</Data></Cell><Cell><Data ss:Type="String">Sin grupo</Data></Cell><Cell><Data ss:Type="String">1-12-2021</Data></Cell><Cell><Data ss:Type="String">19:57</Data></Cell><Cell><Data ss:Type="String">Activo</Data></Cell></Row><Row><Cell><Data ss:Type="String">15.911.110-5</Data></Cell><Cell><Data ss:Type="String">Karina Escarlett</Data></Cell><Cell><Data ss:Type="String">Aravena Constanzo</Data></Cell><Cell><Data ss:Type="String">karinaaravena@colegiomn.cl</Data></Cell><Cell><Data ss:Type="String">Sin grupo</Data></Cell><Cell><Data ss:Type="String">Sin acceso</Data></Cell><Cell><Data ss:Type="String">Sin acceso</Data></Cell><Cell><Data ss:Type="String">Activo</Data></Cell></Row><Row><Cell><Data ss:Type="String">9.998.546-1</Data></Cell><Cell><Data ss:Type="String">Nelly Del Rosario</Data></Cell><Cell><Data ss:Type="String">Vallejos Quilodrán</Data></Cell><Cell><Data ss:Type="String">n.vallejos@liceodeyungay.cl</Data></Cell><Cell><Data ss:Type="String">Sin grupo</Data></Cell><Cell><Data ss:Type="String">Sin acceso</Data></Cell><Cell><Data ss:Type="String">Sin acceso</Data></Cell><Cell><Data ss:Type="String">Activo</Data></Cell></Row><Row><Cell><Data ss:Type="String">16.578.621-1</Data></Cell><Cell><Data ss:Type="String">NATALIA ANDREA</Data></Cell><Cell><Data ss:Type="String">ROJAS VARAS</Data></Cell><Cell><Data ss:Type="String">NATY.RVARAS@GMAIL.COM</Data></Cell><Cell><Data ss:Type="String">Sin grupo</Data></Cell><Cell><Data ss:Type="String">28-11-2021</Data></Cell><Cell><Data ss:Type="String">16:25</Data></Cell><Cell><Data ss:Type="String">Activo</Data></Cell></Row><Row><Cell><Data ss:Type="String">15.267.604-2</Data></Cell><Cell><Data ss:Type="String">Ximena Pilar</Data></Cell><Cell><Data ss:Type="String">Fernandez Peña</Data></Cell><Cell><Data ss:Type="String">ximenafernand22@hotmail.com</Data></Cell><Cell><Data ss:Type="String">Sin grupo</Data></Cell><Cell><Data ss:Type="String">13-12-2021</Data></Cell><Cell><Data ss:Type="String">11:32</Data></Cell><Cell><Data ss:Type="String">Activo</Data></Cell></Row><Row><Cell><Data ss:Type="String">12.794.390-7</Data></Cell><Cell><Data ss:Type="String">Inés Elizabeth</Data></Cell><Cell><Data ss:Type="String">Caro Parra - 12188</Data></Cell><Cell><Data ss:Type="String">LISACAROPARRA@GMAIL.COM</Data></Cell><Cell><Data ss:Type="String">Sin grupo</Data></Cell><Cell><Data ss:Type="String">Sin acceso</Data></Cell><Cell><Data ss:Type="String">Sin acceso</Data></Cell><Cell><Data ss:Type="String">Activo</Data></Cell></Row><Row><Cell><Data ss:Type="String">14.588.807-7</Data></Cell><Cell><Data ss:Type="String">DANIELA DEL CARMEN</Data></Cell><Cell><Data ss:Type="String">CASTILLO TRONCOSO</Data></Cell><Cell><Data ss:Type="String">danicast.27@hotmail.com</Data></Cell><Cell><Data ss:Type="String">Sin grupo</Data></Cell><Cell><Data ss:Type="String">15-12-2021</Data></Cell><Cell><Data ss:Type="String">9:27</Data></Cell><Cell><Data ss:Type="String">Activo</Data></Cell></Row><Row><Cell><Data ss:Type="String">11.352.292-5</Data></Cell><Cell><Data ss:Type="String">ANDREA LORENA</Data></Cell><Cell><Data ss:Type="String">OPAZO CID</Data></Cell><Cell><Data ss:Type="String">ANDREALORENA1968@GMAI.COM</Data></Cell><Cell><Data ss:Type="String">Sin grupo</Data></Cell><Cell><Data ss:Type="String">19-11-2021</Data></Cell><Cell><Data ss:Type="String">17:58</Data></Cell><Cell><Data ss:Type="String">Activo</Data></Cell></Row><Row><Cell><Data ss:Type="String">11.464.688-1</Data></Cell><Cell><Data ss:Type="String">ELISA AURORA</Data></Cell><Cell><Data ss:Type="String">BELMAR CONCHA</Data></Cell><Cell><Data ss:Type="String">E.BELMAR@LPCT.CL</Data></Cell><Cell><Data ss:Type="String">Sin grupo</Data></Cell><Cell><Data ss:Type="String">11-12-2021</Data></Cell><Cell><Data ss:Type="String">9:32</Data></Cell><Cell><Data ss:Type="String">Activo</Data></Cell></Row><Row><Cell><Data ss:Type="String">8.166.408-0</Data></Cell><Cell><Data ss:Type="String">CARLOS FERNANDO</Data></Cell><Cell><Data ss:Type="String">ROMANINI ALVAREZ</Data></Cell><Cell><Data ss:Type="String">CFEROM@YAHOO.ES</Data></Cell><Cell><Data ss:Type="String">Sin grupo</Data></Cell><Cell><Data ss:Type="String">17-11-2021</Data></Cell><Cell><Data ss:Type="String">14:42</Data></Cell><Cell><Data ss:Type="String">Activo</Data></Cell></Row><Row><Cell><Data ss:Type="String">15.077.979-0</Data></Cell><Cell><Data ss:Type="String">MARCELA ALEJANDRA</Data></Cell><Cell><Data ss:Type="String">CASTRO GUERRA</Data></Cell><Cell><Data ss:Type="String">MARCELA0892@GMAIL.COM</Data></Cell><Cell><Data ss:Type="String">Sin grupo</Data></Cell><Cell><Data ss:Type="String">24-11-2021</Data></Cell><Cell><Data ss:Type="String">10:32</Data></Cell><Cell><Data ss:Type="String">Activo</Data></Cell></Row><Row><Cell><Data ss:Type="String">14.420.664-9</Data></Cell><Cell><Data ss:Type="String">NATALIA</Data></Cell><Cell><Data ss:Type="String">ARANCIBIA CABALLERO</Data></Cell><Cell><Data ss:Type="String">NATIAR1974@HOTMAIL.COM</Data></Cell><Cell><Data ss:Type="String">Sin grupo</Data></Cell><Cell><Data ss:Type="String">14-12-2021</Data></Cell><Cell><Data ss:Type="String">10:2</Data></Cell><Cell><Data ss:Type="String">Activo</Data></Cell></Row><Row><Cell><Data ss:Type="String">12.446.387-4</Data></Cell><Cell><Data ss:Type="String">Eliana</Data></Cell><Cell><Data ss:Type="String">Zamorano Henríquez</Data></Cell><Cell><Data ss:Type="String">elianaestelazamoranohenriquez@gmail.com</Data></Cell><Cell><Data ss:Type="String">Sin grupo</Data></Cell><Cell><Data ss:Type="String">10-12-2021</Data></Cell><Cell><Data ss:Type="String">12:27</Data></Cell><Cell><Data ss:Type="String">Activo</Data></Cell></Row><Row><Cell><Data ss:Type="String">17.425.547-4</Data></Cell><Cell><Data ss:Type="String">Claudia Andrea</Data></Cell><Cell><Data ss:Type="String">Estay Alcaino</Data></Cell><Cell><Data ss:Type="String">clau.estay89@gmail.com</Data></Cell><Cell><Data ss:Type="String">Sin grupo</Data></Cell><Cell><Data ss:Type="String">14-12-2021</Data></Cell><Cell><Data ss:Type="String">11:43</Data></Cell><Cell><Data ss:Type="String">Activo</Data></Cell></Row><Row><Cell><Data ss:Type="String">9.296.196-6</Data></Cell><Cell><Data ss:Type="String">XIMENA ROXANA</Data></Cell><Cell><Data ss:Type="String">ALEGRÍA SILVA</Data></Cell><Cell><Data ss:Type="String">XAMOLEALE@HOTMAIL.COM</Data></Cell><Cell><Data ss:Type="String">Sin grupo</Data></Cell><Cell><Data ss:Type="String">15-12-2021</Data></Cell><Cell><Data ss:Type="String">10:50</Data></Cell><Cell><Data ss:Type="String">Activo</Data></Cell></Row><Row><Cell><Data ss:Type="String">13.821.966-6</Data></Cell><Cell><Data ss:Type="String">LORENA PAOLA</Data></Cell><Cell><Data ss:Type="String">SOTO LAFQUEN</Data></Cell><Cell><Data ss:Type="String">lorenasoto.cra.ph@gmail.com</Data></Cell><Cell><Data ss:Type="String">Sin grupo</Data></Cell><Cell><Data ss:Type="String">11-12-2021</Data></Cell><Cell><Data ss:Type="String">14:3</Data></Cell><Cell><Data ss:Type="String">Activo</Data></Cell></Row><Row><Cell><Data ss:Type="String">9.554.275-1</Data></Cell><Cell><Data ss:Type="String">ANA LUISA</Data></Cell><Cell><Data ss:Type="String">BECERRA CABEZAS</Data></Cell><Cell><Data ss:Type="String">ANIBECERRA61@GMAIL.COM.CL</Data></Cell><Cell><Data ss:Type="String">Sin grupo</Data></Cell><Cell><Data ss:Type="String">13-12-2021</Data></Cell><Cell><Data ss:Type="String">17:14</Data></Cell><Cell><Data ss:Type="String">Activo</Data></Cell></Row><Row><Cell><Data ss:Type="String">10.911.808-7</Data></Cell><Cell><Data ss:Type="String">MARIA ALEJANDRA</Data></Cell><Cell><Data ss:Type="String">DIAZ CHILLA</Data></Cell><Cell><Data ss:Type="String">MASH72@GMAIL.COM</Data></Cell><Cell><Data ss:Type="String">Sin grupo</Data></Cell><Cell><Data ss:Type="String">17-11-2021</Data></Cell><Cell><Data ss:Type="String">17:20</Data></Cell><Cell><Data ss:Type="String">Activo</Data></Cell></Row><Row><Cell><Data ss:Type="String">12.551.402-2</Data></Cell><Cell><Data ss:Type="String">CAROLA</Data></Cell><Cell><Data ss:Type="String">ESPINOZA ALBORNOZ</Data></Cell><Cell><Data ss:Type="String">CREAS1@HOTMAIL.COM</Data></Cell><Cell><Data ss:Type="String">Sin grupo</Data></Cell><Cell><Data ss:Type="String">15-11-2021</Data></Cell><Cell><Data ss:Type="String">22:16</Data></Cell><Cell><Data ss:Type="String">Activo</Data></Cell></Row><Row><Cell><Data ss:Type="String">9.420.445-3</Data></Cell><Cell><Data ss:Type="String">ORIETTA DEL PILAR</Data></Cell><Cell><Data ss:Type="String">ARAVENA SEPULVEDA</Data></Cell><Cell><Data ss:Type="String">orietta.aravena.sepulveda@americancollege.cl</Data></Cell><Cell><Data ss:Type="String">Sin grupo</Data></Cell><Cell><Data ss:Type="String">12-12-2021</Data></Cell><Cell><Data ss:Type="String">22:8</Data></Cell><Cell><Data ss:Type="String">Activo</Data></Cell></Row><Row><Cell><Data ss:Type="String">5.548.249-7</Data></Cell><Cell><Data ss:Type="String">MARGARITA ANGELICA</Data></Cell><Cell><Data ss:Type="String">CALDERON ORELLANA</Data></Cell><Cell><Data ss:Type="String">MARGARACAL2004@YAHOO.ES</Data></Cell><Cell><Data ss:Type="String">Sin grupo</Data></Cell><Cell><Data ss:Type="String">13-12-2021</Data></Cell><Cell><Data ss:Type="String">12:51</Data></Cell><Cell><Data ss:Type="String">Activo</Data></Cell></Row><Row><Cell><Data ss:Type="String">15.090.628-8</Data></Cell><Cell><Data ss:Type="String">EVA ROSA</Data></Cell><Cell><Data ss:Type="String">LEIVA GONZALEZ</Data></Cell><Cell><Data ss:Type="String">EVALEIVAGONZALEZ@GMAIL.COM</Data></Cell><Cell><Data ss:Type="String">Sin grupo</Data></Cell><Cell><Data ss:Type="String">15-12-2021</Data></Cell><Cell><Data ss:Type="String">8:29</Data></Cell><Cell><Data ss:Type="String">Activo</Data></Cell></Row><Row><Cell><Data ss:Type="String">15.267.096-6</Data></Cell><Cell><Data ss:Type="String">KARINA ANDREA</Data></Cell><Cell><Data ss:Type="String">AMIGO GALLEGUILLOS</Data></Cell><Cell><Data ss:Type="String">AMI_KAR@HOTMAIL.ES</Data></Cell><Cell><Data ss:Type="String">Sin grupo</Data></Cell><Cell><Data ss:Type="String">13-12-2021</Data></Cell><Cell><Data ss:Type="String">1:19</Data></Cell><Cell><Data ss:Type="String">Activo</Data></Cell></Row><Row><Cell><Data ss:Type="String">15.314.798-1</Data></Cell><Cell><Data ss:Type="String">Francisca Alejandra</Data></Cell><Cell><Data ss:Type="String">Álvarez Reyes</Data></Cell><Cell><Data ss:Type="String">FAAR83@GMAIL.COM</Data></Cell><Cell><Data ss:Type="String">Sin grupo</Data></Cell><Cell><Data ss:Type="String">15-12-2021</Data></Cell><Cell><Data ss:Type="String">8:45</Data></Cell><Cell><Data ss:Type="String">Activo</Data></Cell></Row><Row><Cell><Data ss:Type="String">8.762.103-0</Data></Cell><Cell><Data ss:Type="String">MIRTA EUGENIA</Data></Cell><Cell><Data ss:Type="String">CALDERON HINOSTROZA</Data></Cell><Cell><Data ss:Type="String">MIRTA.ECALDERON@GMAIL.COM</Data></Cell><Cell><Data ss:Type="String">Sin grupo</Data></Cell><Cell><Data ss:Type="String">11-11-2021</Data></Cell><Cell><Data ss:Type="String">16:39</Data></Cell><Cell><Data ss:Type="String">Activo</Data></Cell></Row><Row><Cell><Data ss:Type="String">14.419.839-5</Data></Cell><Cell><Data ss:Type="String">MOIRA CRISTINA</Data></Cell><Cell><Data ss:Type="String">MUÑOZ SALVO</Data></Cell><Cell><Data ss:Type="String">MOIRA25MS@GMAIL.COM</Data></Cell><Cell><Data ss:Type="String">Sin grupo</Data></Cell><Cell><Data ss:Type="String">3-12-2021</Data></Cell><Cell><Data ss:Type="String">13:50</Data></Cell><Cell><Data ss:Type="String">Activo</Data></Cell></Row><Row><Cell><Data ss:Type="String">7.269.446-5</Data></Cell><Cell><Data ss:Type="String">MARILEN</Data></Cell><Cell><Data ss:Type="String">CARVALLO GONZÁLEZ</Data></Cell><Cell><Data ss:Type="String">MARILENCARVALLO@HOTMAIL.COM</Data></Cell><Cell><Data ss:Type="String">Sin grupo</Data></Cell><Cell><Data ss:Type="String">13-12-2021</Data></Cell><Cell><Data ss:Type="String">13:29</Data></Cell><Cell><Data ss:Type="String">Activo</Data></Cell></Row><Row><Cell><Data ss:Type="String">8.136.839-2</Data></Cell><Cell><Data ss:Type="String">MIRIAM DEL CARMEN</Data></Cell><Cell><Data ss:Type="String">CHACANA DORADOR</Data></Cell><Cell><Data ss:Type="String">MICHACA27@HOTMAIL.COM</Data></Cell><Cell><Data ss:Type="String">Sin grupo</Data></Cell><Cell><Data ss:Type="String">26-11-2021</Data></Cell><Cell><Data ss:Type="String">11:56</Data></Cell><Cell><Data ss:Type="String">Activo</Data></Cell></Row><Row><Cell><Data ss:Type="String">9.555.231-5</Data></Cell><Cell><Data ss:Type="String">RUTH</Data></Cell><Cell><Data ss:Type="String">GUZMAN CAAMANO</Data></Cell><Cell><Data ss:Type="String">R.GUZMAN.CAA@GMAIL.COM</Data></Cell><Cell><Data ss:Type="String">Sin grupo</Data></Cell><Cell><Data ss:Type="String">15-12-2021</Data></Cell><Cell><Data ss:Type="String">0:36</Data></Cell><Cell><Data ss:Type="String">Activo</Data></Cell></Row><Row><Cell><Data ss:Type="String">14.353.972-5</Data></Cell><Cell><Data ss:Type="String">OTILIA VALESKA</Data></Cell><Cell><Data ss:Type="String">HERRERA CABRERA</Data></Cell><Cell><Data ss:Type="String">VALESKHC@HOTMAIL.COM</Data></Cell><Cell><Data ss:Type="String">Sin grupo</Data></Cell><Cell><Data ss:Type="String">9-12-2021</Data></Cell><Cell><Data ss:Type="String">11:42</Data></Cell><Cell><Data ss:Type="String">Activo</Data></Cell></Row><Row><Cell><Data ss:Type="String">12.189.688-5</Data></Cell><Cell><Data ss:Type="String">CECILIA</Data></Cell><Cell><Data ss:Type="String">LINCONIR SALAZAR</Data></Cell><Cell><Data ss:Type="String">YALETY@HOTMAIL.COM</Data></Cell><Cell><Data ss:Type="String">Sin grupo</Data></Cell><Cell><Data ss:Type="String">13-12-2021</Data></Cell><Cell><Data ss:Type="String">12:37</Data></Cell><Cell><Data ss:Type="String">Activo</Data></Cell></Row><Row><Cell><Data ss:Type="String">11.693.211-3</Data></Cell><Cell><Data ss:Type="String">ORIANA</Data></Cell><Cell><Data ss:Type="String">GONZALEZ MANQUIAN</Data></Cell><Cell><Data ss:Type="String">EN.CROACIACRA@GMAIL.COM</Data></Cell><Cell><Data ss:Type="String">Sin grupo</Data></Cell><Cell><Data ss:Type="String">15-12-2021</Data></Cell><Cell><Data ss:Type="String">9:28</Data></Cell><Cell><Data ss:Type="String">Activo</Data></Cell></Row><Row><Cell><Data ss:Type="String">13.109.481-7</Data></Cell><Cell><Data ss:Type="String">MARCELA DEL PILAR</Data></Cell><Cell><Data ss:Type="String">IRRIBARRA RUIZ</Data></Cell><Cell><Data ss:Type="String">MARCEIRRI@HOTMAIL.COM</Data></Cell><Cell><Data ss:Type="String">Sin grupo</Data></Cell><Cell><Data ss:Type="String">6-12-2021</Data></Cell><Cell><Data ss:Type="String">13:22</Data></Cell><Cell><Data ss:Type="String">Activo</Data></Cell></Row><Row><Cell><Data ss:Type="String">10.419.645-4</Data></Cell><Cell><Data ss:Type="String">CLAUDIA MABEL</Data></Cell><Cell><Data ss:Type="String">GALLARDO HENRÍQUEZ</Data></Cell><Cell><Data ss:Type="String">claudiagallardo@colegiosanfernando.cl</Data></Cell><Cell><Data ss:Type="String">Sin grupo</Data></Cell><Cell><Data ss:Type="String">5-12-2021</Data></Cell><Cell><Data ss:Type="String">21:40</Data></Cell><Cell><Data ss:Type="String">Activo</Data></Cell></Row><Row><Cell><Data ss:Type="String">9.176.523-3</Data></Cell><Cell><Data ss:Type="String">CARMEN ISABEL</Data></Cell><Cell><Data ss:Type="String">MARTINEZ SALAS</Data></Cell><Cell><Data ss:Type="String">ISA_MAR_SALAS@YAHOO.ES</Data></Cell><Cell><Data ss:Type="String">Sin grupo</Data></Cell><Cell><Data ss:Type="String">15-12-2021</Data></Cell><Cell><Data ss:Type="String">11:6</Data></Cell><Cell><Data ss:Type="String">Activo</Data></Cell></Row><Row><Cell><Data ss:Type="String">9.639.613-9</Data></Cell><Cell><Data ss:Type="String">ROSSANA</Data></Cell><Cell><Data ss:Type="String">CEREGHINO MUNOZ</Data></Cell><Cell><Data ss:Type="String">CEREGHINO5@HOTMAIL.COM</Data></Cell><Cell><Data ss:Type="String">Sin grupo</Data></Cell><Cell><Data ss:Type="String">24-11-2021</Data></Cell><Cell><Data ss:Type="String">13:32</Data></Cell><Cell><Data ss:Type="String">Activo</Data></Cell></Row><Row><Cell><Data ss:Type="String">13.359.286-5</Data></Cell><Cell><Data ss:Type="String">MARCELA JANETT</Data></Cell><Cell><Data ss:Type="String">HIDALGO GAHONA</Data></Cell><Cell><Data ss:Type="String">LADIHECRAM@GMAIL.COM</Data></Cell><Cell><Data ss:Type="String">Sin grupo</Data></Cell><Cell><Data ss:Type="String">13-12-2021</Data></Cell><Cell><Data ss:Type="String">9:32</Data></Cell><Cell><Data ss:Type="String">Activo</Data></Cell></Row><Row><Cell><Data ss:Type="String">8.375.163-0</Data></Cell><Cell><Data ss:Type="String">ROSA ESTER</Data></Cell><Cell><Data ss:Type="String">MENDEZ BARRAZA</Data></Cell><Cell><Data ss:Type="String">ROSA.MENDEZ2009@GMAIL.COM</Data></Cell><Cell><Data ss:Type="String">Sin grupo</Data></Cell><Cell><Data ss:Type="String">24-11-2021</Data></Cell><Cell><Data ss:Type="String">23:59</Data></Cell><Cell><Data ss:Type="String">Activo</Data></Cell></Row><Row><Cell><Data ss:Type="String">11.849.787-2</Data></Cell><Cell><Data ss:Type="String">LEICIA  IVONNE</Data></Cell><Cell><Data ss:Type="String">RUZ HENRIQUEZ</Data></Cell><Cell><Data ss:Type="String">IVONNERUZH@GMAIL.COM</Data></Cell><Cell><Data ss:Type="String">Sin grupo</Data></Cell><Cell><Data ss:Type="String">13-11-2021</Data></Cell><Cell><Data ss:Type="String">20:19</Data></Cell><Cell><Data ss:Type="String">Activo</Data></Cell></Row><Row><Cell><Data ss:Type="String">9.222.559-3</Data></Cell><Cell><Data ss:Type="String">Lilian Haydee</Data></Cell><Cell><Data ss:Type="String">Gutierrez Medina</Data></Cell><Cell><Data ss:Type="String">LILIANGM@HOTMAIL.CL</Data></Cell><Cell><Data ss:Type="String">Sin grupo</Data></Cell><Cell><Data ss:Type="String">14-12-2021</Data></Cell><Cell><Data ss:Type="String">10:54</Data></Cell><Cell><Data ss:Type="String">Activo</Data></Cell></Row><Row><Cell><Data ss:Type="String">8.392.920-0</Data></Cell><Cell><Data ss:Type="String">Gladys</Data></Cell><Cell><Data ss:Type="String">Molina</Data></Cell><Cell><Data ss:Type="String">GBML70@YAHOO.ES</Data></Cell><Cell><Data ss:Type="String">Sin grupo</Data></Cell><Cell><Data ss:Type="String">Sin acceso</Data></Cell><Cell><Data ss:Type="String">Sin acceso</Data></Cell><Cell><Data ss:Type="String">Activo</Data></Cell></Row><Row><Cell><Data ss:Type="String">9.533.226-9</Data></Cell><Cell><Data ss:Type="String">ROXANA DELMINDA</Data></Cell><Cell><Data ss:Type="String">ESCALONA TAPIA</Data></Cell><Cell><Data ss:Type="String">RESCALONAT@COLEGIOANDRESBELLO.CL</Data></Cell><Cell><Data ss:Type="String">Sin grupo</Data></Cell><Cell><Data ss:Type="String">25-11-2021</Data></Cell><Cell><Data ss:Type="String">15:7</Data></Cell><Cell><Data ss:Type="String">Activo</Data></Cell></Row><Row><Cell><Data ss:Type="String">6.624.302-8</Data></Cell><Cell><Data ss:Type="String">TEOFILA UBERLINDA</Data></Cell><Cell><Data ss:Type="String">SILVA CERON</Data></Cell><Cell><Data ss:Type="String">CHOFI295@HOTMAIL.COM</Data></Cell><Cell><Data ss:Type="String">Sin grupo</Data></Cell><Cell><Data ss:Type="String">15-12-2021</Data></Cell><Cell><Data ss:Type="String">2:55</Data></Cell><Cell><Data ss:Type="String">Activo</Data></Cell></Row><Row><Cell><Data ss:Type="String">12.298.600-4</Data></Cell><Cell><Data ss:Type="String">MARIA FABIOLA</Data></Cell><Cell><Data ss:Type="String">ENCINA VENEGAS</Data></Cell><Cell><Data ss:Type="String">MAFAENCINA@GMAIL.COM</Data></Cell><Cell><Data ss:Type="String">Sin grupo</Data></Cell><Cell><Data ss:Type="String">11-12-2021</Data></Cell><Cell><Data ss:Type="String">20:9</Data></Cell><Cell><Data ss:Type="String">Activo</Data></Cell></Row><Row><Cell><Data ss:Type="String">14.060.529-8</Data></Cell><Cell><Data ss:Type="String">PATRICIA YAZMÍN</Data></Cell><Cell><Data ss:Type="String">ULLOA VÁSQUEZ</Data></Cell><Cell><Data ss:Type="String">DELFINIDO@HOTMAIL.COM</Data></Cell><Cell><Data ss:Type="String">Sin grupo</Data></Cell><Cell><Data ss:Type="String">6-12-2021</Data></Cell><Cell><Data ss:Type="String">15:28</Data></Cell><Cell><Data ss:Type="String">Activo</Data></Cell></Row><Row><Cell><Data ss:Type="String">8.550.876-8</Data></Cell><Cell><Data ss:Type="String">VERÓNICA LUZMIRA</Data></Cell><Cell><Data ss:Type="String">ANTINAO JIMÉNEZ</Data></Cell><Cell><Data ss:Type="String">VEROANTINAO@HOTMAIL.COM</Data></Cell><Cell><Data ss:Type="String">Sin grupo</Data></Cell><Cell><Data ss:Type="String">14-12-2021</Data></Cell><Cell><Data ss:Type="String">20:57</Data></Cell><Cell><Data ss:Type="String">Activo</Data></Cell></Row><Row><Cell><Data ss:Type="String">15.693.275-2</Data></Cell><Cell><Data ss:Type="String">ALEJANDRO JAVIER</Data></Cell><Cell><Data ss:Type="String">MARTÍNEZ MORALES</Data></Cell><Cell><Data ss:Type="String">J4NO@HOTMAIL.COM</Data></Cell><Cell><Data ss:Type="String">Sin grupo</Data></Cell><Cell><Data ss:Type="String">11-11-2021</Data></Cell><Cell><Data ss:Type="String">9:39</Data></Cell><Cell><Data ss:Type="String">Activo</Data></Cell></Row><Row><Cell><Data ss:Type="String">6.976.612-9</Data></Cell><Cell><Data ss:Type="String">MANUEL</Data></Cell><Cell><Data ss:Type="String">FERNANDEZ OLGUIN</Data></Cell><Cell><Data ss:Type="String">MALEF54O@HOTMAIL.COM</Data></Cell><Cell><Data ss:Type="String">Sin grupo</Data></Cell><Cell><Data ss:Type="String">15-12-2021</Data></Cell><Cell><Data ss:Type="String">9:12</Data></Cell><Cell><Data ss:Type="String">Activo</Data></Cell></Row><Row><Cell><Data ss:Type="String">13.382.551-7</Data></Cell><Cell><Data ss:Type="String">Magaly Elizabeth</Data></Cell><Cell><Data ss:Type="String">Campos Peña</Data></Cell><Cell><Data ss:Type="String">magalycampos@gmail.com</Data></Cell><Cell><Data ss:Type="String">Sin grupo</Data></Cell><Cell><Data ss:Type="String">14-12-2021</Data></Cell><Cell><Data ss:Type="String">12:21</Data></Cell><Cell><Data ss:Type="String">Activo</Data></Cell></Row><Row><Cell><Data ss:Type="String">10.082.053-6</Data></Cell><Cell><Data ss:Type="String">MARÍA FRANCISCA</Data></Cell><Cell><Data ss:Type="String">LAGOS VALLE</Data></Cell><Cell><Data ss:Type="String">F64LAGOS@GMAIL.COM</Data></Cell><Cell><Data ss:Type="String">Sin grupo</Data></Cell><Cell><Data ss:Type="String">Sin acceso</Data></Cell><Cell><Data ss:Type="String">Sin acceso</Data></Cell><Cell><Data ss:Type="String">Activo</Data></Cell></Row><Row><Cell><Data ss:Type="String">9.806.547-4</Data></Cell><Cell><Data ss:Type="String">GLADYS </Data></Cell><Cell><Data ss:Type="String">SILVA VERGARA</Data></Cell><Cell><Data ss:Type="String">GLADYSSILVAV@HOTMAIL.COM</Data></Cell><Cell><Data ss:Type="String">Sin grupo</Data></Cell><Cell><Data ss:Type="String">Sin acceso</Data></Cell><Cell><Data ss:Type="String">Sin acceso</Data></Cell><Cell><Data ss:Type="String">Activo</Data></Cell></Row><Row><Cell><Data ss:Type="String">7.392.659-9</Data></Cell><Cell><Data ss:Type="String">ADRIANA</Data></Cell><Cell><Data ss:Type="String">MORALES YÁÑEZ</Data></Cell><Cell><Data ss:Type="String">AMY57_1@HOTMAIL.COM</Data></Cell><Cell><Data ss:Type="String">Sin grupo</Data></Cell><Cell><Data ss:Type="String">15-11-2021</Data></Cell><Cell><Data ss:Type="String">18:45</Data></Cell><Cell><Data ss:Type="String">Activo</Data></Cell></Row><Row><Cell><Data ss:Type="String">8.821.637-7</Data></Cell><Cell><Data ss:Type="String">ANTONIA DEL CARMEN</Data></Cell><Cell><Data ss:Type="String">VÉLIZ HAY-SANG-LAY</Data></Cell><Cell><Data ss:Type="String">AVELIZHAY@HOTMAIL.COM</Data></Cell><Cell><Data ss:Type="String">Sin grupo</Data></Cell><Cell><Data ss:Type="String">13-12-2021</Data></Cell><Cell><Data ss:Type="String">14:48</Data></Cell><Cell><Data ss:Type="String">Activo</Data></Cell></Row><Row><Cell><Data ss:Type="String">9.347.228-4</Data></Cell><Cell><Data ss:Type="String">MARCELA ELENA</Data></Cell><Cell><Data ss:Type="String">BELTRÁN MOLINA</Data></Cell><Cell><Data ss:Type="String">cramarcelabeltran@gmail.com</Data></Cell><Cell><Data ss:Type="String">Sin grupo</Data></Cell><Cell><Data ss:Type="String">13-12-2021</Data></Cell><Cell><Data ss:Type="String">21:29</Data></Cell><Cell><Data ss:Type="String">Activo</Data></Cell></Row><Row><Cell><Data ss:Type="String">12.210.329-3</Data></Cell><Cell><Data ss:Type="String">Antonia Claudia</Data></Cell><Cell><Data ss:Type="String">Beltrán Ramírez</Data></Cell><Cell><Data ss:Type="String">antonia_cbr@hotmail.com</Data></Cell><Cell><Data ss:Type="String">Sin grupo</Data></Cell><Cell><Data ss:Type="String">14-12-2021</Data></Cell><Cell><Data ss:Type="String">16:57</Data></Cell><Cell><Data ss:Type="String">Activo</Data></Cell></Row><Row><Cell><Data ss:Type="String">13.195.183-3</Data></Cell><Cell><Data ss:Type="String">ANA MARÍA</Data></Cell><Cell><Data ss:Type="String">VIDAL BRAVO</Data></Cell><Cell><Data ss:Type="String">ANAMARIAVIDALB@GMAIL.COM</Data></Cell><Cell><Data ss:Type="String">Sin grupo</Data></Cell><Cell><Data ss:Type="String">7-12-2021</Data></Cell><Cell><Data ss:Type="String">11:58</Data></Cell><Cell><Data ss:Type="String">Activo</Data></Cell></Row><Row><Cell><Data ss:Type="String">9.180.931-1</Data></Cell><Cell><Data ss:Type="String">BERTINA CECILIA</Data></Cell><Cell><Data ss:Type="String">SAEZ VEGA</Data></Cell><Cell><Data ss:Type="String">CECILIASAEZ21@GMAIL.COM</Data></Cell><Cell><Data ss:Type="String">Sin grupo</Data></Cell><Cell><Data ss:Type="String">29-11-2021</Data></Cell><Cell><Data ss:Type="String">10:3</Data></Cell><Cell><Data ss:Type="String">Activo</Data></Cell></Row><Row><Cell><Data ss:Type="String">7.525.297-8</Data></Cell><Cell><Data ss:Type="String">MARIA ESTER</Data></Cell><Cell><Data ss:Type="String">GAJARDO CARRASCO</Data></Cell><Cell><Data ss:Type="String">MAEGAC@GMAIL.COM</Data></Cell><Cell><Data ss:Type="String">Sin grupo</Data></Cell><Cell><Data ss:Type="String">13-12-2021</Data></Cell><Cell><Data ss:Type="String">14:51</Data></Cell><Cell><Data ss:Type="String">Activo</Data></Cell></Row><Row><Cell><Data ss:Type="String">9.301.194-5</Data></Cell><Cell><Data ss:Type="String">IRIS VIOLETA</Data></Cell><Cell><Data ss:Type="String">ROCCO OLIVARES</Data></Cell><Cell><Data ss:Type="String">IRIS.ROCCO@GMAIL.COM</Data></Cell><Cell><Data ss:Type="String">Sin grupo</Data></Cell><Cell><Data ss:Type="String">12-12-2021</Data></Cell><Cell><Data ss:Type="String">19:48</Data></Cell><Cell><Data ss:Type="String">Activo</Data></Cell></Row><Row><Cell><Data ss:Type="String">8.874.167-6</Data></Cell><Cell><Data ss:Type="String">JENNY DE LAS NIEVES</Data></Cell><Cell><Data ss:Type="String">DÍAZ TORO</Data></Cell><Cell><Data ss:Type="String">jedito@hotmail.com</Data></Cell><Cell><Data ss:Type="String">Sin grupo</Data></Cell><Cell><Data ss:Type="String">Sin acceso</Data></Cell><Cell><Data ss:Type="String">Sin acceso</Data></Cell><Cell><Data ss:Type="String">Activo</Data></Cell></Row><Row><Cell><Data ss:Type="String">6.562.812-0</Data></Cell><Cell><Data ss:Type="String">PEDRO FERNANDO</Data></Cell><Cell><Data ss:Type="String">ARO SOTO</Data></Cell><Cell><Data ss:Type="String">PEDRITOARO@GMAIL.COM</Data></Cell><Cell><Data ss:Type="String">Sin grupo</Data></Cell><Cell><Data ss:Type="String">Sin acceso</Data></Cell><Cell><Data ss:Type="String">Sin acceso</Data></Cell><Cell><Data ss:Type="String">Activo</Data></Cell></Row><Row><Cell><Data ss:Type="String">14.471.799-6</Data></Cell><Cell><Data ss:Type="String">MARCELA</Data></Cell><Cell><Data ss:Type="String">JELVES SUBIABRE</Data></Cell><Cell><Data ss:Type="String">MARCELA_JELVES@HOTMAIL.COM</Data></Cell><Cell><Data ss:Type="String">Sin grupo</Data></Cell><Cell><Data ss:Type="String">14-12-2021</Data></Cell><Cell><Data ss:Type="String">15:57</Data></Cell><Cell><Data ss:Type="String">Activo</Data></Cell></Row><Row><Cell><Data ss:Type="String">10.658.654-3</Data></Cell><Cell><Data ss:Type="String">ARIEL EDUARDO</Data></Cell><Cell><Data ss:Type="String">BÓRQUEZ SAAVEDRA</Data></Cell><Cell><Data ss:Type="String">PROF.ABORQUEZ@GMAIL.COM</Data></Cell><Cell><Data ss:Type="String">Sin grupo</Data></Cell><Cell><Data ss:Type="String">14-12-2021</Data></Cell><Cell><Data ss:Type="String">11:5</Data></Cell><Cell><Data ss:Type="String">Activo</Data></Cell></Row><Row><Cell><Data ss:Type="String">13.165.336-0</Data></Cell><Cell><Data ss:Type="String">BERTA ISABEL</Data></Cell><Cell><Data ss:Type="String">MANSILLA SERON</Data></Cell><Cell><Data ss:Type="String">JACRI2913@YAHOO.COM</Data></Cell><Cell><Data ss:Type="String">Sin grupo</Data></Cell><Cell><Data ss:Type="String">1-12-2021</Data></Cell><Cell><Data ss:Type="String">15:13</Data></Cell><Cell><Data ss:Type="String">Activo</Data></Cell></Row><Row><Cell><Data ss:Type="String">7.621.889-7</Data></Cell><Cell><Data ss:Type="String">Patricia Liliana</Data></Cell><Cell><Data ss:Type="String">Barraza Duarte</Data></Cell><Cell><Data ss:Type="String">PATTYBARRAZAD@GMAIL.COM</Data></Cell><Cell><Data ss:Type="String">Sin grupo</Data></Cell><Cell><Data ss:Type="String">15-12-2021</Data></Cell><Cell><Data ss:Type="String">8:28</Data></Cell><Cell><Data ss:Type="String">Activo</Data></Cell></Row><Row><Cell><Data ss:Type="String">13.139.159-5</Data></Cell><Cell><Data ss:Type="String">JIMENA VERONICA</Data></Cell><Cell><Data ss:Type="String">TOLEDO GARRIDO</Data></Cell><Cell><Data ss:Type="String">JIMENATOLEDO@DAEMSPP.CL</Data></Cell><Cell><Data ss:Type="String">Sin grupo</Data></Cell><Cell><Data ss:Type="String">6-12-2021</Data></Cell><Cell><Data ss:Type="String">17:51</Data></Cell><Cell><Data ss:Type="String">Activo</Data></Cell></Row><Row><Cell><Data ss:Type="String">10.413.401-7</Data></Cell><Cell><Data ss:Type="String">SUSANA LORENA</Data></Cell><Cell><Data ss:Type="String">MORENO GOMEZ</Data></Cell><Cell><Data ss:Type="String">MORENOGOMEZSUSANALORENA@GMAIL.COM</Data></Cell><Cell><Data ss:Type="String">Sin grupo</Data></Cell><Cell><Data ss:Type="String">30-11-2021</Data></Cell><Cell><Data ss:Type="String">21:47</Data></Cell><Cell><Data ss:Type="String">Activo</Data></Cell></Row><Row><Cell><Data ss:Type="String">7.849.451-4</Data></Cell><Cell><Data ss:Type="String">MARCIA</Data></Cell><Cell><Data ss:Type="String">LOYOLA PONCE</Data></Cell><Cell><Data ss:Type="String">MAXIPA03@GMAIL.COM</Data></Cell><Cell><Data ss:Type="String">Sin grupo</Data></Cell><Cell><Data ss:Type="String">7-12-2021</Data></Cell><Cell><Data ss:Type="String">22:27</Data></Cell><Cell><Data ss:Type="String">Activo</Data></Cell></Row><Row><Cell><Data ss:Type="String">8.859.121-6</Data></Cell><Cell><Data ss:Type="String">IRMA DEL CARMEN</Data></Cell><Cell><Data ss:Type="String">MEZA NUÑEZ</Data></Cell><Cell><Data ss:Type="String">IRMAMAIPU@GMAIL.COM</Data></Cell><Cell><Data ss:Type="String">Sin grupo</Data></Cell><Cell><Data ss:Type="String">15-12-2021</Data></Cell><Cell><Data ss:Type="String">8:49</Data></Cell><Cell><Data ss:Type="String">Activo</Data></Cell></Row><Row><Cell><Data ss:Type="String">12.994.677-6</Data></Cell><Cell><Data ss:Type="String">Mónica</Data></Cell><Cell><Data ss:Type="String">Sepúlveda Sanzana</Data></Cell><Cell><Data ss:Type="String">MOISSEPU@GMAIL.COM</Data></Cell><Cell><Data ss:Type="String">Sin grupo</Data></Cell><Cell><Data ss:Type="String">12-12-2021</Data></Cell><Cell><Data ss:Type="String">18:45</Data></Cell><Cell><Data ss:Type="String">Activo</Data></Cell></Row><Row><Cell><Data ss:Type="String">10.942.971-6</Data></Cell><Cell><Data ss:Type="String">JESSICA</Data></Cell><Cell><Data ss:Type="String">RAMIREZ RAMIREZ</Data></Cell><Cell><Data ss:Type="String">JESSY399@HOTMAIL.COM</Data></Cell><Cell><Data ss:Type="String">Sin grupo</Data></Cell><Cell><Data ss:Type="String">8-12-2021</Data></Cell><Cell><Data ss:Type="String">15:23</Data></Cell><Cell><Data ss:Type="String">Activo</Data></Cell></Row><Row><Cell><Data ss:Type="String">10.485.010-3</Data></Cell><Cell><Data ss:Type="String">Marlen  Teresa</Data></Cell><Cell><Data ss:Type="String">Muñoz  Larenas - 2460</Data></Cell><Cell><Data ss:Type="String">BENETTON2003@HOTMAIL.COM</Data></Cell><Cell><Data ss:Type="String">Sin grupo</Data></Cell><Cell><Data ss:Type="String">15-12-2021</Data></Cell><Cell><Data ss:Type="String">11:27</Data></Cell><Cell><Data ss:Type="String">Activo</Data></Cell></Row><Row><Cell><Data ss:Type="String">15.303.145-2</Data></Cell><Cell><Data ss:Type="String">YERKO</Data></Cell><Cell><Data ss:Type="String">MOLINA ANTISOLY</Data></Cell><Cell><Data ss:Type="String">PROFESTONER@GMAIL.COM</Data></Cell><Cell><Data ss:Type="String">Sin grupo</Data></Cell><Cell><Data ss:Type="String">9-12-2021</Data></Cell><Cell><Data ss:Type="String">10:9</Data></Cell><Cell><Data ss:Type="String">Activo</Data></Cell></Row><Row><Cell><Data ss:Type="String">10.262.588-9</Data></Cell><Cell><Data ss:Type="String">JOISY MARIAM</Data></Cell><Cell><Data ss:Type="String">CONTRERAS OLIVARES</Data></Cell><Cell><Data ss:Type="String">JMARI29@GMAIL.COM</Data></Cell><Cell><Data ss:Type="String">Sin grupo</Data></Cell><Cell><Data ss:Type="String">13-12-2021</Data></Cell><Cell><Data ss:Type="String">9:46</Data></Cell><Cell><Data ss:Type="String">Activo</Data></Cell></Row><Row><Cell><Data ss:Type="String">8.894.662-6</Data></Cell><Cell><Data ss:Type="String">ELIZABETH</Data></Cell><Cell><Data ss:Type="String">CARRILLO FERNANDEZ</Data></Cell><Cell><Data ss:Type="String">CARRELY@GMAIL.COM</Data></Cell><Cell><Data ss:Type="String">Sin grupo</Data></Cell><Cell><Data ss:Type="String">29-11-2021</Data></Cell><Cell><Data ss:Type="String">8:33</Data></Cell><Cell><Data ss:Type="String">Activo</Data></Cell></Row><Row><Cell><Data ss:Type="String">7.924.352-3</Data></Cell><Cell><Data ss:Type="String">Veronica Marlene</Data></Cell><Cell><Data ss:Type="String">Leon Riquelme</Data></Cell><Cell><Data ss:Type="String">veronica1211@gmail.com</Data></Cell><Cell><Data ss:Type="String">Sin grupo</Data></Cell><Cell><Data ss:Type="String">15-12-2021</Data></Cell><Cell><Data ss:Type="String">9:59</Data></Cell><Cell><Data ss:Type="String">Activo</Data></Cell></Row><Row><Cell><Data ss:Type="String">9.824.358-5</Data></Cell><Cell><Data ss:Type="String">TERESA ELIZABETH</Data></Cell><Cell><Data ss:Type="String">PARRA MENDEZ</Data></Cell><Cell><Data ss:Type="String">TEREPM1554@GMAIL.COM</Data></Cell><Cell><Data ss:Type="String">Sin grupo</Data></Cell><Cell><Data ss:Type="String">14-12-2021</Data></Cell><Cell><Data ss:Type="String">15:31</Data></Cell><Cell><Data ss:Type="String">Activo</Data></Cell></Row><Row><Cell><Data ss:Type="String">15.678.147-9</Data></Cell><Cell><Data ss:Type="String">CAROLINA DE LOURDE</Data></Cell><Cell><Data ss:Type="String">MUÑOZ POBLETE</Data></Cell><Cell><Data ss:Type="String">CAROLINA230883@GMAIL.COM</Data></Cell><Cell><Data ss:Type="String">Sin grupo</Data></Cell><Cell><Data ss:Type="String">8-11-2021</Data></Cell><Cell><Data ss:Type="String">15:50</Data></Cell><Cell><Data ss:Type="String">Activo</Data></Cell></Row><Row><Cell><Data ss:Type="String">11.332.892-4</Data></Cell><Cell><Data ss:Type="String">GIOVANNA</Data></Cell><Cell><Data ss:Type="String">ARANGUIZ ARANCIBIA</Data></Cell><Cell><Data ss:Type="String">GIOVANNA.ARANGUIZ@CSLB.CL</Data></Cell><Cell><Data ss:Type="String">Sin grupo</Data></Cell><Cell><Data ss:Type="String">13-12-2021</Data></Cell><Cell><Data ss:Type="String">20:53</Data></Cell><Cell><Data ss:Type="String">Activo</Data></Cell></Row><Row><Cell><Data ss:Type="String">16.025.149-2</Data></Cell><Cell><Data ss:Type="String">Carolina</Data></Cell><Cell><Data ss:Type="String">Sepúlveda Garrido</Data></Cell><Cell><Data ss:Type="String">CAROLITA_SEPU13@HOTMAIL.COM</Data></Cell><Cell><Data ss:Type="String">Sin grupo</Data></Cell><Cell><Data ss:Type="String">6-12-2021</Data></Cell><Cell><Data ss:Type="String">9:50</Data></Cell><Cell><Data ss:Type="String">Activo</Data></Cell></Row><Row><Cell><Data ss:Type="String">16.457.767-8</Data></Cell><Cell><Data ss:Type="String">Claudia</Data></Cell><Cell><Data ss:Type="String">Jara</Data></Cell><Cell><Data ss:Type="String">CLAUDIA264@HOTMAIL.ES</Data></Cell><Cell><Data ss:Type="String">Sin grupo</Data></Cell><Cell><Data ss:Type="String">15-12-2021</Data></Cell><Cell><Data ss:Type="String">11:36</Data></Cell><Cell><Data ss:Type="String">Activo</Data></Cell></Row><Row><Cell><Data ss:Type="String">12.171.005-6</Data></Cell><Cell><Data ss:Type="String">FABIOLA</Data></Cell><Cell><Data ss:Type="String">MALDONADO VILLALOBOS</Data></Cell><Cell><Data ss:Type="String">YSFAM@HOTMAIL.COM</Data></Cell><Cell><Data ss:Type="String">Sin grupo</Data></Cell><Cell><Data ss:Type="String">11-11-2021</Data></Cell><Cell><Data ss:Type="String">17:15</Data></Cell><Cell><Data ss:Type="String">Activo</Data></Cell></Row><Row><Cell><Data ss:Type="String">10.413.400-9</Data></Cell><Cell><Data ss:Type="String">Christian Rafael</Data></Cell><Cell><Data ss:Type="String">Ordenes Vila</Data></Cell><Cell><Data ss:Type="String">cordenes@fde.maristas.cl</Data></Cell><Cell><Data ss:Type="String">Sin grupo</Data></Cell><Cell><Data ss:Type="String">2-12-2021</Data></Cell><Cell><Data ss:Type="String">9:47</Data></Cell><Cell><Data ss:Type="String">Activo</Data></Cell></Row><Row><Cell><Data ss:Type="String">10.351.952-7</Data></Cell><Cell><Data ss:Type="String">Carolina Elizabeth</Data></Cell><Cell><Data ss:Type="String">González Contreras</Data></Cell><Cell><Data ss:Type="String">carolinagonzalez9@gmail.com</Data></Cell><Cell><Data ss:Type="String">Sin grupo</Data></Cell><Cell><Data ss:Type="String">3-12-2021</Data></Cell><Cell><Data ss:Type="String">10:38</Data></Cell><Cell><Data ss:Type="String">Activo</Data></Cell></Row><Row><Cell><Data ss:Type="String">13.226.874-6</Data></Cell><Cell><Data ss:Type="String">Maria Soledad</Data></Cell><Cell><Data ss:Type="String">Peña Arenas</Data></Cell><Cell><Data ss:Type="String">SOLSITA2_9@HOTMAIL.COM</Data></Cell><Cell><Data ss:Type="String">Sin grupo</Data></Cell><Cell><Data ss:Type="String">24-11-2021</Data></Cell><Cell><Data ss:Type="String">12:57</Data></Cell><Cell><Data ss:Type="String">Activo</Data></Cell></Row><Row><Cell><Data ss:Type="String">13.626.606-3</Data></Cell><Cell><Data ss:Type="String">Ardubina</Data></Cell><Cell><Data ss:Type="String">Cruces Henríquez - 17924</Data></Cell><Cell><Data ss:Type="String">crannsbiblio@gmail.com</Data></Cell><Cell><Data ss:Type="String">Sin grupo</Data></Cell><Cell><Data ss:Type="String">6-12-2021</Data></Cell><Cell><Data ss:Type="String">8:32</Data></Cell><Cell><Data ss:Type="String">Activo</Data></Cell></Row><Row><Cell><Data ss:Type="String">12.567.558-1</Data></Cell><Cell><Data ss:Type="String">ANGELICA</Data></Cell><Cell><Data ss:Type="String">MALLEA VALDIVIA</Data></Cell><Cell><Data ss:Type="String">AMALLEA@SANAGUSTIN.CL</Data></Cell><Cell><Data ss:Type="String">Sin grupo</Data></Cell><Cell><Data ss:Type="String">14-12-2021</Data></Cell><Cell><Data ss:Type="String">12:6</Data></Cell><Cell><Data ss:Type="String">Activo</Data></Cell></Row><Row><Cell><Data ss:Type="String">9.774.796-2</Data></Cell><Cell><Data ss:Type="String">ELIZABETH</Data></Cell><Cell><Data ss:Type="String">CARTES ESPINOZA</Data></Cell><Cell><Data ss:Type="String">ELIZABETHCARTESESPINOZA@GMAIL.COM</Data></Cell><Cell><Data ss:Type="String">Sin grupo</Data></Cell><Cell><Data ss:Type="String">14-12-2021</Data></Cell><Cell><Data ss:Type="String">12:24</Data></Cell><Cell><Data ss:Type="String">Activo</Data></Cell></Row><Row><Cell><Data ss:Type="String">11.791.277-9</Data></Cell><Cell><Data ss:Type="String">KARINA DEL PILAR</Data></Cell><Cell><Data ss:Type="String">CORREA AEDO</Data></Cell><Cell><Data ss:Type="String">KARINA.CORRERA@COLEGIONUEVAESPERANZA.CL</Data></Cell><Cell><Data ss:Type="String">Sin grupo</Data></Cell><Cell><Data ss:Type="String">13-12-2021</Data></Cell><Cell><Data ss:Type="String">15:39</Data></Cell><Cell><Data ss:Type="String">Activo</Data></Cell></Row><Row><Cell><Data ss:Type="String">10.077.244-2</Data></Cell><Cell><Data ss:Type="String">RUTH SANDRA</Data></Cell><Cell><Data ss:Type="String">SAN MARTIN  CASTILLO</Data></Cell><Cell><Data ss:Type="String">SANDRASANMARTINC@HOTMAIL.COM</Data></Cell><Cell><Data ss:Type="String">Sin grupo</Data></Cell><Cell><Data ss:Type="String">13-12-2021</Data></Cell><Cell><Data ss:Type="String">21:29</Data></Cell><Cell><Data ss:Type="String">Activo</Data></Cell></Row><Row><Cell><Data ss:Type="String">8.311.545-9</Data></Cell><Cell><Data ss:Type="String">Cecilia Del Carmen</Data></Cell><Cell><Data ss:Type="String">Vasquez Avendaño - 13</Data></Cell><Cell><Data ss:Type="String">jardinmanuelguerrero@demquilicura.cl</Data></Cell><Cell><Data ss:Type="String">Sin grupo</Data></Cell><Cell><Data ss:Type="String">Sin acceso</Data></Cell><Cell><Data ss:Type="String">Sin acceso</Data></Cell><Cell><Data ss:Type="String">Activo</Data></Cell></Row><Row><Cell><Data ss:Type="String">13.775.227-1</Data></Cell><Cell><Data ss:Type="String">PAMELA ANDREA</Data></Cell><Cell><Data ss:Type="String">HINOJOSA HERRADA</Data></Cell><Cell><Data ss:Type="String">PAMELACRA2010@HOTMAIL.COM</Data></Cell><Cell><Data ss:Type="String">Sin grupo</Data></Cell><Cell><Data ss:Type="String">Sin acceso</Data></Cell><Cell><Data ss:Type="String">Sin acceso</Data></Cell><Cell><Data ss:Type="String">Activo</Data></Cell></Row><Row><Cell><Data ss:Type="String">9.037.360-9</Data></Cell><Cell><Data ss:Type="String">NINIVET PAULA</Data></Cell><Cell><Data ss:Type="String">ROJAS FUENZALIDA</Data></Cell><Cell><Data ss:Type="String">NINIVETROJAS@GMAIL.COM</Data></Cell><Cell><Data ss:Type="String">Sin grupo</Data></Cell><Cell><Data ss:Type="String">Sin acceso</Data></Cell><Cell><Data ss:Type="String">Sin acceso</Data></Cell><Cell><Data ss:Type="String">Activo</Data></Cell></Row><Row><Cell><Data ss:Type="String">8.229.078-8</Data></Cell><Cell><Data ss:Type="String">Patricio Orlando</Data></Cell><Cell><Data ss:Type="String">Vilches Maraboli</Data></Cell><Cell><Data ss:Type="String">pv1958@hotmail.com</Data></Cell><Cell><Data ss:Type="String">Sin grupo</Data></Cell><Cell><Data ss:Type="String">13-12-2021</Data></Cell><Cell><Data ss:Type="String">20:15</Data></Cell><Cell><Data ss:Type="String">Activo</Data></Cell></Row><Row><Cell><Data ss:Type="String">9.207.898-1</Data></Cell><Cell><Data ss:Type="String">NURIA ARLETTE</Data></Cell><Cell><Data ss:Type="String">VILLARROEL OBANDO</Data></Cell><Cell><Data ss:Type="String">nvillarroelo@eduhuechuraba.cl</Data></Cell><Cell><Data ss:Type="String">Sin grupo</Data></Cell><Cell><Data ss:Type="String">8-12-2021</Data></Cell><Cell><Data ss:Type="String">19:44</Data></Cell><Cell><Data ss:Type="String">Activo</Data></Cell></Row><Row><Cell><Data ss:Type="String">12.455.638-4</Data></Cell><Cell><Data ss:Type="String">MONICA ANDREA</Data></Cell><Cell><Data ss:Type="String">SIMON JORQUERA</Data></Cell><Cell><Data ss:Type="String">msimon@colegionustakori.cl</Data></Cell><Cell><Data ss:Type="String">Sin grupo</Data></Cell><Cell><Data ss:Type="String">14-12-2021</Data></Cell><Cell><Data ss:Type="String">23:22</Data></Cell><Cell><Data ss:Type="String">Activo</Data></Cell></Row><Row><Cell><Data ss:Type="String">13.173.452-2</Data></Cell><Cell><Data ss:Type="String">Paola Alejandra</Data></Cell><Cell><Data ss:Type="String">Rojas Jiménez</Data></Cell><Cell><Data ss:Type="String">paola162618@gmail.com</Data></Cell><Cell><Data ss:Type="String">Sin grupo</Data></Cell><Cell><Data ss:Type="String">Sin acceso</Data></Cell><Cell><Data ss:Type="String">Sin acceso</Data></Cell><Cell><Data ss:Type="String">Activo</Data></Cell></Row><Row><Cell><Data ss:Type="String">10.698.480-8</Data></Cell><Cell><Data ss:Type="String">EMMA DE LAS MERCEDES</Data></Cell><Cell><Data ss:Type="String">URIBE NUÑEZ</Data></Cell><Cell><Data ss:Type="String">EMMAUN3@HOTMAIL.COM</Data></Cell><Cell><Data ss:Type="String">Sin grupo</Data></Cell><Cell><Data ss:Type="String">12-12-2021</Data></Cell><Cell><Data ss:Type="String">10:2</Data></Cell><Cell><Data ss:Type="String">Activo</Data></Cell></Row><Row><Cell><Data ss:Type="String">9.687.315-8</Data></Cell><Cell><Data ss:Type="String">GLORIA MARGARITA</Data></Cell><Cell><Data ss:Type="String">COFRÉ BONILLA</Data></Cell><Cell><Data ss:Type="String">COFREGLORIA@GMAIL.COM</Data></Cell><Cell><Data ss:Type="String">Sin grupo</Data></Cell><Cell><Data ss:Type="String">13-12-2021</Data></Cell><Cell><Data ss:Type="String">10:7</Data></Cell><Cell><Data ss:Type="String">Activo</Data></Cell></Row><Row><Cell><Data ss:Type="String">13.236.764-7</Data></Cell><Cell><Data ss:Type="String">SUSANA BEATRIZ</Data></Cell><Cell><Data ss:Type="String">DIAZ GONZALEZ</Data></Cell><Cell><Data ss:Type="String">SUSANA.SUSGO@GMAIL.COM</Data></Cell><Cell><Data ss:Type="String">Sin grupo</Data></Cell><Cell><Data ss:Type="String">1-12-2021</Data></Cell><Cell><Data ss:Type="String">16:38</Data></Cell><Cell><Data ss:Type="String">Activo</Data></Cell></Row><Row><Cell><Data ss:Type="String">6.985.693-4</Data></Cell><Cell><Data ss:Type="String">MARÍA ELENA</Data></Cell><Cell><Data ss:Type="String">BASCOLI POSTIGO</Data></Cell><Cell><Data ss:Type="String">MARIAELENA.BASCOLI@MATTE.CL</Data></Cell><Cell><Data ss:Type="String">Sin grupo</Data></Cell><Cell><Data ss:Type="String">15-11-2021</Data></Cell><Cell><Data ss:Type="String">18:28</Data></Cell><Cell><Data ss:Type="String">Activo</Data></Cell></Row><Row><Cell><Data ss:Type="String">7.215.713-3</Data></Cell><Cell><Data ss:Type="String">Iris Hilda</Data></Cell><Cell><Data ss:Type="String">Leischner Belmar</Data></Cell><Cell><Data ss:Type="String">irisleischner@gmail.com</Data></Cell><Cell><Data ss:Type="String">Sin grupo</Data></Cell><Cell><Data ss:Type="String">15-12-2021</Data></Cell><Cell><Data ss:Type="String">11:38</Data></Cell><Cell><Data ss:Type="String">Activo</Data></Cell></Row><Row><Cell><Data ss:Type="String">9.918.945-2</Data></Cell><Cell><Data ss:Type="String">Paulina De Lourdes</Data></Cell><Cell><Data ss:Type="String">González Labra</Data></Cell><Cell><Data ss:Type="String">claudiasandoval2728@gmail.com</Data></Cell><Cell><Data ss:Type="String">Sin grupo</Data></Cell><Cell><Data ss:Type="String">15-12-2021</Data></Cell><Cell><Data ss:Type="String">10:16</Data></Cell><Cell><Data ss:Type="String">Activo</Data></Cell></Row><Row><Cell><Data ss:Type="String">12.539.800-6</Data></Cell><Cell><Data ss:Type="String">MARCELA XIMENA</Data></Cell><Cell><Data ss:Type="String">OLAVARRIA TOLOZA</Data></Cell><Cell><Data ss:Type="String">MARCEXIME_2830@HOTMAIL.COM</Data></Cell><Cell><Data ss:Type="String">Sin grupo</Data></Cell><Cell><Data ss:Type="String">10-12-2021</Data></Cell><Cell><Data ss:Type="String">9:57</Data></Cell><Cell><Data ss:Type="String">Activo</Data></Cell></Row><Row><Cell><Data ss:Type="String">7.718.199-7</Data></Cell><Cell><Data ss:Type="String">MARIA INES DEL CARMEN</Data></Cell><Cell><Data ss:Type="String">ARIAS CORDOVA</Data></Cell><Cell><Data ss:Type="String">INESITA58@HOTMAIL.CL</Data></Cell><Cell><Data ss:Type="String">Sin grupo</Data></Cell><Cell><Data ss:Type="String">14-12-2021</Data></Cell><Cell><Data ss:Type="String">13:23</Data></Cell><Cell><Data ss:Type="String">Activo</Data></Cell></Row><Row><Cell><Data ss:Type="String">13.095.127-9</Data></Cell><Cell><Data ss:Type="String">PAOLA</Data></Cell><Cell><Data ss:Type="String">SAZO PARDO</Data></Cell><Cell><Data ss:Type="String">PSAZO27@HOTMAIL.COM</Data></Cell><Cell><Data ss:Type="String">Sin grupo</Data></Cell><Cell><Data ss:Type="String">15-12-2021</Data></Cell><Cell><Data ss:Type="String">8:44</Data></Cell><Cell><Data ss:Type="String">Activo</Data></Cell></Row><Row><Cell><Data ss:Type="String">12.961.721-7</Data></Cell><Cell><Data ss:Type="String">Sandra Carolina</Data></Cell><Cell><Data ss:Type="String">Pacheco Parraguez</Data></Cell><Cell><Data ss:Type="String">pachecosandri@hotmail.es</Data></Cell><Cell><Data ss:Type="String">Sin grupo</Data></Cell><Cell><Data ss:Type="String">3-12-2021</Data></Cell><Cell><Data ss:Type="String">11:49</Data></Cell><Cell><Data ss:Type="String">Activo</Data></Cell></Row><Row><Cell><Data ss:Type="String">11.191.024-3</Data></Cell><Cell><Data ss:Type="String">LORENA</Data></Cell><Cell><Data ss:Type="String">ALVEAR GUTIERREZ</Data></Cell><Cell><Data ss:Type="String">LOREALVEGUTI.67@GMAIL.COM</Data></Cell><Cell><Data ss:Type="String">Sin grupo</Data></Cell><Cell><Data ss:Type="String">15-12-2021</Data></Cell><Cell><Data ss:Type="String">6:5</Data></Cell><Cell><Data ss:Type="String">Activo</Data></Cell></Row><Row><Cell><Data ss:Type="String">6.316.170-5</Data></Cell><Cell><Data ss:Type="String">MARIA PAULINA</Data></Cell><Cell><Data ss:Type="String">SEPULVEDA DELGADO</Data></Cell><Cell><Data ss:Type="String">PSEPULVEDADELGADO@HOTMAIL.COM</Data></Cell><Cell><Data ss:Type="String">Sin grupo</Data></Cell><Cell><Data ss:Type="String">16-11-2021</Data></Cell><Cell><Data ss:Type="String">12:46</Data></Cell><Cell><Data ss:Type="String">Activo</Data></Cell></Row><Row><Cell><Data ss:Type="String">12.944.397-9</Data></Cell><Cell><Data ss:Type="String">ROSA ALEJANDRA</Data></Cell><Cell><Data ss:Type="String">COFRE HENRIQUEZ</Data></Cell><Cell><Data ss:Type="String">KIKAHEMRA@GMAIL.COM</Data></Cell><Cell><Data ss:Type="String">Sin grupo</Data></Cell><Cell><Data ss:Type="String">Sin acceso</Data></Cell><Cell><Data ss:Type="String">Sin acceso</Data></Cell><Cell><Data ss:Type="String">Activo</Data></Cell></Row><Row><Cell><Data ss:Type="String">12.992.146-3</Data></Cell><Cell><Data ss:Type="String">Marisel Angelica</Data></Cell><Cell><Data ss:Type="String">Contreras Saéz</Data></Cell><Cell><Data ss:Type="String">MARISELCONTRERASSAEZ1317@GMAIL.COM</Data></Cell><Cell><Data ss:Type="String">Sin grupo</Data></Cell><Cell><Data ss:Type="String">Sin acceso</Data></Cell><Cell><Data ss:Type="String">Sin acceso</Data></Cell><Cell><Data ss:Type="String">Activo</Data></Cell></Row><Row><Cell><Data ss:Type="String">13.218.847-5</Data></Cell><Cell><Data ss:Type="String">MARIELA</Data></Cell><Cell><Data ss:Type="String">ARELLANO CORTES</Data></Cell><Cell><Data ss:Type="String">MARIELITALEONOR@GMAIL.COM</Data></Cell><Cell><Data ss:Type="String">Sin grupo</Data></Cell><Cell><Data ss:Type="String">10-12-2021</Data></Cell><Cell><Data ss:Type="String">12:37</Data></Cell><Cell><Data ss:Type="String">Activo</Data></Cell></Row><Row><Cell><Data ss:Type="String">11.948.297-6</Data></Cell><Cell><Data ss:Type="String">Marcia</Data></Cell><Cell><Data ss:Type="String">Torres Cárdenas</Data></Cell><Cell><Data ss:Type="String">MARCIATORRES2506@GMAIL.COM</Data></Cell><Cell><Data ss:Type="String">Sin grupo</Data></Cell><Cell><Data ss:Type="String">1-12-2021</Data></Cell><Cell><Data ss:Type="String">12:16</Data></Cell><Cell><Data ss:Type="String">Activo</Data></Cell></Row><Row><Cell><Data ss:Type="String">9.652.244-4</Data></Cell><Cell><Data ss:Type="String">NANCY DEL CARMEN</Data></Cell><Cell><Data ss:Type="String">LOAIZA ASTETE</Data></Cell><Cell><Data ss:Type="String">NLOAIZAASTETE@GMAIL.COM</Data></Cell><Cell><Data ss:Type="String">Sin grupo</Data></Cell><Cell><Data ss:Type="String">15-12-2021</Data></Cell><Cell><Data ss:Type="String">9:44</Data></Cell><Cell><Data ss:Type="String">Activo</Data></Cell></Row><Row><Cell><Data ss:Type="String">12.531.102-4</Data></Cell><Cell><Data ss:Type="String">PAOLA ANDREA</Data></Cell><Cell><Data ss:Type="String">CORDOVA MUNOZ</Data></Cell><Cell><Data ss:Type="String">INTIN95B@GMAIL.COM</Data></Cell><Cell><Data ss:Type="String">Sin grupo</Data></Cell><Cell><Data ss:Type="String">29-10-2021</Data></Cell><Cell><Data ss:Type="String">14:30</Data></Cell><Cell><Data ss:Type="String">Activo</Data></Cell></Row><Row><Cell><Data ss:Type="String">9.333.120-6</Data></Cell><Cell><Data ss:Type="String">GUILLERMINA FELICI</Data></Cell><Cell><Data ss:Type="String">HERMOSILLA NEIRA</Data></Cell><Cell><Data ss:Type="String">GHERMOSILLAN@GMAIL.COM</Data></Cell><Cell><Data ss:Type="String">Sin grupo</Data></Cell><Cell><Data ss:Type="String">14-12-2021</Data></Cell><Cell><Data ss:Type="String">18:8</Data></Cell><Cell><Data ss:Type="String">Activo</Data></Cell></Row><Row><Cell><Data ss:Type="String">12.482.022-7</Data></Cell><Cell><Data ss:Type="String">YASNA MARGARITA</Data></Cell><Cell><Data ss:Type="String">VIVANCO GONZÁLEZ</Data></Cell><Cell><Data ss:Type="String">YASNA.VIVANCO@CSCL.CL</Data></Cell><Cell><Data ss:Type="String">Sin grupo</Data></Cell><Cell><Data ss:Type="String">13-12-2021</Data></Cell><Cell><Data ss:Type="String">18:33</Data></Cell><Cell><Data ss:Type="String">Activo</Data></Cell></Row><Row><Cell><Data ss:Type="String">14.154.746-1</Data></Cell><Cell><Data ss:Type="String">BEATRIZ ANDREA</Data></Cell><Cell><Data ss:Type="String">POBLETE CORTÉS</Data></Cell><Cell><Data ss:Type="String">BEAPC.EDUC.PARV@GMAIL.COM</Data></Cell><Cell><Data ss:Type="String">Sin grupo</Data></Cell><Cell><Data ss:Type="String">4-12-2021</Data></Cell><Cell><Data ss:Type="String">23:51</Data></Cell><Cell><Data ss:Type="String">Activo</Data></Cell></Row><Row><Cell><Data ss:Type="String">8.441.182-5</Data></Cell><Cell><Data ss:Type="String">BLANCA VIOLETA</Data></Cell><Cell><Data ss:Type="String">VIDAL MUÑOZ</Data></Cell><Cell><Data ss:Type="String">BLNCAVIDALM@HOTMAIL.COM</Data></Cell><Cell><Data ss:Type="String">Sin grupo</Data></Cell><Cell><Data ss:Type="String">22-11-2021</Data></Cell><Cell><Data ss:Type="String">15:3</Data></Cell><Cell><Data ss:Type="String">Activo</Data></Cell></Row><Row><Cell><Data ss:Type="String">8.261.509-1</Data></Cell><Cell><Data ss:Type="String">LEDA</Data></Cell><Cell><Data ss:Type="String">SANCHEZ PARRA</Data></Cell><Cell><Data ss:Type="String">MINUSAN08@HOTMAIL.COM</Data></Cell><Cell><Data ss:Type="String">Sin grupo</Data></Cell><Cell><Data ss:Type="String">Sin acceso</Data></Cell><Cell><Data ss:Type="String">Sin acceso</Data></Cell><Cell><Data ss:Type="String">Activo</Data></Cell></Row><Row><Cell><Data ss:Type="String">11.640.602-0</Data></Cell><Cell><Data ss:Type="String">MANON</Data></Cell><Cell><Data ss:Type="String">SALAS PIRAUD</Data></Cell><Cell><Data ss:Type="String">MANONDENISSE@GMAIL.COM</Data></Cell><Cell><Data ss:Type="String">Sin grupo</Data></Cell><Cell><Data ss:Type="String">14-12-2021</Data></Cell><Cell><Data ss:Type="String">17:28</Data></Cell><Cell><Data ss:Type="String">Activo</Data></Cell></Row><Row><Cell><Data ss:Type="String">15.065.734-2</Data></Cell><Cell><Data ss:Type="String">MARIA</Data></Cell><Cell><Data ss:Type="String">ARAYA VILLARROEL</Data></Cell><Cell><Data ss:Type="String">MJOSEARAYA13@GMAIL.COM</Data></Cell><Cell><Data ss:Type="String">Sin grupo</Data></Cell><Cell><Data ss:Type="String">13-12-2021</Data></Cell><Cell><Data ss:Type="String">12:41</Data></Cell><Cell><Data ss:Type="String">Activo</Data></Cell></Row><Row><Cell><Data ss:Type="String">8.941.817-8</Data></Cell><Cell><Data ss:Type="String">MARTA DORIS</Data></Cell><Cell><Data ss:Type="String">SEGOVIA ROMERO</Data></Cell><Cell><Data ss:Type="String">MARTADORIS59@GMAIL.COM</Data></Cell><Cell><Data ss:Type="String">Sin grupo</Data></Cell><Cell><Data ss:Type="String">Sin acceso</Data></Cell><Cell><Data ss:Type="String">Sin acceso</Data></Cell><Cell><Data ss:Type="String">Activo</Data></Cell></Row><Row><Cell><Data ss:Type="String">11.170.265-9</Data></Cell><Cell><Data ss:Type="String">CARMEN DE LA PAZ</Data></Cell><Cell><Data ss:Type="String">PONCE MALLEA</Data></Cell><Cell><Data ss:Type="String">CARMENPONCEMALLEA@HOTMAIL.ES</Data></Cell><Cell><Data ss:Type="String">Sin grupo</Data></Cell><Cell><Data ss:Type="String">10-12-2021</Data></Cell><Cell><Data ss:Type="String">9:26</Data></Cell><Cell><Data ss:Type="String">Activo</Data></Cell></Row><Row><Cell><Data ss:Type="String">16.067.631-0</Data></Cell><Cell><Data ss:Type="String">MARGARITA DEL CARMEN</Data></Cell><Cell><Data ss:Type="String">TAPIA SÁEZ</Data></Cell><Cell><Data ss:Type="String">margarita.tapia@lpsj.cl</Data></Cell><Cell><Data ss:Type="String">Sin grupo</Data></Cell><Cell><Data ss:Type="String">14-12-2021</Data></Cell><Cell><Data ss:Type="String">9:28</Data></Cell><Cell><Data ss:Type="String">Activo</Data></Cell></Row><Row><Cell><Data ss:Type="String">15.345.500-7</Data></Cell><Cell><Data ss:Type="String">Luis Fernando</Data></Cell><Cell><Data ss:Type="String">Alarcon Miranda</Data></Cell><Cell><Data ss:Type="String">LUISTORIA@GMAIL.COM</Data></Cell><Cell><Data ss:Type="String">Sin grupo</Data></Cell><Cell><Data ss:Type="String">25-11-2021</Data></Cell><Cell><Data ss:Type="String">9:41</Data></Cell><Cell><Data ss:Type="String">Activo</Data></Cell></Row><Row><Cell><Data ss:Type="String">10.795.429-5</Data></Cell><Cell><Data ss:Type="String">ANGELICA</Data></Cell><Cell><Data ss:Type="String">MORY FRIAS</Data></Cell><Cell><Data ss:Type="String">angelica.mory@colegiosseg.cl</Data></Cell><Cell><Data ss:Type="String">Sin grupo</Data></Cell><Cell><Data ss:Type="String">9-12-2021</Data></Cell><Cell><Data ss:Type="String">11:24</Data></Cell><Cell><Data ss:Type="String">Activo</Data></Cell></Row><Row><Cell><Data ss:Type="String">13.089.073-3</Data></Cell><Cell><Data ss:Type="String">NORMA</Data></Cell><Cell><Data ss:Type="String">VENEGAS MONTES</Data></Cell><Cell><Data ss:Type="String">NORMAVM76@GMAIL.COM</Data></Cell><Cell><Data ss:Type="String">Sin grupo</Data></Cell><Cell><Data ss:Type="String">14-12-2021</Data></Cell><Cell><Data ss:Type="String">16:19</Data></Cell><Cell><Data ss:Type="String">Activo</Data></Cell></Row><Row><Cell><Data ss:Type="String">8.631.904-7</Data></Cell><Cell><Data ss:Type="String">LUCIA ELVIRA</Data></Cell><Cell><Data ss:Type="String">VILLEGAS RUIZ</Data></Cell><Cell><Data ss:Type="String">LUSVIOMAR@GMAIL.COM</Data></Cell><Cell><Data ss:Type="String">Sin grupo</Data></Cell><Cell><Data ss:Type="String">27-11-2021</Data></Cell><Cell><Data ss:Type="String">15:27</Data></Cell><Cell><Data ss:Type="String">Activo</Data></Cell></Row><Row><Cell><Data ss:Type="String">13.560.098-9</Data></Cell><Cell><Data ss:Type="String">LILIBEL SOLEDAD</Data></Cell><Cell><Data ss:Type="String">HERNANDEZ MURILLO</Data></Cell><Cell><Data ss:Type="String">AMILY.-28@HOTMAIL.COM</Data></Cell><Cell><Data ss:Type="String">Sin grupo</Data></Cell><Cell><Data ss:Type="String">15-12-2021</Data></Cell><Cell><Data ss:Type="String">10:50</Data></Cell><Cell><Data ss:Type="String">Activo</Data></Cell></Row><Row><Cell><Data ss:Type="String">8.063.524-9</Data></Cell><Cell><Data ss:Type="String">Susana Inés</Data></Cell><Cell><Data ss:Type="String">Cortés Cofré</Data></Cell><Cell><Data ss:Type="String">scortes@profesores.corpotal.cl</Data></Cell><Cell><Data ss:Type="String">Sin grupo</Data></Cell><Cell><Data ss:Type="String">22-11-2021</Data></Cell><Cell><Data ss:Type="String">16:21</Data></Cell><Cell><Data ss:Type="String">Activo</Data></Cell></Row><Row><Cell><Data ss:Type="String">15.130.961-5</Data></Cell><Cell><Data ss:Type="String">Cynthia</Data></Cell><Cell><Data ss:Type="String">Pizarro Rojas</Data></Cell><Cell><Data ss:Type="String">CYNTHIATPR82@GMAIL.COM</Data></Cell><Cell><Data ss:Type="String">Sin grupo</Data></Cell><Cell><Data ss:Type="String">14-12-2021</Data></Cell><Cell><Data ss:Type="String">11:53</Data></Cell><Cell><Data ss:Type="String">Activo</Data></Cell></Row><Row><Cell><Data ss:Type="String">8.985.726-0</Data></Cell><Cell><Data ss:Type="String">MARISOL DEL ROSARIO</Data></Cell><Cell><Data ss:Type="String">MUNOZ VARAS</Data></Cell><Cell><Data ss:Type="String">MARROSAAZUL19@YAHOO.CL</Data></Cell><Cell><Data ss:Type="String">Sin grupo</Data></Cell><Cell><Data ss:Type="String">29-11-2021</Data></Cell><Cell><Data ss:Type="String">23:57</Data></Cell><Cell><Data ss:Type="String">Activo</Data></Cell></Row><Row><Cell><Data ss:Type="String">11.926.148-1</Data></Cell><Cell><Data ss:Type="String">GLORIA</Data></Cell><Cell><Data ss:Type="String">MANSILLA ALVARADO</Data></Cell><Cell><Data ss:Type="String">GLORIAMANSILLA72@GMAIL.COM</Data></Cell><Cell><Data ss:Type="String">Sin grupo</Data></Cell><Cell><Data ss:Type="String">23-11-2021</Data></Cell><Cell><Data ss:Type="String">8:30</Data></Cell><Cell><Data ss:Type="String">Activo</Data></Cell></Row><Row><Cell><Data ss:Type="String">8.197.644-9</Data></Cell><Cell><Data ss:Type="String">MARIA ALICIA</Data></Cell><Cell><Data ss:Type="String">MUNOZ VASQUEZ</Data></Cell><Cell><Data ss:Type="String">MARIA1ALICIA1@GMAIL.COM</Data></Cell><Cell><Data ss:Type="String">Sin grupo</Data></Cell><Cell><Data ss:Type="String">22-11-2021</Data></Cell><Cell><Data ss:Type="String">21:53</Data></Cell><Cell><Data ss:Type="String">Activo</Data></Cell></Row><Row><Cell><Data ss:Type="String">17.111.690-2</Data></Cell><Cell><Data ss:Type="String">PATRICIA NOEMI</Data></Cell><Cell><Data ss:Type="String">SEGOVIA SEGOVIA</Data></Cell><Cell><Data ss:Type="String">PATHY_TA1@HOTMAIL.COM</Data></Cell><Cell><Data ss:Type="String">Sin grupo</Data></Cell><Cell><Data ss:Type="String">15-12-2021</Data></Cell><Cell><Data ss:Type="String">9:45</Data></Cell><Cell><Data ss:Type="String">Activo</Data></Cell></Row><Row><Cell><Data ss:Type="String">8.175.372-5</Data></Cell><Cell><Data ss:Type="String">GLORIA NELLY</Data></Cell><Cell><Data ss:Type="String">MELO MOYA</Data></Cell><Cell><Data ss:Type="String">gloritanelly54@gmail.com</Data></Cell><Cell><Data ss:Type="String">Sin grupo</Data></Cell><Cell><Data ss:Type="String">15-12-2021</Data></Cell><Cell><Data ss:Type="String">9:54</Data></Cell><Cell><Data ss:Type="String">Activo</Data></Cell></Row><Row><Cell><Data ss:Type="String">11.815.192-5</Data></Cell><Cell><Data ss:Type="String">ELSA MARIA</Data></Cell><Cell><Data ss:Type="String">ORDONEZ LOPEZ</Data></Cell><Cell><Data ss:Type="String">ELSA.ORDONEZ@CISA-ARICA.CL</Data></Cell><Cell><Data ss:Type="String">Sin grupo</Data></Cell><Cell><Data ss:Type="String">5-12-2021</Data></Cell><Cell><Data ss:Type="String">17:28</Data></Cell><Cell><Data ss:Type="String">Activo</Data></Cell></Row><Row><Cell><Data ss:Type="String">18.849.111-1</Data></Cell><Cell><Data ss:Type="String">ANDREA</Data></Cell><Cell><Data ss:Type="String">OLIVARES JELDRES</Data></Cell><Cell><Data ss:Type="String">A.JELDRES.O94@GMAIL.COM</Data></Cell><Cell><Data ss:Type="String">Sin grupo</Data></Cell><Cell><Data ss:Type="String">2-11-2021</Data></Cell><Cell><Data ss:Type="String">15:23</Data></Cell><Cell><Data ss:Type="String">Activo</Data></Cell></Row><Row><Cell><Data ss:Type="String">10.016.989-4</Data></Cell><Cell><Data ss:Type="String">SORAYA DEL CARMEN</Data></Cell><Cell><Data ss:Type="String">SUBIABRE ALVARADO</Data></Cell><Cell><Data ss:Type="String">SORAYASUBIABRE@GMAIL.COM</Data></Cell><Cell><Data ss:Type="String">Sin grupo</Data></Cell><Cell><Data ss:Type="String">22-11-2021</Data></Cell><Cell><Data ss:Type="String">13:12</Data></Cell><Cell><Data ss:Type="String">Activo</Data></Cell></Row><Row><Cell><Data ss:Type="String">10.767.611-2</Data></Cell><Cell><Data ss:Type="String">Paola Andra</Data></Cell><Cell><Data ss:Type="String">Araya Pizarro</Data></Cell><Cell><Data ss:Type="String">ARAYA.PAOLA10@GMAIL.COM</Data></Cell><Cell><Data ss:Type="String">Sin grupo</Data></Cell><Cell><Data ss:Type="String">6-12-2021</Data></Cell><Cell><Data ss:Type="String">8:57</Data></Cell><Cell><Data ss:Type="String">Activo</Data></Cell></Row><Row><Cell><Data ss:Type="String">16.220.058-5</Data></Cell><Cell><Data ss:Type="String">NATALIA</Data></Cell><Cell><Data ss:Type="String">POBLETE NAVARRETE</Data></Cell><Cell><Data ss:Type="String">NATYPOBLETE1985@GMAIL.COM</Data></Cell><Cell><Data ss:Type="String">Sin grupo</Data></Cell><Cell><Data ss:Type="String">3-12-2021</Data></Cell><Cell><Data ss:Type="String">12:58</Data></Cell><Cell><Data ss:Type="String">Activo</Data></Cell></Row><Row><Cell><Data ss:Type="String">6.312.331-5</Data></Cell><Cell><Data ss:Type="String">ANGELA SIXTA DEL CARMEN</Data></Cell><Cell><Data ss:Type="String">QUIROGA AMU</Data></Cell><Cell><Data ss:Type="String">angela.quiroga@escascevirtual.cl</Data></Cell><Cell><Data ss:Type="String">Sin grupo</Data></Cell><Cell><Data ss:Type="String">13-12-2021</Data></Cell><Cell><Data ss:Type="String">8:27</Data></Cell><Cell><Data ss:Type="String">Activo</Data></Cell></Row><Row><Cell><Data ss:Type="String">12.484.436-3</Data></Cell><Cell><Data ss:Type="String">Dominique</Data></Cell><Cell><Data ss:Type="String">Montes Salinas</Data></Cell><Cell><Data ss:Type="String">DOMINIQUE.MONTES@SIP.CL</Data></Cell><Cell><Data ss:Type="String">Sin grupo</Data></Cell><Cell><Data ss:Type="String">17-11-2021</Data></Cell><Cell><Data ss:Type="String">16:36</Data></Cell><Cell><Data ss:Type="String">Activo</Data></Cell></Row><Row><Cell><Data ss:Type="String">18.226.965-4</Data></Cell><Cell><Data ss:Type="String">BARBARA </Data></Cell><Cell><Data ss:Type="String">CANALES ROJAS</Data></Cell><Cell><Data ss:Type="String">BARBARANICOL.CANALES@GMAIL.COM</Data></Cell><Cell><Data ss:Type="String">Sin grupo</Data></Cell><Cell><Data ss:Type="String">8-11-2021</Data></Cell><Cell><Data ss:Type="String">15:59</Data></Cell><Cell><Data ss:Type="String">Activo</Data></Cell></Row><Row><Cell><Data ss:Type="String">13.826.039-9</Data></Cell><Cell><Data ss:Type="String">PALMIRA</Data></Cell><Cell><Data ss:Type="String">NEGUE COÑUECAR - 8241</Data></Cell><Cell><Data ss:Type="String">PALMIRA_MARISEL@HOTMAIL.CL</Data></Cell><Cell><Data ss:Type="String">Sin grupo</Data></Cell><Cell><Data ss:Type="String">12-11-2021</Data></Cell><Cell><Data ss:Type="String">9:18</Data></Cell><Cell><Data ss:Type="String">Activo</Data></Cell></Row><Row><Cell><Data ss:Type="String">9.190.485-3</Data></Cell><Cell><Data ss:Type="String">José Armando</Data></Cell><Cell><Data ss:Type="String">Cuello Jiménez</Data></Cell><Cell><Data ss:Type="String">jose.cuello@slepcolchagua.cl</Data></Cell><Cell><Data ss:Type="String">Sin grupo</Data></Cell><Cell><Data ss:Type="String">24-11-2021</Data></Cell><Cell><Data ss:Type="String">21:58</Data></Cell><Cell><Data ss:Type="String">Activo</Data></Cell></Row><Row><Cell><Data ss:Type="String">8.494.301-0</Data></Cell><Cell><Data ss:Type="String">Carmen Gloria</Data></Cell><Cell><Data ss:Type="String">Illesca Sepúlveda</Data></Cell><Cell><Data ss:Type="String">carmenillesca@hotmail.com</Data></Cell><Cell><Data ss:Type="String">Sin grupo</Data></Cell><Cell><Data ss:Type="String">Sin acceso</Data></Cell><Cell><Data ss:Type="String">Sin acceso</Data></Cell><Cell><Data ss:Type="String">Activo</Data></Cell></Row><Row><Cell><Data ss:Type="String">12.446.407-2</Data></Cell><Cell><Data ss:Type="String">MARILYN LILIANA</Data></Cell><Cell><Data ss:Type="String">ARAYA ORELLANA</Data></Cell><Cell><Data ss:Type="String">MARYLYANY@HOTMAIL.COM</Data></Cell><Cell><Data ss:Type="String">Sin grupo</Data></Cell><Cell><Data ss:Type="String">14-12-2021</Data></Cell><Cell><Data ss:Type="String">11:58</Data></Cell><Cell><Data ss:Type="String">Activo</Data></Cell></Row><Row><Cell><Data ss:Type="String">15.121.773-7</Data></Cell><Cell><Data ss:Type="String">Solanch</Data></Cell><Cell><Data ss:Type="String">Palominos Zumelzu</Data></Cell><Cell><Data ss:Type="String">SOLE.PALOMINOS@GMAIL.COM</Data></Cell><Cell><Data ss:Type="String">Sin grupo</Data></Cell><Cell><Data ss:Type="String">6-12-2021</Data></Cell><Cell><Data ss:Type="String">12:51</Data></Cell><Cell><Data ss:Type="String">Activo</Data></Cell></Row><Row><Cell><Data ss:Type="String">10.145.436-3</Data></Cell><Cell><Data ss:Type="String">ELIZABETH YANETT</Data></Cell><Cell><Data ss:Type="String">LOPEZ  MENESES</Data></Cell><Cell><Data ss:Type="String">ELIZABETH_LOPEZ@LIVE.CL</Data></Cell><Cell><Data ss:Type="String">Sin grupo</Data></Cell><Cell><Data ss:Type="String">Sin acceso</Data></Cell><Cell><Data ss:Type="String">Sin acceso</Data></Cell><Cell><Data ss:Type="String">Activo</Data></Cell></Row><Row><Cell><Data ss:Type="String">10.220.844-7</Data></Cell><Cell><Data ss:Type="String">Gloria</Data></Cell><Cell><Data ss:Type="String">Valdés Espinoza</Data></Cell><Cell><Data ss:Type="String">GLORIA.VALDES.CRA@GMAIL.COM</Data></Cell><Cell><Data ss:Type="String">Sin grupo</Data></Cell><Cell><Data ss:Type="String">7-11-2021</Data></Cell><Cell><Data ss:Type="String">14:22</Data></Cell><Cell><Data ss:Type="String">Activo</Data></Cell></Row><Row><Cell><Data ss:Type="String">12.717.269-2</Data></Cell><Cell><Data ss:Type="String">VIVIANA</Data></Cell><Cell><Data ss:Type="String">ILNAO GALLARDO</Data></Cell><Cell><Data ss:Type="String">VILNA@HOTMAIL.COM</Data></Cell><Cell><Data ss:Type="String">Sin grupo</Data></Cell><Cell><Data ss:Type="String">Sin acceso</Data></Cell><Cell><Data ss:Type="String">Sin acceso</Data></Cell><Cell><Data ss:Type="String">Activo</Data></Cell></Row><Row><Cell><Data ss:Type="String">13.847.021-0</Data></Cell><Cell><Data ss:Type="String">DANIELA</Data></Cell><Cell><Data ss:Type="String">BURGOS OLIVA</Data></Cell><Cell><Data ss:Type="String">danielaburgosoliva@gmail.com</Data></Cell><Cell><Data ss:Type="String">Sin grupo</Data></Cell><Cell><Data ss:Type="String">9-12-2021</Data></Cell><Cell><Data ss:Type="String">13:9</Data></Cell><Cell><Data ss:Type="String">Activo</Data></Cell></Row><Row><Cell><Data ss:Type="String">10.824.783-5</Data></Cell><Cell><Data ss:Type="String">MARIA VIVIANA</Data></Cell><Cell><Data ss:Type="String">CARVAJAL ALVAREZ</Data></Cell><Cell><Data ss:Type="String">MARVIVI65@GMAIL.COM</Data></Cell><Cell><Data ss:Type="String">Sin grupo</Data></Cell><Cell><Data ss:Type="String">14-12-2021</Data></Cell><Cell><Data ss:Type="String">15:19</Data></Cell><Cell><Data ss:Type="String">Activo</Data></Cell></Row><Row><Cell><Data ss:Type="String">13.676.820-4</Data></Cell><Cell><Data ss:Type="String">ALICIA</Data></Cell><Cell><Data ss:Type="String">HORMAZABAL UBILLA</Data></Cell><Cell><Data ss:Type="String">ALICIA.HORMAZABAL@COLEGIOMANANTIAL.CL</Data></Cell><Cell><Data ss:Type="String">Sin grupo</Data></Cell><Cell><Data ss:Type="String">15-12-2021</Data></Cell><Cell><Data ss:Type="String">9:25</Data></Cell><Cell><Data ss:Type="String">Activo</Data></Cell></Row><Row><Cell><Data ss:Type="String">8.614.504-9</Data></Cell><Cell><Data ss:Type="String">PATRICIA</Data></Cell><Cell><Data ss:Type="String">MONTES NOVOA</Data></Cell><Cell><Data ss:Type="String">PAMONO660@GMAIL.COM</Data></Cell><Cell><Data ss:Type="String">Sin grupo</Data></Cell><Cell><Data ss:Type="String">15-12-2021</Data></Cell><Cell><Data ss:Type="String">8:48</Data></Cell><Cell><Data ss:Type="String">Activo</Data></Cell></Row><Row><Cell><Data ss:Type="String">9.874.028-7</Data></Cell><Cell><Data ss:Type="String">GIOVANNA</Data></Cell><Cell><Data ss:Type="String">ARAYA CORVETTO</Data></Cell><Cell><Data ss:Type="String">cra@colegiomarabierto.cl</Data></Cell><Cell><Data ss:Type="String">Sin grupo</Data></Cell><Cell><Data ss:Type="String">10-12-2021</Data></Cell><Cell><Data ss:Type="String">9:19</Data></Cell><Cell><Data ss:Type="String">Activo</Data></Cell></Row><Row><Cell><Data ss:Type="String">9.327.053-3</Data></Cell><Cell><Data ss:Type="String">Cecilia Verónica</Data></Cell><Cell><Data ss:Type="String">Zúñiga Salvo</Data></Cell><Cell><Data ss:Type="String">ceciliaveronica5318@gmail.com</Data></Cell><Cell><Data ss:Type="String">Sin grupo</Data></Cell><Cell><Data ss:Type="String">2-12-2021</Data></Cell><Cell><Data ss:Type="String">14:25</Data></Cell><Cell><Data ss:Type="String">Activo</Data></Cell></Row><Row><Cell><Data ss:Type="String">8.694.549-5</Data></Cell><Cell><Data ss:Type="String">MONICA</Data></Cell><Cell><Data ss:Type="String">SANCHEZ ZEPEDA</Data></Cell><Cell><Data ss:Type="String">MONYSANCHEZ1958@HOTMAIL.COM</Data></Cell><Cell><Data ss:Type="String">Sin grupo</Data></Cell><Cell><Data ss:Type="String">12-12-2021</Data></Cell><Cell><Data ss:Type="String">22:32</Data></Cell><Cell><Data ss:Type="String">Activo</Data></Cell></Row><Row><Cell><Data ss:Type="String">6.139.238-6</Data></Cell><Cell><Data ss:Type="String">JOSE GREGORIO</Data></Cell><Cell><Data ss:Type="String">MONJES CASTRO</Data></Cell><Cell><Data ss:Type="String">JGMONJESC@GMAIL.COM</Data></Cell><Cell><Data ss:Type="String">Sin grupo</Data></Cell><Cell><Data ss:Type="String">14-12-2021</Data></Cell><Cell><Data ss:Type="String">12:16</Data></Cell><Cell><Data ss:Type="String">Activo</Data></Cell></Row><Row><Cell><Data ss:Type="String">8.845.000-0</Data></Cell><Cell><Data ss:Type="String">VALERIA</Data></Cell><Cell><Data ss:Type="String">CANCINO VENEGAS</Data></Cell><Cell><Data ss:Type="String">VALECANV@GMAIL.COM</Data></Cell><Cell><Data ss:Type="String">Sin grupo</Data></Cell><Cell><Data ss:Type="String">14-12-2021</Data></Cell><Cell><Data ss:Type="String">17:12</Data></Cell><Cell><Data ss:Type="String">Activo</Data></Cell></Row><Row><Cell><Data ss:Type="String">5.478.819-3</Data></Cell><Cell><Data ss:Type="String">MARIANELA</Data></Cell><Cell><Data ss:Type="String">SEGOVIA SAA</Data></Cell><Cell><Data ss:Type="String">MSEGOVIA@COLEGIOLDV.CL</Data></Cell><Cell><Data ss:Type="String">Sin grupo</Data></Cell><Cell><Data ss:Type="String">15-12-2021</Data></Cell><Cell><Data ss:Type="String">10:28</Data></Cell><Cell><Data ss:Type="String">Activo</Data></Cell></Row><Row><Cell><Data ss:Type="String">15.519.340-9</Data></Cell><Cell><Data ss:Type="String">JESSICA</Data></Cell><Cell><Data ss:Type="String">SANTUBER VALDEBENITO</Data></Cell><Cell><Data ss:Type="String">JSANTUBERV@GMAIL.COM</Data></Cell><Cell><Data ss:Type="String">Sin grupo</Data></Cell><Cell><Data ss:Type="String">15-12-2021</Data></Cell><Cell><Data ss:Type="String">11:25</Data></Cell><Cell><Data ss:Type="String">Activo</Data></Cell></Row><Row><Cell><Data ss:Type="String">9.439.003-6</Data></Cell><Cell><Data ss:Type="String">NANCY LORENA</Data></Cell><Cell><Data ss:Type="String">CARVAJAL SANTA MARIA</Data></Cell><Cell><Data ss:Type="String">BIBLIOTEKARIA@GMAIL.COM</Data></Cell><Cell><Data ss:Type="String">Sin grupo</Data></Cell><Cell><Data ss:Type="String">15-12-2021</Data></Cell><Cell><Data ss:Type="String">0:3</Data></Cell><Cell><Data ss:Type="String">Activo</Data></Cell></Row><Row><Cell><Data ss:Type="String">12.189.755-5</Data></Cell><Cell><Data ss:Type="String">Mariela Valentina</Data></Cell><Cell><Data ss:Type="String">Matus Muñoz</Data></Cell><Cell><Data ss:Type="String">MARIELAMATUS106@GMAIL.COM</Data></Cell><Cell><Data ss:Type="String">Sin grupo</Data></Cell><Cell><Data ss:Type="String">7-12-2021</Data></Cell><Cell><Data ss:Type="String">11:11</Data></Cell><Cell><Data ss:Type="String">Activo</Data></Cell></Row><Row><Cell><Data ss:Type="String">8.216.095-7</Data></Cell><Cell><Data ss:Type="String">ZENAIDA ANGELICA</Data></Cell><Cell><Data ss:Type="String">ALVARADO FONFACH</Data></Cell><Cell><Data ss:Type="String">ZENAIDA.AF@HOTMAIL.COM</Data></Cell><Cell><Data ss:Type="String">Sin grupo</Data></Cell><Cell><Data ss:Type="String">10-11-2021</Data></Cell><Cell><Data ss:Type="String">23:22</Data></Cell><Cell><Data ss:Type="String">Activo</Data></Cell></Row><Row><Cell><Data ss:Type="String">16.565.847-7</Data></Cell><Cell><Data ss:Type="String">PRISCILA</Data></Cell><Cell><Data ss:Type="String">ALVAREZ BUGUEO</Data></Cell><Cell><Data ss:Type="String">alvarezpri@gmail.com</Data></Cell><Cell><Data ss:Type="String">Sin grupo</Data></Cell><Cell><Data ss:Type="String">9-11-2021</Data></Cell><Cell><Data ss:Type="String">9:20</Data></Cell><Cell><Data ss:Type="String">Activo</Data></Cell></Row><Row><Cell><Data ss:Type="String">13.323.037-8</Data></Cell><Cell><Data ss:Type="String">CAROLINA</Data></Cell><Cell><Data ss:Type="String">CAMPOS MUNOZ</Data></Cell><Cell><Data ss:Type="String">carolina.campos@ssvp.cl</Data></Cell><Cell><Data ss:Type="String">Sin grupo</Data></Cell><Cell><Data ss:Type="String">14-12-2021</Data></Cell><Cell><Data ss:Type="String">8:47</Data></Cell><Cell><Data ss:Type="String">Activo</Data></Cell></Row><Row><Cell><Data ss:Type="String">11.888.168-0</Data></Cell><Cell><Data ss:Type="String">Paula</Data></Cell><Cell><Data ss:Type="String">Ordenez</Data></Cell><Cell><Data ss:Type="String">biblio_cra2015@outlook.com</Data></Cell><Cell><Data ss:Type="String">Sin grupo</Data></Cell><Cell><Data ss:Type="String">16-11-2021</Data></Cell><Cell><Data ss:Type="String">17:6</Data></Cell><Cell><Data ss:Type="String">Activo</Data></Cell></Row><Row><Cell><Data ss:Type="String">12.396.595-7</Data></Cell><Cell><Data ss:Type="String">PATRICIA </Data></Cell><Cell><Data ss:Type="String">ROJAS BUGUENO</Data></Cell><Cell><Data ss:Type="String">PCRB.2010@GMAIL.COM</Data></Cell><Cell><Data ss:Type="String">Sin grupo</Data></Cell><Cell><Data ss:Type="String">14-12-2021</Data></Cell><Cell><Data ss:Type="String">23:48</Data></Cell><Cell><Data ss:Type="String">Activo</Data></Cell></Row><Row><Cell><Data ss:Type="String">17.722.620-3</Data></Cell><Cell><Data ss:Type="String">CAMILA</Data></Cell><Cell><Data ss:Type="String">ÁLVAREZ MUNIZAGA</Data></Cell><Cell><Data ss:Type="String">CAMILA.V.ALVAREZ@GMAIL.COM</Data></Cell><Cell><Data ss:Type="String">Sin grupo</Data></Cell><Cell><Data ss:Type="String">2-12-2021</Data></Cell><Cell><Data ss:Type="String">8:20</Data></Cell><Cell><Data ss:Type="String">Activo</Data></Cell></Row><Row><Cell><Data ss:Type="String">7.045.799-7</Data></Cell><Cell><Data ss:Type="String">CECILIA DEL CARMEN</Data></Cell><Cell><Data ss:Type="String">BRIONES SILVA</Data></Cell><Cell><Data ss:Type="String">CBRIONES@SJCOLEGIO.CL</Data></Cell><Cell><Data ss:Type="String">Sin grupo</Data></Cell><Cell><Data ss:Type="String">10-12-2021</Data></Cell><Cell><Data ss:Type="String">11:41</Data></Cell><Cell><Data ss:Type="String">Activo</Data></Cell></Row><Row><Cell><Data ss:Type="String">17.821.430-6</Data></Cell><Cell><Data ss:Type="String">KATHERINE</Data></Cell><Cell><Data ss:Type="String">MORALES MORALES</Data></Cell><Cell><Data ss:Type="String">LIC.MORALESK@GMAIL.COM</Data></Cell><Cell><Data ss:Type="String">Sin grupo</Data></Cell><Cell><Data ss:Type="String">12-11-2021</Data></Cell><Cell><Data ss:Type="String">16:57</Data></Cell><Cell><Data ss:Type="String">Activo</Data></Cell></Row><Row><Cell><Data ss:Type="String">8.626.156-1</Data></Cell><Cell><Data ss:Type="String">YINA</Data></Cell><Cell><Data ss:Type="String">CANCINO VINAS</Data></Cell><Cell><Data ss:Type="String">PROFEYINA1959@GMAIL.COM</Data></Cell><Cell><Data ss:Type="String">Sin grupo</Data></Cell><Cell><Data ss:Type="String">19-11-2021</Data></Cell><Cell><Data ss:Type="String">23:54</Data></Cell><Cell><Data ss:Type="String">Activo</Data></Cell></Row><Row><Cell><Data ss:Type="String">13.760.508-2</Data></Cell><Cell><Data ss:Type="String">HOMERO FELIPE</Data></Cell><Cell><Data ss:Type="String">LOPEZ TOLEDO</Data></Cell><Cell><Data ss:Type="String">FELIPELOPZ@GMAIL.COM</Data></Cell><Cell><Data ss:Type="String">Sin grupo</Data></Cell><Cell><Data ss:Type="String">13-12-2021</Data></Cell><Cell><Data ss:Type="String">14:37</Data></Cell><Cell><Data ss:Type="String">Activo</Data></Cell></Row><Row><Cell><Data ss:Type="String">11.734.914-4</Data></Cell><Cell><Data ss:Type="String">ROSA</Data></Cell><Cell><Data ss:Type="String">ARAVENA JARA</Data></Cell><Cell><Data ss:Type="String">ROSA_ARAVENACL@YAHOO.COM</Data></Cell><Cell><Data ss:Type="String">Sin grupo</Data></Cell><Cell><Data ss:Type="String">6-12-2021</Data></Cell><Cell><Data ss:Type="String">17:1</Data></Cell><Cell><Data ss:Type="String">Activo</Data></Cell></Row><Row><Cell><Data ss:Type="String">12.668.638-2</Data></Cell><Cell><Data ss:Type="String">SANDRA</Data></Cell><Cell><Data ss:Type="String">ROJAS LARRAGUIBEL</Data></Cell><Cell><Data ss:Type="String">TEMPLO.FORTISFENIX@GMAIL.COM</Data></Cell><Cell><Data ss:Type="String">Sin grupo</Data></Cell><Cell><Data ss:Type="String">23-11-2021</Data></Cell><Cell><Data ss:Type="String">11:39</Data></Cell><Cell><Data ss:Type="String">Activo</Data></Cell></Row><Row><Cell><Data ss:Type="String">15.362.332-5</Data></Cell><Cell><Data ss:Type="String">PAMELA</Data></Cell><Cell><Data ss:Type="String">ESPINOZA RODRÍGUEZ</Data></Cell><Cell><Data ss:Type="String">PAMELA.ESPINOZA.R@HOTMAIL.COM</Data></Cell><Cell><Data ss:Type="String">Sin grupo</Data></Cell><Cell><Data ss:Type="String">7-12-2021</Data></Cell><Cell><Data ss:Type="String">15:59</Data></Cell><Cell><Data ss:Type="String">Activo</Data></Cell></Row><Row><Cell><Data ss:Type="String">14.290.684-8</Data></Cell><Cell><Data ss:Type="String">MARISOL  CARMEN</Data></Cell><Cell><Data ss:Type="String">HUERTA OSSES</Data></Cell><Cell><Data ss:Type="String">MARIBIBLIOTECA296@GMAIL.COM</Data></Cell><Cell><Data ss:Type="String">Sin grupo</Data></Cell><Cell><Data ss:Type="String">Sin acceso</Data></Cell><Cell><Data ss:Type="String">Sin acceso</Data></Cell><Cell><Data ss:Type="String">Activo</Data></Cell></Row><Row><Cell><Data ss:Type="String">11.431.984-8</Data></Cell><Cell><Data ss:Type="String">DELICIA DEL CARMEN</Data></Cell><Cell><Data ss:Type="String">GONZALEZ ALMONACID</Data></Cell><Cell><Data ss:Type="String">ESCUELAPUTENIO@GMAIL.COM</Data></Cell><Cell><Data ss:Type="String">Sin grupo</Data></Cell><Cell><Data ss:Type="String">14-12-2021</Data></Cell><Cell><Data ss:Type="String">18:9</Data></Cell><Cell><Data ss:Type="String">Activo</Data></Cell></Row><Row><Cell><Data ss:Type="String">9.739.826-7</Data></Cell><Cell><Data ss:Type="String">Rebeca</Data></Cell><Cell><Data ss:Type="String">Rios Fernandez</Data></Cell><Cell><Data ss:Type="String">REBECARIOSF@GMAIL.COM</Data></Cell><Cell><Data ss:Type="String">Sin grupo</Data></Cell><Cell><Data ss:Type="String">2-12-2021</Data></Cell><Cell><Data ss:Type="String">11:19</Data></Cell><Cell><Data ss:Type="String">Activo</Data></Cell></Row><Row><Cell><Data ss:Type="String">10.415.789-0</Data></Cell><Cell><Data ss:Type="String">NANCI MARGOTH</Data></Cell><Cell><Data ss:Type="String">GONZALEZ ARISMENDI</Data></Cell><Cell><Data ss:Type="String">NANCY0110CATITA@HOTMAIL.COM</Data></Cell><Cell><Data ss:Type="String">Sin grupo</Data></Cell><Cell><Data ss:Type="String">25-11-2021</Data></Cell><Cell><Data ss:Type="String">10:21</Data></Cell><Cell><Data ss:Type="String">Activo</Data></Cell></Row><Row><Cell><Data ss:Type="String">12.577.054-1</Data></Cell><Cell><Data ss:Type="String">Sandra Soledad</Data></Cell><Cell><Data ss:Type="String">Alvarez Cortés</Data></Cell><Cell><Data ss:Type="String">ALVAREZCORTES.SOLEDAD@GMAIL.COM</Data></Cell><Cell><Data ss:Type="String">Sin grupo</Data></Cell><Cell><Data ss:Type="String">14-12-2021</Data></Cell><Cell><Data ss:Type="String">22:52</Data></Cell><Cell><Data ss:Type="String">Activo</Data></Cell></Row><Row><Cell><Data ss:Type="String">24.631.317-2</Data></Cell><Cell><Data ss:Type="String">CARINA</Data></Cell><Cell><Data ss:Type="String">GARCIA JUAREZ</Data></Cell><Cell><Data ss:Type="String">CGARCIA@SANAGUSTIN.CL</Data></Cell><Cell><Data ss:Type="String">Sin grupo</Data></Cell><Cell><Data ss:Type="String">24-11-2021</Data></Cell><Cell><Data ss:Type="String">14:1</Data></Cell><Cell><Data ss:Type="String">Activo</Data></Cell></Row><Row><Cell><Data ss:Type="String">12.226.390-8</Data></Cell><Cell><Data ss:Type="String">VIRGINIA  CAROLINA</Data></Cell><Cell><Data ss:Type="String">SAEZ MORALES</Data></Cell><Cell><Data ss:Type="String">CAROLINA_2306@HOTMAIL.COM</Data></Cell><Cell><Data ss:Type="String">Sin grupo</Data></Cell><Cell><Data ss:Type="String">14-12-2021</Data></Cell><Cell><Data ss:Type="String">17:47</Data></Cell><Cell><Data ss:Type="String">Activo</Data></Cell></Row><Row><Cell><Data ss:Type="String">16.717.930-4</Data></Cell><Cell><Data ss:Type="String">PERLA</Data></Cell><Cell><Data ss:Type="String">DONOSO MARTINEZ</Data></Cell><Cell><Data ss:Type="String">POETANERUDACOMUNICACIONES@GMAIL.COM</Data></Cell><Cell><Data ss:Type="String">Sin grupo</Data></Cell><Cell><Data ss:Type="String">11-12-2021</Data></Cell><Cell><Data ss:Type="String">23:47</Data></Cell><Cell><Data ss:Type="String">Activo</Data></Cell></Row><Row><Cell><Data ss:Type="String">12.321.825-6</Data></Cell><Cell><Data ss:Type="String">VIVANA MARCELA</Data></Cell><Cell><Data ss:Type="String">GAJARDO CHAMORRO</Data></Cell><Cell><Data ss:Type="String">viviana.gajardo@escuelalosconquistadores.cl</Data></Cell><Cell><Data ss:Type="String">Sin grupo</Data></Cell><Cell><Data ss:Type="String">13-12-2021</Data></Cell><Cell><Data ss:Type="String">0:4</Data></Cell><Cell><Data ss:Type="String">Activo</Data></Cell></Row><Row><Cell><Data ss:Type="String">10.748.550-3</Data></Cell><Cell><Data ss:Type="String">Verónica</Data></Cell><Cell><Data ss:Type="String">Navarro Reveco</Data></Cell><Cell><Data ss:Type="String">VERONICA.NAVARRO.R@HOTMAIL.COM</Data></Cell><Cell><Data ss:Type="String">Sin grupo</Data></Cell><Cell><Data ss:Type="String">13-12-2021</Data></Cell><Cell><Data ss:Type="String">13:56</Data></Cell><Cell><Data ss:Type="String">Activo</Data></Cell></Row><Row><Cell><Data ss:Type="String">12.169.115-9</Data></Cell><Cell><Data ss:Type="String">CRISTIAN FELIPE</Data></Cell><Cell><Data ss:Type="String">SOTO ARAYA</Data></Cell><Cell><Data ss:Type="String">CSOTO@LOSCIPRESES.CL</Data></Cell><Cell><Data ss:Type="String">Sin grupo</Data></Cell><Cell><Data ss:Type="String">15-12-2021</Data></Cell><Cell><Data ss:Type="String">9:19</Data></Cell><Cell><Data ss:Type="String">Activo</Data></Cell></Row><Row><Cell><Data ss:Type="String">17.784.332-6</Data></Cell><Cell><Data ss:Type="String">ALVARO ANDRÉS</Data></Cell><Cell><Data ss:Type="String">LORCA CARCAMO</Data></Cell><Cell><Data ss:Type="String">ALVARO.LORCA.16@GMAIL.COM</Data></Cell><Cell><Data ss:Type="String">Sin grupo</Data></Cell><Cell><Data ss:Type="String">10-11-2021</Data></Cell><Cell><Data ss:Type="String">12:2</Data></Cell><Cell><Data ss:Type="String">Activo</Data></Cell></Row></Table></Worksheet></Workbook>