<?xml version="1.0"?><?mso-application progid="Excel.Sheet"?><Workbook xmlns="urn:schemas-microsoft-com:office:spreadsheet" xmlns:ss="urn:schemas-microsoft-com:office:spreadsheet"><DocumentProperties xmlns="urn:schemas-microsoft-com:office:office"><Author>Axel Richter</Author><Created>1639579912138</Created></DocumentProperties><Styles><Style ss:ID="Currency"><NumberFormat ss:Format="Currency"></NumberFormat></Style><Style ss:ID="Date"><NumberFormat ss:Format="Medium Date"></NumberFormat></Style></Styles><Worksheet ss:Name="General"><Table><Row><Cell><Data ss:Type="String">Reporte: </Data></Cell><Cell><Data ss:Type="String">Acceso a curso</Data></Cell></Row><Row><Cell><Data ss:Type="String">Categoría: </Data></Cell><Cell><Data ss:Type="String">Aulas Curso J (#1320)</Data></Cell></Row><Row><Cell><Data ss:Type="String">Curso: </Data></Cell><Cell><Data ss:Type="String">Plan de Formación; Curso J :  Vínculo con otras organizaciones de fomento del libro y la lectura-Aula 3 (#10811)</Data></Cell></Row><Row><Cell><Data ss:Type="String">Fecha de generación: </Data></Cell><Cell><Data ss:Type="String">15/12/2021</Data></Cell></Row><Row></Row><Row><Cell><Data ss:Type="String">Fecha</Data></Cell><Cell><Data ss:Type="String">Cantidad</Data></Cell><Cell><Data ss:Type="String"></Data></Cell><Cell><Data ss:Type="String">Usuarios</Data></Cell><Cell><Data ss:Type="String">Cantidad</Data></Cell></Row><Row><Cell><Data ss:Type="String">27-09-2021</Data></Cell><Cell><Data ss:Type="String">29</Data></Cell><Cell><Data ss:Type="String"></Data></Cell><Cell><Data ss:Type="String">Con acceso </Data></Cell><Cell><Data ss:Type="String">120</Data></Cell></Row><Row><Cell><Data ss:Type="String">28-09-2021</Data></Cell><Cell><Data ss:Type="String">33</Data></Cell><Cell><Data ss:Type="String"></Data></Cell><Cell><Data ss:Type="String">Sin acceso </Data></Cell><Cell><Data ss:Type="String">13</Data></Cell></Row><Row><Cell><Data ss:Type="String">29-09-2021</Data></Cell><Cell><Data ss:Type="String">28</Data></Cell><Cell><Data ss:Type="String"></Data></Cell><Cell><Data ss:Type="String">Total </Data></Cell><Cell><Data ss:Type="String">133</Data></Cell></Row><Row><Cell><Data ss:Type="String">30-09-2021</Data></Cell><Cell><Data ss:Type="String">26</Data></Cell><Cell><Data ss:Type="String"></Data></Cell><Cell><Data ss:Type="String"></Data></Cell><Cell><Data ss:Type="String"></Data></Cell></Row><Row><Cell><Data ss:Type="String">01-10-2021</Data></Cell><Cell><Data ss:Type="String">14</Data></Cell><Cell><Data ss:Type="String"></Data></Cell><Cell><Data ss:Type="String"></Data></Cell><Cell><Data ss:Type="String"></Data></Cell></Row><Row><Cell><Data ss:Type="String">02-10-2021</Data></Cell><Cell><Data ss:Type="String">5</Data></Cell><Cell><Data ss:Type="String"></Data></Cell><Cell><Data ss:Type="String"></Data></Cell><Cell><Data ss:Type="String"></Data></Cell></Row><Row><Cell><Data ss:Type="String">03-10-2021</Data></Cell><Cell><Data ss:Type="String">5</Data></Cell><Cell><Data ss:Type="String"></Data></Cell><Cell><Data ss:Type="String"></Data></Cell><Cell><Data ss:Type="String"></Data></Cell></Row><Row><Cell><Data ss:Type="String">04-10-2021</Data></Cell><Cell><Data ss:Type="String">15</Data></Cell><Cell><Data ss:Type="String"></Data></Cell><Cell><Data ss:Type="String"></Data></Cell><Cell><Data ss:Type="String"></Data></Cell></Row><Row><Cell><Data ss:Type="String">05-10-2021</Data></Cell><Cell><Data ss:Type="String">24</Data></Cell><Cell><Data ss:Type="String"></Data></Cell><Cell><Data ss:Type="String"></Data></Cell><Cell><Data ss:Type="String"></Data></Cell></Row><Row><Cell><Data ss:Type="String">06-10-2021</Data></Cell><Cell><Data ss:Type="String">22</Data></Cell><Cell><Data ss:Type="String"></Data></Cell><Cell><Data ss:Type="String"></Data></Cell><Cell><Data ss:Type="String"></Data></Cell></Row><Row><Cell><Data ss:Type="String">07-10-2021</Data></Cell><Cell><Data ss:Type="String">22</Data></Cell><Cell><Data ss:Type="String"></Data></Cell><Cell><Data ss:Type="String"></Data></Cell><Cell><Data ss:Type="String"></Data></Cell></Row><Row><Cell><Data ss:Type="String">08-10-2021</Data></Cell><Cell><Data ss:Type="String">16</Data></Cell><Cell><Data ss:Type="String"></Data></Cell><Cell><Data ss:Type="String"></Data></Cell><Cell><Data ss:Type="String"></Data></Cell></Row><Row><Cell><Data ss:Type="String">09-10-2021</Data></Cell><Cell><Data ss:Type="String">3</Data></Cell><Cell><Data ss:Type="String"></Data></Cell><Cell><Data ss:Type="String"></Data></Cell><Cell><Data ss:Type="String"></Data></Cell></Row><Row><Cell><Data ss:Type="String">10-10-2021</Data></Cell><Cell><Data ss:Type="String">4</Data></Cell><Cell><Data ss:Type="String"></Data></Cell><Cell><Data ss:Type="String"></Data></Cell><Cell><Data ss:Type="String"></Data></Cell></Row><Row><Cell><Data ss:Type="String">11-10-2021</Data></Cell><Cell><Data ss:Type="String">6</Data></Cell><Cell><Data ss:Type="String"></Data></Cell><Cell><Data ss:Type="String"></Data></Cell><Cell><Data ss:Type="String"></Data></Cell></Row><Row><Cell><Data ss:Type="String">12-10-2021</Data></Cell><Cell><Data ss:Type="String">20</Data></Cell><Cell><Data ss:Type="String"></Data></Cell><Cell><Data ss:Type="String"></Data></Cell><Cell><Data ss:Type="String"></Data></Cell></Row><Row><Cell><Data ss:Type="String">13-10-2021</Data></Cell><Cell><Data ss:Type="String">18</Data></Cell><Cell><Data ss:Type="String"></Data></Cell><Cell><Data ss:Type="String"></Data></Cell><Cell><Data ss:Type="String"></Data></Cell></Row><Row><Cell><Data ss:Type="String">14-10-2021</Data></Cell><Cell><Data ss:Type="String">18</Data></Cell><Cell><Data ss:Type="String"></Data></Cell><Cell><Data ss:Type="String"></Data></Cell><Cell><Data ss:Type="String"></Data></Cell></Row><Row><Cell><Data ss:Type="String">15-10-2021</Data></Cell><Cell><Data ss:Type="String">5</Data></Cell><Cell><Data ss:Type="String"></Data></Cell><Cell><Data ss:Type="String"></Data></Cell><Cell><Data ss:Type="String"></Data></Cell></Row><Row><Cell><Data ss:Type="String">16-10-2021</Data></Cell><Cell><Data ss:Type="String">1</Data></Cell><Cell><Data ss:Type="String"></Data></Cell><Cell><Data ss:Type="String"></Data></Cell><Cell><Data ss:Type="String"></Data></Cell></Row><Row><Cell><Data ss:Type="String">17-10-2021</Data></Cell><Cell><Data ss:Type="String">4</Data></Cell><Cell><Data ss:Type="String"></Data></Cell><Cell><Data ss:Type="String"></Data></Cell><Cell><Data ss:Type="String"></Data></Cell></Row><Row><Cell><Data ss:Type="String">18-10-2021</Data></Cell><Cell><Data ss:Type="String">25</Data></Cell><Cell><Data ss:Type="String"></Data></Cell><Cell><Data ss:Type="String"></Data></Cell><Cell><Data ss:Type="String"></Data></Cell></Row><Row><Cell><Data ss:Type="String">19-10-2021</Data></Cell><Cell><Data ss:Type="String">25</Data></Cell><Cell><Data ss:Type="String"></Data></Cell><Cell><Data ss:Type="String"></Data></Cell><Cell><Data ss:Type="String"></Data></Cell></Row><Row><Cell><Data ss:Type="String">20-10-2021</Data></Cell><Cell><Data ss:Type="String">25</Data></Cell><Cell><Data ss:Type="String"></Data></Cell><Cell><Data ss:Type="String"></Data></Cell><Cell><Data ss:Type="String"></Data></Cell></Row><Row><Cell><Data ss:Type="String">21-10-2021</Data></Cell><Cell><Data ss:Type="String">14</Data></Cell><Cell><Data ss:Type="String"></Data></Cell><Cell><Data ss:Type="String"></Data></Cell><Cell><Data ss:Type="String"></Data></Cell></Row><Row><Cell><Data ss:Type="String">22-10-2021</Data></Cell><Cell><Data ss:Type="String">15</Data></Cell><Cell><Data ss:Type="String"></Data></Cell><Cell><Data ss:Type="String"></Data></Cell><Cell><Data ss:Type="String"></Data></Cell></Row><Row><Cell><Data ss:Type="String">23-10-2021</Data></Cell><Cell><Data ss:Type="String">8</Data></Cell><Cell><Data ss:Type="String"></Data></Cell><Cell><Data ss:Type="String"></Data></Cell><Cell><Data ss:Type="String"></Data></Cell></Row><Row><Cell><Data ss:Type="String">24-10-2021</Data></Cell><Cell><Data ss:Type="String">10</Data></Cell><Cell><Data ss:Type="String"></Data></Cell><Cell><Data ss:Type="String"></Data></Cell><Cell><Data ss:Type="String"></Data></Cell></Row><Row><Cell><Data ss:Type="String">25-10-2021</Data></Cell><Cell><Data ss:Type="String">25</Data></Cell><Cell><Data ss:Type="String"></Data></Cell><Cell><Data ss:Type="String"></Data></Cell><Cell><Data ss:Type="String"></Data></Cell></Row><Row><Cell><Data ss:Type="String">26-10-2021</Data></Cell><Cell><Data ss:Type="String">23</Data></Cell><Cell><Data ss:Type="String"></Data></Cell><Cell><Data ss:Type="String"></Data></Cell><Cell><Data ss:Type="String"></Data></Cell></Row><Row><Cell><Data ss:Type="String">27-10-2021</Data></Cell><Cell><Data ss:Type="String">19</Data></Cell><Cell><Data ss:Type="String"></Data></Cell><Cell><Data ss:Type="String"></Data></Cell><Cell><Data ss:Type="String"></Data></Cell></Row><Row><Cell><Data ss:Type="String">28-10-2021</Data></Cell><Cell><Data ss:Type="String">16</Data></Cell><Cell><Data ss:Type="String"></Data></Cell><Cell><Data ss:Type="String"></Data></Cell><Cell><Data ss:Type="String"></Data></Cell></Row><Row><Cell><Data ss:Type="String">29-10-2021</Data></Cell><Cell><Data ss:Type="String">14</Data></Cell><Cell><Data ss:Type="String"></Data></Cell><Cell><Data ss:Type="String"></Data></Cell><Cell><Data ss:Type="String"></Data></Cell></Row><Row><Cell><Data ss:Type="String">30-10-2021</Data></Cell><Cell><Data ss:Type="String">6</Data></Cell><Cell><Data ss:Type="String"></Data></Cell><Cell><Data ss:Type="String"></Data></Cell><Cell><Data ss:Type="String"></Data></Cell></Row><Row><Cell><Data ss:Type="String">31-10-2021</Data></Cell><Cell><Data ss:Type="String">5</Data></Cell><Cell><Data ss:Type="String"></Data></Cell><Cell><Data ss:Type="String"></Data></Cell><Cell><Data ss:Type="String"></Data></Cell></Row><Row><Cell><Data ss:Type="String">01-11-2021</Data></Cell><Cell><Data ss:Type="String">7</Data></Cell><Cell><Data ss:Type="String"></Data></Cell><Cell><Data ss:Type="String"></Data></Cell><Cell><Data ss:Type="String"></Data></Cell></Row><Row><Cell><Data ss:Type="String">02-11-2021</Data></Cell><Cell><Data ss:Type="String">24</Data></Cell><Cell><Data ss:Type="String"></Data></Cell><Cell><Data ss:Type="String"></Data></Cell><Cell><Data ss:Type="String"></Data></Cell></Row><Row><Cell><Data ss:Type="String">03-11-2021</Data></Cell><Cell><Data ss:Type="String">25</Data></Cell><Cell><Data ss:Type="String"></Data></Cell><Cell><Data ss:Type="String"></Data></Cell><Cell><Data ss:Type="String"></Data></Cell></Row><Row><Cell><Data ss:Type="String">04-11-2021</Data></Cell><Cell><Data ss:Type="String">20</Data></Cell><Cell><Data ss:Type="String"></Data></Cell><Cell><Data ss:Type="String"></Data></Cell><Cell><Data ss:Type="String"></Data></Cell></Row><Row><Cell><Data ss:Type="String">05-11-2021</Data></Cell><Cell><Data ss:Type="String">13</Data></Cell><Cell><Data ss:Type="String"></Data></Cell><Cell><Data ss:Type="String"></Data></Cell><Cell><Data ss:Type="String"></Data></Cell></Row><Row><Cell><Data ss:Type="String">06-11-2021</Data></Cell><Cell><Data ss:Type="String">3</Data></Cell><Cell><Data ss:Type="String"></Data></Cell><Cell><Data ss:Type="String"></Data></Cell><Cell><Data ss:Type="String"></Data></Cell></Row><Row><Cell><Data ss:Type="String">07-11-2021</Data></Cell><Cell><Data ss:Type="String">6</Data></Cell><Cell><Data ss:Type="String"></Data></Cell><Cell><Data ss:Type="String"></Data></Cell><Cell><Data ss:Type="String"></Data></Cell></Row><Row><Cell><Data ss:Type="String">08-11-2021</Data></Cell><Cell><Data ss:Type="String">24</Data></Cell><Cell><Data ss:Type="String"></Data></Cell><Cell><Data ss:Type="String"></Data></Cell><Cell><Data ss:Type="String"></Data></Cell></Row><Row><Cell><Data ss:Type="String">09-11-2021</Data></Cell><Cell><Data ss:Type="String">23</Data></Cell><Cell><Data ss:Type="String"></Data></Cell><Cell><Data ss:Type="String"></Data></Cell><Cell><Data ss:Type="String"></Data></Cell></Row><Row><Cell><Data ss:Type="String">10-11-2021</Data></Cell><Cell><Data ss:Type="String">23</Data></Cell><Cell><Data ss:Type="String"></Data></Cell><Cell><Data ss:Type="String"></Data></Cell><Cell><Data ss:Type="String"></Data></Cell></Row><Row><Cell><Data ss:Type="String">11-11-2021</Data></Cell><Cell><Data ss:Type="String">13</Data></Cell><Cell><Data ss:Type="String"></Data></Cell><Cell><Data ss:Type="String"></Data></Cell><Cell><Data ss:Type="String"></Data></Cell></Row><Row><Cell><Data ss:Type="String">12-11-2021</Data></Cell><Cell><Data ss:Type="String">18</Data></Cell><Cell><Data ss:Type="String"></Data></Cell><Cell><Data ss:Type="String"></Data></Cell><Cell><Data ss:Type="String"></Data></Cell></Row><Row><Cell><Data ss:Type="String">13-11-2021</Data></Cell><Cell><Data ss:Type="String">5</Data></Cell><Cell><Data ss:Type="String"></Data></Cell><Cell><Data ss:Type="String"></Data></Cell><Cell><Data ss:Type="String"></Data></Cell></Row><Row><Cell><Data ss:Type="String">14-11-2021</Data></Cell><Cell><Data ss:Type="String">7</Data></Cell><Cell><Data ss:Type="String"></Data></Cell><Cell><Data ss:Type="String"></Data></Cell><Cell><Data ss:Type="String"></Data></Cell></Row><Row><Cell><Data ss:Type="String">15-11-2021</Data></Cell><Cell><Data ss:Type="String">34</Data></Cell><Cell><Data ss:Type="String"></Data></Cell><Cell><Data ss:Type="String"></Data></Cell><Cell><Data ss:Type="String"></Data></Cell></Row><Row><Cell><Data ss:Type="String">16-11-2021</Data></Cell><Cell><Data ss:Type="String">43</Data></Cell><Cell><Data ss:Type="String"></Data></Cell><Cell><Data ss:Type="String"></Data></Cell><Cell><Data ss:Type="String"></Data></Cell></Row><Row><Cell><Data ss:Type="String">17-11-2021</Data></Cell><Cell><Data ss:Type="String">49</Data></Cell><Cell><Data ss:Type="String"></Data></Cell><Cell><Data ss:Type="String"></Data></Cell><Cell><Data ss:Type="String"></Data></Cell></Row><Row><Cell><Data ss:Type="String">18-11-2021</Data></Cell><Cell><Data ss:Type="String">41</Data></Cell><Cell><Data ss:Type="String"></Data></Cell><Cell><Data ss:Type="String"></Data></Cell><Cell><Data ss:Type="String"></Data></Cell></Row><Row><Cell><Data ss:Type="String">19-11-2021</Data></Cell><Cell><Data ss:Type="String">31</Data></Cell><Cell><Data ss:Type="String"></Data></Cell><Cell><Data ss:Type="String"></Data></Cell><Cell><Data ss:Type="String"></Data></Cell></Row><Row><Cell><Data ss:Type="String">20-11-2021</Data></Cell><Cell><Data ss:Type="String">14</Data></Cell><Cell><Data ss:Type="String"></Data></Cell><Cell><Data ss:Type="String"></Data></Cell><Cell><Data ss:Type="String"></Data></Cell></Row><Row><Cell><Data ss:Type="String">21-11-2021</Data></Cell><Cell><Data ss:Type="String">13</Data></Cell><Cell><Data ss:Type="String"></Data></Cell><Cell><Data ss:Type="String"></Data></Cell><Cell><Data ss:Type="String"></Data></Cell></Row><Row><Cell><Data ss:Type="String">22-11-2021</Data></Cell><Cell><Data ss:Type="String">40</Data></Cell><Cell><Data ss:Type="String"></Data></Cell><Cell><Data ss:Type="String"></Data></Cell><Cell><Data ss:Type="String"></Data></Cell></Row><Row><Cell><Data ss:Type="String">23-11-2021</Data></Cell><Cell><Data ss:Type="String">52</Data></Cell><Cell><Data ss:Type="String"></Data></Cell><Cell><Data ss:Type="String"></Data></Cell><Cell><Data ss:Type="String"></Data></Cell></Row><Row><Cell><Data ss:Type="String">24-11-2021</Data></Cell><Cell><Data ss:Type="String">47</Data></Cell><Cell><Data ss:Type="String"></Data></Cell><Cell><Data ss:Type="String"></Data></Cell><Cell><Data ss:Type="String"></Data></Cell></Row><Row><Cell><Data ss:Type="String">25-11-2021</Data></Cell><Cell><Data ss:Type="String">48</Data></Cell><Cell><Data ss:Type="String"></Data></Cell><Cell><Data ss:Type="String"></Data></Cell><Cell><Data ss:Type="String"></Data></Cell></Row><Row><Cell><Data ss:Type="String">26-11-2021</Data></Cell><Cell><Data ss:Type="String">19</Data></Cell><Cell><Data ss:Type="String"></Data></Cell><Cell><Data ss:Type="String"></Data></Cell><Cell><Data ss:Type="String"></Data></Cell></Row><Row><Cell><Data ss:Type="String">27-11-2021</Data></Cell><Cell><Data ss:Type="String">4</Data></Cell><Cell><Data ss:Type="String"></Data></Cell><Cell><Data ss:Type="String"></Data></Cell><Cell><Data ss:Type="String"></Data></Cell></Row><Row><Cell><Data ss:Type="String">28-11-2021</Data></Cell><Cell><Data ss:Type="String">1</Data></Cell><Cell><Data ss:Type="String"></Data></Cell><Cell><Data ss:Type="String"></Data></Cell><Cell><Data ss:Type="String"></Data></Cell></Row><Row><Cell><Data ss:Type="String">29-11-2021</Data></Cell><Cell><Data ss:Type="String">14</Data></Cell><Cell><Data ss:Type="String"></Data></Cell><Cell><Data ss:Type="String"></Data></Cell><Cell><Data ss:Type="String"></Data></Cell></Row><Row><Cell><Data ss:Type="String">30-11-2021</Data></Cell><Cell><Data ss:Type="String">10</Data></Cell><Cell><Data ss:Type="String"></Data></Cell><Cell><Data ss:Type="String"></Data></Cell><Cell><Data ss:Type="String"></Data></Cell></Row><Row><Cell><Data ss:Type="String">01-12-2021</Data></Cell><Cell><Data ss:Type="String">11</Data></Cell><Cell><Data ss:Type="String"></Data></Cell><Cell><Data ss:Type="String"></Data></Cell><Cell><Data ss:Type="String"></Data></Cell></Row><Row><Cell><Data ss:Type="String">02-12-2021</Data></Cell><Cell><Data ss:Type="String">6</Data></Cell><Cell><Data ss:Type="String"></Data></Cell><Cell><Data ss:Type="String"></Data></Cell><Cell><Data ss:Type="String"></Data></Cell></Row><Row><Cell><Data ss:Type="String">03-12-2021</Data></Cell><Cell><Data ss:Type="String">6</Data></Cell><Cell><Data ss:Type="String"></Data></Cell><Cell><Data ss:Type="String"></Data></Cell><Cell><Data ss:Type="String"></Data></Cell></Row><Row><Cell><Data ss:Type="String">04-12-2021</Data></Cell><Cell><Data ss:Type="String">1</Data></Cell><Cell><Data ss:Type="String"></Data></Cell><Cell><Data ss:Type="String"></Data></Cell><Cell><Data ss:Type="String"></Data></Cell></Row><Row><Cell><Data ss:Type="String">05-12-2021</Data></Cell><Cell><Data ss:Type="String">2</Data></Cell><Cell><Data ss:Type="String"></Data></Cell><Cell><Data ss:Type="String"></Data></Cell><Cell><Data ss:Type="String"></Data></Cell></Row><Row><Cell><Data ss:Type="String">06-12-2021</Data></Cell><Cell><Data ss:Type="String">7</Data></Cell><Cell><Data ss:Type="String"></Data></Cell><Cell><Data ss:Type="String"></Data></Cell><Cell><Data ss:Type="String"></Data></Cell></Row><Row><Cell><Data ss:Type="String">07-12-2021</Data></Cell><Cell><Data ss:Type="String">2</Data></Cell><Cell><Data ss:Type="String"></Data></Cell><Cell><Data ss:Type="String"></Data></Cell><Cell><Data ss:Type="String"></Data></Cell></Row><Row><Cell><Data ss:Type="String">08-12-2021</Data></Cell><Cell><Data ss:Type="String">1</Data></Cell><Cell><Data ss:Type="String"></Data></Cell><Cell><Data ss:Type="String"></Data></Cell><Cell><Data ss:Type="String"></Data></Cell></Row><Row><Cell><Data ss:Type="String">09-12-2021</Data></Cell><Cell><Data ss:Type="String">5</Data></Cell><Cell><Data ss:Type="String"></Data></Cell><Cell><Data ss:Type="String"></Data></Cell><Cell><Data ss:Type="String"></Data></Cell></Row><Row><Cell><Data ss:Type="String">10-12-2021</Data></Cell><Cell><Data ss:Type="String">6</Data></Cell><Cell><Data ss:Type="String"></Data></Cell><Cell><Data ss:Type="String"></Data></Cell><Cell><Data ss:Type="String"></Data></Cell></Row><Row><Cell><Data ss:Type="String">11-12-2021</Data></Cell><Cell><Data ss:Type="String">1</Data></Cell><Cell><Data ss:Type="String"></Data></Cell><Cell><Data ss:Type="String"></Data></Cell><Cell><Data ss:Type="String"></Data></Cell></Row><Row><Cell><Data ss:Type="String">12-12-2021</Data></Cell><Cell><Data ss:Type="String">2</Data></Cell><Cell><Data ss:Type="String"></Data></Cell><Cell><Data ss:Type="String"></Data></Cell><Cell><Data ss:Type="String"></Data></Cell></Row><Row><Cell><Data ss:Type="String">13-12-2021</Data></Cell><Cell><Data ss:Type="String">7</Data></Cell><Cell><Data ss:Type="String"></Data></Cell><Cell><Data ss:Type="String"></Data></Cell><Cell><Data ss:Type="String"></Data></Cell></Row><Row><Cell><Data ss:Type="String">14-12-2021</Data></Cell><Cell><Data ss:Type="String">10</Data></Cell><Cell><Data ss:Type="String"></Data></Cell><Cell><Data ss:Type="String"></Data></Cell><Cell><Data ss:Type="String"></Data></Cell></Row><Row><Cell><Data ss:Type="String">15-12-2021</Data></Cell><Cell><Data ss:Type="String">5</Data></Cell><Cell><Data ss:Type="String"></Data></Cell><Cell><Data ss:Type="String"></Data></Cell><Cell><Data ss:Type="String"></Data></Cell></Row><Row><Cell><Data ss:Type="String">Total</Data></Cell><Cell><Data ss:Type="String">1291</Data></Cell><Cell><Data ss:Type="String"></Data></Cell><Cell><Data ss:Type="String"></Data></Cell><Cell><Data ss:Type="String"></Data></Cell></Row></Table></Worksheet><Worksheet ss:Name="Detalle"><Table><Row><Cell><Data ss:Type="String">Rut</Data></Cell><Cell><Data ss:Type="String">Nombre</Data></Cell><Cell><Data ss:Type="String">Apellido</Data></Cell><Cell><Data ss:Type="String">Correo</Data></Cell><Cell><Data ss:Type="String">Grupo</Data></Cell><Cell><Data ss:Type="String">Fecha útimo acceso</Data></Cell><Cell><Data ss:Type="String">Hora útimo acceso</Data></Cell><Cell><Data ss:Type="String">Estado</Data></Cell></Row><Row><Cell><Data ss:Type="String">17.089.192-9</Data></Cell><Cell><Data ss:Type="String">María José</Data></Cell><Cell><Data ss:Type="String">Valenzuela Vidal</Data></Cell><Cell><Data ss:Type="String">mariajose.valenzuela@mineduc.cl</Data></Cell><Cell><Data ss:Type="String">Sin grupo</Data></Cell><Cell><Data ss:Type="String">Sin acceso</Data></Cell><Cell><Data ss:Type="String">Sin acceso</Data></Cell><Cell><Data ss:Type="String">Activo</Data></Cell></Row><Row><Cell><Data ss:Type="String">10.489.224-8</Data></Cell><Cell><Data ss:Type="String">SANDRA ELCIRA</Data></Cell><Cell><Data ss:Type="String">MEZA ARANEDA</Data></Cell><Cell><Data ss:Type="String">smaraneda@gmail.com</Data></Cell><Cell><Data ss:Type="String">Sin grupo</Data></Cell><Cell><Data ss:Type="String">15-12-2021</Data></Cell><Cell><Data ss:Type="String">9:26</Data></Cell><Cell><Data ss:Type="String">Activo</Data></Cell></Row><Row><Cell><Data ss:Type="String">6.959.038-1</Data></Cell><Cell><Data ss:Type="String">NELLY CRISTINA</Data></Cell><Cell><Data ss:Type="String">SANDOVAL VALENZUELA</Data></Cell><Cell><Data ss:Type="String">KINAFREDES@YAHOO.ES</Data></Cell><Cell><Data ss:Type="String">Sin grupo</Data></Cell><Cell><Data ss:Type="String">1-12-2021</Data></Cell><Cell><Data ss:Type="String">15:49</Data></Cell><Cell><Data ss:Type="String">Activo</Data></Cell></Row><Row><Cell><Data ss:Type="String">15.942.906-7</Data></Cell><Cell><Data ss:Type="String">GABRIELA ANDREA</Data></Cell><Cell><Data ss:Type="String">POBLETE ZENTENO</Data></Cell><Cell><Data ss:Type="String">G.ANDREA.POBLETE@GMAIL.COM</Data></Cell><Cell><Data ss:Type="String">Sin grupo</Data></Cell><Cell><Data ss:Type="String">29-11-2021</Data></Cell><Cell><Data ss:Type="String">12:18</Data></Cell><Cell><Data ss:Type="String">Activo</Data></Cell></Row><Row><Cell><Data ss:Type="String">11.711.423-6</Data></Cell><Cell><Data ss:Type="String">MONICA JANET</Data></Cell><Cell><Data ss:Type="String">JARA ALBORNOZ</Data></Cell><Cell><Data ss:Type="String">MONIJARA2009@GMAIL.COM</Data></Cell><Cell><Data ss:Type="String">Sin grupo</Data></Cell><Cell><Data ss:Type="String">1-10-2021</Data></Cell><Cell><Data ss:Type="String">0:20</Data></Cell><Cell><Data ss:Type="String">Activo</Data></Cell></Row><Row><Cell><Data ss:Type="String">12.312.434-0</Data></Cell><Cell><Data ss:Type="String">NANCY</Data></Cell><Cell><Data ss:Type="String">URTUBIA GUERRA</Data></Cell><Cell><Data ss:Type="String">andreurtubiag@gmail.com</Data></Cell><Cell><Data ss:Type="String">Sin grupo</Data></Cell><Cell><Data ss:Type="String">25-11-2021</Data></Cell><Cell><Data ss:Type="String">23:21</Data></Cell><Cell><Data ss:Type="String">Activo</Data></Cell></Row><Row><Cell><Data ss:Type="String">6.632.821-k</Data></Cell><Cell><Data ss:Type="String">CARMEN </Data></Cell><Cell><Data ss:Type="String">ROA MUÑOZ</Data></Cell><Cell><Data ss:Type="String">carmelitroa@gmail.com</Data></Cell><Cell><Data ss:Type="String">Sin grupo</Data></Cell><Cell><Data ss:Type="String">25-11-2021</Data></Cell><Cell><Data ss:Type="String">13:4</Data></Cell><Cell><Data ss:Type="String">Activo</Data></Cell></Row><Row><Cell><Data ss:Type="String">13.831.586-k</Data></Cell><Cell><Data ss:Type="String">LORENA</Data></Cell><Cell><Data ss:Type="String">MIRANDA GONZALEZ</Data></Cell><Cell><Data ss:Type="String">LOMIRANDAG@GMAIL.COM</Data></Cell><Cell><Data ss:Type="String">Sin grupo</Data></Cell><Cell><Data ss:Type="String">17-11-2021</Data></Cell><Cell><Data ss:Type="String">16:0</Data></Cell><Cell><Data ss:Type="String">Activo</Data></Cell></Row><Row><Cell><Data ss:Type="String">13.358.936-8</Data></Cell><Cell><Data ss:Type="String">MARTA ANGELICA</Data></Cell><Cell><Data ss:Type="String">ELGUETA CORTES</Data></Cell><Cell><Data ss:Type="String">MARTITA_BIBLIOTECARIA@HOTMAIL.COM</Data></Cell><Cell><Data ss:Type="String">Sin grupo</Data></Cell><Cell><Data ss:Type="String">15-12-2021</Data></Cell><Cell><Data ss:Type="String">8:41</Data></Cell><Cell><Data ss:Type="String">Activo</Data></Cell></Row><Row><Cell><Data ss:Type="String">7.854.463-5</Data></Cell><Cell><Data ss:Type="String">RACHEL ROSA</Data></Cell><Cell><Data ss:Type="String">RUBIO ROMERO</Data></Cell><Cell><Data ss:Type="String">RACHELRUBIO7@GMAIL.COM</Data></Cell><Cell><Data ss:Type="String">Sin grupo</Data></Cell><Cell><Data ss:Type="String">13-12-2021</Data></Cell><Cell><Data ss:Type="String">9:54</Data></Cell><Cell><Data ss:Type="String">Activo</Data></Cell></Row><Row><Cell><Data ss:Type="String">13.020.077-k</Data></Cell><Cell><Data ss:Type="String">ANA ANDREA</Data></Cell><Cell><Data ss:Type="String">RODRIGUEZ MUQUILLAZA</Data></Cell><Cell><Data ss:Type="String">ANNDY_223@HOTMAIL.COM</Data></Cell><Cell><Data ss:Type="String">Sin grupo</Data></Cell><Cell><Data ss:Type="String">25-11-2021</Data></Cell><Cell><Data ss:Type="String">13:13</Data></Cell><Cell><Data ss:Type="String">Activo</Data></Cell></Row><Row><Cell><Data ss:Type="String">7.515.650-2</Data></Cell><Cell><Data ss:Type="String">CECILIA</Data></Cell><Cell><Data ss:Type="String">TRUJILLO MARDONES</Data></Cell><Cell><Data ss:Type="String">CECILIA89TRUJILLO@GMAIL.COM</Data></Cell><Cell><Data ss:Type="String">Sin grupo</Data></Cell><Cell><Data ss:Type="String">25-11-2021</Data></Cell><Cell><Data ss:Type="String">15:53</Data></Cell><Cell><Data ss:Type="String">Activo</Data></Cell></Row><Row><Cell><Data ss:Type="String">14.024.227-6</Data></Cell><Cell><Data ss:Type="String">VANESSA ANDREA</Data></Cell><Cell><Data ss:Type="String">CRISOSTOMO SANDOVAL</Data></Cell><Cell><Data ss:Type="String">VANNESSANDREA@HOTMAIL.COM</Data></Cell><Cell><Data ss:Type="String">Sin grupo</Data></Cell><Cell><Data ss:Type="String">5-10-2021</Data></Cell><Cell><Data ss:Type="String">17:53</Data></Cell><Cell><Data ss:Type="String">Activo</Data></Cell></Row><Row><Cell><Data ss:Type="String">9.378.572-k</Data></Cell><Cell><Data ss:Type="String">LUZ MARCELA</Data></Cell><Cell><Data ss:Type="String">GAVILAN RETAMAL</Data></Cell><Cell><Data ss:Type="String">LGAVILAN@DAEMSPP.CL</Data></Cell><Cell><Data ss:Type="String">Sin grupo</Data></Cell><Cell><Data ss:Type="String">18-11-2021</Data></Cell><Cell><Data ss:Type="String">22:40</Data></Cell><Cell><Data ss:Type="String">Activo</Data></Cell></Row><Row><Cell><Data ss:Type="String">8.754.246-7</Data></Cell><Cell><Data ss:Type="String">ALEJANDRA SOLEDAD</Data></Cell><Cell><Data ss:Type="String">ORELLANA LOBOS</Data></Cell><Cell><Data ss:Type="String">ALEJANITA2013@HOTMAIL.COM</Data></Cell><Cell><Data ss:Type="String">Sin grupo</Data></Cell><Cell><Data ss:Type="String">6-12-2021</Data></Cell><Cell><Data ss:Type="String">14:58</Data></Cell><Cell><Data ss:Type="String">Activo</Data></Cell></Row><Row><Cell><Data ss:Type="String">13.334.453-5</Data></Cell><Cell><Data ss:Type="String">CAROL</Data></Cell><Cell><Data ss:Type="String">CONEJERA MOYA - 10840</Data></Cell><Cell><Data ss:Type="String">CAROLCONEJERA408@GMAIL.COM</Data></Cell><Cell><Data ss:Type="String">Sin grupo</Data></Cell><Cell><Data ss:Type="String">23-11-2021</Data></Cell><Cell><Data ss:Type="String">8:44</Data></Cell><Cell><Data ss:Type="String">Activo</Data></Cell></Row><Row><Cell><Data ss:Type="String">7.479.109-3</Data></Cell><Cell><Data ss:Type="String">ANIBAL MAURICIO</Data></Cell><Cell><Data ss:Type="String">BELLO RIVERA</Data></Cell><Cell><Data ss:Type="String">BRAM1247@GMAIL.COM</Data></Cell><Cell><Data ss:Type="String">Sin grupo</Data></Cell><Cell><Data ss:Type="String">16-11-2021</Data></Cell><Cell><Data ss:Type="String">11:35</Data></Cell><Cell><Data ss:Type="String">Activo</Data></Cell></Row><Row><Cell><Data ss:Type="String">7.323.785-8</Data></Cell><Cell><Data ss:Type="String">MARIA ELIANA</Data></Cell><Cell><Data ss:Type="String">HERRERA PALMA</Data></Cell><Cell><Data ss:Type="String">MHERRERA@FMACHILE.ORG</Data></Cell><Cell><Data ss:Type="String">Sin grupo</Data></Cell><Cell><Data ss:Type="String">10-11-2021</Data></Cell><Cell><Data ss:Type="String">11:24</Data></Cell><Cell><Data ss:Type="String">Activo</Data></Cell></Row><Row><Cell><Data ss:Type="String">15.729.672-8</Data></Cell><Cell><Data ss:Type="String">BETSABÉ PAULINA</Data></Cell><Cell><Data ss:Type="String">ITURRIETA ARANCIBIA</Data></Cell><Cell><Data ss:Type="String">BETSABEITURRIETAARANCIBIA@GMAIL.COM</Data></Cell><Cell><Data ss:Type="String">Sin grupo</Data></Cell><Cell><Data ss:Type="String">28-9-2021</Data></Cell><Cell><Data ss:Type="String">18:45</Data></Cell><Cell><Data ss:Type="String">Activo</Data></Cell></Row><Row><Cell><Data ss:Type="String">7.441.317-k</Data></Cell><Cell><Data ss:Type="String">NANCY NOLVIA</Data></Cell><Cell><Data ss:Type="String">COLLAO AVILÉS</Data></Cell><Cell><Data ss:Type="String">NANCYCOLLAOAVILES@GMAIL.COM</Data></Cell><Cell><Data ss:Type="String">Sin grupo</Data></Cell><Cell><Data ss:Type="String">Sin acceso</Data></Cell><Cell><Data ss:Type="String">Sin acceso</Data></Cell><Cell><Data ss:Type="String">Activo</Data></Cell></Row><Row><Cell><Data ss:Type="String">18.296.590-1</Data></Cell><Cell><Data ss:Type="String">Natalia de las Mercedes</Data></Cell><Cell><Data ss:Type="String">Yáñez Vega</Data></Cell><Cell><Data ss:Type="String">nathalia.yanezv@gmail.com</Data></Cell><Cell><Data ss:Type="String">Sin grupo</Data></Cell><Cell><Data ss:Type="String">24-11-2021</Data></Cell><Cell><Data ss:Type="String">12:1</Data></Cell><Cell><Data ss:Type="String">Activo</Data></Cell></Row><Row><Cell><Data ss:Type="String">8.912.185-k</Data></Cell><Cell><Data ss:Type="String">Patricia Angelica</Data></Cell><Cell><Data ss:Type="String">Sanhueza Valdebenito</Data></Cell><Cell><Data ss:Type="String">pasanval@gmail.com</Data></Cell><Cell><Data ss:Type="String">Sin grupo</Data></Cell><Cell><Data ss:Type="String">2-12-2021</Data></Cell><Cell><Data ss:Type="String">14:28</Data></Cell><Cell><Data ss:Type="String">Activo</Data></Cell></Row><Row><Cell><Data ss:Type="String">8.143.917-6</Data></Cell><Cell><Data ss:Type="String">FRANCIA DE LOURDES</Data></Cell><Cell><Data ss:Type="String">ALDAY CHACC</Data></Cell><Cell><Data ss:Type="String">FACHACC@GMAIL.COM</Data></Cell><Cell><Data ss:Type="String">Sin grupo</Data></Cell><Cell><Data ss:Type="String">25-10-2021</Data></Cell><Cell><Data ss:Type="String">10:37</Data></Cell><Cell><Data ss:Type="String">Activo</Data></Cell></Row><Row><Cell><Data ss:Type="String">11.216.841-9</Data></Cell><Cell><Data ss:Type="String">LUISA DEL CARMEN</Data></Cell><Cell><Data ss:Type="String">BARAHONA</Data></Cell><Cell><Data ss:Type="String">LUBAMI5@GMAIL.COM</Data></Cell><Cell><Data ss:Type="String">Sin grupo</Data></Cell><Cell><Data ss:Type="String">25-11-2021</Data></Cell><Cell><Data ss:Type="String">23:8</Data></Cell><Cell><Data ss:Type="String">Activo</Data></Cell></Row><Row><Cell><Data ss:Type="String">13.545.595-4</Data></Cell><Cell><Data ss:Type="String">Jocelyn Karina</Data></Cell><Cell><Data ss:Type="String">Caico Paredes</Data></Cell><Cell><Data ss:Type="String">jocelyn.caico@lpsa.cl</Data></Cell><Cell><Data ss:Type="String">Sin grupo</Data></Cell><Cell><Data ss:Type="String">22-11-2021</Data></Cell><Cell><Data ss:Type="String">1:17</Data></Cell><Cell><Data ss:Type="String">Activo</Data></Cell></Row><Row><Cell><Data ss:Type="String">15.211.138-k</Data></Cell><Cell><Data ss:Type="String">Cyntia Andrea</Data></Cell><Cell><Data ss:Type="String">Cifuentes Muñoz</Data></Cell><Cell><Data ss:Type="String">CYNTIA83CIFUENTES@GMAIL.COM</Data></Cell><Cell><Data ss:Type="String">Sin grupo</Data></Cell><Cell><Data ss:Type="String">20-10-2021</Data></Cell><Cell><Data ss:Type="String">14:27</Data></Cell><Cell><Data ss:Type="String">Activo</Data></Cell></Row><Row><Cell><Data ss:Type="String">11.017.333-4</Data></Cell><Cell><Data ss:Type="String">BERNARDITA</Data></Cell><Cell><Data ss:Type="String">BAEZA RUBILAR</Data></Cell><Cell><Data ss:Type="String">BERBAEZA@GMAIL.COM</Data></Cell><Cell><Data ss:Type="String">Sin grupo</Data></Cell><Cell><Data ss:Type="String">30-11-2021</Data></Cell><Cell><Data ss:Type="String">20:5</Data></Cell><Cell><Data ss:Type="String">Activo</Data></Cell></Row><Row><Cell><Data ss:Type="String">11.189.034-k</Data></Cell><Cell><Data ss:Type="String">JESICA</Data></Cell><Cell><Data ss:Type="String">PERALTA VERA</Data></Cell><Cell><Data ss:Type="String">JESINE1967@HOTMAIL.COM</Data></Cell><Cell><Data ss:Type="String">Sin grupo</Data></Cell><Cell><Data ss:Type="String">15-12-2021</Data></Cell><Cell><Data ss:Type="String">9:17</Data></Cell><Cell><Data ss:Type="String">Activo</Data></Cell></Row><Row><Cell><Data ss:Type="String">11.395.714-k</Data></Cell><Cell><Data ss:Type="String">HORTENSIA MARGARITA</Data></Cell><Cell><Data ss:Type="String">BARRIGA RIOS</Data></Cell><Cell><Data ss:Type="String">HORTENSIAJARDIN15@GMAIL.COM</Data></Cell><Cell><Data ss:Type="String">Sin grupo</Data></Cell><Cell><Data ss:Type="String">20-11-2021</Data></Cell><Cell><Data ss:Type="String">13:21</Data></Cell><Cell><Data ss:Type="String">Activo</Data></Cell></Row><Row><Cell><Data ss:Type="String">9.145.318-5</Data></Cell><Cell><Data ss:Type="String">Angela</Data></Cell><Cell><Data ss:Type="String">Arias De la Rivera</Data></Cell><Cell><Data ss:Type="String">AARIASDELAR@YAHOO.COM</Data></Cell><Cell><Data ss:Type="String">Sin grupo</Data></Cell><Cell><Data ss:Type="String">18-11-2021</Data></Cell><Cell><Data ss:Type="String">10:50</Data></Cell><Cell><Data ss:Type="String">Activo</Data></Cell></Row><Row><Cell><Data ss:Type="String">15.075.697-9</Data></Cell><Cell><Data ss:Type="String">CLAUDIA PATRICIA</Data></Cell><Cell><Data ss:Type="String">JARA HUERTA</Data></Cell><Cell><Data ss:Type="String">CLAUDIAJARA@LIVE.COM</Data></Cell><Cell><Data ss:Type="String">Sin grupo</Data></Cell><Cell><Data ss:Type="String">13-10-2021</Data></Cell><Cell><Data ss:Type="String">13:32</Data></Cell><Cell><Data ss:Type="String">Activo</Data></Cell></Row><Row><Cell><Data ss:Type="String">11.761.106-k</Data></Cell><Cell><Data ss:Type="String">MARIA CRISITINA</Data></Cell><Cell><Data ss:Type="String">LEON VELIZ</Data></Cell><Cell><Data ss:Type="String">MARIACRISTINA0671@GMAIL.COM</Data></Cell><Cell><Data ss:Type="String">Sin grupo</Data></Cell><Cell><Data ss:Type="String">25-11-2021</Data></Cell><Cell><Data ss:Type="String">15:34</Data></Cell><Cell><Data ss:Type="String">Activo</Data></Cell></Row><Row><Cell><Data ss:Type="String">16.242.484-k</Data></Cell><Cell><Data ss:Type="String">Dominique De Las Mercedes</Data></Cell><Cell><Data ss:Type="String">Espinoza Abarza - 3467</Data></Cell><Cell><Data ss:Type="String">domita2407@gmail.com</Data></Cell><Cell><Data ss:Type="String">Sin grupo</Data></Cell><Cell><Data ss:Type="String">3-12-2021</Data></Cell><Cell><Data ss:Type="String">8:31</Data></Cell><Cell><Data ss:Type="String">Activo</Data></Cell></Row><Row><Cell><Data ss:Type="String">8.294.488-5</Data></Cell><Cell><Data ss:Type="String">MARLIS JEANETTE</Data></Cell><Cell><Data ss:Type="String">FISCHER CAMADRO</Data></Cell><Cell><Data ss:Type="String">MARLISFC@GMAIL.COM</Data></Cell><Cell><Data ss:Type="String">Sin grupo</Data></Cell><Cell><Data ss:Type="String">28-9-2021</Data></Cell><Cell><Data ss:Type="String">19:59</Data></Cell><Cell><Data ss:Type="String">Activo</Data></Cell></Row><Row><Cell><Data ss:Type="String">10.540.649-5</Data></Cell><Cell><Data ss:Type="String">VIVIANA ANGELICA</Data></Cell><Cell><Data ss:Type="String">MOLINA ZAMORA</Data></Cell><Cell><Data ss:Type="String">vivianamolinazamora@colegioantumapu.cl</Data></Cell><Cell><Data ss:Type="String">Sin grupo</Data></Cell><Cell><Data ss:Type="String">3-12-2021</Data></Cell><Cell><Data ss:Type="String">13:53</Data></Cell><Cell><Data ss:Type="String">Activo</Data></Cell></Row><Row><Cell><Data ss:Type="String">9.550.729-8</Data></Cell><Cell><Data ss:Type="String">ELISA MAGALI</Data></Cell><Cell><Data ss:Type="String">COLIHUEQUE FLORES</Data></Cell><Cell><Data ss:Type="String">elisa_cflores@yahoo.es</Data></Cell><Cell><Data ss:Type="String">Sin grupo</Data></Cell><Cell><Data ss:Type="String">29-11-2021</Data></Cell><Cell><Data ss:Type="String">20:59</Data></Cell><Cell><Data ss:Type="String">Activo</Data></Cell></Row><Row><Cell><Data ss:Type="String">11.985.806-2</Data></Cell><Cell><Data ss:Type="String">JUANA VALESKA</Data></Cell><Cell><Data ss:Type="String">ROMERO GUERRERO</Data></Cell><Cell><Data ss:Type="String">AIYENCITA@HOTMAIL.COM</Data></Cell><Cell><Data ss:Type="String">Sin grupo</Data></Cell><Cell><Data ss:Type="String">27-11-2021</Data></Cell><Cell><Data ss:Type="String">18:36</Data></Cell><Cell><Data ss:Type="String">Activo</Data></Cell></Row><Row><Cell><Data ss:Type="String">9.111.755-k</Data></Cell><Cell><Data ss:Type="String">IGLIS</Data></Cell><Cell><Data ss:Type="String">HERRERA MARQUEZ</Data></Cell><Cell><Data ss:Type="String">biblioteca@liceobrainstorm.cl</Data></Cell><Cell><Data ss:Type="String">Sin grupo</Data></Cell><Cell><Data ss:Type="String">14-12-2021</Data></Cell><Cell><Data ss:Type="String">11:32</Data></Cell><Cell><Data ss:Type="String">Activo</Data></Cell></Row><Row><Cell><Data ss:Type="String">10.769.375-0</Data></Cell><Cell><Data ss:Type="String">GLADYS ODETTE M</Data></Cell><Cell><Data ss:Type="String">COFRE BOISIER</Data></Cell><Cell><Data ss:Type="String">MANANE26@YAHOO.ES</Data></Cell><Cell><Data ss:Type="String">Sin grupo</Data></Cell><Cell><Data ss:Type="String">23-11-2021</Data></Cell><Cell><Data ss:Type="String">9:47</Data></Cell><Cell><Data ss:Type="String">Activo</Data></Cell></Row><Row><Cell><Data ss:Type="String">14.020.724-1</Data></Cell><Cell><Data ss:Type="String">ANGELICA</Data></Cell><Cell><Data ss:Type="String">SEPULVEDA GONZALEZ</Data></Cell><Cell><Data ss:Type="String">ANGELICASEPGON@GMAIL.COM</Data></Cell><Cell><Data ss:Type="String">Sin grupo</Data></Cell><Cell><Data ss:Type="String">Sin acceso</Data></Cell><Cell><Data ss:Type="String">Sin acceso</Data></Cell><Cell><Data ss:Type="String">Activo</Data></Cell></Row><Row><Cell><Data ss:Type="String">10.911.489-8</Data></Cell><Cell><Data ss:Type="String">CLAUDIA YOHANNA</Data></Cell><Cell><Data ss:Type="String">CARMONA ROMERO</Data></Cell><Cell><Data ss:Type="String">CCARMONAR1807@GMAIL.COM</Data></Cell><Cell><Data ss:Type="String">Sin grupo</Data></Cell><Cell><Data ss:Type="String">25-11-2021</Data></Cell><Cell><Data ss:Type="String">12:23</Data></Cell><Cell><Data ss:Type="String">Activo</Data></Cell></Row><Row><Cell><Data ss:Type="String">12.412.557-k</Data></Cell><Cell><Data ss:Type="String">SANDRA MARIBEL</Data></Cell><Cell><Data ss:Type="String">RAMIREZ ORTIZ</Data></Cell><Cell><Data ss:Type="String">SANDRITA-R@HOTMAIL.COM</Data></Cell><Cell><Data ss:Type="String">Sin grupo</Data></Cell><Cell><Data ss:Type="String">15-12-2021</Data></Cell><Cell><Data ss:Type="String">8:9</Data></Cell><Cell><Data ss:Type="String">Activo</Data></Cell></Row><Row><Cell><Data ss:Type="String">9.464.983-8</Data></Cell><Cell><Data ss:Type="String">ALDO BORIS</Data></Cell><Cell><Data ss:Type="String">FUENTES MARTNEZ</Data></Cell><Cell><Data ss:Type="String">GRIQUELMEBIBLIOTECA@VTR.NET</Data></Cell><Cell><Data ss:Type="String">Sin grupo</Data></Cell><Cell><Data ss:Type="String">26-10-2021</Data></Cell><Cell><Data ss:Type="String">18:35</Data></Cell><Cell><Data ss:Type="String">Activo</Data></Cell></Row><Row><Cell><Data ss:Type="String">13.862.547-8</Data></Cell><Cell><Data ss:Type="String">ANNY LUISA</Data></Cell><Cell><Data ss:Type="String">ALFARO TELLO</Data></Cell><Cell><Data ss:Type="String">AALFARO@MONTESSORIARICA.CL</Data></Cell><Cell><Data ss:Type="String">Sin grupo</Data></Cell><Cell><Data ss:Type="String">25-11-2021</Data></Cell><Cell><Data ss:Type="String">11:37</Data></Cell><Cell><Data ss:Type="String">Activo</Data></Cell></Row><Row><Cell><Data ss:Type="String">8.925.538-4</Data></Cell><Cell><Data ss:Type="String">REBECA EUGENIA</Data></Cell><Cell><Data ss:Type="String">ARANGUIZ LIRA</Data></Cell><Cell><Data ss:Type="String">REBE.MARTI@GMAIL.COM</Data></Cell><Cell><Data ss:Type="String">Sin grupo</Data></Cell><Cell><Data ss:Type="String">11-12-2021</Data></Cell><Cell><Data ss:Type="String">22:38</Data></Cell><Cell><Data ss:Type="String">Activo</Data></Cell></Row><Row><Cell><Data ss:Type="String">11.032.040-k</Data></Cell><Cell><Data ss:Type="String">ANA MARIA</Data></Cell><Cell><Data ss:Type="String">RAMOS ZUNIGA</Data></Cell><Cell><Data ss:Type="String">ARANZU@GMAIL.COM</Data></Cell><Cell><Data ss:Type="String">Sin grupo</Data></Cell><Cell><Data ss:Type="String">Sin acceso</Data></Cell><Cell><Data ss:Type="String">Sin acceso</Data></Cell><Cell><Data ss:Type="String">Activo</Data></Cell></Row><Row><Cell><Data ss:Type="String">13.929.643-5</Data></Cell><Cell><Data ss:Type="String">Leticia Isabel</Data></Cell><Cell><Data ss:Type="String">Sánchez Bustamante</Data></Cell><Cell><Data ss:Type="String">leticia.sanchez@mineduc.cl</Data></Cell><Cell><Data ss:Type="String">Sin grupo</Data></Cell><Cell><Data ss:Type="String">Sin acceso</Data></Cell><Cell><Data ss:Type="String">Sin acceso</Data></Cell><Cell><Data ss:Type="String">Activo</Data></Cell></Row><Row><Cell><Data ss:Type="String">12.138.613-5</Data></Cell><Cell><Data ss:Type="String">EFIGENIA DE LAS MERCEDES</Data></Cell><Cell><Data ss:Type="String">CAVASSA DAVILA</Data></Cell><Cell><Data ss:Type="String">ECAVASSA@COLEGIOCHILLAN.CL</Data></Cell><Cell><Data ss:Type="String">Sin grupo</Data></Cell><Cell><Data ss:Type="String">14-12-2021</Data></Cell><Cell><Data ss:Type="String">9:27</Data></Cell><Cell><Data ss:Type="String">Activo</Data></Cell></Row><Row><Cell><Data ss:Type="String">17.185.849-6</Data></Cell><Cell><Data ss:Type="String">CAROLINA</Data></Cell><Cell><Data ss:Type="String">GARRIDO SAN MARTIN</Data></Cell><Cell><Data ss:Type="String">CAROLINAGARRIDO@LIVE.CL</Data></Cell><Cell><Data ss:Type="String">Sin grupo</Data></Cell><Cell><Data ss:Type="String">4-11-2021</Data></Cell><Cell><Data ss:Type="String">21:55</Data></Cell><Cell><Data ss:Type="String">Activo</Data></Cell></Row><Row><Cell><Data ss:Type="String">9.922.639-0</Data></Cell><Cell><Data ss:Type="String">ANA BEATRIZ</Data></Cell><Cell><Data ss:Type="String">GUTIERREZ MUNOZ</Data></Cell><Cell><Data ss:Type="String">ANAGUTIERREZ531@GMAIL.COM</Data></Cell><Cell><Data ss:Type="String">Sin grupo</Data></Cell><Cell><Data ss:Type="String">25-11-2021</Data></Cell><Cell><Data ss:Type="String">22:35</Data></Cell><Cell><Data ss:Type="String">Activo</Data></Cell></Row><Row><Cell><Data ss:Type="String">10.617.576-4</Data></Cell><Cell><Data ss:Type="String">Nancy Del Tránsito</Data></Cell><Cell><Data ss:Type="String">Campos Castillo</Data></Cell><Cell><Data ss:Type="String">n.campos@politecnicoibf.cl</Data></Cell><Cell><Data ss:Type="String">Sin grupo</Data></Cell><Cell><Data ss:Type="String">1-12-2021</Data></Cell><Cell><Data ss:Type="String">0:23</Data></Cell><Cell><Data ss:Type="String">Activo</Data></Cell></Row><Row><Cell><Data ss:Type="String">15.923.914-4</Data></Cell><Cell><Data ss:Type="String">KARINA</Data></Cell><Cell><Data ss:Type="String">CASTRO CORREA</Data></Cell><Cell><Data ss:Type="String">KARCASTROCOR@GMAIL.COM</Data></Cell><Cell><Data ss:Type="String">Sin grupo</Data></Cell><Cell><Data ss:Type="String">22-11-2021</Data></Cell><Cell><Data ss:Type="String">10:27</Data></Cell><Cell><Data ss:Type="String">Activo</Data></Cell></Row><Row><Cell><Data ss:Type="String">13.442.119-3</Data></Cell><Cell><Data ss:Type="String">MARCELA ALEJANDRA</Data></Cell><Cell><Data ss:Type="String">PALMA ESCOBAR</Data></Cell><Cell><Data ss:Type="String">MARCELA.PALMA@COLEGIOMONTEDEASIS.CL</Data></Cell><Cell><Data ss:Type="String">Sin grupo</Data></Cell><Cell><Data ss:Type="String">18-11-2021</Data></Cell><Cell><Data ss:Type="String">13:6</Data></Cell><Cell><Data ss:Type="String">Activo</Data></Cell></Row><Row><Cell><Data ss:Type="String">17.015.158-5</Data></Cell><Cell><Data ss:Type="String">JAVIER</Data></Cell><Cell><Data ss:Type="String">BARRAZA CARMONA</Data></Cell><Cell><Data ss:Type="String">J.BARRAZA.CREAMATS@GMAIL.COM</Data></Cell><Cell><Data ss:Type="String">Sin grupo</Data></Cell><Cell><Data ss:Type="String">3-11-2021</Data></Cell><Cell><Data ss:Type="String">12:3</Data></Cell><Cell><Data ss:Type="String">Activo</Data></Cell></Row><Row><Cell><Data ss:Type="String">10.478.068-7</Data></Cell><Cell><Data ss:Type="String">Marisol</Data></Cell><Cell><Data ss:Type="String">Aliaga Ulloa</Data></Cell><Cell><Data ss:Type="String">MARISOLALIAGA4@GMAIL.COM</Data></Cell><Cell><Data ss:Type="String">Sin grupo</Data></Cell><Cell><Data ss:Type="String">24-11-2021</Data></Cell><Cell><Data ss:Type="String">22:13</Data></Cell><Cell><Data ss:Type="String">Activo</Data></Cell></Row><Row><Cell><Data ss:Type="String">9.070.944-5</Data></Cell><Cell><Data ss:Type="String">AURA SUSAN</Data></Cell><Cell><Data ss:Type="String">MUÑOZ CARRASCO</Data></Cell><Cell><Data ss:Type="String">AURISUSAN@HOTMAIL.COM</Data></Cell><Cell><Data ss:Type="String">Sin grupo</Data></Cell><Cell><Data ss:Type="String">27-10-2021</Data></Cell><Cell><Data ss:Type="String">11:18</Data></Cell><Cell><Data ss:Type="String">Activo</Data></Cell></Row><Row><Cell><Data ss:Type="String">8.766.408-2</Data></Cell><Cell><Data ss:Type="String">GERTRUDY</Data></Cell><Cell><Data ss:Type="String">FIGUEROA GONZALEZ</Data></Cell><Cell><Data ss:Type="String">GERTRUFIGUEROA@GMAIL.COM</Data></Cell><Cell><Data ss:Type="String">Sin grupo</Data></Cell><Cell><Data ss:Type="String">13-12-2021</Data></Cell><Cell><Data ss:Type="String">11:26</Data></Cell><Cell><Data ss:Type="String">Activo</Data></Cell></Row><Row><Cell><Data ss:Type="String">9.656.041-9</Data></Cell><Cell><Data ss:Type="String">CLEMENTINA DEL CARMEN</Data></Cell><Cell><Data ss:Type="String">LPEZ MONSALVEZ</Data></Cell><Cell><Data ss:Type="String">PACHILUP@GMAIL.COM</Data></Cell><Cell><Data ss:Type="String">Sin grupo</Data></Cell><Cell><Data ss:Type="String">6-12-2021</Data></Cell><Cell><Data ss:Type="String">11:39</Data></Cell><Cell><Data ss:Type="String">Activo</Data></Cell></Row><Row><Cell><Data ss:Type="String">13.701.639-7</Data></Cell><Cell><Data ss:Type="String">CAROLINA ANDREA</Data></Cell><Cell><Data ss:Type="String">CONTRERAS VIVAR</Data></Cell><Cell><Data ss:Type="String">CCONTRERAS@SIP.CL</Data></Cell><Cell><Data ss:Type="String">Sin grupo</Data></Cell><Cell><Data ss:Type="String">15-12-2021</Data></Cell><Cell><Data ss:Type="String">10:13</Data></Cell><Cell><Data ss:Type="String">Activo</Data></Cell></Row><Row><Cell><Data ss:Type="String">11.571.129-6</Data></Cell><Cell><Data ss:Type="String">CARMEN GLORIA</Data></Cell><Cell><Data ss:Type="String">GARCIA SALAS</Data></Cell><Cell><Data ss:Type="String">CARMENGLORIA.GARCIA@CTPE.CL</Data></Cell><Cell><Data ss:Type="String">Sin grupo</Data></Cell><Cell><Data ss:Type="String">3-12-2021</Data></Cell><Cell><Data ss:Type="String">14:56</Data></Cell><Cell><Data ss:Type="String">Activo</Data></Cell></Row><Row><Cell><Data ss:Type="String">16.137.093-2</Data></Cell><Cell><Data ss:Type="String">María Teresa</Data></Cell><Cell><Data ss:Type="String">Fuentealba Garrido</Data></Cell><Cell><Data ss:Type="String">FUENTEALBAGARRIDO.MARIATERESA@GMAIL.COM</Data></Cell><Cell><Data ss:Type="String">Sin grupo</Data></Cell><Cell><Data ss:Type="String">29-11-2021</Data></Cell><Cell><Data ss:Type="String">13:43</Data></Cell><Cell><Data ss:Type="String">Activo</Data></Cell></Row><Row><Cell><Data ss:Type="String">12.298.644-6</Data></Cell><Cell><Data ss:Type="String">GLADYS CECILIA</Data></Cell><Cell><Data ss:Type="String">ZRATE REBOLLEDO</Data></Cell><Cell><Data ss:Type="String">GZARATE@SANTOTOMAS.CL</Data></Cell><Cell><Data ss:Type="String">Sin grupo</Data></Cell><Cell><Data ss:Type="String">6-12-2021</Data></Cell><Cell><Data ss:Type="String">15:37</Data></Cell><Cell><Data ss:Type="String">Activo</Data></Cell></Row><Row><Cell><Data ss:Type="String">9.807.382-5</Data></Cell><Cell><Data ss:Type="String">JESSICA DEL CARMEN</Data></Cell><Cell><Data ss:Type="String">CORREA DAZ</Data></Cell><Cell><Data ss:Type="String">JESSICADEM@HOTMAIL.COM</Data></Cell><Cell><Data ss:Type="String">Sin grupo</Data></Cell><Cell><Data ss:Type="String">14-12-2021</Data></Cell><Cell><Data ss:Type="String">11:44</Data></Cell><Cell><Data ss:Type="String">Activo</Data></Cell></Row><Row><Cell><Data ss:Type="String">16.524.152-5</Data></Cell><Cell><Data ss:Type="String">DANIELLA</Data></Cell><Cell><Data ss:Type="String">CUELLO TORRES</Data></Cell><Cell><Data ss:Type="String">DANIELLA.PROFESORA@GMAIL.COM</Data></Cell><Cell><Data ss:Type="String">Sin grupo</Data></Cell><Cell><Data ss:Type="String">10-12-2021</Data></Cell><Cell><Data ss:Type="String">18:33</Data></Cell><Cell><Data ss:Type="String">Activo</Data></Cell></Row><Row><Cell><Data ss:Type="String">14.562.179-8</Data></Cell><Cell><Data ss:Type="String">SCARLETT ELIZABETH</Data></Cell><Cell><Data ss:Type="String">CHANDIA MUÑOZ</Data></Cell><Cell><Data ss:Type="String">SCARLETTCHANDIA_301224@LIVE.CL</Data></Cell><Cell><Data ss:Type="String">Sin grupo</Data></Cell><Cell><Data ss:Type="String">Sin acceso</Data></Cell><Cell><Data ss:Type="String">Sin acceso</Data></Cell><Cell><Data ss:Type="String">Activo</Data></Cell></Row><Row><Cell><Data ss:Type="String">11.442.753-5</Data></Cell><Cell><Data ss:Type="String">MARGARITA</Data></Cell><Cell><Data ss:Type="String">YEVENES VALDES</Data></Cell><Cell><Data ss:Type="String">MARGARITA.YEVENES@HOTMAIL.COM</Data></Cell><Cell><Data ss:Type="String">Sin grupo</Data></Cell><Cell><Data ss:Type="String">14-12-2021</Data></Cell><Cell><Data ss:Type="String">17:51</Data></Cell><Cell><Data ss:Type="String">Activo</Data></Cell></Row><Row><Cell><Data ss:Type="String">9.221.009-k</Data></Cell><Cell><Data ss:Type="String">AMANDA</Data></Cell><Cell><Data ss:Type="String">CHANDIA ROMERO</Data></Cell><Cell><Data ss:Type="String">primerciclo.secretariaacademica@colegiochile.cl</Data></Cell><Cell><Data ss:Type="String">Sin grupo</Data></Cell><Cell><Data ss:Type="String">25-11-2021</Data></Cell><Cell><Data ss:Type="String">16:42</Data></Cell><Cell><Data ss:Type="String">Activo</Data></Cell></Row><Row><Cell><Data ss:Type="String">15.477.902-7</Data></Cell><Cell><Data ss:Type="String">FRANCISCO</Data></Cell><Cell><Data ss:Type="String">CASTANEDA CONTRERAS</Data></Cell><Cell><Data ss:Type="String">PANCHO_CASTANEDA@HOTMAIL.COM</Data></Cell><Cell><Data ss:Type="String">Sin grupo</Data></Cell><Cell><Data ss:Type="String">29-11-2021</Data></Cell><Cell><Data ss:Type="String">10:14</Data></Cell><Cell><Data ss:Type="String">Activo</Data></Cell></Row><Row><Cell><Data ss:Type="String">11.178.110-9</Data></Cell><Cell><Data ss:Type="String">ANA MARIA</Data></Cell><Cell><Data ss:Type="String">FUENTES FUENTEALBA</Data></Cell><Cell><Data ss:Type="String">ANA_FF10@HOTMAIL.COM</Data></Cell><Cell><Data ss:Type="String">Sin grupo</Data></Cell><Cell><Data ss:Type="String">13-12-2021</Data></Cell><Cell><Data ss:Type="String">8:24</Data></Cell><Cell><Data ss:Type="String">Activo</Data></Cell></Row><Row><Cell><Data ss:Type="String">15.985.034-k</Data></Cell><Cell><Data ss:Type="String">CLAUDIA ANDREA</Data></Cell><Cell><Data ss:Type="String">VALLEJOS GARRIDO</Data></Cell><Cell><Data ss:Type="String">NGRA70@GMAIL.COM</Data></Cell><Cell><Data ss:Type="String">Sin grupo</Data></Cell><Cell><Data ss:Type="String">29-11-2021</Data></Cell><Cell><Data ss:Type="String">16:31</Data></Cell><Cell><Data ss:Type="String">Activo</Data></Cell></Row><Row><Cell><Data ss:Type="String">15.292.309-0</Data></Cell><Cell><Data ss:Type="String">viviana</Data></Cell><Cell><Data ss:Type="String">troncoso</Data></Cell><Cell><Data ss:Type="String">viviana_palena@yahoo.es</Data></Cell><Cell><Data ss:Type="String">Sin grupo</Data></Cell><Cell><Data ss:Type="String">23-11-2021</Data></Cell><Cell><Data ss:Type="String">9:15</Data></Cell><Cell><Data ss:Type="String">Activo</Data></Cell></Row><Row><Cell><Data ss:Type="String">13.377.585-4</Data></Cell><Cell><Data ss:Type="String">ANA</Data></Cell><Cell><Data ss:Type="String">GODOY SOBARZO</Data></Cell><Cell><Data ss:Type="String">anagodoysobarzo@gmail.com</Data></Cell><Cell><Data ss:Type="String">Sin grupo</Data></Cell><Cell><Data ss:Type="String">17-11-2021</Data></Cell><Cell><Data ss:Type="String">10:15</Data></Cell><Cell><Data ss:Type="String">Activo</Data></Cell></Row><Row><Cell><Data ss:Type="String">9.875.039-8</Data></Cell><Cell><Data ss:Type="String">SARA</Data></Cell><Cell><Data ss:Type="String">PARDO ALARCON</Data></Cell><Cell><Data ss:Type="String">SAPARDOALA@GMAIL.COM</Data></Cell><Cell><Data ss:Type="String">Sin grupo</Data></Cell><Cell><Data ss:Type="String">2-12-2021</Data></Cell><Cell><Data ss:Type="String">16:44</Data></Cell><Cell><Data ss:Type="String">Activo</Data></Cell></Row><Row><Cell><Data ss:Type="String">15.246.892-k</Data></Cell><Cell><Data ss:Type="String">CARMEN GLORIA</Data></Cell><Cell><Data ss:Type="String">PILQUIMAN VILLAGRA</Data></Cell><Cell><Data ss:Type="String">ANTO_25_P@HOTMAIL.COM</Data></Cell><Cell><Data ss:Type="String">Sin grupo</Data></Cell><Cell><Data ss:Type="String">Sin acceso</Data></Cell><Cell><Data ss:Type="String">Sin acceso</Data></Cell><Cell><Data ss:Type="String">Activo</Data></Cell></Row><Row><Cell><Data ss:Type="String">15.295.942-7</Data></Cell><Cell><Data ss:Type="String">Carolina Jeanette</Data></Cell><Cell><Data ss:Type="String">Muñoz</Data></Cell><Cell><Data ss:Type="String">kmseg30@gmail.com</Data></Cell><Cell><Data ss:Type="String">Sin grupo</Data></Cell><Cell><Data ss:Type="String">14-12-2021</Data></Cell><Cell><Data ss:Type="String">14:30</Data></Cell><Cell><Data ss:Type="String">Activo</Data></Cell></Row><Row><Cell><Data ss:Type="String">7.694.161-0</Data></Cell><Cell><Data ss:Type="String">ANA</Data></Cell><Cell><Data ss:Type="String">VELASQUEZ BUSTAMANTE</Data></Cell><Cell><Data ss:Type="String">ANNMARIEVELASQUEZ@GMAIL.COM</Data></Cell><Cell><Data ss:Type="String">Sin grupo</Data></Cell><Cell><Data ss:Type="String">12-12-2021</Data></Cell><Cell><Data ss:Type="String">18:57</Data></Cell><Cell><Data ss:Type="String">Activo</Data></Cell></Row><Row><Cell><Data ss:Type="String">13.980.523-2</Data></Cell><Cell><Data ss:Type="String">Monica</Data></Cell><Cell><Data ss:Type="String">Ponce Muñoz</Data></Cell><Cell><Data ss:Type="String">monaemi0@gmail.com</Data></Cell><Cell><Data ss:Type="String">Sin grupo</Data></Cell><Cell><Data ss:Type="String">Sin acceso</Data></Cell><Cell><Data ss:Type="String">Sin acceso</Data></Cell><Cell><Data ss:Type="String">Activo</Data></Cell></Row><Row><Cell><Data ss:Type="String">9.905.654-1</Data></Cell><Cell><Data ss:Type="String">GLORIA JESUS</Data></Cell><Cell><Data ss:Type="String">BARRIOS</Data></Cell><Cell><Data ss:Type="String">GLOBARR_0808@HOTMAIL.COM</Data></Cell><Cell><Data ss:Type="String">Sin grupo</Data></Cell><Cell><Data ss:Type="String">17-11-2021</Data></Cell><Cell><Data ss:Type="String">20:40</Data></Cell><Cell><Data ss:Type="String">Activo</Data></Cell></Row><Row><Cell><Data ss:Type="String">16.713.537-4</Data></Cell><Cell><Data ss:Type="String">claudia nataly</Data></Cell><Cell><Data ss:Type="String">canales gutierrez</Data></Cell><Cell><Data ss:Type="String">claudiacanalesgutierrez@gmail.com</Data></Cell><Cell><Data ss:Type="String">Sin grupo</Data></Cell><Cell><Data ss:Type="String">30-11-2021</Data></Cell><Cell><Data ss:Type="String">10:58</Data></Cell><Cell><Data ss:Type="String">Activo</Data></Cell></Row><Row><Cell><Data ss:Type="String">10.704.387-k</Data></Cell><Cell><Data ss:Type="String">Jaime</Data></Cell><Cell><Data ss:Type="String">Aynol Andrade</Data></Cell><Cell><Data ss:Type="String">j.a.aynol-andrade@hotmail.com</Data></Cell><Cell><Data ss:Type="String">Sin grupo</Data></Cell><Cell><Data ss:Type="String">5-10-2021</Data></Cell><Cell><Data ss:Type="String">8:24</Data></Cell><Cell><Data ss:Type="String">Activo</Data></Cell></Row><Row><Cell><Data ss:Type="String">13.458.670-2</Data></Cell><Cell><Data ss:Type="String">Maria Antonieta</Data></Cell><Cell><Data ss:Type="String">Rojas Cisternas</Data></Cell><Cell><Data ss:Type="String">antonietita@gmail.com</Data></Cell><Cell><Data ss:Type="String">Sin grupo</Data></Cell><Cell><Data ss:Type="String">Sin acceso</Data></Cell><Cell><Data ss:Type="String">Sin acceso</Data></Cell><Cell><Data ss:Type="String">Activo</Data></Cell></Row><Row><Cell><Data ss:Type="String">6.992.457-3</Data></Cell><Cell><Data ss:Type="String">Ana Sofía</Data></Cell><Cell><Data ss:Type="String">Ching Fumey</Data></Cell><Cell><Data ss:Type="String">fumey_c57@yahoo.com</Data></Cell><Cell><Data ss:Type="String">Sin grupo</Data></Cell><Cell><Data ss:Type="String">10-12-2021</Data></Cell><Cell><Data ss:Type="String">8:37</Data></Cell><Cell><Data ss:Type="String">Activo</Data></Cell></Row><Row><Cell><Data ss:Type="String">16.729.194-5</Data></Cell><Cell><Data ss:Type="String">María José</Data></Cell><Cell><Data ss:Type="String">González Reynaud</Data></Cell><Cell><Data ss:Type="String">mj.gonzalez@escuelabasicatalca.cl</Data></Cell><Cell><Data ss:Type="String">Sin grupo</Data></Cell><Cell><Data ss:Type="String">6-12-2021</Data></Cell><Cell><Data ss:Type="String">17:4</Data></Cell><Cell><Data ss:Type="String">Activo</Data></Cell></Row><Row><Cell><Data ss:Type="String">14.026.131-9</Data></Cell><Cell><Data ss:Type="String">Eugenia Ivonne</Data></Cell><Cell><Data ss:Type="String">Penroz Vásquez</Data></Cell><Cell><Data ss:Type="String">kenypenroz.6@gmail.com</Data></Cell><Cell><Data ss:Type="String">Sin grupo</Data></Cell><Cell><Data ss:Type="String">29-11-2021</Data></Cell><Cell><Data ss:Type="String">11:46</Data></Cell><Cell><Data ss:Type="String">Activo</Data></Cell></Row><Row><Cell><Data ss:Type="String">13.389.761-5</Data></Cell><Cell><Data ss:Type="String">Alejandra Soledad</Data></Cell><Cell><Data ss:Type="String">Núñez Mora</Data></Cell><Cell><Data ss:Type="String">alejandra.nunez@colegioluisamigo.cl</Data></Cell><Cell><Data ss:Type="String">Sin grupo</Data></Cell><Cell><Data ss:Type="String">14-12-2021</Data></Cell><Cell><Data ss:Type="String">9:56</Data></Cell><Cell><Data ss:Type="String">Activo</Data></Cell></Row><Row><Cell><Data ss:Type="String">17.045.816-8</Data></Cell><Cell><Data ss:Type="String">Camila Javiera</Data></Cell><Cell><Data ss:Type="String">Varela Quintana</Data></Cell><Cell><Data ss:Type="String">Camilavarelaquintana@gmail.com</Data></Cell><Cell><Data ss:Type="String">Sin grupo</Data></Cell><Cell><Data ss:Type="String">29-9-2021</Data></Cell><Cell><Data ss:Type="String">10:53</Data></Cell><Cell><Data ss:Type="String">Activo</Data></Cell></Row><Row><Cell><Data ss:Type="String">19.058.019-9</Data></Cell><Cell><Data ss:Type="String">Maria Jose</Data></Cell><Cell><Data ss:Type="String">Ogaz Lopez</Data></Cell><Cell><Data ss:Type="String">mariajose.ogaz@king-school.org</Data></Cell><Cell><Data ss:Type="String">Sin grupo</Data></Cell><Cell><Data ss:Type="String">10-12-2021</Data></Cell><Cell><Data ss:Type="String">15:1</Data></Cell><Cell><Data ss:Type="String">Activo</Data></Cell></Row><Row><Cell><Data ss:Type="String">26.803.573-7</Data></Cell><Cell><Data ss:Type="String">Karla Johana</Data></Cell><Cell><Data ss:Type="String">Valderrama Castellanos</Data></Cell><Cell><Data ss:Type="String">k.valderrama@colegiopatrona.cl</Data></Cell><Cell><Data ss:Type="String">Sin grupo</Data></Cell><Cell><Data ss:Type="String">25-11-2021</Data></Cell><Cell><Data ss:Type="String">17:5</Data></Cell><Cell><Data ss:Type="String">Activo</Data></Cell></Row><Row><Cell><Data ss:Type="String">18.645.514-2</Data></Cell><Cell><Data ss:Type="String">Gisselle Fernanda</Data></Cell><Cell><Data ss:Type="String">Zuñiga Esquivel</Data></Cell><Cell><Data ss:Type="String">gzuniga@colegionazaret.cl</Data></Cell><Cell><Data ss:Type="String">Sin grupo</Data></Cell><Cell><Data ss:Type="String">1-12-2021</Data></Cell><Cell><Data ss:Type="String">19:35</Data></Cell><Cell><Data ss:Type="String">Activo</Data></Cell></Row><Row><Cell><Data ss:Type="String">18.721.999-k</Data></Cell><Cell><Data ss:Type="String">FRANCISCA JAVIERA</Data></Cell><Cell><Data ss:Type="String">DIAZ CAMPOS</Data></Cell><Cell><Data ss:Type="String">FRANCISCA.DIAZC@SLEPCOLCHAGUA.CL</Data></Cell><Cell><Data ss:Type="String">Sin grupo</Data></Cell><Cell><Data ss:Type="String">30-11-2021</Data></Cell><Cell><Data ss:Type="String">16:1</Data></Cell><Cell><Data ss:Type="String">Activo</Data></Cell></Row><Row><Cell><Data ss:Type="String">7.713.928-1</Data></Cell><Cell><Data ss:Type="String">Elizabeth Del Pilar</Data></Cell><Cell><Data ss:Type="String">Villarroel Reyes</Data></Cell><Cell><Data ss:Type="String">elizabethvillarroel12@gmail.com</Data></Cell><Cell><Data ss:Type="String">Sin grupo</Data></Cell><Cell><Data ss:Type="String">Sin acceso</Data></Cell><Cell><Data ss:Type="String">Sin acceso</Data></Cell><Cell><Data ss:Type="String">Activo</Data></Cell></Row><Row><Cell><Data ss:Type="String">12.332.784-5</Data></Cell><Cell><Data ss:Type="String">Raquel Inés</Data></Cell><Cell><Data ss:Type="String">Carmona Becerra</Data></Cell><Cell><Data ss:Type="String">raquelcarbec25@gmail.com</Data></Cell><Cell><Data ss:Type="String">Sin grupo</Data></Cell><Cell><Data ss:Type="String">25-11-2021</Data></Cell><Cell><Data ss:Type="String">22:4</Data></Cell><Cell><Data ss:Type="String">Activo</Data></Cell></Row><Row><Cell><Data ss:Type="String">11.128.483-0</Data></Cell><Cell><Data ss:Type="String">María Magdalena</Data></Cell><Cell><Data ss:Type="String">Riffo Salamanca</Data></Cell><Cell><Data ss:Type="String">magda.riffosalamanca@gmail.com</Data></Cell><Cell><Data ss:Type="String">Sin grupo</Data></Cell><Cell><Data ss:Type="String">26-11-2021</Data></Cell><Cell><Data ss:Type="String">20:50</Data></Cell><Cell><Data ss:Type="String">Activo</Data></Cell></Row><Row><Cell><Data ss:Type="String">9.178.794-6</Data></Cell><Cell><Data ss:Type="String">Olga Marina</Data></Cell><Cell><Data ss:Type="String">Salas Vega</Data></Cell><Cell><Data ss:Type="String">o.salas@liceodonihue.cl</Data></Cell><Cell><Data ss:Type="String">Sin grupo</Data></Cell><Cell><Data ss:Type="String">28-11-2021</Data></Cell><Cell><Data ss:Type="String">23:59</Data></Cell><Cell><Data ss:Type="String">Activo</Data></Cell></Row><Row><Cell><Data ss:Type="String">10.342.772-k</Data></Cell><Cell><Data ss:Type="String">Héctor Marcelo</Data></Cell><Cell><Data ss:Type="String">González Martínez</Data></Cell><Cell><Data ss:Type="String">mago748@gmail.com</Data></Cell><Cell><Data ss:Type="String">Sin grupo</Data></Cell><Cell><Data ss:Type="String">14-12-2021</Data></Cell><Cell><Data ss:Type="String">13:12</Data></Cell><Cell><Data ss:Type="String">Activo</Data></Cell></Row><Row><Cell><Data ss:Type="String">7.536.183-1</Data></Cell><Cell><Data ss:Type="String">Ruth Marianela</Data></Cell><Cell><Data ss:Type="String">Gallardo Valdebenito</Data></Cell><Cell><Data ss:Type="String">m.gallardo.v2@gmail.com</Data></Cell><Cell><Data ss:Type="String">Sin grupo</Data></Cell><Cell><Data ss:Type="String">7-10-2021</Data></Cell><Cell><Data ss:Type="String">22:26</Data></Cell><Cell><Data ss:Type="String">Activo</Data></Cell></Row><Row><Cell><Data ss:Type="String">17.224.045-3</Data></Cell><Cell><Data ss:Type="String">Felipe Gastón</Data></Cell><Cell><Data ss:Type="String">Mellado Vargas</Data></Cell><Cell><Data ss:Type="String">fmellado@laprovidenciaconcepcion.cl</Data></Cell><Cell><Data ss:Type="String">Sin grupo</Data></Cell><Cell><Data ss:Type="String">Sin acceso</Data></Cell><Cell><Data ss:Type="String">Sin acceso</Data></Cell><Cell><Data ss:Type="String">Activo</Data></Cell></Row><Row><Cell><Data ss:Type="String">12.360.658-2</Data></Cell><Cell><Data ss:Type="String">Margarita Ester</Data></Cell><Cell><Data ss:Type="String">Fuentealba Pedrero</Data></Cell><Cell><Data ss:Type="String">maresterfuentealba@hotmail.com</Data></Cell><Cell><Data ss:Type="String">Sin grupo</Data></Cell><Cell><Data ss:Type="String">16-11-2021</Data></Cell><Cell><Data ss:Type="String">12:18</Data></Cell><Cell><Data ss:Type="String">Activo</Data></Cell></Row><Row><Cell><Data ss:Type="String">17.801.952-k</Data></Cell><Cell><Data ss:Type="String">Marcela Ivone</Data></Cell><Cell><Data ss:Type="String">Cisterna Valenzuela</Data></Cell><Cell><Data ss:Type="String">cisternavalenzuelamarcela@gmail.com</Data></Cell><Cell><Data ss:Type="String">Sin grupo</Data></Cell><Cell><Data ss:Type="String">18-11-2021</Data></Cell><Cell><Data ss:Type="String">10:5</Data></Cell><Cell><Data ss:Type="String">Activo</Data></Cell></Row><Row><Cell><Data ss:Type="String">18.198.009-5</Data></Cell><Cell><Data ss:Type="String">Roxana Elizabeth</Data></Cell><Cell><Data ss:Type="String">Paredes Riquelme</Data></Cell><Cell><Data ss:Type="String">roxana.paredes.riquelme@gmail.com</Data></Cell><Cell><Data ss:Type="String">Sin grupo</Data></Cell><Cell><Data ss:Type="String">25-11-2021</Data></Cell><Cell><Data ss:Type="String">15:11</Data></Cell><Cell><Data ss:Type="String">Activo</Data></Cell></Row><Row><Cell><Data ss:Type="String">15.897.507-6</Data></Cell><Cell><Data ss:Type="String">Elsa Andrea</Data></Cell><Cell><Data ss:Type="String">Zambrano Avendaño</Data></Cell><Cell><Data ss:Type="String">andreaavendano84@gmail.com</Data></Cell><Cell><Data ss:Type="String">Sin grupo</Data></Cell><Cell><Data ss:Type="String">5-10-2021</Data></Cell><Cell><Data ss:Type="String">19:14</Data></Cell><Cell><Data ss:Type="String">Activo</Data></Cell></Row><Row><Cell><Data ss:Type="String">13.754.714-7</Data></Cell><Cell><Data ss:Type="String">Rosa Elena</Data></Cell><Cell><Data ss:Type="String">Pereira Cárdenas</Data></Cell><Cell><Data ss:Type="String">pereira.rosita@gmail.com</Data></Cell><Cell><Data ss:Type="String">Sin grupo</Data></Cell><Cell><Data ss:Type="String">9-12-2021</Data></Cell><Cell><Data ss:Type="String">11:40</Data></Cell><Cell><Data ss:Type="String">Activo</Data></Cell></Row><Row><Cell><Data ss:Type="String">12.409.514-k</Data></Cell><Cell><Data ss:Type="String">Jorge Arnoldo</Data></Cell><Cell><Data ss:Type="String">Hernández Fuentes</Data></Cell><Cell><Data ss:Type="String">jahernandezf@gmail.com</Data></Cell><Cell><Data ss:Type="String">Sin grupo</Data></Cell><Cell><Data ss:Type="String">30-11-2021</Data></Cell><Cell><Data ss:Type="String">22:33</Data></Cell><Cell><Data ss:Type="String">Activo</Data></Cell></Row><Row><Cell><Data ss:Type="String">10.176.018-9</Data></Cell><Cell><Data ss:Type="String">Verónica Arcadia</Data></Cell><Cell><Data ss:Type="String">Salazar Tapia</Data></Cell><Cell><Data ss:Type="String">cra@colegioreginamundi.cl</Data></Cell><Cell><Data ss:Type="String">Sin grupo</Data></Cell><Cell><Data ss:Type="String">14-12-2021</Data></Cell><Cell><Data ss:Type="String">14:8</Data></Cell><Cell><Data ss:Type="String">Activo</Data></Cell></Row><Row><Cell><Data ss:Type="String">12.904.540-k</Data></Cell><Cell><Data ss:Type="String">Paulina Isabel</Data></Cell><Cell><Data ss:Type="String">Argomedo Medina</Data></Cell><Cell><Data ss:Type="String">isabella7519@gmail.com</Data></Cell><Cell><Data ss:Type="String">Sin grupo</Data></Cell><Cell><Data ss:Type="String">27-11-2021</Data></Cell><Cell><Data ss:Type="String">21:28</Data></Cell><Cell><Data ss:Type="String">Activo</Data></Cell></Row><Row><Cell><Data ss:Type="String">26.814.437-4</Data></Cell><Cell><Data ss:Type="String">Katherine</Data></Cell><Cell><Data ss:Type="String">Moreno Sarmiento</Data></Cell><Cell><Data ss:Type="String">katherine.colombia@gmail.com</Data></Cell><Cell><Data ss:Type="String">Sin grupo</Data></Cell><Cell><Data ss:Type="String">9-12-2021</Data></Cell><Cell><Data ss:Type="String">13:48</Data></Cell><Cell><Data ss:Type="String">Activo</Data></Cell></Row><Row><Cell><Data ss:Type="String">11.207.467-8</Data></Cell><Cell><Data ss:Type="String">Alejandra Del Carmen</Data></Cell><Cell><Data ss:Type="String">Garrido Trujillo</Data></Cell><Cell><Data ss:Type="String">nathalymora.s@gmail.com</Data></Cell><Cell><Data ss:Type="String">Sin grupo</Data></Cell><Cell><Data ss:Type="String">Sin acceso</Data></Cell><Cell><Data ss:Type="String">Sin acceso</Data></Cell><Cell><Data ss:Type="String">Activo</Data></Cell></Row><Row><Cell><Data ss:Type="String">9.214.100-4</Data></Cell><Cell><Data ss:Type="String">Corina De Las Mercedes</Data></Cell><Cell><Data ss:Type="String">Breskovic Gallegos</Data></Cell><Cell><Data ss:Type="String">cobresga2007@yahoo.es</Data></Cell><Cell><Data ss:Type="String">Sin grupo</Data></Cell><Cell><Data ss:Type="String">29-11-2021</Data></Cell><Cell><Data ss:Type="String">12:46</Data></Cell><Cell><Data ss:Type="String">Activo</Data></Cell></Row><Row><Cell><Data ss:Type="String">15.892.365-3</Data></Cell><Cell><Data ss:Type="String">Cynthia Alejandra</Data></Cell><Cell><Data ss:Type="String">Fierro Díaz</Data></Cell><Cell><Data ss:Type="String">cynthia.fierro.diaz123@gmail.com</Data></Cell><Cell><Data ss:Type="String">Sin grupo</Data></Cell><Cell><Data ss:Type="String">Sin acceso</Data></Cell><Cell><Data ss:Type="String">Sin acceso</Data></Cell><Cell><Data ss:Type="String">Activo</Data></Cell></Row><Row><Cell><Data ss:Type="String">11.416.951-k</Data></Cell><Cell><Data ss:Type="String">Leticia Carolina</Data></Cell><Cell><Data ss:Type="String">Vallejos Melgarejo</Data></Cell><Cell><Data ss:Type="String">lekava@hotmail.com</Data></Cell><Cell><Data ss:Type="String">Sin grupo</Data></Cell><Cell><Data ss:Type="String">12-11-2021</Data></Cell><Cell><Data ss:Type="String">14:25</Data></Cell><Cell><Data ss:Type="String">Activo</Data></Cell></Row><Row><Cell><Data ss:Type="String">18.373.348-6</Data></Cell><Cell><Data ss:Type="String">Javiera Francisca</Data></Cell><Cell><Data ss:Type="String">Escalona Araos</Data></Cell><Cell><Data ss:Type="String">JAVIERA.ESCALONA@COLEGIOREINADELDESIERTO.NET</Data></Cell><Cell><Data ss:Type="String">Sin grupo</Data></Cell><Cell><Data ss:Type="String">25-11-2021</Data></Cell><Cell><Data ss:Type="String">9:19</Data></Cell><Cell><Data ss:Type="String">Activo</Data></Cell></Row><Row><Cell><Data ss:Type="String">19.727.915-k</Data></Cell><Cell><Data ss:Type="String">Camila Macarena</Data></Cell><Cell><Data ss:Type="String">Alzamora Alzamora</Data></Cell><Cell><Data ss:Type="String">camila.alzamora@liceoagricoladelacruz.orli.cl</Data></Cell><Cell><Data ss:Type="String">Sin grupo</Data></Cell><Cell><Data ss:Type="String">2-12-2021</Data></Cell><Cell><Data ss:Type="String">15:11</Data></Cell><Cell><Data ss:Type="String">Activo</Data></Cell></Row><Row><Cell><Data ss:Type="String">14.094.247-2</Data></Cell><Cell><Data ss:Type="String">Valeska Del Carmen</Data></Cell><Cell><Data ss:Type="String">Merino Villalobos</Data></Cell><Cell><Data ss:Type="String">valeskita.meri.11@gmail.com</Data></Cell><Cell><Data ss:Type="String">Sin grupo</Data></Cell><Cell><Data ss:Type="String">16-11-2021</Data></Cell><Cell><Data ss:Type="String">8:38</Data></Cell><Cell><Data ss:Type="String">Activo</Data></Cell></Row><Row><Cell><Data ss:Type="String">13.608.527-1</Data></Cell><Cell><Data ss:Type="String">Carolina Rebeca</Data></Cell><Cell><Data ss:Type="String">Benavides Pacheco</Data></Cell><Cell><Data ss:Type="String">bnavidsrebeca@gmail.com</Data></Cell><Cell><Data ss:Type="String">Sin grupo</Data></Cell><Cell><Data ss:Type="String">12-12-2021</Data></Cell><Cell><Data ss:Type="String">20:21</Data></Cell><Cell><Data ss:Type="String">Activo</Data></Cell></Row><Row><Cell><Data ss:Type="String">13.926.382-0</Data></Cell><Cell><Data ss:Type="String">Loreto Andrea</Data></Cell><Cell><Data ss:Type="String">Velásquez Velásquez</Data></Cell><Cell><Data ss:Type="String">loreto.velasquez.velasquez@kimunlawal.cl</Data></Cell><Cell><Data ss:Type="String">Sin grupo</Data></Cell><Cell><Data ss:Type="String">26-11-2021</Data></Cell><Cell><Data ss:Type="String">9:57</Data></Cell><Cell><Data ss:Type="String">Activo</Data></Cell></Row><Row><Cell><Data ss:Type="String">15.380.544-k</Data></Cell><Cell><Data ss:Type="String">Tomás Ignacio</Data></Cell><Cell><Data ss:Type="String">Figueroa López</Data></Cell><Cell><Data ss:Type="String">tfigueroa@elalbademacul.org</Data></Cell><Cell><Data ss:Type="String">Sin grupo</Data></Cell><Cell><Data ss:Type="String">29-11-2021</Data></Cell><Cell><Data ss:Type="String">14:40</Data></Cell><Cell><Data ss:Type="String">Activo</Data></Cell></Row><Row><Cell><Data ss:Type="String">17.729.355-5</Data></Cell><Cell><Data ss:Type="String">Angélica María</Data></Cell><Cell><Data ss:Type="String">Menares Ureta</Data></Cell><Cell><Data ss:Type="String">angelica.menares@colegiosantamariadeguadalupe.cl</Data></Cell><Cell><Data ss:Type="String">Sin grupo</Data></Cell><Cell><Data ss:Type="String">13-12-2021</Data></Cell><Cell><Data ss:Type="String">13:11</Data></Cell><Cell><Data ss:Type="String">Activo</Data></Cell></Row><Row><Cell><Data ss:Type="String">8.592.655-1</Data></Cell><Cell><Data ss:Type="String">Juana Esther</Data></Cell><Cell><Data ss:Type="String">Espinoza Rodríguez</Data></Cell><Cell><Data ss:Type="String">ESTHER1252@GMAIL.COM</Data></Cell><Cell><Data ss:Type="String">Sin grupo</Data></Cell><Cell><Data ss:Type="String">25-11-2021</Data></Cell><Cell><Data ss:Type="String">9:41</Data></Cell><Cell><Data ss:Type="String">Activo</Data></Cell></Row><Row><Cell><Data ss:Type="String">10.051.182-7</Data></Cell><Cell><Data ss:Type="String">Georgina Elisa</Data></Cell><Cell><Data ss:Type="String">Fernández Garces</Data></Cell><Cell><Data ss:Type="String">cra@cpsanjose.cl</Data></Cell><Cell><Data ss:Type="String">Sin grupo</Data></Cell><Cell><Data ss:Type="String">25-11-2021</Data></Cell><Cell><Data ss:Type="String">17:19</Data></Cell><Cell><Data ss:Type="String">Activo</Data></Cell></Row><Row><Cell><Data ss:Type="String">19.268.125-1</Data></Cell><Cell><Data ss:Type="String">Vania Valentina</Data></Cell><Cell><Data ss:Type="String">Barrera Orosco</Data></Cell><Cell><Data ss:Type="String">vaniabarrera@iclalosandes.cl</Data></Cell><Cell><Data ss:Type="String">Sin grupo</Data></Cell><Cell><Data ss:Type="String">5-12-2021</Data></Cell><Cell><Data ss:Type="String">17:42</Data></Cell><Cell><Data ss:Type="String">Activo</Data></Cell></Row><Row><Cell><Data ss:Type="String">14.264.839-3</Data></Cell><Cell><Data ss:Type="String">Gloria Monica</Data></Cell><Cell><Data ss:Type="String">Campos Silva</Data></Cell><Cell><Data ss:Type="String">gloria.campossilva@gmail.com</Data></Cell><Cell><Data ss:Type="String">Sin grupo</Data></Cell><Cell><Data ss:Type="String">19-10-2021</Data></Cell><Cell><Data ss:Type="String">16:28</Data></Cell><Cell><Data ss:Type="String">Activo</Data></Cell></Row><Row><Cell><Data ss:Type="String">15.014.617-8</Data></Cell><Cell><Data ss:Type="String">Tamara Soledad</Data></Cell><Cell><Data ss:Type="String">Romero Estay</Data></Cell><Cell><Data ss:Type="String">tromero.g52@comdeseduca.cl</Data></Cell><Cell><Data ss:Type="String">Sin grupo</Data></Cell><Cell><Data ss:Type="String">25-11-2021</Data></Cell><Cell><Data ss:Type="String">23:23</Data></Cell><Cell><Data ss:Type="String">Activo</Data></Cell></Row><Row><Cell><Data ss:Type="String">15.839.887-7</Data></Cell><Cell><Data ss:Type="String">Juan Eduardo</Data></Cell><Cell><Data ss:Type="String">Kattan González</Data></Cell><Cell><Data ss:Type="String">jkattan@colegioaprender.cl</Data></Cell><Cell><Data ss:Type="String">Sin grupo</Data></Cell><Cell><Data ss:Type="String">25-11-2021</Data></Cell><Cell><Data ss:Type="String">12:6</Data></Cell><Cell><Data ss:Type="String">Activo</Data></Cell></Row><Row><Cell><Data ss:Type="String">16.744.553-5</Data></Cell><Cell><Data ss:Type="String">Cristina Alejandra</Data></Cell><Cell><Data ss:Type="String">Donoso Martínez</Data></Cell><Cell><Data ss:Type="String">cristina.donoso.m@gmail.com</Data></Cell><Cell><Data ss:Type="String">Sin grupo</Data></Cell><Cell><Data ss:Type="String">1-12-2021</Data></Cell><Cell><Data ss:Type="String">12:54</Data></Cell><Cell><Data ss:Type="String">Activo</Data></Cell></Row><Row><Cell><Data ss:Type="String">16.748.147-7</Data></Cell><Cell><Data ss:Type="String">John Alexander</Data></Cell><Cell><Data ss:Type="String">Cadagan Lavoz</Data></Cell><Cell><Data ss:Type="String">microsequencer@gmail.com</Data></Cell><Cell><Data ss:Type="String">Sin grupo</Data></Cell><Cell><Data ss:Type="String">26-11-2021</Data></Cell><Cell><Data ss:Type="String">12:14</Data></Cell><Cell><Data ss:Type="String">Activo</Data></Cell></Row><Row><Cell><Data ss:Type="String">16.840.233-3</Data></Cell><Cell><Data ss:Type="String">Karina Nicole</Data></Cell><Cell><Data ss:Type="String">Vargas Pizarro</Data></Cell><Cell><Data ss:Type="String">karinavargas@colegiosdiegoportales.cl</Data></Cell><Cell><Data ss:Type="String">Sin grupo</Data></Cell><Cell><Data ss:Type="String">3-12-2021</Data></Cell><Cell><Data ss:Type="String">11:12</Data></Cell><Cell><Data ss:Type="String">Activo</Data></Cell></Row><Row><Cell><Data ss:Type="String">16.918.810-6</Data></Cell><Cell><Data ss:Type="String">Mercedes Fabiola</Data></Cell><Cell><Data ss:Type="String">Riquelme Gutierrez</Data></Cell><Cell><Data ss:Type="String">mriquelme@escuelasanjoseobrero.cl</Data></Cell><Cell><Data ss:Type="String">Sin grupo</Data></Cell><Cell><Data ss:Type="String">24-11-2021</Data></Cell><Cell><Data ss:Type="String">11:51</Data></Cell><Cell><Data ss:Type="String">Activo</Data></Cell></Row><Row><Cell><Data ss:Type="String">18.316.298-5</Data></Cell><Cell><Data ss:Type="String">Franchesca Katherine</Data></Cell><Cell><Data ss:Type="String">Soto Castro</Data></Cell><Cell><Data ss:Type="String">franchescasoto@colegiohellenkeller.cl</Data></Cell><Cell><Data ss:Type="String">Sin grupo</Data></Cell><Cell><Data ss:Type="String">23-11-2021</Data></Cell><Cell><Data ss:Type="String">9:5</Data></Cell><Cell><Data ss:Type="String">Activo</Data></Cell></Row><Row><Cell><Data ss:Type="String">26.871.247-k</Data></Cell><Cell><Data ss:Type="String">Luz Mariza</Data></Cell><Cell><Data ss:Type="String">Cataño Valencia</Data></Cell><Cell><Data ss:Type="String">fdo.p.lcatano@snaeduca.cl</Data></Cell><Cell><Data ss:Type="String">Sin grupo</Data></Cell><Cell><Data ss:Type="String">30-11-2021</Data></Cell><Cell><Data ss:Type="String">11:7</Data></Cell><Cell><Data ss:Type="String">Activo</Data></Cell></Row><Row><Cell><Data ss:Type="String">12.233.987-4</Data></Cell><Cell><Data ss:Type="String">Marcela Andrea</Data></Cell><Cell><Data ss:Type="String">Zúñiga Espinoza</Data></Cell><Cell><Data ss:Type="String">mzuniga@rosalinapesciopenaflor.cl</Data></Cell><Cell><Data ss:Type="String">Sin grupo</Data></Cell><Cell><Data ss:Type="String">30-11-2021</Data></Cell><Cell><Data ss:Type="String">15:22</Data></Cell><Cell><Data ss:Type="String">Activo</Data></Cell></Row><Row><Cell><Data ss:Type="String">18.643.779-9</Data></Cell><Cell><Data ss:Type="String">Miguel Ignacio</Data></Cell><Cell><Data ss:Type="String">Méndez Pérez</Data></Cell><Cell><Data ss:Type="String">mgl.mendez@gmail.com</Data></Cell><Cell><Data ss:Type="String">Sin grupo</Data></Cell><Cell><Data ss:Type="String">2-12-2021</Data></Cell><Cell><Data ss:Type="String">16:43</Data></Cell><Cell><Data ss:Type="String">Activo</Data></Cell></Row><Row><Cell><Data ss:Type="String">11.446.758-8</Data></Cell><Cell><Data ss:Type="String">Alicia del Carmen</Data></Cell><Cell><Data ss:Type="String">Vásquez Hernández</Data></Cell><Cell><Data ss:Type="String">aliciavasquez.her@gmail.com</Data></Cell><Cell><Data ss:Type="String">Sin grupo</Data></Cell><Cell><Data ss:Type="String">14-12-2021</Data></Cell><Cell><Data ss:Type="String">15:50</Data></Cell><Cell><Data ss:Type="String">Activo</Data></Cell></Row><Row><Cell><Data ss:Type="String">15.416.538-k</Data></Cell><Cell><Data ss:Type="String">Sebastian</Data></Cell><Cell><Data ss:Type="String">Olivares</Data></Cell><Cell><Data ss:Type="String">solivares@tuclase.cl</Data></Cell><Cell><Data ss:Type="String">Sin grupo</Data></Cell><Cell><Data ss:Type="String">27-9-2021</Data></Cell><Cell><Data ss:Type="String">17:21</Data></Cell><Cell><Data ss:Type="String">Activo</Data></Cell></Row></Table></Worksheet></Workbook>