<?xml version="1.0"?><?mso-application progid="Excel.Sheet"?><Workbook xmlns="urn:schemas-microsoft-com:office:spreadsheet" xmlns:ss="urn:schemas-microsoft-com:office:spreadsheet"><DocumentProperties xmlns="urn:schemas-microsoft-com:office:office"><Author>Axel Richter</Author><Created>1639579853559</Created></DocumentProperties><Styles><Style ss:ID="Currency"><NumberFormat ss:Format="Currency"></NumberFormat></Style><Style ss:ID="Date"><NumberFormat ss:Format="Medium Date"></NumberFormat></Style></Styles><Worksheet ss:Name="General"><Table><Row><Cell><Data ss:Type="String">Reporte: </Data></Cell><Cell><Data ss:Type="String">Acceso a curso</Data></Cell></Row><Row><Cell><Data ss:Type="String">Categoría: </Data></Cell><Cell><Data ss:Type="String">Aulas curso G (#1318)</Data></Cell></Row><Row><Cell><Data ss:Type="String">Curso: </Data></Cell><Cell><Data ss:Type="String">Plan de Formación: curso G - Aula 4 (#10817)</Data></Cell></Row><Row><Cell><Data ss:Type="String">Fecha de generación: </Data></Cell><Cell><Data ss:Type="String">15/12/2021</Data></Cell></Row><Row></Row><Row><Cell><Data ss:Type="String">Fecha</Data></Cell><Cell><Data ss:Type="String">Cantidad</Data></Cell><Cell><Data ss:Type="String"></Data></Cell><Cell><Data ss:Type="String">Usuarios</Data></Cell><Cell><Data ss:Type="String">Cantidad</Data></Cell></Row><Row><Cell><Data ss:Type="String">12-10-2021</Data></Cell><Cell><Data ss:Type="String">16</Data></Cell><Cell><Data ss:Type="String"></Data></Cell><Cell><Data ss:Type="String">Con acceso </Data></Cell><Cell><Data ss:Type="String">74</Data></Cell></Row><Row><Cell><Data ss:Type="String">13-10-2021</Data></Cell><Cell><Data ss:Type="String">11</Data></Cell><Cell><Data ss:Type="String"></Data></Cell><Cell><Data ss:Type="String">Sin acceso </Data></Cell><Cell><Data ss:Type="String">23</Data></Cell></Row><Row><Cell><Data ss:Type="String">14-10-2021</Data></Cell><Cell><Data ss:Type="String">12</Data></Cell><Cell><Data ss:Type="String"></Data></Cell><Cell><Data ss:Type="String">Total </Data></Cell><Cell><Data ss:Type="String">97</Data></Cell></Row><Row><Cell><Data ss:Type="String">15-10-2021</Data></Cell><Cell><Data ss:Type="String">7</Data></Cell><Cell><Data ss:Type="String"></Data></Cell><Cell><Data ss:Type="String"></Data></Cell><Cell><Data ss:Type="String"></Data></Cell></Row><Row><Cell><Data ss:Type="String">16-10-2021</Data></Cell><Cell><Data ss:Type="String">5</Data></Cell><Cell><Data ss:Type="String"></Data></Cell><Cell><Data ss:Type="String"></Data></Cell><Cell><Data ss:Type="String"></Data></Cell></Row><Row><Cell><Data ss:Type="String">17-10-2021</Data></Cell><Cell><Data ss:Type="String">4</Data></Cell><Cell><Data ss:Type="String"></Data></Cell><Cell><Data ss:Type="String"></Data></Cell><Cell><Data ss:Type="String"></Data></Cell></Row><Row><Cell><Data ss:Type="String">18-10-2021</Data></Cell><Cell><Data ss:Type="String">16</Data></Cell><Cell><Data ss:Type="String"></Data></Cell><Cell><Data ss:Type="String"></Data></Cell><Cell><Data ss:Type="String"></Data></Cell></Row><Row><Cell><Data ss:Type="String">19-10-2021</Data></Cell><Cell><Data ss:Type="String">19</Data></Cell><Cell><Data ss:Type="String"></Data></Cell><Cell><Data ss:Type="String"></Data></Cell><Cell><Data ss:Type="String"></Data></Cell></Row><Row><Cell><Data ss:Type="String">20-10-2021</Data></Cell><Cell><Data ss:Type="String">24</Data></Cell><Cell><Data ss:Type="String"></Data></Cell><Cell><Data ss:Type="String"></Data></Cell><Cell><Data ss:Type="String"></Data></Cell></Row><Row><Cell><Data ss:Type="String">21-10-2021</Data></Cell><Cell><Data ss:Type="String">15</Data></Cell><Cell><Data ss:Type="String"></Data></Cell><Cell><Data ss:Type="String"></Data></Cell><Cell><Data ss:Type="String"></Data></Cell></Row><Row><Cell><Data ss:Type="String">22-10-2021</Data></Cell><Cell><Data ss:Type="String">9</Data></Cell><Cell><Data ss:Type="String"></Data></Cell><Cell><Data ss:Type="String"></Data></Cell><Cell><Data ss:Type="String"></Data></Cell></Row><Row><Cell><Data ss:Type="String">23-10-2021</Data></Cell><Cell><Data ss:Type="String">1</Data></Cell><Cell><Data ss:Type="String"></Data></Cell><Cell><Data ss:Type="String"></Data></Cell><Cell><Data ss:Type="String"></Data></Cell></Row><Row><Cell><Data ss:Type="String">24-10-2021</Data></Cell><Cell><Data ss:Type="String">4</Data></Cell><Cell><Data ss:Type="String"></Data></Cell><Cell><Data ss:Type="String"></Data></Cell><Cell><Data ss:Type="String"></Data></Cell></Row><Row><Cell><Data ss:Type="String">25-10-2021</Data></Cell><Cell><Data ss:Type="String">20</Data></Cell><Cell><Data ss:Type="String"></Data></Cell><Cell><Data ss:Type="String"></Data></Cell><Cell><Data ss:Type="String"></Data></Cell></Row><Row><Cell><Data ss:Type="String">26-10-2021</Data></Cell><Cell><Data ss:Type="String">14</Data></Cell><Cell><Data ss:Type="String"></Data></Cell><Cell><Data ss:Type="String"></Data></Cell><Cell><Data ss:Type="String"></Data></Cell></Row><Row><Cell><Data ss:Type="String">27-10-2021</Data></Cell><Cell><Data ss:Type="String">11</Data></Cell><Cell><Data ss:Type="String"></Data></Cell><Cell><Data ss:Type="String"></Data></Cell><Cell><Data ss:Type="String"></Data></Cell></Row><Row><Cell><Data ss:Type="String">28-10-2021</Data></Cell><Cell><Data ss:Type="String">10</Data></Cell><Cell><Data ss:Type="String"></Data></Cell><Cell><Data ss:Type="String"></Data></Cell><Cell><Data ss:Type="String"></Data></Cell></Row><Row><Cell><Data ss:Type="String">29-10-2021</Data></Cell><Cell><Data ss:Type="String">9</Data></Cell><Cell><Data ss:Type="String"></Data></Cell><Cell><Data ss:Type="String"></Data></Cell><Cell><Data ss:Type="String"></Data></Cell></Row><Row><Cell><Data ss:Type="String">30-10-2021</Data></Cell><Cell><Data ss:Type="String">2</Data></Cell><Cell><Data ss:Type="String"></Data></Cell><Cell><Data ss:Type="String"></Data></Cell><Cell><Data ss:Type="String"></Data></Cell></Row><Row><Cell><Data ss:Type="String">31-10-2021</Data></Cell><Cell><Data ss:Type="String">5</Data></Cell><Cell><Data ss:Type="String"></Data></Cell><Cell><Data ss:Type="String"></Data></Cell><Cell><Data ss:Type="String"></Data></Cell></Row><Row><Cell><Data ss:Type="String">01-11-2021</Data></Cell><Cell><Data ss:Type="String">9</Data></Cell><Cell><Data ss:Type="String"></Data></Cell><Cell><Data ss:Type="String"></Data></Cell><Cell><Data ss:Type="String"></Data></Cell></Row><Row><Cell><Data ss:Type="String">02-11-2021</Data></Cell><Cell><Data ss:Type="String">23</Data></Cell><Cell><Data ss:Type="String"></Data></Cell><Cell><Data ss:Type="String"></Data></Cell><Cell><Data ss:Type="String"></Data></Cell></Row><Row><Cell><Data ss:Type="String">03-11-2021</Data></Cell><Cell><Data ss:Type="String">24</Data></Cell><Cell><Data ss:Type="String"></Data></Cell><Cell><Data ss:Type="String"></Data></Cell><Cell><Data ss:Type="String"></Data></Cell></Row><Row><Cell><Data ss:Type="String">04-11-2021</Data></Cell><Cell><Data ss:Type="String">20</Data></Cell><Cell><Data ss:Type="String"></Data></Cell><Cell><Data ss:Type="String"></Data></Cell><Cell><Data ss:Type="String"></Data></Cell></Row><Row><Cell><Data ss:Type="String">05-11-2021</Data></Cell><Cell><Data ss:Type="String">15</Data></Cell><Cell><Data ss:Type="String"></Data></Cell><Cell><Data ss:Type="String"></Data></Cell><Cell><Data ss:Type="String"></Data></Cell></Row><Row><Cell><Data ss:Type="String">06-11-2021</Data></Cell><Cell><Data ss:Type="String">4</Data></Cell><Cell><Data ss:Type="String"></Data></Cell><Cell><Data ss:Type="String"></Data></Cell><Cell><Data ss:Type="String"></Data></Cell></Row><Row><Cell><Data ss:Type="String">07-11-2021</Data></Cell><Cell><Data ss:Type="String">2</Data></Cell><Cell><Data ss:Type="String"></Data></Cell><Cell><Data ss:Type="String"></Data></Cell><Cell><Data ss:Type="String"></Data></Cell></Row><Row><Cell><Data ss:Type="String">08-11-2021</Data></Cell><Cell><Data ss:Type="String">23</Data></Cell><Cell><Data ss:Type="String"></Data></Cell><Cell><Data ss:Type="String"></Data></Cell><Cell><Data ss:Type="String"></Data></Cell></Row><Row><Cell><Data ss:Type="String">09-11-2021</Data></Cell><Cell><Data ss:Type="String">18</Data></Cell><Cell><Data ss:Type="String"></Data></Cell><Cell><Data ss:Type="String"></Data></Cell><Cell><Data ss:Type="String"></Data></Cell></Row><Row><Cell><Data ss:Type="String">10-11-2021</Data></Cell><Cell><Data ss:Type="String">17</Data></Cell><Cell><Data ss:Type="String"></Data></Cell><Cell><Data ss:Type="String"></Data></Cell><Cell><Data ss:Type="String"></Data></Cell></Row><Row><Cell><Data ss:Type="String">11-11-2021</Data></Cell><Cell><Data ss:Type="String">13</Data></Cell><Cell><Data ss:Type="String"></Data></Cell><Cell><Data ss:Type="String"></Data></Cell><Cell><Data ss:Type="String"></Data></Cell></Row><Row><Cell><Data ss:Type="String">12-11-2021</Data></Cell><Cell><Data ss:Type="String">10</Data></Cell><Cell><Data ss:Type="String"></Data></Cell><Cell><Data ss:Type="String"></Data></Cell><Cell><Data ss:Type="String"></Data></Cell></Row><Row><Cell><Data ss:Type="String">13-11-2021</Data></Cell><Cell><Data ss:Type="String">4</Data></Cell><Cell><Data ss:Type="String"></Data></Cell><Cell><Data ss:Type="String"></Data></Cell><Cell><Data ss:Type="String"></Data></Cell></Row><Row><Cell><Data ss:Type="String">14-11-2021</Data></Cell><Cell><Data ss:Type="String">6</Data></Cell><Cell><Data ss:Type="String"></Data></Cell><Cell><Data ss:Type="String"></Data></Cell><Cell><Data ss:Type="String"></Data></Cell></Row><Row><Cell><Data ss:Type="String">15-11-2021</Data></Cell><Cell><Data ss:Type="String">18</Data></Cell><Cell><Data ss:Type="String"></Data></Cell><Cell><Data ss:Type="String"></Data></Cell><Cell><Data ss:Type="String"></Data></Cell></Row><Row><Cell><Data ss:Type="String">16-11-2021</Data></Cell><Cell><Data ss:Type="String">20</Data></Cell><Cell><Data ss:Type="String"></Data></Cell><Cell><Data ss:Type="String"></Data></Cell><Cell><Data ss:Type="String"></Data></Cell></Row><Row><Cell><Data ss:Type="String">17-11-2021</Data></Cell><Cell><Data ss:Type="String">16</Data></Cell><Cell><Data ss:Type="String"></Data></Cell><Cell><Data ss:Type="String"></Data></Cell><Cell><Data ss:Type="String"></Data></Cell></Row><Row><Cell><Data ss:Type="String">18-11-2021</Data></Cell><Cell><Data ss:Type="String">16</Data></Cell><Cell><Data ss:Type="String"></Data></Cell><Cell><Data ss:Type="String"></Data></Cell><Cell><Data ss:Type="String"></Data></Cell></Row><Row><Cell><Data ss:Type="String">19-11-2021</Data></Cell><Cell><Data ss:Type="String">8</Data></Cell><Cell><Data ss:Type="String"></Data></Cell><Cell><Data ss:Type="String"></Data></Cell><Cell><Data ss:Type="String"></Data></Cell></Row><Row><Cell><Data ss:Type="String">20-11-2021</Data></Cell><Cell><Data ss:Type="String">3</Data></Cell><Cell><Data ss:Type="String"></Data></Cell><Cell><Data ss:Type="String"></Data></Cell><Cell><Data ss:Type="String"></Data></Cell></Row><Row><Cell><Data ss:Type="String">21-11-2021</Data></Cell><Cell><Data ss:Type="String">4</Data></Cell><Cell><Data ss:Type="String"></Data></Cell><Cell><Data ss:Type="String"></Data></Cell><Cell><Data ss:Type="String"></Data></Cell></Row><Row><Cell><Data ss:Type="String">22-11-2021</Data></Cell><Cell><Data ss:Type="String">14</Data></Cell><Cell><Data ss:Type="String"></Data></Cell><Cell><Data ss:Type="String"></Data></Cell><Cell><Data ss:Type="String"></Data></Cell></Row><Row><Cell><Data ss:Type="String">23-11-2021</Data></Cell><Cell><Data ss:Type="String">16</Data></Cell><Cell><Data ss:Type="String"></Data></Cell><Cell><Data ss:Type="String"></Data></Cell><Cell><Data ss:Type="String"></Data></Cell></Row><Row><Cell><Data ss:Type="String">24-11-2021</Data></Cell><Cell><Data ss:Type="String">21</Data></Cell><Cell><Data ss:Type="String"></Data></Cell><Cell><Data ss:Type="String"></Data></Cell><Cell><Data ss:Type="String"></Data></Cell></Row><Row><Cell><Data ss:Type="String">25-11-2021</Data></Cell><Cell><Data ss:Type="String">12</Data></Cell><Cell><Data ss:Type="String"></Data></Cell><Cell><Data ss:Type="String"></Data></Cell><Cell><Data ss:Type="String"></Data></Cell></Row><Row><Cell><Data ss:Type="String">26-11-2021</Data></Cell><Cell><Data ss:Type="String">12</Data></Cell><Cell><Data ss:Type="String"></Data></Cell><Cell><Data ss:Type="String"></Data></Cell><Cell><Data ss:Type="String"></Data></Cell></Row><Row><Cell><Data ss:Type="String">27-11-2021</Data></Cell><Cell><Data ss:Type="String">9</Data></Cell><Cell><Data ss:Type="String"></Data></Cell><Cell><Data ss:Type="String"></Data></Cell><Cell><Data ss:Type="String"></Data></Cell></Row><Row><Cell><Data ss:Type="String">28-11-2021</Data></Cell><Cell><Data ss:Type="String">7</Data></Cell><Cell><Data ss:Type="String"></Data></Cell><Cell><Data ss:Type="String"></Data></Cell><Cell><Data ss:Type="String"></Data></Cell></Row><Row><Cell><Data ss:Type="String">29-11-2021</Data></Cell><Cell><Data ss:Type="String">17</Data></Cell><Cell><Data ss:Type="String"></Data></Cell><Cell><Data ss:Type="String"></Data></Cell><Cell><Data ss:Type="String"></Data></Cell></Row><Row><Cell><Data ss:Type="String">30-11-2021</Data></Cell><Cell><Data ss:Type="String">18</Data></Cell><Cell><Data ss:Type="String"></Data></Cell><Cell><Data ss:Type="String"></Data></Cell><Cell><Data ss:Type="String"></Data></Cell></Row><Row><Cell><Data ss:Type="String">01-12-2021</Data></Cell><Cell><Data ss:Type="String">27</Data></Cell><Cell><Data ss:Type="String"></Data></Cell><Cell><Data ss:Type="String"></Data></Cell><Cell><Data ss:Type="String"></Data></Cell></Row><Row><Cell><Data ss:Type="String">02-12-2021</Data></Cell><Cell><Data ss:Type="String">26</Data></Cell><Cell><Data ss:Type="String"></Data></Cell><Cell><Data ss:Type="String"></Data></Cell><Cell><Data ss:Type="String"></Data></Cell></Row><Row><Cell><Data ss:Type="String">03-12-2021</Data></Cell><Cell><Data ss:Type="String">25</Data></Cell><Cell><Data ss:Type="String"></Data></Cell><Cell><Data ss:Type="String"></Data></Cell><Cell><Data ss:Type="String"></Data></Cell></Row><Row><Cell><Data ss:Type="String">04-12-2021</Data></Cell><Cell><Data ss:Type="String">8</Data></Cell><Cell><Data ss:Type="String"></Data></Cell><Cell><Data ss:Type="String"></Data></Cell><Cell><Data ss:Type="String"></Data></Cell></Row><Row><Cell><Data ss:Type="String">05-12-2021</Data></Cell><Cell><Data ss:Type="String">6</Data></Cell><Cell><Data ss:Type="String"></Data></Cell><Cell><Data ss:Type="String"></Data></Cell><Cell><Data ss:Type="String"></Data></Cell></Row><Row><Cell><Data ss:Type="String">06-12-2021</Data></Cell><Cell><Data ss:Type="String">17</Data></Cell><Cell><Data ss:Type="String"></Data></Cell><Cell><Data ss:Type="String"></Data></Cell><Cell><Data ss:Type="String"></Data></Cell></Row><Row><Cell><Data ss:Type="String">07-12-2021</Data></Cell><Cell><Data ss:Type="String">9</Data></Cell><Cell><Data ss:Type="String"></Data></Cell><Cell><Data ss:Type="String"></Data></Cell><Cell><Data ss:Type="String"></Data></Cell></Row><Row><Cell><Data ss:Type="String">08-12-2021</Data></Cell><Cell><Data ss:Type="String">4</Data></Cell><Cell><Data ss:Type="String"></Data></Cell><Cell><Data ss:Type="String"></Data></Cell><Cell><Data ss:Type="String"></Data></Cell></Row><Row><Cell><Data ss:Type="String">09-12-2021</Data></Cell><Cell><Data ss:Type="String">11</Data></Cell><Cell><Data ss:Type="String"></Data></Cell><Cell><Data ss:Type="String"></Data></Cell><Cell><Data ss:Type="String"></Data></Cell></Row><Row><Cell><Data ss:Type="String">10-12-2021</Data></Cell><Cell><Data ss:Type="String">8</Data></Cell><Cell><Data ss:Type="String"></Data></Cell><Cell><Data ss:Type="String"></Data></Cell><Cell><Data ss:Type="String"></Data></Cell></Row><Row><Cell><Data ss:Type="String">11-12-2021</Data></Cell><Cell><Data ss:Type="String">3</Data></Cell><Cell><Data ss:Type="String"></Data></Cell><Cell><Data ss:Type="String"></Data></Cell><Cell><Data ss:Type="String"></Data></Cell></Row><Row><Cell><Data ss:Type="String">12-12-2021</Data></Cell><Cell><Data ss:Type="String">6</Data></Cell><Cell><Data ss:Type="String"></Data></Cell><Cell><Data ss:Type="String"></Data></Cell><Cell><Data ss:Type="String"></Data></Cell></Row><Row><Cell><Data ss:Type="String">13-12-2021</Data></Cell><Cell><Data ss:Type="String">11</Data></Cell><Cell><Data ss:Type="String"></Data></Cell><Cell><Data ss:Type="String"></Data></Cell><Cell><Data ss:Type="String"></Data></Cell></Row><Row><Cell><Data ss:Type="String">14-12-2021</Data></Cell><Cell><Data ss:Type="String">11</Data></Cell><Cell><Data ss:Type="String"></Data></Cell><Cell><Data ss:Type="String"></Data></Cell><Cell><Data ss:Type="String"></Data></Cell></Row><Row><Cell><Data ss:Type="String">15-12-2021</Data></Cell><Cell><Data ss:Type="String">6</Data></Cell><Cell><Data ss:Type="String"></Data></Cell><Cell><Data ss:Type="String"></Data></Cell><Cell><Data ss:Type="String"></Data></Cell></Row><Row><Cell><Data ss:Type="String">Total</Data></Cell><Cell><Data ss:Type="String">791</Data></Cell><Cell><Data ss:Type="String"></Data></Cell><Cell><Data ss:Type="String"></Data></Cell><Cell><Data ss:Type="String"></Data></Cell></Row></Table></Worksheet><Worksheet ss:Name="Detalle"><Table><Row><Cell><Data ss:Type="String">Rut</Data></Cell><Cell><Data ss:Type="String">Nombre</Data></Cell><Cell><Data ss:Type="String">Apellido</Data></Cell><Cell><Data ss:Type="String">Correo</Data></Cell><Cell><Data ss:Type="String">Grupo</Data></Cell><Cell><Data ss:Type="String">Fecha útimo acceso</Data></Cell><Cell><Data ss:Type="String">Hora útimo acceso</Data></Cell><Cell><Data ss:Type="String">Estado</Data></Cell></Row><Row><Cell><Data ss:Type="String">6.815.195-3</Data></Cell><Cell><Data ss:Type="String">MIGUEL ANGEL DEL TRÁNSITO</Data></Cell><Cell><Data ss:Type="String">OSORIO COFRÉ</Data></Cell><Cell><Data ss:Type="String">PROFESORIO@HOTMAIL.COM</Data></Cell><Cell><Data ss:Type="String">Sin grupo</Data></Cell><Cell><Data ss:Type="String">12-12-2021</Data></Cell><Cell><Data ss:Type="String">13:37</Data></Cell><Cell><Data ss:Type="String">Activo</Data></Cell></Row><Row><Cell><Data ss:Type="String">9.071.771-5</Data></Cell><Cell><Data ss:Type="String">MIRIAM MERCEDES</Data></Cell><Cell><Data ss:Type="String">MORA SÁEZ</Data></Cell><Cell><Data ss:Type="String">ALECAT_2607@HOTMAIL.COM</Data></Cell><Cell><Data ss:Type="String">Sin grupo</Data></Cell><Cell><Data ss:Type="String">4-12-2021</Data></Cell><Cell><Data ss:Type="String">21:47</Data></Cell><Cell><Data ss:Type="String">Activo</Data></Cell></Row><Row><Cell><Data ss:Type="String">12.881.721-2</Data></Cell><Cell><Data ss:Type="String">Carla Evelyn Francisca</Data></Cell><Cell><Data ss:Type="String">Arán Saldaña</Data></Cell><Cell><Data ss:Type="String">carlaagustinedwards@gmail.com</Data></Cell><Cell><Data ss:Type="String">Sin grupo</Data></Cell><Cell><Data ss:Type="String">2-12-2021</Data></Cell><Cell><Data ss:Type="String">10:59</Data></Cell><Cell><Data ss:Type="String">Activo</Data></Cell></Row><Row><Cell><Data ss:Type="String">8.166.408-0</Data></Cell><Cell><Data ss:Type="String">CARLOS FERNANDO</Data></Cell><Cell><Data ss:Type="String">ROMANINI ALVAREZ</Data></Cell><Cell><Data ss:Type="String">CFEROM@YAHOO.ES</Data></Cell><Cell><Data ss:Type="String">Sin grupo</Data></Cell><Cell><Data ss:Type="String">13-12-2021</Data></Cell><Cell><Data ss:Type="String">20:21</Data></Cell><Cell><Data ss:Type="String">Activo</Data></Cell></Row><Row><Cell><Data ss:Type="String">7.302.745-4</Data></Cell><Cell><Data ss:Type="String">MARIA EUGENIA</Data></Cell><Cell><Data ss:Type="String">MENARES MONSALVE</Data></Cell><Cell><Data ss:Type="String">MMMENARES@GMAIL.COM</Data></Cell><Cell><Data ss:Type="String">Sin grupo</Data></Cell><Cell><Data ss:Type="String">1-12-2021</Data></Cell><Cell><Data ss:Type="String">17:26</Data></Cell><Cell><Data ss:Type="String">Activo</Data></Cell></Row><Row><Cell><Data ss:Type="String">15.267.096-6</Data></Cell><Cell><Data ss:Type="String">KARINA ANDREA</Data></Cell><Cell><Data ss:Type="String">AMIGO GALLEGUILLOS</Data></Cell><Cell><Data ss:Type="String">AMI_KAR@HOTMAIL.ES</Data></Cell><Cell><Data ss:Type="String">Sin grupo</Data></Cell><Cell><Data ss:Type="String">13-12-2021</Data></Cell><Cell><Data ss:Type="String">21:16</Data></Cell><Cell><Data ss:Type="String">Activo</Data></Cell></Row><Row><Cell><Data ss:Type="String">13.147.425-3</Data></Cell><Cell><Data ss:Type="String">Roxana Andrea</Data></Cell><Cell><Data ss:Type="String">Molina Barra</Data></Cell><Cell><Data ss:Type="String">ROXYMOLY@GMAIL.COM</Data></Cell><Cell><Data ss:Type="String">Sin grupo</Data></Cell><Cell><Data ss:Type="String">16-10-2021</Data></Cell><Cell><Data ss:Type="String">13:57</Data></Cell><Cell><Data ss:Type="String">Activo</Data></Cell></Row><Row><Cell><Data ss:Type="String">14.419.839-5</Data></Cell><Cell><Data ss:Type="String">MOIRA CRISTINA</Data></Cell><Cell><Data ss:Type="String">MUÑOZ SALVO</Data></Cell><Cell><Data ss:Type="String">MOIRA25MS@GMAIL.COM</Data></Cell><Cell><Data ss:Type="String">Sin grupo</Data></Cell><Cell><Data ss:Type="String">3-12-2021</Data></Cell><Cell><Data ss:Type="String">13:49</Data></Cell><Cell><Data ss:Type="String">Activo</Data></Cell></Row><Row><Cell><Data ss:Type="String">7.763.061-9</Data></Cell><Cell><Data ss:Type="String">MARTA CECILIA</Data></Cell><Cell><Data ss:Type="String">FUENTES JARA</Data></Cell><Cell><Data ss:Type="String">ceciliafuentes@colegiopompeya.cl</Data></Cell><Cell><Data ss:Type="String">Sin grupo</Data></Cell><Cell><Data ss:Type="String">15-12-2021</Data></Cell><Cell><Data ss:Type="String">11:28</Data></Cell><Cell><Data ss:Type="String">Activo</Data></Cell></Row><Row><Cell><Data ss:Type="String">10.419.645-4</Data></Cell><Cell><Data ss:Type="String">CLAUDIA MABEL</Data></Cell><Cell><Data ss:Type="String">GALLARDO HENRÍQUEZ</Data></Cell><Cell><Data ss:Type="String">claudiagallardo@colegiosanfernando.cl</Data></Cell><Cell><Data ss:Type="String">Sin grupo</Data></Cell><Cell><Data ss:Type="String">6-12-2021</Data></Cell><Cell><Data ss:Type="String">11:4</Data></Cell><Cell><Data ss:Type="String">Activo</Data></Cell></Row><Row><Cell><Data ss:Type="String">9.581.651-7</Data></Cell><Cell><Data ss:Type="String">MARIANELA DEL CARMEN</Data></Cell><Cell><Data ss:Type="String">HERRERA BAEZ</Data></Cell><Cell><Data ss:Type="String">PROFESORAMARIANE@HOTMAIL.COM</Data></Cell><Cell><Data ss:Type="String">Sin grupo</Data></Cell><Cell><Data ss:Type="String">3-12-2021</Data></Cell><Cell><Data ss:Type="String">12:19</Data></Cell><Cell><Data ss:Type="String">Activo</Data></Cell></Row><Row><Cell><Data ss:Type="String">14.330.759-k</Data></Cell><Cell><Data ss:Type="String">EDITH DEL CARMEN</Data></Cell><Cell><Data ss:Type="String">CERDA RETAMAL</Data></Cell><Cell><Data ss:Type="String">EDITHACERDA@GMAIL.COM</Data></Cell><Cell><Data ss:Type="String">Sin grupo</Data></Cell><Cell><Data ss:Type="String">Sin acceso</Data></Cell><Cell><Data ss:Type="String">Sin acceso</Data></Cell><Cell><Data ss:Type="String">Activo</Data></Cell></Row><Row><Cell><Data ss:Type="String">16.277.559-6</Data></Cell><Cell><Data ss:Type="String">NAZARET UZZIEL</Data></Cell><Cell><Data ss:Type="String">POBLETE AROCA</Data></Cell><Cell><Data ss:Type="String">POBLETE.NAZARET@GMAIL.COM</Data></Cell><Cell><Data ss:Type="String">Sin grupo</Data></Cell><Cell><Data ss:Type="String">2-12-2021</Data></Cell><Cell><Data ss:Type="String">18:45</Data></Cell><Cell><Data ss:Type="String">Activo</Data></Cell></Row><Row><Cell><Data ss:Type="String">16.311.223-k</Data></Cell><Cell><Data ss:Type="String">CLAUDIA ANDREA</Data></Cell><Cell><Data ss:Type="String">AVENDAÑO DURÁN</Data></Cell><Cell><Data ss:Type="String">CLAUDIA.AVENDANO.DURAN@GMAIL.COM</Data></Cell><Cell><Data ss:Type="String">Sin grupo</Data></Cell><Cell><Data ss:Type="String">6-12-2021</Data></Cell><Cell><Data ss:Type="String">9:31</Data></Cell><Cell><Data ss:Type="String">Activo</Data></Cell></Row><Row><Cell><Data ss:Type="String">13.377.315-0</Data></Cell><Cell><Data ss:Type="String">MÓNICA YANET</Data></Cell><Cell><Data ss:Type="String">MALDONADO ROMERO</Data></Cell><Cell><Data ss:Type="String">MONICA_MAL.RO@HOTMAIL.COM</Data></Cell><Cell><Data ss:Type="String">Sin grupo</Data></Cell><Cell><Data ss:Type="String">Sin acceso</Data></Cell><Cell><Data ss:Type="String">Sin acceso</Data></Cell><Cell><Data ss:Type="String">Activo</Data></Cell></Row><Row><Cell><Data ss:Type="String">11.597.321-5</Data></Cell><Cell><Data ss:Type="String">BLANCA MARISOL</Data></Cell><Cell><Data ss:Type="String">JARA UTRERAS</Data></Cell><Cell><Data ss:Type="String">MARISOLJARA@SANMARINOCOLLEGE.CL</Data></Cell><Cell><Data ss:Type="String">Sin grupo</Data></Cell><Cell><Data ss:Type="String">8-11-2021</Data></Cell><Cell><Data ss:Type="String">9:18</Data></Cell><Cell><Data ss:Type="String">Activo</Data></Cell></Row><Row><Cell><Data ss:Type="String">13.120.292-k</Data></Cell><Cell><Data ss:Type="String">Elsa Jimena</Data></Cell><Cell><Data ss:Type="String">Alvarado Maricahuin</Data></Cell><Cell><Data ss:Type="String">ximena.hernandez@colegiocoyam.cl</Data></Cell><Cell><Data ss:Type="String">Sin grupo</Data></Cell><Cell><Data ss:Type="String">13-10-2021</Data></Cell><Cell><Data ss:Type="String">15:9</Data></Cell><Cell><Data ss:Type="String">Activo</Data></Cell></Row><Row><Cell><Data ss:Type="String">11.704.849-7</Data></Cell><Cell><Data ss:Type="String">PAOLA MARISA</Data></Cell><Cell><Data ss:Type="String">ANTILLANCA CARRASCO</Data></Cell><Cell><Data ss:Type="String">TUAMAPU@HOTMAIL.COM</Data></Cell><Cell><Data ss:Type="String">Sin grupo</Data></Cell><Cell><Data ss:Type="String">13-12-2021</Data></Cell><Cell><Data ss:Type="String">16:27</Data></Cell><Cell><Data ss:Type="String">Activo</Data></Cell></Row><Row><Cell><Data ss:Type="String">12.467.986-9</Data></Cell><Cell><Data ss:Type="String">GLORIA BEATRIZ</Data></Cell><Cell><Data ss:Type="String">LARA MIRANDA</Data></Cell><Cell><Data ss:Type="String">BIBLIOTECA.DELSOL@COLEGIOTERRAUSTRAL.CL</Data></Cell><Cell><Data ss:Type="String">Sin grupo</Data></Cell><Cell><Data ss:Type="String">14-12-2021</Data></Cell><Cell><Data ss:Type="String">15:47</Data></Cell><Cell><Data ss:Type="String">Activo</Data></Cell></Row><Row><Cell><Data ss:Type="String">10.413.401-7</Data></Cell><Cell><Data ss:Type="String">SUSANA LORENA</Data></Cell><Cell><Data ss:Type="String">MORENO GOMEZ</Data></Cell><Cell><Data ss:Type="String">MORENOGOMEZSUSANALORENA@GMAIL.COM</Data></Cell><Cell><Data ss:Type="String">Sin grupo</Data></Cell><Cell><Data ss:Type="String">2-12-2021</Data></Cell><Cell><Data ss:Type="String">20:3</Data></Cell><Cell><Data ss:Type="String">Activo</Data></Cell></Row><Row><Cell><Data ss:Type="String">5.474.651-2</Data></Cell><Cell><Data ss:Type="String">MARIA CECILIA</Data></Cell><Cell><Data ss:Type="String">RIVANO ESPINOZA</Data></Cell><Cell><Data ss:Type="String">GIGIRIVANO@HOTMAIL.COM</Data></Cell><Cell><Data ss:Type="String">Sin grupo</Data></Cell><Cell><Data ss:Type="String">6-12-2021</Data></Cell><Cell><Data ss:Type="String">9:11</Data></Cell><Cell><Data ss:Type="String">Activo</Data></Cell></Row><Row><Cell><Data ss:Type="String">10.262.588-9</Data></Cell><Cell><Data ss:Type="String">JOISY MARIAM</Data></Cell><Cell><Data ss:Type="String">CONTRERAS OLIVARES</Data></Cell><Cell><Data ss:Type="String">JMARI29@GMAIL.COM</Data></Cell><Cell><Data ss:Type="String">Sin grupo</Data></Cell><Cell><Data ss:Type="String">3-12-2021</Data></Cell><Cell><Data ss:Type="String">12:51</Data></Cell><Cell><Data ss:Type="String">Activo</Data></Cell></Row><Row><Cell><Data ss:Type="String">10.433.414-8</Data></Cell><Cell><Data ss:Type="String">GLORIA</Data></Cell><Cell><Data ss:Type="String">ANTIÑANCO ALLANAO</Data></Cell><Cell><Data ss:Type="String">GLORIA.ANTINANCO1970@GMAIL.COM</Data></Cell><Cell><Data ss:Type="String">Sin grupo</Data></Cell><Cell><Data ss:Type="String">Sin acceso</Data></Cell><Cell><Data ss:Type="String">Sin acceso</Data></Cell><Cell><Data ss:Type="String">Activo</Data></Cell></Row><Row><Cell><Data ss:Type="String">12.714.610-1</Data></Cell><Cell><Data ss:Type="String">CLAUDIA MIREYA</Data></Cell><Cell><Data ss:Type="String">DIAZ HERNANDEZ</Data></Cell><Cell><Data ss:Type="String">CLAU.DIAZ.HDEZ@GMAIL.COM</Data></Cell><Cell><Data ss:Type="String">Sin grupo</Data></Cell><Cell><Data ss:Type="String">Sin acceso</Data></Cell><Cell><Data ss:Type="String">Sin acceso</Data></Cell><Cell><Data ss:Type="String">Activo</Data></Cell></Row><Row><Cell><Data ss:Type="String">10.351.952-7</Data></Cell><Cell><Data ss:Type="String">Carolina Elizabeth</Data></Cell><Cell><Data ss:Type="String">González Contreras</Data></Cell><Cell><Data ss:Type="String">carolinagonzalez9@gmail.com</Data></Cell><Cell><Data ss:Type="String">Sin grupo</Data></Cell><Cell><Data ss:Type="String">3-12-2021</Data></Cell><Cell><Data ss:Type="String">10:38</Data></Cell><Cell><Data ss:Type="String">Activo</Data></Cell></Row><Row><Cell><Data ss:Type="String">7.219.809-3</Data></Cell><Cell><Data ss:Type="String">ELIZABETH DEL CARMEN</Data></Cell><Cell><Data ss:Type="String">ROJAS DÍAZ</Data></Cell><Cell><Data ss:Type="String">taraytommy2@gmail.com</Data></Cell><Cell><Data ss:Type="String">Sin grupo</Data></Cell><Cell><Data ss:Type="String">3-12-2021</Data></Cell><Cell><Data ss:Type="String">13:23</Data></Cell><Cell><Data ss:Type="String">Activo</Data></Cell></Row><Row><Cell><Data ss:Type="String">10.219.413-6</Data></Cell><Cell><Data ss:Type="String">juana delia</Data></Cell><Cell><Data ss:Type="String">huiaquimil huaiquian</Data></Cell><Cell><Data ss:Type="String">analiamilan@gmail.com</Data></Cell><Cell><Data ss:Type="String">Sin grupo</Data></Cell><Cell><Data ss:Type="String">Sin acceso</Data></Cell><Cell><Data ss:Type="String">Sin acceso</Data></Cell><Cell><Data ss:Type="String">Activo</Data></Cell></Row><Row><Cell><Data ss:Type="String">8.045.389-2</Data></Cell><Cell><Data ss:Type="String">JIMENA</Data></Cell><Cell><Data ss:Type="String">CARMONA MENESES</Data></Cell><Cell><Data ss:Type="String">J.CARMONA.MENESES@GMAIL.COM</Data></Cell><Cell><Data ss:Type="String">Sin grupo</Data></Cell><Cell><Data ss:Type="String">12-12-2021</Data></Cell><Cell><Data ss:Type="String">23:24</Data></Cell><Cell><Data ss:Type="String">Activo</Data></Cell></Row><Row><Cell><Data ss:Type="String">6.985.693-4</Data></Cell><Cell><Data ss:Type="String">MARÍA ELENA</Data></Cell><Cell><Data ss:Type="String">BASCOLI POSTIGO</Data></Cell><Cell><Data ss:Type="String">MARIAELENA.BASCOLI@MATTE.CL</Data></Cell><Cell><Data ss:Type="String">Sin grupo</Data></Cell><Cell><Data ss:Type="String">27-11-2021</Data></Cell><Cell><Data ss:Type="String">16:30</Data></Cell><Cell><Data ss:Type="String">Activo</Data></Cell></Row><Row><Cell><Data ss:Type="String">14.591.272-5</Data></Cell><Cell><Data ss:Type="String">SILVIA ALEJANDRA</Data></Cell><Cell><Data ss:Type="String">NEGRETE MORALES</Data></Cell><Cell><Data ss:Type="String">janny1719@gmail.com</Data></Cell><Cell><Data ss:Type="String">Sin grupo</Data></Cell><Cell><Data ss:Type="String">4-11-2021</Data></Cell><Cell><Data ss:Type="String">14:14</Data></Cell><Cell><Data ss:Type="String">Activo</Data></Cell></Row><Row><Cell><Data ss:Type="String">15.813.424-1</Data></Cell><Cell><Data ss:Type="String">Karime Jadra</Data></Cell><Cell><Data ss:Type="String">Daud Lemus</Data></Cell><Cell><Data ss:Type="String">karime.daud@cmdsantofagasta.cl</Data></Cell><Cell><Data ss:Type="String">Sin grupo</Data></Cell><Cell><Data ss:Type="String">8-12-2021</Data></Cell><Cell><Data ss:Type="String">20:52</Data></Cell><Cell><Data ss:Type="String">Activo</Data></Cell></Row><Row><Cell><Data ss:Type="String">11.179.175-9</Data></Cell><Cell><Data ss:Type="String">NANCY ISABEL</Data></Cell><Cell><Data ss:Type="String">DURAN FLORES</Data></Cell><Cell><Data ss:Type="String">NANCY.1085@HOTMAIL.COM</Data></Cell><Cell><Data ss:Type="String">Sin grupo</Data></Cell><Cell><Data ss:Type="String">13-12-2021</Data></Cell><Cell><Data ss:Type="String">10:16</Data></Cell><Cell><Data ss:Type="String">Activo</Data></Cell></Row><Row><Cell><Data ss:Type="String">11.065.750-1</Data></Cell><Cell><Data ss:Type="String">SUSANA</Data></Cell><Cell><Data ss:Type="String">ALVARADO GOMEZ</Data></Cell><Cell><Data ss:Type="String">SUSANA.ALVARADO.GOMEZ@GMAIL.COM</Data></Cell><Cell><Data ss:Type="String">Sin grupo</Data></Cell><Cell><Data ss:Type="String">14-12-2021</Data></Cell><Cell><Data ss:Type="String">16:34</Data></Cell><Cell><Data ss:Type="String">Activo</Data></Cell></Row><Row><Cell><Data ss:Type="String">10.848.932-4</Data></Cell><Cell><Data ss:Type="String">MARCELA</Data></Cell><Cell><Data ss:Type="String">FIGUEROA GOMEZ</Data></Cell><Cell><Data ss:Type="String">MARCEFIGO@GMAIL.COM</Data></Cell><Cell><Data ss:Type="String">Sin grupo</Data></Cell><Cell><Data ss:Type="String">2-12-2021</Data></Cell><Cell><Data ss:Type="String">13:54</Data></Cell><Cell><Data ss:Type="String">Activo</Data></Cell></Row><Row><Cell><Data ss:Type="String">13.560.098-9</Data></Cell><Cell><Data ss:Type="String">LILIBEL SOLEDAD</Data></Cell><Cell><Data ss:Type="String">HERNANDEZ MURILLO</Data></Cell><Cell><Data ss:Type="String">AMILY.-28@HOTMAIL.COM</Data></Cell><Cell><Data ss:Type="String">Sin grupo</Data></Cell><Cell><Data ss:Type="String">1-12-2021</Data></Cell><Cell><Data ss:Type="String">12:9</Data></Cell><Cell><Data ss:Type="String">Activo</Data></Cell></Row><Row><Cell><Data ss:Type="String">11.728.778-5</Data></Cell><Cell><Data ss:Type="String">JAZMIN</Data></Cell><Cell><Data ss:Type="String">PIZARRO CASTRO</Data></Cell><Cell><Data ss:Type="String">JAZMINCASTRO@HOTMAIL.ES</Data></Cell><Cell><Data ss:Type="String">Sin grupo</Data></Cell><Cell><Data ss:Type="String">17-11-2021</Data></Cell><Cell><Data ss:Type="String">22:32</Data></Cell><Cell><Data ss:Type="String">Activo</Data></Cell></Row><Row><Cell><Data ss:Type="String">14.568.132-4</Data></Cell><Cell><Data ss:Type="String">SANDRA LORETO</Data></Cell><Cell><Data ss:Type="String">LABBE AGUILERA</Data></Cell><Cell><Data ss:Type="String">sandra.labbe18@gmail.com</Data></Cell><Cell><Data ss:Type="String">Sin grupo</Data></Cell><Cell><Data ss:Type="String">3-12-2021</Data></Cell><Cell><Data ss:Type="String">17:49</Data></Cell><Cell><Data ss:Type="String">Activo</Data></Cell></Row><Row><Cell><Data ss:Type="String">6.453.410-6</Data></Cell><Cell><Data ss:Type="String">LUIS</Data></Cell><Cell><Data ss:Type="String">CASTRO ARRIAGADA</Data></Cell><Cell><Data ss:Type="String">LCARRIEGADA@YAHOO.ES</Data></Cell><Cell><Data ss:Type="String">Sin grupo</Data></Cell><Cell><Data ss:Type="String">20-10-2021</Data></Cell><Cell><Data ss:Type="String">11:11</Data></Cell><Cell><Data ss:Type="String">Activo</Data></Cell></Row><Row><Cell><Data ss:Type="String">16.390.195-1</Data></Cell><Cell><Data ss:Type="String">ROSMARIE</Data></Cell><Cell><Data ss:Type="String">RAMIREZ FUENZALIDA</Data></Cell><Cell><Data ss:Type="String">ROSMARIE.RAMIREZ.F@GMAIL.COM</Data></Cell><Cell><Data ss:Type="String">Sin grupo</Data></Cell><Cell><Data ss:Type="String">9-12-2021</Data></Cell><Cell><Data ss:Type="String">9:16</Data></Cell><Cell><Data ss:Type="String">Activo</Data></Cell></Row><Row><Cell><Data ss:Type="String">15.610.533-3</Data></Cell><Cell><Data ss:Type="String">DANIZA MARY</Data></Cell><Cell><Data ss:Type="String">GONZALEZ SANDOVAL</Data></Cell><Cell><Data ss:Type="String">CRA.MEDIA@NORTHAMERICAN.CL</Data></Cell><Cell><Data ss:Type="String">Sin grupo</Data></Cell><Cell><Data ss:Type="String">14-12-2021</Data></Cell><Cell><Data ss:Type="String">16:5</Data></Cell><Cell><Data ss:Type="String">Activo</Data></Cell></Row><Row><Cell><Data ss:Type="String">17.038.228-5</Data></Cell><Cell><Data ss:Type="String">NALLARET</Data></Cell><Cell><Data ss:Type="String">GARIN PAREDES</Data></Cell><Cell><Data ss:Type="String">NALLARETGP@GMAIL.COM</Data></Cell><Cell><Data ss:Type="String">Sin grupo</Data></Cell><Cell><Data ss:Type="String">3-11-2021</Data></Cell><Cell><Data ss:Type="String">13:12</Data></Cell><Cell><Data ss:Type="String">Activo</Data></Cell></Row><Row><Cell><Data ss:Type="String">12.535.140-9</Data></Cell><Cell><Data ss:Type="String">Myriam Yanett</Data></Cell><Cell><Data ss:Type="String">Arias Roa</Data></Cell><Cell><Data ss:Type="String">myricra@hotmail.com</Data></Cell><Cell><Data ss:Type="String">Sin grupo</Data></Cell><Cell><Data ss:Type="String">9-12-2021</Data></Cell><Cell><Data ss:Type="String">12:28</Data></Cell><Cell><Data ss:Type="String">Activo</Data></Cell></Row><Row><Cell><Data ss:Type="String">13.847.021-0</Data></Cell><Cell><Data ss:Type="String">DANIELA</Data></Cell><Cell><Data ss:Type="String">BURGOS OLIVA</Data></Cell><Cell><Data ss:Type="String">danielaburgosoliva@gmail.com</Data></Cell><Cell><Data ss:Type="String">Sin grupo</Data></Cell><Cell><Data ss:Type="String">9-12-2021</Data></Cell><Cell><Data ss:Type="String">13:9</Data></Cell><Cell><Data ss:Type="String">Activo</Data></Cell></Row><Row><Cell><Data ss:Type="String">15.273.067-5</Data></Cell><Cell><Data ss:Type="String">NATALIA ANDREA</Data></Cell><Cell><Data ss:Type="String">NIKLISCHEK VICENCIO</Data></Cell><Cell><Data ss:Type="String">NNIKLITSCHEK@GMAIL.COM</Data></Cell><Cell><Data ss:Type="String">Sin grupo</Data></Cell><Cell><Data ss:Type="String">14-12-2021</Data></Cell><Cell><Data ss:Type="String">17:1</Data></Cell><Cell><Data ss:Type="String">Activo</Data></Cell></Row><Row><Cell><Data ss:Type="String">6.139.238-6</Data></Cell><Cell><Data ss:Type="String">JOSE GREGORIO</Data></Cell><Cell><Data ss:Type="String">MONJES CASTRO</Data></Cell><Cell><Data ss:Type="String">JGMONJESC@GMAIL.COM</Data></Cell><Cell><Data ss:Type="String">Sin grupo</Data></Cell><Cell><Data ss:Type="String">Sin acceso</Data></Cell><Cell><Data ss:Type="String">Sin acceso</Data></Cell><Cell><Data ss:Type="String">Activo</Data></Cell></Row><Row><Cell><Data ss:Type="String">13.946.882-1</Data></Cell><Cell><Data ss:Type="String">LETICIA MARISOL</Data></Cell><Cell><Data ss:Type="String">NUNEZ REBOLLEDO</Data></Cell><Cell><Data ss:Type="String">LETICIA.NUNEZ@COMEDUC.CL</Data></Cell><Cell><Data ss:Type="String">Sin grupo</Data></Cell><Cell><Data ss:Type="String">7-12-2021</Data></Cell><Cell><Data ss:Type="String">11:7</Data></Cell><Cell><Data ss:Type="String">Activo</Data></Cell></Row><Row><Cell><Data ss:Type="String">10.253.795-5</Data></Cell><Cell><Data ss:Type="String">ESPERANZA</Data></Cell><Cell><Data ss:Type="String">RIQUELME MUNOZ</Data></Cell><Cell><Data ss:Type="String">ESPERANZARIQUELME@YAHOO.ES</Data></Cell><Cell><Data ss:Type="String">Sin grupo</Data></Cell><Cell><Data ss:Type="String">6-12-2021</Data></Cell><Cell><Data ss:Type="String">9:43</Data></Cell><Cell><Data ss:Type="String">Activo</Data></Cell></Row><Row><Cell><Data ss:Type="String">15.912.516-5</Data></Cell><Cell><Data ss:Type="String">MARIO</Data></Cell><Cell><Data ss:Type="String">ORTIZ VELIZ</Data></Cell><Cell><Data ss:Type="String">ORTIZRONNY2@GMAIL.COM</Data></Cell><Cell><Data ss:Type="String">Sin grupo</Data></Cell><Cell><Data ss:Type="String">Sin acceso</Data></Cell><Cell><Data ss:Type="String">Sin acceso</Data></Cell><Cell><Data ss:Type="String">Activo</Data></Cell></Row><Row><Cell><Data ss:Type="String">9.804.103-6</Data></Cell><Cell><Data ss:Type="String">ELIANA MARIELA</Data></Cell><Cell><Data ss:Type="String">BARRAZA PAVEZ</Data></Cell><Cell><Data ss:Type="String">EBARRAZAPAVEZ@GMAIL.COM</Data></Cell><Cell><Data ss:Type="String">Sin grupo</Data></Cell><Cell><Data ss:Type="String">Sin acceso</Data></Cell><Cell><Data ss:Type="String">Sin acceso</Data></Cell><Cell><Data ss:Type="String">Activo</Data></Cell></Row><Row><Cell><Data ss:Type="String">17.610.911-4</Data></Cell><Cell><Data ss:Type="String">KATHERINE YASMÍN</Data></Cell><Cell><Data ss:Type="String">HERRERA BERRÍOS</Data></Cell><Cell><Data ss:Type="String">KATH.HERRERA.BERRIOS@GMAIL.COM</Data></Cell><Cell><Data ss:Type="String">Sin grupo</Data></Cell><Cell><Data ss:Type="String">11-11-2021</Data></Cell><Cell><Data ss:Type="String">20:50</Data></Cell><Cell><Data ss:Type="String">Activo</Data></Cell></Row><Row><Cell><Data ss:Type="String">7.530.920-1</Data></Cell><Cell><Data ss:Type="String">PILAR DEL CARMEN</Data></Cell><Cell><Data ss:Type="String">SEGURA VALDES</Data></Cell><Cell><Data ss:Type="String">PISEVAL2013@GMAIL.COM</Data></Cell><Cell><Data ss:Type="String">Sin grupo</Data></Cell><Cell><Data ss:Type="String">Sin acceso</Data></Cell><Cell><Data ss:Type="String">Sin acceso</Data></Cell><Cell><Data ss:Type="String">Activo</Data></Cell></Row><Row><Cell><Data ss:Type="String">15.357.473-1</Data></Cell><Cell><Data ss:Type="String">VERONICA</Data></Cell><Cell><Data ss:Type="String">PETRULLAN NECULHUEQUE</Data></Cell><Cell><Data ss:Type="String">VEROCAQELIZ.23@HOTMAIL.COM</Data></Cell><Cell><Data ss:Type="String">Sin grupo</Data></Cell><Cell><Data ss:Type="String">Sin acceso</Data></Cell><Cell><Data ss:Type="String">Sin acceso</Data></Cell><Cell><Data ss:Type="String">Activo</Data></Cell></Row><Row><Cell><Data ss:Type="String">9.193.015-3</Data></Cell><Cell><Data ss:Type="String">LAURA ANGELICA</Data></Cell><Cell><Data ss:Type="String">CISTERNAS ARIAS</Data></Cell><Cell><Data ss:Type="String">ANGELARIAS_07@YAHOO.ES</Data></Cell><Cell><Data ss:Type="String">Sin grupo</Data></Cell><Cell><Data ss:Type="String">15-12-2021</Data></Cell><Cell><Data ss:Type="String">0:14</Data></Cell><Cell><Data ss:Type="String">Activo</Data></Cell></Row><Row><Cell><Data ss:Type="String">12.577.054-1</Data></Cell><Cell><Data ss:Type="String">Sandra Soledad</Data></Cell><Cell><Data ss:Type="String">Alvarez Cortés</Data></Cell><Cell><Data ss:Type="String">ALVAREZCORTES.SOLEDAD@GMAIL.COM</Data></Cell><Cell><Data ss:Type="String">Sin grupo</Data></Cell><Cell><Data ss:Type="String">14-12-2021</Data></Cell><Cell><Data ss:Type="String">22:51</Data></Cell><Cell><Data ss:Type="String">Activo</Data></Cell></Row><Row><Cell><Data ss:Type="String">12.556.928-5</Data></Cell><Cell><Data ss:Type="String">HERMOSINA</Data></Cell><Cell><Data ss:Type="String">SEGURA BECERRA</Data></Cell><Cell><Data ss:Type="String">HSEGURABECERRA@GMAIL.COM</Data></Cell><Cell><Data ss:Type="String">Sin grupo</Data></Cell><Cell><Data ss:Type="String">14-12-2021</Data></Cell><Cell><Data ss:Type="String">10:24</Data></Cell><Cell><Data ss:Type="String">Activo</Data></Cell></Row><Row><Cell><Data ss:Type="String">10.143.150-9</Data></Cell><Cell><Data ss:Type="String">FANNY</Data></Cell><Cell><Data ss:Type="String">REYES SILVA</Data></Cell><Cell><Data ss:Type="String">FREYESILVA@HOTMAIL.COM</Data></Cell><Cell><Data ss:Type="String">Sin grupo</Data></Cell><Cell><Data ss:Type="String">24-11-2021</Data></Cell><Cell><Data ss:Type="String">14:34</Data></Cell><Cell><Data ss:Type="String">Activo</Data></Cell></Row><Row><Cell><Data ss:Type="String">12.891.926-0</Data></Cell><Cell><Data ss:Type="String">CARMEN GLORIA</Data></Cell><Cell><Data ss:Type="String">SALINAS DIAZ</Data></Cell><Cell><Data ss:Type="String">CARMEN_GLORIA75@HOTMAIL.COM</Data></Cell><Cell><Data ss:Type="String">Sin grupo</Data></Cell><Cell><Data ss:Type="String">10-12-2021</Data></Cell><Cell><Data ss:Type="String">17:27</Data></Cell><Cell><Data ss:Type="String">Activo</Data></Cell></Row><Row><Cell><Data ss:Type="String">8.969.768-9</Data></Cell><Cell><Data ss:Type="String">PATRICIA</Data></Cell><Cell><Data ss:Type="String">NAPOLITANO RISPOLI</Data></Cell><Cell><Data ss:Type="String">PATITANAPOLITANO@YAHOO.ES</Data></Cell><Cell><Data ss:Type="String">Sin grupo</Data></Cell><Cell><Data ss:Type="String">Sin acceso</Data></Cell><Cell><Data ss:Type="String">Sin acceso</Data></Cell><Cell><Data ss:Type="String">Activo</Data></Cell></Row><Row><Cell><Data ss:Type="String">10.682.107-0</Data></Cell><Cell><Data ss:Type="String">ANITA MARIA</Data></Cell><Cell><Data ss:Type="String">REYES CORDOVA</Data></Cell><Cell><Data ss:Type="String">ANITAREYESC@GMAIL.COM</Data></Cell><Cell><Data ss:Type="String">Sin grupo</Data></Cell><Cell><Data ss:Type="String">23-11-2021</Data></Cell><Cell><Data ss:Type="String">10:12</Data></Cell><Cell><Data ss:Type="String">Activo</Data></Cell></Row><Row><Cell><Data ss:Type="String">8.206.980-1</Data></Cell><Cell><Data ss:Type="String">JOSE</Data></Cell><Cell><Data ss:Type="String">ASTETE SAEZ</Data></Cell><Cell><Data ss:Type="String">JOSE_ASTETE@HOTMAIL.ES</Data></Cell><Cell><Data ss:Type="String">Sin grupo</Data></Cell><Cell><Data ss:Type="String">21-10-2021</Data></Cell><Cell><Data ss:Type="String">12:59</Data></Cell><Cell><Data ss:Type="String">Activo</Data></Cell></Row><Row><Cell><Data ss:Type="String">13.102.789-3</Data></Cell><Cell><Data ss:Type="String">KAREM PAMELA</Data></Cell><Cell><Data ss:Type="String">SANTANA ARRIAGADA</Data></Cell><Cell><Data ss:Type="String">KAREMPAMELA@GMAIL.COM</Data></Cell><Cell><Data ss:Type="String">Sin grupo</Data></Cell><Cell><Data ss:Type="String">1-12-2021</Data></Cell><Cell><Data ss:Type="String">10:43</Data></Cell><Cell><Data ss:Type="String">Activo</Data></Cell></Row><Row><Cell><Data ss:Type="String">13.132.886-9</Data></Cell><Cell><Data ss:Type="String">PAOLA CRISTINA</Data></Cell><Cell><Data ss:Type="String">MALDONADO OSORIO</Data></Cell><Cell><Data ss:Type="String">PMALDONADO_36@HOTMAIL.CL</Data></Cell><Cell><Data ss:Type="String">Sin grupo</Data></Cell><Cell><Data ss:Type="String">5-12-2021</Data></Cell><Cell><Data ss:Type="String">23:5</Data></Cell><Cell><Data ss:Type="String">Activo</Data></Cell></Row><Row><Cell><Data ss:Type="String">9.378.736-6</Data></Cell><Cell><Data ss:Type="String">VERONICA</Data></Cell><Cell><Data ss:Type="String">GALLARDO PINO</Data></Cell><Cell><Data ss:Type="String">VERONICA.VEGAPI@HOTMAIL.COM</Data></Cell><Cell><Data ss:Type="String">Sin grupo</Data></Cell><Cell><Data ss:Type="String">15-12-2021</Data></Cell><Cell><Data ss:Type="String">10:26</Data></Cell><Cell><Data ss:Type="String">Activo</Data></Cell></Row><Row><Cell><Data ss:Type="String">17.184.484-3</Data></Cell><Cell><Data ss:Type="String">MARTA</Data></Cell><Cell><Data ss:Type="String">GARCIA URRUTIA</Data></Cell><Cell><Data ss:Type="String">MARTAGARCIAU@GMAIL.COM</Data></Cell><Cell><Data ss:Type="String">Sin grupo</Data></Cell><Cell><Data ss:Type="String">9-12-2021</Data></Cell><Cell><Data ss:Type="String">7:9</Data></Cell><Cell><Data ss:Type="String">Activo</Data></Cell></Row><Row><Cell><Data ss:Type="String">18.362.392-3</Data></Cell><Cell><Data ss:Type="String">YOCELYN</Data></Cell><Cell><Data ss:Type="String">BUGUENO PATINO</Data></Cell><Cell><Data ss:Type="String">YOCELYN_BP@YAHOO.CL</Data></Cell><Cell><Data ss:Type="String">Sin grupo</Data></Cell><Cell><Data ss:Type="String">7-12-2021</Data></Cell><Cell><Data ss:Type="String">10:33</Data></Cell><Cell><Data ss:Type="String">Activo</Data></Cell></Row><Row><Cell><Data ss:Type="String">15.120.577-1</Data></Cell><Cell><Data ss:Type="String">ROSA</Data></Cell><Cell><Data ss:Type="String">ARIAS PINO</Data></Cell><Cell><Data ss:Type="String">rosa.arias@slepcolchagua.cl</Data></Cell><Cell><Data ss:Type="String">Sin grupo</Data></Cell><Cell><Data ss:Type="String">1-12-2021</Data></Cell><Cell><Data ss:Type="String">9:29</Data></Cell><Cell><Data ss:Type="String">Activo</Data></Cell></Row><Row><Cell><Data ss:Type="String">16.465.710-8</Data></Cell><Cell><Data ss:Type="String">ROSSANA PAOLA</Data></Cell><Cell><Data ss:Type="String">BERTIN CUTIÑO</Data></Cell><Cell><Data ss:Type="String">ROSSANABERTIN9@GMAIL.COM</Data></Cell><Cell><Data ss:Type="String">Sin grupo</Data></Cell><Cell><Data ss:Type="String">Sin acceso</Data></Cell><Cell><Data ss:Type="String">Sin acceso</Data></Cell><Cell><Data ss:Type="String">Activo</Data></Cell></Row><Row><Cell><Data ss:Type="String">11.957.747-0</Data></Cell><Cell><Data ss:Type="String">Marisela</Data></Cell><Cell><Data ss:Type="String">Bustos</Data></Cell><Cell><Data ss:Type="String">marisela70@live.com</Data></Cell><Cell><Data ss:Type="String">Sin grupo</Data></Cell><Cell><Data ss:Type="String">14-12-2021</Data></Cell><Cell><Data ss:Type="String">16:18</Data></Cell><Cell><Data ss:Type="String">Activo</Data></Cell></Row><Row><Cell><Data ss:Type="String">12.918.404-3</Data></Cell><Cell><Data ss:Type="String">Jaime Andres</Data></Cell><Cell><Data ss:Type="String">Lisperguer Valdebenito - 4565</Data></Cell><Cell><Data ss:Type="String">jaimelisperguer@gmail.com</Data></Cell><Cell><Data ss:Type="String">Sin grupo</Data></Cell><Cell><Data ss:Type="String">15-12-2021</Data></Cell><Cell><Data ss:Type="String">9:36</Data></Cell><Cell><Data ss:Type="String">Activo</Data></Cell></Row><Row><Cell><Data ss:Type="String">26.437.504-5</Data></Cell><Cell><Data ss:Type="String">CARMEN VICTORIA</Data></Cell><Cell><Data ss:Type="String">SALAZAR TOVAR</Data></Cell><Cell><Data ss:Type="String">CARVIC1515@GMAIL.COM</Data></Cell><Cell><Data ss:Type="String">Sin grupo</Data></Cell><Cell><Data ss:Type="String">24-11-2021</Data></Cell><Cell><Data ss:Type="String">10:39</Data></Cell><Cell><Data ss:Type="String">Activo</Data></Cell></Row><Row><Cell><Data ss:Type="String">17.587.952-8</Data></Cell><Cell><Data ss:Type="String">Daniela Catalina</Data></Cell><Cell><Data ss:Type="String">Lavado Carvajal</Data></Cell><Cell><Data ss:Type="String">daniilavado@gmail.com</Data></Cell><Cell><Data ss:Type="String">Sin grupo</Data></Cell><Cell><Data ss:Type="String">14-12-2021</Data></Cell><Cell><Data ss:Type="String">22:26</Data></Cell><Cell><Data ss:Type="String">Activo</Data></Cell></Row><Row><Cell><Data ss:Type="String">15.711.852-8</Data></Cell><Cell><Data ss:Type="String">Carolina Andrea</Data></Cell><Cell><Data ss:Type="String">Paillacar Carrillanca</Data></Cell><Cell><Data ss:Type="String">Karola.paillacar@gmail.com</Data></Cell><Cell><Data ss:Type="String">Sin grupo</Data></Cell><Cell><Data ss:Type="String">2-11-2021</Data></Cell><Cell><Data ss:Type="String">14:8</Data></Cell><Cell><Data ss:Type="String">Activo</Data></Cell></Row><Row><Cell><Data ss:Type="String">9.824.123-k</Data></Cell><Cell><Data ss:Type="String">Mónica Janett</Data></Cell><Cell><Data ss:Type="String">Miño Barrera</Data></Cell><Cell><Data ss:Type="String">mmonicajanett@yahoo.com</Data></Cell><Cell><Data ss:Type="String">Sin grupo</Data></Cell><Cell><Data ss:Type="String">24-11-2021</Data></Cell><Cell><Data ss:Type="String">10:4</Data></Cell><Cell><Data ss:Type="String">Activo</Data></Cell></Row><Row><Cell><Data ss:Type="String">25.840.694-k</Data></Cell><Cell><Data ss:Type="String">Galia</Data></Cell><Cell><Data ss:Type="String">Jerez González</Data></Cell><Cell><Data ss:Type="String">galiajg87@gmail.com</Data></Cell><Cell><Data ss:Type="String">Sin grupo</Data></Cell><Cell><Data ss:Type="String">12-10-2021</Data></Cell><Cell><Data ss:Type="String">15:14</Data></Cell><Cell><Data ss:Type="String">Activo</Data></Cell></Row><Row><Cell><Data ss:Type="String">17.907.978-k</Data></Cell><Cell><Data ss:Type="String">Cristina Alejandra</Data></Cell><Cell><Data ss:Type="String">Rojas Quiroz</Data></Cell><Cell><Data ss:Type="String">c.rojas@colegioclubhipico.cl</Data></Cell><Cell><Data ss:Type="String">Sin grupo</Data></Cell><Cell><Data ss:Type="String">15-12-2021</Data></Cell><Cell><Data ss:Type="String">10:1</Data></Cell><Cell><Data ss:Type="String">Activo</Data></Cell></Row><Row><Cell><Data ss:Type="String">17.225.704-6</Data></Cell><Cell><Data ss:Type="String">Sergio Antonio</Data></Cell><Cell><Data ss:Type="String">Silva Pizarro</Data></Cell><Cell><Data ss:Type="String">sergio.silva.pizarro@gmail.com</Data></Cell><Cell><Data ss:Type="String">Sin grupo</Data></Cell><Cell><Data ss:Type="String">20-10-2021</Data></Cell><Cell><Data ss:Type="String">14:0</Data></Cell><Cell><Data ss:Type="String">Activo</Data></Cell></Row><Row><Cell><Data ss:Type="String">13.273.814-9</Data></Cell><Cell><Data ss:Type="String">Bernarda De Las Mercedes</Data></Cell><Cell><Data ss:Type="String">Cid Celis</Data></Cell><Cell><Data ss:Type="String">bcid.celis@gmail.com</Data></Cell><Cell><Data ss:Type="String">Sin grupo</Data></Cell><Cell><Data ss:Type="String">17-11-2021</Data></Cell><Cell><Data ss:Type="String">15:55</Data></Cell><Cell><Data ss:Type="String">Activo</Data></Cell></Row><Row><Cell><Data ss:Type="String">16.663.742-2</Data></Cell><Cell><Data ss:Type="String">Rocío Fernanda</Data></Cell><Cell><Data ss:Type="String">Venegas Fernández</Data></Cell><Cell><Data ss:Type="String">rociovenegas@comeduc.cl</Data></Cell><Cell><Data ss:Type="String">Sin grupo</Data></Cell><Cell><Data ss:Type="String">13-12-2021</Data></Cell><Cell><Data ss:Type="String">10:48</Data></Cell><Cell><Data ss:Type="String">Activo</Data></Cell></Row><Row><Cell><Data ss:Type="String">17.837.356-0</Data></Cell><Cell><Data ss:Type="String">Lya Francisca</Data></Cell><Cell><Data ss:Type="String">Castillo Tobar</Data></Cell><Cell><Data ss:Type="String">lcastillot@colegioninojesus.cl</Data></Cell><Cell><Data ss:Type="String">Sin grupo</Data></Cell><Cell><Data ss:Type="String">Sin acceso</Data></Cell><Cell><Data ss:Type="String">Sin acceso</Data></Cell><Cell><Data ss:Type="String">Activo</Data></Cell></Row><Row><Cell><Data ss:Type="String">15.595.135-4</Data></Cell><Cell><Data ss:Type="String">Cristian Javier</Data></Cell><Cell><Data ss:Type="String">Díaz Olivares</Data></Cell><Cell><Data ss:Type="String">Cdiaz@colegiocaldera.cl</Data></Cell><Cell><Data ss:Type="String">Sin grupo</Data></Cell><Cell><Data ss:Type="String">6-12-2021</Data></Cell><Cell><Data ss:Type="String">8:35</Data></Cell><Cell><Data ss:Type="String">Activo</Data></Cell></Row><Row><Cell><Data ss:Type="String">8.948.713-7</Data></Cell><Cell><Data ss:Type="String">Graciela</Data></Cell><Cell><Data ss:Type="String">Navarrete Riquelme</Data></Cell><Cell><Data ss:Type="String">Graciela.navarrete.r@gmail.com</Data></Cell><Cell><Data ss:Type="String">Sin grupo</Data></Cell><Cell><Data ss:Type="String">Sin acceso</Data></Cell><Cell><Data ss:Type="String">Sin acceso</Data></Cell><Cell><Data ss:Type="String">Activo</Data></Cell></Row><Row><Cell><Data ss:Type="String">11.608.997-1</Data></Cell><Cell><Data ss:Type="String">Solange Isabel</Data></Cell><Cell><Data ss:Type="String">Vejar Troncoso</Data></Cell><Cell><Data ss:Type="String">DIRECCION@ALTAZOLDELMAIPO.CL</Data></Cell><Cell><Data ss:Type="String">Sin grupo</Data></Cell><Cell><Data ss:Type="String">15-12-2021</Data></Cell><Cell><Data ss:Type="String">9:28</Data></Cell><Cell><Data ss:Type="String">Activo</Data></Cell></Row><Row><Cell><Data ss:Type="String">12.018.505-5</Data></Cell><Cell><Data ss:Type="String">Carmen Gloria</Data></Cell><Cell><Data ss:Type="String">Morales Fernandez</Data></Cell><Cell><Data ss:Type="String">carmenmorales@outlook.cl</Data></Cell><Cell><Data ss:Type="String">Sin grupo</Data></Cell><Cell><Data ss:Type="String">3-12-2021</Data></Cell><Cell><Data ss:Type="String">14:59</Data></Cell><Cell><Data ss:Type="String">Activo</Data></Cell></Row><Row><Cell><Data ss:Type="String">17.628.906-6</Data></Cell><Cell><Data ss:Type="String">David Jesús</Data></Cell><Cell><Data ss:Type="String">Tapia Albornoz</Data></Cell><Cell><Data ss:Type="String">dtapia955@gmail.com</Data></Cell><Cell><Data ss:Type="String">Sin grupo</Data></Cell><Cell><Data ss:Type="String">Sin acceso</Data></Cell><Cell><Data ss:Type="String">Sin acceso</Data></Cell><Cell><Data ss:Type="String">Activo</Data></Cell></Row><Row><Cell><Data ss:Type="String">9.196.201-2</Data></Cell><Cell><Data ss:Type="String">María Pía</Data></Cell><Cell><Data ss:Type="String">Catalán Parada</Data></Cell><Cell><Data ss:Type="String">pollocatalanp@gmail.com</Data></Cell><Cell><Data ss:Type="String">Sin grupo</Data></Cell><Cell><Data ss:Type="String">3-11-2021</Data></Cell><Cell><Data ss:Type="String">18:30</Data></Cell><Cell><Data ss:Type="String">Activo</Data></Cell></Row><Row><Cell><Data ss:Type="String">12.383.888-2</Data></Cell><Cell><Data ss:Type="String">Ingrid Elizabeth</Data></Cell><Cell><Data ss:Type="String">Figueroa Herrera</Data></Cell><Cell><Data ss:Type="String">ingridfig@gmail.com</Data></Cell><Cell><Data ss:Type="String">Sin grupo</Data></Cell><Cell><Data ss:Type="String">Sin acceso</Data></Cell><Cell><Data ss:Type="String">Sin acceso</Data></Cell><Cell><Data ss:Type="String">Activo</Data></Cell></Row><Row><Cell><Data ss:Type="String">15.289.017-6</Data></Cell><Cell><Data ss:Type="String">Carolina Del Carmen</Data></Cell><Cell><Data ss:Type="String">Curumilla Curiñán</Data></Cell><Cell><Data ss:Type="String">carolinacurumillac@gmail.com</Data></Cell><Cell><Data ss:Type="String">Sin grupo</Data></Cell><Cell><Data ss:Type="String">Sin acceso</Data></Cell><Cell><Data ss:Type="String">Sin acceso</Data></Cell><Cell><Data ss:Type="String">Activo</Data></Cell></Row><Row><Cell><Data ss:Type="String">10.063.578-k</Data></Cell><Cell><Data ss:Type="String">Cecilia De Los Angeles</Data></Cell><Cell><Data ss:Type="String">Águila Cárdenas</Data></Cell><Cell><Data ss:Type="String">angeleschili147@gmail.com</Data></Cell><Cell><Data ss:Type="String">Sin grupo</Data></Cell><Cell><Data ss:Type="String">Sin acceso</Data></Cell><Cell><Data ss:Type="String">Sin acceso</Data></Cell><Cell><Data ss:Type="String">Activo</Data></Cell></Row><Row><Cell><Data ss:Type="String">14.352.786-7</Data></Cell><Cell><Data ss:Type="String">Carolina Andrea</Data></Cell><Cell><Data ss:Type="String">López Godoy</Data></Cell><Cell><Data ss:Type="String">carolinaandrealg@gmail.com</Data></Cell><Cell><Data ss:Type="String">Sin grupo</Data></Cell><Cell><Data ss:Type="String">Sin acceso</Data></Cell><Cell><Data ss:Type="String">Sin acceso</Data></Cell><Cell><Data ss:Type="String">Activo</Data></Cell></Row><Row><Cell><Data ss:Type="String">13.055.969-7</Data></Cell><Cell><Data ss:Type="String">Juan Manuel</Data></Cell><Cell><Data ss:Type="String">Moncado Pino</Data></Cell><Cell><Data ss:Type="String">jmoncado.43@gmail.com</Data></Cell><Cell><Data ss:Type="String">Sin grupo</Data></Cell><Cell><Data ss:Type="String">Sin acceso</Data></Cell><Cell><Data ss:Type="String">Sin acceso</Data></Cell><Cell><Data ss:Type="String">Activo</Data></Cell></Row><Row><Cell><Data ss:Type="String">13.573.400-4</Data></Cell><Cell><Data ss:Type="String">Marines Del Carmen</Data></Cell><Cell><Data ss:Type="String">Ibarra Valenzuela</Data></Cell><Cell><Data ss:Type="String">mibarravz@gmail.com</Data></Cell><Cell><Data ss:Type="String">Sin grupo</Data></Cell><Cell><Data ss:Type="String">Sin acceso</Data></Cell><Cell><Data ss:Type="String">Sin acceso</Data></Cell><Cell><Data ss:Type="String">Activo</Data></Cell></Row><Row><Cell><Data ss:Type="String">16.699.149-8</Data></Cell><Cell><Data ss:Type="String">Claudia Denisse</Data></Cell><Cell><Data ss:Type="String">Mancilla Fuentes</Data></Cell><Cell><Data ss:Type="String">biblio.cra2@colegios-extremadura.cl</Data></Cell><Cell><Data ss:Type="String">Sin grupo</Data></Cell><Cell><Data ss:Type="String">13-12-2021</Data></Cell><Cell><Data ss:Type="String">11:12</Data></Cell><Cell><Data ss:Type="String">Activo</Data></Cell></Row><Row><Cell><Data ss:Type="String">16.920.751-8</Data></Cell><Cell><Data ss:Type="String">Patricio Germán</Data></Cell><Cell><Data ss:Type="String">Herrera Rodríguez</Data></Cell><Cell><Data ss:Type="String">patricioherrera.rrr@gmail.com</Data></Cell><Cell><Data ss:Type="String">Sin grupo</Data></Cell><Cell><Data ss:Type="String">3-12-2021</Data></Cell><Cell><Data ss:Type="String">10:39</Data></Cell><Cell><Data ss:Type="String">Activo</Data></Cell></Row><Row><Cell><Data ss:Type="String">6.927.084-0</Data></Cell><Cell><Data ss:Type="String">María Soledad</Data></Cell><Cell><Data ss:Type="String">Contreras Torrejón</Data></Cell><Cell><Data ss:Type="String">dadelos.56@gmail.com</Data></Cell><Cell><Data ss:Type="String">Sin grupo</Data></Cell><Cell><Data ss:Type="String">Sin acceso</Data></Cell><Cell><Data ss:Type="String">Sin acceso</Data></Cell><Cell><Data ss:Type="String">Activo</Data></Cell></Row><Row><Cell><Data ss:Type="String">12.020.989-2</Data></Cell><Cell><Data ss:Type="String">Sylvia Andrea</Data></Cell><Cell><Data ss:Type="String">Ramírez Toledo</Data></Cell><Cell><Data ss:Type="String">andrea.ramirez@inmaculadsb.cl</Data></Cell><Cell><Data ss:Type="String">Sin grupo</Data></Cell><Cell><Data ss:Type="String">Sin acceso</Data></Cell><Cell><Data ss:Type="String">Sin acceso</Data></Cell><Cell><Data ss:Type="String">Activo</Data></Cell></Row><Row><Cell><Data ss:Type="String">18.469.651-7</Data></Cell><Cell><Data ss:Type="String">Héctor Hiram</Data></Cell><Cell><Data ss:Type="String">Aedo Sandoval</Data></Cell><Cell><Data ss:Type="String">hector.aedo20@gmail.com</Data></Cell><Cell><Data ss:Type="String">Sin grupo</Data></Cell><Cell><Data ss:Type="String">13-12-2021</Data></Cell><Cell><Data ss:Type="String">13:52</Data></Cell><Cell><Data ss:Type="String">Activo</Data></Cell></Row><Row><Cell><Data ss:Type="String">8.139.733-3</Data></Cell><Cell><Data ss:Type="String">Eugenia Del Pilar</Data></Cell><Cell><Data ss:Type="String">Núñez Arenas</Data></Cell><Cell><Data ss:Type="String">eugenia.pilar@hotmail.com</Data></Cell><Cell><Data ss:Type="String">Sin grupo</Data></Cell><Cell><Data ss:Type="String">3-12-2021</Data></Cell><Cell><Data ss:Type="String">23:36</Data></Cell><Cell><Data ss:Type="String">Activo</Data></Cell></Row></Table></Worksheet></Workbook>