<?xml version="1.0"?><?mso-application progid="Excel.Sheet"?><Workbook xmlns="urn:schemas-microsoft-com:office:spreadsheet" xmlns:ss="urn:schemas-microsoft-com:office:spreadsheet"><DocumentProperties xmlns="urn:schemas-microsoft-com:office:office"><Author>Axel Richter</Author><Created>1639579165336</Created></DocumentProperties><Styles><Style ss:ID="Currency"><NumberFormat ss:Format="Currency"></NumberFormat></Style><Style ss:ID="Date"><NumberFormat ss:Format="Medium Date"></NumberFormat></Style></Styles><Worksheet ss:Name="General"><Table><Row><Cell><Data ss:Type="String">Reporte: </Data></Cell><Cell><Data ss:Type="String">Acceso a curso</Data></Cell></Row><Row><Cell><Data ss:Type="String">Categoría: </Data></Cell><Cell><Data ss:Type="String">Aulas Curso B (#1319)</Data></Cell></Row><Row><Cell><Data ss:Type="String">Curso: </Data></Cell><Cell><Data ss:Type="String">Plan de Formación; Curso B: Organización, catalogación y circulación de recursos en la biblioteca escolar - Aula 6 (#10819)</Data></Cell></Row><Row><Cell><Data ss:Type="String">Fecha de generación: </Data></Cell><Cell><Data ss:Type="String">15/12/2021</Data></Cell></Row><Row></Row><Row><Cell><Data ss:Type="String">Fecha</Data></Cell><Cell><Data ss:Type="String">Cantidad</Data></Cell><Cell><Data ss:Type="String"></Data></Cell><Cell><Data ss:Type="String">Usuarios</Data></Cell><Cell><Data ss:Type="String">Cantidad</Data></Cell></Row><Row><Cell><Data ss:Type="String">12-10-2021</Data></Cell><Cell><Data ss:Type="String">10</Data></Cell><Cell><Data ss:Type="String"></Data></Cell><Cell><Data ss:Type="String">Con acceso </Data></Cell><Cell><Data ss:Type="String">68</Data></Cell></Row><Row><Cell><Data ss:Type="String">13-10-2021</Data></Cell><Cell><Data ss:Type="String">18</Data></Cell><Cell><Data ss:Type="String"></Data></Cell><Cell><Data ss:Type="String">Sin acceso </Data></Cell><Cell><Data ss:Type="String">10</Data></Cell></Row><Row><Cell><Data ss:Type="String">14-10-2021</Data></Cell><Cell><Data ss:Type="String">17</Data></Cell><Cell><Data ss:Type="String"></Data></Cell><Cell><Data ss:Type="String">Total </Data></Cell><Cell><Data ss:Type="String">78</Data></Cell></Row><Row><Cell><Data ss:Type="String">15-10-2021</Data></Cell><Cell><Data ss:Type="String">5</Data></Cell><Cell><Data ss:Type="String"></Data></Cell><Cell><Data ss:Type="String"></Data></Cell><Cell><Data ss:Type="String"></Data></Cell></Row><Row><Cell><Data ss:Type="String">16-10-2021</Data></Cell><Cell><Data ss:Type="String">5</Data></Cell><Cell><Data ss:Type="String"></Data></Cell><Cell><Data ss:Type="String"></Data></Cell><Cell><Data ss:Type="String"></Data></Cell></Row><Row><Cell><Data ss:Type="String">17-10-2021</Data></Cell><Cell><Data ss:Type="String">5</Data></Cell><Cell><Data ss:Type="String"></Data></Cell><Cell><Data ss:Type="String"></Data></Cell><Cell><Data ss:Type="String"></Data></Cell></Row><Row><Cell><Data ss:Type="String">18-10-2021</Data></Cell><Cell><Data ss:Type="String">18</Data></Cell><Cell><Data ss:Type="String"></Data></Cell><Cell><Data ss:Type="String"></Data></Cell><Cell><Data ss:Type="String"></Data></Cell></Row><Row><Cell><Data ss:Type="String">19-10-2021</Data></Cell><Cell><Data ss:Type="String">17</Data></Cell><Cell><Data ss:Type="String"></Data></Cell><Cell><Data ss:Type="String"></Data></Cell><Cell><Data ss:Type="String"></Data></Cell></Row><Row><Cell><Data ss:Type="String">20-10-2021</Data></Cell><Cell><Data ss:Type="String">20</Data></Cell><Cell><Data ss:Type="String"></Data></Cell><Cell><Data ss:Type="String"></Data></Cell><Cell><Data ss:Type="String"></Data></Cell></Row><Row><Cell><Data ss:Type="String">21-10-2021</Data></Cell><Cell><Data ss:Type="String">15</Data></Cell><Cell><Data ss:Type="String"></Data></Cell><Cell><Data ss:Type="String"></Data></Cell><Cell><Data ss:Type="String"></Data></Cell></Row><Row><Cell><Data ss:Type="String">22-10-2021</Data></Cell><Cell><Data ss:Type="String">14</Data></Cell><Cell><Data ss:Type="String"></Data></Cell><Cell><Data ss:Type="String"></Data></Cell><Cell><Data ss:Type="String"></Data></Cell></Row><Row><Cell><Data ss:Type="String">23-10-2021</Data></Cell><Cell><Data ss:Type="String">7</Data></Cell><Cell><Data ss:Type="String"></Data></Cell><Cell><Data ss:Type="String"></Data></Cell><Cell><Data ss:Type="String"></Data></Cell></Row><Row><Cell><Data ss:Type="String">24-10-2021</Data></Cell><Cell><Data ss:Type="String">10</Data></Cell><Cell><Data ss:Type="String"></Data></Cell><Cell><Data ss:Type="String"></Data></Cell><Cell><Data ss:Type="String"></Data></Cell></Row><Row><Cell><Data ss:Type="String">25-10-2021</Data></Cell><Cell><Data ss:Type="String">30</Data></Cell><Cell><Data ss:Type="String"></Data></Cell><Cell><Data ss:Type="String"></Data></Cell><Cell><Data ss:Type="String"></Data></Cell></Row><Row><Cell><Data ss:Type="String">26-10-2021</Data></Cell><Cell><Data ss:Type="String">25</Data></Cell><Cell><Data ss:Type="String"></Data></Cell><Cell><Data ss:Type="String"></Data></Cell><Cell><Data ss:Type="String"></Data></Cell></Row><Row><Cell><Data ss:Type="String">27-10-2021</Data></Cell><Cell><Data ss:Type="String">19</Data></Cell><Cell><Data ss:Type="String"></Data></Cell><Cell><Data ss:Type="String"></Data></Cell><Cell><Data ss:Type="String"></Data></Cell></Row><Row><Cell><Data ss:Type="String">28-10-2021</Data></Cell><Cell><Data ss:Type="String">23</Data></Cell><Cell><Data ss:Type="String"></Data></Cell><Cell><Data ss:Type="String"></Data></Cell><Cell><Data ss:Type="String"></Data></Cell></Row><Row><Cell><Data ss:Type="String">29-10-2021</Data></Cell><Cell><Data ss:Type="String">13</Data></Cell><Cell><Data ss:Type="String"></Data></Cell><Cell><Data ss:Type="String"></Data></Cell><Cell><Data ss:Type="String"></Data></Cell></Row><Row><Cell><Data ss:Type="String">30-10-2021</Data></Cell><Cell><Data ss:Type="String">9</Data></Cell><Cell><Data ss:Type="String"></Data></Cell><Cell><Data ss:Type="String"></Data></Cell><Cell><Data ss:Type="String"></Data></Cell></Row><Row><Cell><Data ss:Type="String">31-10-2021</Data></Cell><Cell><Data ss:Type="String">9</Data></Cell><Cell><Data ss:Type="String"></Data></Cell><Cell><Data ss:Type="String"></Data></Cell><Cell><Data ss:Type="String"></Data></Cell></Row><Row><Cell><Data ss:Type="String">01-11-2021</Data></Cell><Cell><Data ss:Type="String">11</Data></Cell><Cell><Data ss:Type="String"></Data></Cell><Cell><Data ss:Type="String"></Data></Cell><Cell><Data ss:Type="String"></Data></Cell></Row><Row><Cell><Data ss:Type="String">02-11-2021</Data></Cell><Cell><Data ss:Type="String">32</Data></Cell><Cell><Data ss:Type="String"></Data></Cell><Cell><Data ss:Type="String"></Data></Cell><Cell><Data ss:Type="String"></Data></Cell></Row><Row><Cell><Data ss:Type="String">03-11-2021</Data></Cell><Cell><Data ss:Type="String">24</Data></Cell><Cell><Data ss:Type="String"></Data></Cell><Cell><Data ss:Type="String"></Data></Cell><Cell><Data ss:Type="String"></Data></Cell></Row><Row><Cell><Data ss:Type="String">04-11-2021</Data></Cell><Cell><Data ss:Type="String">35</Data></Cell><Cell><Data ss:Type="String"></Data></Cell><Cell><Data ss:Type="String"></Data></Cell><Cell><Data ss:Type="String"></Data></Cell></Row><Row><Cell><Data ss:Type="String">05-11-2021</Data></Cell><Cell><Data ss:Type="String">19</Data></Cell><Cell><Data ss:Type="String"></Data></Cell><Cell><Data ss:Type="String"></Data></Cell><Cell><Data ss:Type="String"></Data></Cell></Row><Row><Cell><Data ss:Type="String">06-11-2021</Data></Cell><Cell><Data ss:Type="String">8</Data></Cell><Cell><Data ss:Type="String"></Data></Cell><Cell><Data ss:Type="String"></Data></Cell><Cell><Data ss:Type="String"></Data></Cell></Row><Row><Cell><Data ss:Type="String">07-11-2021</Data></Cell><Cell><Data ss:Type="String">11</Data></Cell><Cell><Data ss:Type="String"></Data></Cell><Cell><Data ss:Type="String"></Data></Cell><Cell><Data ss:Type="String"></Data></Cell></Row><Row><Cell><Data ss:Type="String">08-11-2021</Data></Cell><Cell><Data ss:Type="String">32</Data></Cell><Cell><Data ss:Type="String"></Data></Cell><Cell><Data ss:Type="String"></Data></Cell><Cell><Data ss:Type="String"></Data></Cell></Row><Row><Cell><Data ss:Type="String">09-11-2021</Data></Cell><Cell><Data ss:Type="String">35</Data></Cell><Cell><Data ss:Type="String"></Data></Cell><Cell><Data ss:Type="String"></Data></Cell><Cell><Data ss:Type="String"></Data></Cell></Row><Row><Cell><Data ss:Type="String">10-11-2021</Data></Cell><Cell><Data ss:Type="String">23</Data></Cell><Cell><Data ss:Type="String"></Data></Cell><Cell><Data ss:Type="String"></Data></Cell><Cell><Data ss:Type="String"></Data></Cell></Row><Row><Cell><Data ss:Type="String">11-11-2021</Data></Cell><Cell><Data ss:Type="String">24</Data></Cell><Cell><Data ss:Type="String"></Data></Cell><Cell><Data ss:Type="String"></Data></Cell><Cell><Data ss:Type="String"></Data></Cell></Row><Row><Cell><Data ss:Type="String">12-11-2021</Data></Cell><Cell><Data ss:Type="String">17</Data></Cell><Cell><Data ss:Type="String"></Data></Cell><Cell><Data ss:Type="String"></Data></Cell><Cell><Data ss:Type="String"></Data></Cell></Row><Row><Cell><Data ss:Type="String">13-11-2021</Data></Cell><Cell><Data ss:Type="String">9</Data></Cell><Cell><Data ss:Type="String"></Data></Cell><Cell><Data ss:Type="String"></Data></Cell><Cell><Data ss:Type="String"></Data></Cell></Row><Row><Cell><Data ss:Type="String">14-11-2021</Data></Cell><Cell><Data ss:Type="String">17</Data></Cell><Cell><Data ss:Type="String"></Data></Cell><Cell><Data ss:Type="String"></Data></Cell><Cell><Data ss:Type="String"></Data></Cell></Row><Row><Cell><Data ss:Type="String">15-11-2021</Data></Cell><Cell><Data ss:Type="String">38</Data></Cell><Cell><Data ss:Type="String"></Data></Cell><Cell><Data ss:Type="String"></Data></Cell><Cell><Data ss:Type="String"></Data></Cell></Row><Row><Cell><Data ss:Type="String">16-11-2021</Data></Cell><Cell><Data ss:Type="String">21</Data></Cell><Cell><Data ss:Type="String"></Data></Cell><Cell><Data ss:Type="String"></Data></Cell><Cell><Data ss:Type="String"></Data></Cell></Row><Row><Cell><Data ss:Type="String">17-11-2021</Data></Cell><Cell><Data ss:Type="String">9</Data></Cell><Cell><Data ss:Type="String"></Data></Cell><Cell><Data ss:Type="String"></Data></Cell><Cell><Data ss:Type="String"></Data></Cell></Row><Row><Cell><Data ss:Type="String">18-11-2021</Data></Cell><Cell><Data ss:Type="String">7</Data></Cell><Cell><Data ss:Type="String"></Data></Cell><Cell><Data ss:Type="String"></Data></Cell><Cell><Data ss:Type="String"></Data></Cell></Row><Row><Cell><Data ss:Type="String">19-11-2021</Data></Cell><Cell><Data ss:Type="String">5</Data></Cell><Cell><Data ss:Type="String"></Data></Cell><Cell><Data ss:Type="String"></Data></Cell><Cell><Data ss:Type="String"></Data></Cell></Row><Row><Cell><Data ss:Type="String">20-11-2021</Data></Cell><Cell><Data ss:Type="String">2</Data></Cell><Cell><Data ss:Type="String"></Data></Cell><Cell><Data ss:Type="String"></Data></Cell><Cell><Data ss:Type="String"></Data></Cell></Row><Row><Cell><Data ss:Type="String">21-11-2021</Data></Cell><Cell><Data ss:Type="String">1</Data></Cell><Cell><Data ss:Type="String"></Data></Cell><Cell><Data ss:Type="String"></Data></Cell><Cell><Data ss:Type="String"></Data></Cell></Row><Row><Cell><Data ss:Type="String">22-11-2021</Data></Cell><Cell><Data ss:Type="String">7</Data></Cell><Cell><Data ss:Type="String"></Data></Cell><Cell><Data ss:Type="String"></Data></Cell><Cell><Data ss:Type="String"></Data></Cell></Row><Row><Cell><Data ss:Type="String">23-11-2021</Data></Cell><Cell><Data ss:Type="String">9</Data></Cell><Cell><Data ss:Type="String"></Data></Cell><Cell><Data ss:Type="String"></Data></Cell><Cell><Data ss:Type="String"></Data></Cell></Row><Row><Cell><Data ss:Type="String">24-11-2021</Data></Cell><Cell><Data ss:Type="String">9</Data></Cell><Cell><Data ss:Type="String"></Data></Cell><Cell><Data ss:Type="String"></Data></Cell><Cell><Data ss:Type="String"></Data></Cell></Row><Row><Cell><Data ss:Type="String">25-11-2021</Data></Cell><Cell><Data ss:Type="String">5</Data></Cell><Cell><Data ss:Type="String"></Data></Cell><Cell><Data ss:Type="String"></Data></Cell><Cell><Data ss:Type="String"></Data></Cell></Row><Row><Cell><Data ss:Type="String">26-11-2021</Data></Cell><Cell><Data ss:Type="String">4</Data></Cell><Cell><Data ss:Type="String"></Data></Cell><Cell><Data ss:Type="String"></Data></Cell><Cell><Data ss:Type="String"></Data></Cell></Row><Row><Cell><Data ss:Type="String">27-11-2021</Data></Cell><Cell><Data ss:Type="String">2</Data></Cell><Cell><Data ss:Type="String"></Data></Cell><Cell><Data ss:Type="String"></Data></Cell><Cell><Data ss:Type="String"></Data></Cell></Row><Row><Cell><Data ss:Type="String">29-11-2021</Data></Cell><Cell><Data ss:Type="String">7</Data></Cell><Cell><Data ss:Type="String"></Data></Cell><Cell><Data ss:Type="String"></Data></Cell><Cell><Data ss:Type="String"></Data></Cell></Row><Row><Cell><Data ss:Type="String">30-11-2021</Data></Cell><Cell><Data ss:Type="String">4</Data></Cell><Cell><Data ss:Type="String"></Data></Cell><Cell><Data ss:Type="String"></Data></Cell><Cell><Data ss:Type="String"></Data></Cell></Row><Row><Cell><Data ss:Type="String">01-12-2021</Data></Cell><Cell><Data ss:Type="String">6</Data></Cell><Cell><Data ss:Type="String"></Data></Cell><Cell><Data ss:Type="String"></Data></Cell><Cell><Data ss:Type="String"></Data></Cell></Row><Row><Cell><Data ss:Type="String">02-12-2021</Data></Cell><Cell><Data ss:Type="String">3</Data></Cell><Cell><Data ss:Type="String"></Data></Cell><Cell><Data ss:Type="String"></Data></Cell><Cell><Data ss:Type="String"></Data></Cell></Row><Row><Cell><Data ss:Type="String">03-12-2021</Data></Cell><Cell><Data ss:Type="String">4</Data></Cell><Cell><Data ss:Type="String"></Data></Cell><Cell><Data ss:Type="String"></Data></Cell><Cell><Data ss:Type="String"></Data></Cell></Row><Row><Cell><Data ss:Type="String">04-12-2021</Data></Cell><Cell><Data ss:Type="String">2</Data></Cell><Cell><Data ss:Type="String"></Data></Cell><Cell><Data ss:Type="String"></Data></Cell><Cell><Data ss:Type="String"></Data></Cell></Row><Row><Cell><Data ss:Type="String">05-12-2021</Data></Cell><Cell><Data ss:Type="String">3</Data></Cell><Cell><Data ss:Type="String"></Data></Cell><Cell><Data ss:Type="String"></Data></Cell><Cell><Data ss:Type="String"></Data></Cell></Row><Row><Cell><Data ss:Type="String">06-12-2021</Data></Cell><Cell><Data ss:Type="String">12</Data></Cell><Cell><Data ss:Type="String"></Data></Cell><Cell><Data ss:Type="String"></Data></Cell><Cell><Data ss:Type="String"></Data></Cell></Row><Row><Cell><Data ss:Type="String">07-12-2021</Data></Cell><Cell><Data ss:Type="String">7</Data></Cell><Cell><Data ss:Type="String"></Data></Cell><Cell><Data ss:Type="String"></Data></Cell><Cell><Data ss:Type="String"></Data></Cell></Row><Row><Cell><Data ss:Type="String">08-12-2021</Data></Cell><Cell><Data ss:Type="String">1</Data></Cell><Cell><Data ss:Type="String"></Data></Cell><Cell><Data ss:Type="String"></Data></Cell><Cell><Data ss:Type="String"></Data></Cell></Row><Row><Cell><Data ss:Type="String">09-12-2021</Data></Cell><Cell><Data ss:Type="String">6</Data></Cell><Cell><Data ss:Type="String"></Data></Cell><Cell><Data ss:Type="String"></Data></Cell><Cell><Data ss:Type="String"></Data></Cell></Row><Row><Cell><Data ss:Type="String">10-12-2021</Data></Cell><Cell><Data ss:Type="String">6</Data></Cell><Cell><Data ss:Type="String"></Data></Cell><Cell><Data ss:Type="String"></Data></Cell><Cell><Data ss:Type="String"></Data></Cell></Row><Row><Cell><Data ss:Type="String">12-12-2021</Data></Cell><Cell><Data ss:Type="String">2</Data></Cell><Cell><Data ss:Type="String"></Data></Cell><Cell><Data ss:Type="String"></Data></Cell><Cell><Data ss:Type="String"></Data></Cell></Row><Row><Cell><Data ss:Type="String">13-12-2021</Data></Cell><Cell><Data ss:Type="String">10</Data></Cell><Cell><Data ss:Type="String"></Data></Cell><Cell><Data ss:Type="String"></Data></Cell><Cell><Data ss:Type="String"></Data></Cell></Row><Row><Cell><Data ss:Type="String">14-12-2021</Data></Cell><Cell><Data ss:Type="String">8</Data></Cell><Cell><Data ss:Type="String"></Data></Cell><Cell><Data ss:Type="String"></Data></Cell><Cell><Data ss:Type="String"></Data></Cell></Row><Row><Cell><Data ss:Type="String">15-12-2021</Data></Cell><Cell><Data ss:Type="String">4</Data></Cell><Cell><Data ss:Type="String"></Data></Cell><Cell><Data ss:Type="String"></Data></Cell><Cell><Data ss:Type="String"></Data></Cell></Row><Row><Cell><Data ss:Type="String">Total</Data></Cell><Cell><Data ss:Type="String">790</Data></Cell><Cell><Data ss:Type="String"></Data></Cell><Cell><Data ss:Type="String"></Data></Cell><Cell><Data ss:Type="String"></Data></Cell></Row></Table></Worksheet><Worksheet ss:Name="Detalle"><Table><Row><Cell><Data ss:Type="String">Rut</Data></Cell><Cell><Data ss:Type="String">Nombre</Data></Cell><Cell><Data ss:Type="String">Apellido</Data></Cell><Cell><Data ss:Type="String">Correo</Data></Cell><Cell><Data ss:Type="String">Grupo</Data></Cell><Cell><Data ss:Type="String">Fecha útimo acceso</Data></Cell><Cell><Data ss:Type="String">Hora útimo acceso</Data></Cell><Cell><Data ss:Type="String">Estado</Data></Cell></Row><Row><Cell><Data ss:Type="String">16.011.819-9</Data></Cell><Cell><Data ss:Type="String">CAROLINA ESPERANZA</Data></Cell><Cell><Data ss:Type="String">ROCHA VILLALOBOS</Data></Cell><Cell><Data ss:Type="String">CARIROCHAS@HOTMAIL.COM</Data></Cell><Cell><Data ss:Type="String">Sin grupo</Data></Cell><Cell><Data ss:Type="String">8-11-2021</Data></Cell><Cell><Data ss:Type="String">20:14</Data></Cell><Cell><Data ss:Type="String">Activo</Data></Cell></Row><Row><Cell><Data ss:Type="String">12.881.721-2</Data></Cell><Cell><Data ss:Type="String">Carla Evelyn Francisca</Data></Cell><Cell><Data ss:Type="String">Arán Saldaña</Data></Cell><Cell><Data ss:Type="String">carlaagustinedwards@gmail.com</Data></Cell><Cell><Data ss:Type="String">Sin grupo</Data></Cell><Cell><Data ss:Type="String">2-12-2021</Data></Cell><Cell><Data ss:Type="String">10:58</Data></Cell><Cell><Data ss:Type="String">Activo</Data></Cell></Row><Row><Cell><Data ss:Type="String">10.960.096-2</Data></Cell><Cell><Data ss:Type="String">SONIA PAMELA</Data></Cell><Cell><Data ss:Type="String">MADARIAGA PAEZ</Data></Cell><Cell><Data ss:Type="String">PAMSHWA@YAHOO.ES</Data></Cell><Cell><Data ss:Type="String">Sin grupo</Data></Cell><Cell><Data ss:Type="String">Sin acceso</Data></Cell><Cell><Data ss:Type="String">Sin acceso</Data></Cell><Cell><Data ss:Type="String">Activo</Data></Cell></Row><Row><Cell><Data ss:Type="String">10.409.264-0</Data></Cell><Cell><Data ss:Type="String">MARIANELA LESLIE</Data></Cell><Cell><Data ss:Type="String">GONZALEZ RAMOS</Data></Cell><Cell><Data ss:Type="String">cramarianela2017@gmail.com</Data></Cell><Cell><Data ss:Type="String">Sin grupo</Data></Cell><Cell><Data ss:Type="String">12-12-2021</Data></Cell><Cell><Data ss:Type="String">12:50</Data></Cell><Cell><Data ss:Type="String">Activo</Data></Cell></Row><Row><Cell><Data ss:Type="String">7.763.061-9</Data></Cell><Cell><Data ss:Type="String">MARTA CECILIA</Data></Cell><Cell><Data ss:Type="String">FUENTES JARA</Data></Cell><Cell><Data ss:Type="String">ceciliafuentes@colegiopompeya.cl</Data></Cell><Cell><Data ss:Type="String">Sin grupo</Data></Cell><Cell><Data ss:Type="String">15-12-2021</Data></Cell><Cell><Data ss:Type="String">11:28</Data></Cell><Cell><Data ss:Type="String">Activo</Data></Cell></Row><Row><Cell><Data ss:Type="String">10.280.173-3</Data></Cell><Cell><Data ss:Type="String">MIRELLA</Data></Cell><Cell><Data ss:Type="String">MORALES HIDALGO</Data></Cell><Cell><Data ss:Type="String">MIRECRA09@GMAIL.COM</Data></Cell><Cell><Data ss:Type="String">Sin grupo</Data></Cell><Cell><Data ss:Type="String">18-11-2021</Data></Cell><Cell><Data ss:Type="String">13:15</Data></Cell><Cell><Data ss:Type="String">Activo</Data></Cell></Row><Row><Cell><Data ss:Type="String">9.581.651-7</Data></Cell><Cell><Data ss:Type="String">MARIANELA DEL CARMEN</Data></Cell><Cell><Data ss:Type="String">HERRERA BAEZ</Data></Cell><Cell><Data ss:Type="String">PROFESORAMARIANE@HOTMAIL.COM</Data></Cell><Cell><Data ss:Type="String">Sin grupo</Data></Cell><Cell><Data ss:Type="String">10-12-2021</Data></Cell><Cell><Data ss:Type="String">9:20</Data></Cell><Cell><Data ss:Type="String">Activo</Data></Cell></Row><Row><Cell><Data ss:Type="String">16.311.223-k</Data></Cell><Cell><Data ss:Type="String">CLAUDIA ANDREA</Data></Cell><Cell><Data ss:Type="String">AVENDAÑO DURÁN</Data></Cell><Cell><Data ss:Type="String">CLAUDIA.AVENDANO.DURAN@GMAIL.COM</Data></Cell><Cell><Data ss:Type="String">Sin grupo</Data></Cell><Cell><Data ss:Type="String">16-11-2021</Data></Cell><Cell><Data ss:Type="String">17:41</Data></Cell><Cell><Data ss:Type="String">Activo</Data></Cell></Row><Row><Cell><Data ss:Type="String">15.516.815-3</Data></Cell><Cell><Data ss:Type="String">Consuelo Ester</Data></Cell><Cell><Data ss:Type="String">Bahamonde Vargas</Data></Cell><Cell><Data ss:Type="String">consuelo.bahamonde@gmail.com</Data></Cell><Cell><Data ss:Type="String">Sin grupo</Data></Cell><Cell><Data ss:Type="String">17-11-2021</Data></Cell><Cell><Data ss:Type="String">22:24</Data></Cell><Cell><Data ss:Type="String">Activo</Data></Cell></Row><Row><Cell><Data ss:Type="String">10.970.173-4</Data></Cell><Cell><Data ss:Type="String">INES DEL CARMEN</Data></Cell><Cell><Data ss:Type="String">MARTINEZ ESCOBAR</Data></Cell><Cell><Data ss:Type="String">NENEMARTINEZ_36@HOTMAIL.COM</Data></Cell><Cell><Data ss:Type="String">Sin grupo</Data></Cell><Cell><Data ss:Type="String">7-11-2021</Data></Cell><Cell><Data ss:Type="String">12:4</Data></Cell><Cell><Data ss:Type="String">Activo</Data></Cell></Row><Row><Cell><Data ss:Type="String">11.704.849-7</Data></Cell><Cell><Data ss:Type="String">PAOLA MARISA</Data></Cell><Cell><Data ss:Type="String">ANTILLANCA CARRASCO</Data></Cell><Cell><Data ss:Type="String">TUAMAPU@HOTMAIL.COM</Data></Cell><Cell><Data ss:Type="String">Sin grupo</Data></Cell><Cell><Data ss:Type="String">13-12-2021</Data></Cell><Cell><Data ss:Type="String">16:25</Data></Cell><Cell><Data ss:Type="String">Activo</Data></Cell></Row><Row><Cell><Data ss:Type="String">12.532.644-7</Data></Cell><Cell><Data ss:Type="String">PALMENIA ANDREA</Data></Cell><Cell><Data ss:Type="String">GARRIDO SILVA</Data></Cell><Cell><Data ss:Type="String">PALMENIA73@GMAIL.COM</Data></Cell><Cell><Data ss:Type="String">Sin grupo</Data></Cell><Cell><Data ss:Type="String">13-12-2021</Data></Cell><Cell><Data ss:Type="String">16:18</Data></Cell><Cell><Data ss:Type="String">Activo</Data></Cell></Row><Row><Cell><Data ss:Type="String">8.574.340-6</Data></Cell><Cell><Data ss:Type="String">MARIA CRISTINA</Data></Cell><Cell><Data ss:Type="String">SANHUEZA ASTUDILLO</Data></Cell><Cell><Data ss:Type="String">SANHUEZAASTUDILLO@GMAIL.COM</Data></Cell><Cell><Data ss:Type="String">Sin grupo</Data></Cell><Cell><Data ss:Type="String">13-12-2021</Data></Cell><Cell><Data ss:Type="String">15:53</Data></Cell><Cell><Data ss:Type="String">Activo</Data></Cell></Row><Row><Cell><Data ss:Type="String">9.674.798-5</Data></Cell><Cell><Data ss:Type="String">Aurora</Data></Cell><Cell><Data ss:Type="String">Garrido Toro</Data></Cell><Cell><Data ss:Type="String">AURORA20@LIVE.CL</Data></Cell><Cell><Data ss:Type="String">Sin grupo</Data></Cell><Cell><Data ss:Type="String">15-12-2021</Data></Cell><Cell><Data ss:Type="String">10:53</Data></Cell><Cell><Data ss:Type="String">Activo</Data></Cell></Row><Row><Cell><Data ss:Type="String">6.673.936-8</Data></Cell><Cell><Data ss:Type="String">LEONTINA DEL CARMEN</Data></Cell><Cell><Data ss:Type="String">CARO GONZÁLEZ</Data></Cell><Cell><Data ss:Type="String">LEITO_CARO@HOTMAIL.COM</Data></Cell><Cell><Data ss:Type="String">Sin grupo</Data></Cell><Cell><Data ss:Type="String">Sin acceso</Data></Cell><Cell><Data ss:Type="String">Sin acceso</Data></Cell><Cell><Data ss:Type="String">Activo</Data></Cell></Row><Row><Cell><Data ss:Type="String">12.926.145-5</Data></Cell><Cell><Data ss:Type="String">GRACIELA</Data></Cell><Cell><Data ss:Type="String">SALAMANCA FREDES</Data></Cell><Cell><Data ss:Type="String">GSALAMANCAF@COLEGIOANDRESBELLO.CL</Data></Cell><Cell><Data ss:Type="String">Sin grupo</Data></Cell><Cell><Data ss:Type="String">23-11-2021</Data></Cell><Cell><Data ss:Type="String">11:29</Data></Cell><Cell><Data ss:Type="String">Activo</Data></Cell></Row><Row><Cell><Data ss:Type="String">9.406.996-3</Data></Cell><Cell><Data ss:Type="String">MÓNICA JACQUELINE</Data></Cell><Cell><Data ss:Type="String">DONOSO MARÍN</Data></Cell><Cell><Data ss:Type="String">MONICA.DOMA@GMAIL.COM</Data></Cell><Cell><Data ss:Type="String">Sin grupo</Data></Cell><Cell><Data ss:Type="String">15-11-2021</Data></Cell><Cell><Data ss:Type="String">8:50</Data></Cell><Cell><Data ss:Type="String">Activo</Data></Cell></Row><Row><Cell><Data ss:Type="String">10.352.127-0</Data></Cell><Cell><Data ss:Type="String">MARCELA</Data></Cell><Cell><Data ss:Type="String">GUTIERREZ AMAYO</Data></Cell><Cell><Data ss:Type="String">MSGUTAMA@GMAIL.COM</Data></Cell><Cell><Data ss:Type="String">Sin grupo</Data></Cell><Cell><Data ss:Type="String">14-12-2021</Data></Cell><Cell><Data ss:Type="String">20:11</Data></Cell><Cell><Data ss:Type="String">Activo</Data></Cell></Row><Row><Cell><Data ss:Type="String">14.591.272-5</Data></Cell><Cell><Data ss:Type="String">SILVIA ALEJANDRA</Data></Cell><Cell><Data ss:Type="String">NEGRETE MORALES</Data></Cell><Cell><Data ss:Type="String">janny1719@gmail.com</Data></Cell><Cell><Data ss:Type="String">Sin grupo</Data></Cell><Cell><Data ss:Type="String">17-11-2021</Data></Cell><Cell><Data ss:Type="String">10:0</Data></Cell><Cell><Data ss:Type="String">Activo</Data></Cell></Row><Row><Cell><Data ss:Type="String">12.275.895-8</Data></Cell><Cell><Data ss:Type="String">Ximena del Carmen</Data></Cell><Cell><Data ss:Type="String">Ruz Aqueveque</Data></Cell><Cell><Data ss:Type="String">ximenaruzaqueveque@gmail.com</Data></Cell><Cell><Data ss:Type="String">Sin grupo</Data></Cell><Cell><Data ss:Type="String">29-11-2021</Data></Cell><Cell><Data ss:Type="String">18:0</Data></Cell><Cell><Data ss:Type="String">Activo</Data></Cell></Row><Row><Cell><Data ss:Type="String">15.515.568-k</Data></Cell><Cell><Data ss:Type="String">YOHANNA DEL CARMEN</Data></Cell><Cell><Data ss:Type="String">SAN MARTIN RAMOS</Data></Cell><Cell><Data ss:Type="String">YOSMARA1983@HOTMAIL.COM</Data></Cell><Cell><Data ss:Type="String">Sin grupo</Data></Cell><Cell><Data ss:Type="String">13-12-2021</Data></Cell><Cell><Data ss:Type="String">17:8</Data></Cell><Cell><Data ss:Type="String">Activo</Data></Cell></Row><Row><Cell><Data ss:Type="String">12.596.907-0</Data></Cell><Cell><Data ss:Type="String">MARYBEL</Data></Cell><Cell><Data ss:Type="String">JERALDO ROJAS</Data></Cell><Cell><Data ss:Type="String">JUNTAS_SCHOOL@HOTMAIL.COM</Data></Cell><Cell><Data ss:Type="String">Sin grupo</Data></Cell><Cell><Data ss:Type="String">8-12-2021</Data></Cell><Cell><Data ss:Type="String">23:44</Data></Cell><Cell><Data ss:Type="String">Activo</Data></Cell></Row><Row><Cell><Data ss:Type="String">10.969.604-8</Data></Cell><Cell><Data ss:Type="String">EUGENIA ALEJANDRA</Data></Cell><Cell><Data ss:Type="String">HENRIQUEZ ORMENO</Data></Cell><Cell><Data ss:Type="String">EUGE.ALEJANDRA@HOTMAIL.COM</Data></Cell><Cell><Data ss:Type="String">Sin grupo</Data></Cell><Cell><Data ss:Type="String">6-12-2021</Data></Cell><Cell><Data ss:Type="String">12:34</Data></Cell><Cell><Data ss:Type="String">Activo</Data></Cell></Row><Row><Cell><Data ss:Type="String">11.065.750-1</Data></Cell><Cell><Data ss:Type="String">SUSANA</Data></Cell><Cell><Data ss:Type="String">ALVARADO GOMEZ</Data></Cell><Cell><Data ss:Type="String">SUSANA.ALVARADO.GOMEZ@GMAIL.COM</Data></Cell><Cell><Data ss:Type="String">Sin grupo</Data></Cell><Cell><Data ss:Type="String">10-12-2021</Data></Cell><Cell><Data ss:Type="String">9:8</Data></Cell><Cell><Data ss:Type="String">Activo</Data></Cell></Row><Row><Cell><Data ss:Type="String">11.045.630-1</Data></Cell><Cell><Data ss:Type="String">ROSEMARIE ELIZABETH</Data></Cell><Cell><Data ss:Type="String">HERRERA MORAGA</Data></Cell><Cell><Data ss:Type="String">RSMRHERRERA@GMAIL.COM</Data></Cell><Cell><Data ss:Type="String">Sin grupo</Data></Cell><Cell><Data ss:Type="String">23-11-2021</Data></Cell><Cell><Data ss:Type="String">16:36</Data></Cell><Cell><Data ss:Type="String">Activo</Data></Cell></Row><Row><Cell><Data ss:Type="String">16.390.195-1</Data></Cell><Cell><Data ss:Type="String">ROSMARIE</Data></Cell><Cell><Data ss:Type="String">RAMIREZ FUENZALIDA</Data></Cell><Cell><Data ss:Type="String">ROSMARIE.RAMIREZ.F@GMAIL.COM</Data></Cell><Cell><Data ss:Type="String">Sin grupo</Data></Cell><Cell><Data ss:Type="String">9-12-2021</Data></Cell><Cell><Data ss:Type="String">9:13</Data></Cell><Cell><Data ss:Type="String">Activo</Data></Cell></Row><Row><Cell><Data ss:Type="String">9.654.318-2</Data></Cell><Cell><Data ss:Type="String">Mercedes</Data></Cell><Cell><Data ss:Type="String">Moreira Flores</Data></Cell><Cell><Data ss:Type="String">MERCEDES.MOREIRA1@GMAIL.COM</Data></Cell><Cell><Data ss:Type="String">Sin grupo</Data></Cell><Cell><Data ss:Type="String">13-12-2021</Data></Cell><Cell><Data ss:Type="String">17:23</Data></Cell><Cell><Data ss:Type="String">Activo</Data></Cell></Row><Row><Cell><Data ss:Type="String">15.171.541-9</Data></Cell><Cell><Data ss:Type="String">Mariana Elena</Data></Cell><Cell><Data ss:Type="String">Parada Quilodrán</Data></Cell><Cell><Data ss:Type="String">MARIQUILODRAN@GMAIL.COM</Data></Cell><Cell><Data ss:Type="String">Sin grupo</Data></Cell><Cell><Data ss:Type="String">Sin acceso</Data></Cell><Cell><Data ss:Type="String">Sin acceso</Data></Cell><Cell><Data ss:Type="String">Activo</Data></Cell></Row><Row><Cell><Data ss:Type="String">9.270.861-6</Data></Cell><Cell><Data ss:Type="String">ELSA SUSANA</Data></Cell><Cell><Data ss:Type="String">GARCES SCHMEISER</Data></Cell><Cell><Data ss:Type="String">ELSA_GARCES14@LIVE.CL</Data></Cell><Cell><Data ss:Type="String">Sin grupo</Data></Cell><Cell><Data ss:Type="String">15-11-2021</Data></Cell><Cell><Data ss:Type="String">0:0</Data></Cell><Cell><Data ss:Type="String">Activo</Data></Cell></Row><Row><Cell><Data ss:Type="String">17.804.973-9</Data></Cell><Cell><Data ss:Type="String">DANITZA STEFANY</Data></Cell><Cell><Data ss:Type="String">CAMACHO ARREDONDO</Data></Cell><Cell><Data ss:Type="String">DCAMACHOARREDONDO@GMAIL.COM</Data></Cell><Cell><Data ss:Type="String">Sin grupo</Data></Cell><Cell><Data ss:Type="String">23-11-2021</Data></Cell><Cell><Data ss:Type="String">19:23</Data></Cell><Cell><Data ss:Type="String">Activo</Data></Cell></Row><Row><Cell><Data ss:Type="String">15.478.499-3</Data></Cell><Cell><Data ss:Type="String">Carolina</Data></Cell><Cell><Data ss:Type="String">Contreras</Data></Cell><Cell><Data ss:Type="String">HAYQUEINNOVAR@GMAIL.COM</Data></Cell><Cell><Data ss:Type="String">Sin grupo</Data></Cell><Cell><Data ss:Type="String">14-12-2021</Data></Cell><Cell><Data ss:Type="String">11:23</Data></Cell><Cell><Data ss:Type="String">Activo</Data></Cell></Row><Row><Cell><Data ss:Type="String">13.946.882-1</Data></Cell><Cell><Data ss:Type="String">LETICIA MARISOL</Data></Cell><Cell><Data ss:Type="String">NUNEZ REBOLLEDO</Data></Cell><Cell><Data ss:Type="String">LETICIA.NUNEZ@COMEDUC.CL</Data></Cell><Cell><Data ss:Type="String">Sin grupo</Data></Cell><Cell><Data ss:Type="String">15-12-2021</Data></Cell><Cell><Data ss:Type="String">8:55</Data></Cell><Cell><Data ss:Type="String">Activo</Data></Cell></Row><Row><Cell><Data ss:Type="String">14.545.126-4</Data></Cell><Cell><Data ss:Type="String">MIREYA</Data></Cell><Cell><Data ss:Type="String">GAVILAN COFRE</Data></Cell><Cell><Data ss:Type="String">MIREGAVILAN@GMAIL.COM</Data></Cell><Cell><Data ss:Type="String">Sin grupo</Data></Cell><Cell><Data ss:Type="String">Sin acceso</Data></Cell><Cell><Data ss:Type="String">Sin acceso</Data></Cell><Cell><Data ss:Type="String">Activo</Data></Cell></Row><Row><Cell><Data ss:Type="String">7.530.920-1</Data></Cell><Cell><Data ss:Type="String">PILAR DEL CARMEN</Data></Cell><Cell><Data ss:Type="String">SEGURA VALDES</Data></Cell><Cell><Data ss:Type="String">PISEVAL2013@GMAIL.COM</Data></Cell><Cell><Data ss:Type="String">Sin grupo</Data></Cell><Cell><Data ss:Type="String">Sin acceso</Data></Cell><Cell><Data ss:Type="String">Sin acceso</Data></Cell><Cell><Data ss:Type="String">Activo</Data></Cell></Row><Row><Cell><Data ss:Type="String">15.357.473-1</Data></Cell><Cell><Data ss:Type="String">VERONICA</Data></Cell><Cell><Data ss:Type="String">PETRULLAN NECULHUEQUE</Data></Cell><Cell><Data ss:Type="String">VEROCAQELIZ.23@HOTMAIL.COM</Data></Cell><Cell><Data ss:Type="String">Sin grupo</Data></Cell><Cell><Data ss:Type="String">5-12-2021</Data></Cell><Cell><Data ss:Type="String">12:55</Data></Cell><Cell><Data ss:Type="String">Activo</Data></Cell></Row><Row><Cell><Data ss:Type="String">15.491.424-2</Data></Cell><Cell><Data ss:Type="String">WALEZKA</Data></Cell><Cell><Data ss:Type="String">ARIAS ARIAS</Data></Cell><Cell><Data ss:Type="String">WALEZKA_CFTSANAGUSTIN@HOTMAIL.CL</Data></Cell><Cell><Data ss:Type="String">Sin grupo</Data></Cell><Cell><Data ss:Type="String">Sin acceso</Data></Cell><Cell><Data ss:Type="String">Sin acceso</Data></Cell><Cell><Data ss:Type="String">Activo</Data></Cell></Row><Row><Cell><Data ss:Type="String">15.015.178-3</Data></Cell><Cell><Data ss:Type="String">DINORA</Data></Cell><Cell><Data ss:Type="String">MEDRANO VERGARA</Data></Cell><Cell><Data ss:Type="String">DLMV510@GMAIL.COM</Data></Cell><Cell><Data ss:Type="String">Sin grupo</Data></Cell><Cell><Data ss:Type="String">16-11-2021</Data></Cell><Cell><Data ss:Type="String">16:48</Data></Cell><Cell><Data ss:Type="String">Activo</Data></Cell></Row><Row><Cell><Data ss:Type="String">7.064.577-7</Data></Cell><Cell><Data ss:Type="String">Margarita Rosa</Data></Cell><Cell><Data ss:Type="String">Tapia Aránguiz - 26298</Data></Cell><Cell><Data ss:Type="String">MARGARITA_TARAN@HOTMAIL.COM</Data></Cell><Cell><Data ss:Type="String">Sin grupo</Data></Cell><Cell><Data ss:Type="String">Sin acceso</Data></Cell><Cell><Data ss:Type="String">Sin acceso</Data></Cell><Cell><Data ss:Type="String">Activo</Data></Cell></Row><Row><Cell><Data ss:Type="String">18.012.541-8</Data></Cell><Cell><Data ss:Type="String">Carolina Estefania</Data></Cell><Cell><Data ss:Type="String">Rojas Buegueño</Data></Cell><Cell><Data ss:Type="String">caro.rb.08@gmail.com</Data></Cell><Cell><Data ss:Type="String">Sin grupo</Data></Cell><Cell><Data ss:Type="String">15-11-2021</Data></Cell><Cell><Data ss:Type="String">9:44</Data></Cell><Cell><Data ss:Type="String">Activo</Data></Cell></Row><Row><Cell><Data ss:Type="String">8.835.140-1</Data></Cell><Cell><Data ss:Type="String">Erika Ángela</Data></Cell><Cell><Data ss:Type="String">Molina Martinez</Data></Cell><Cell><Data ss:Type="String">ERIKAANGELAZ@GMAIL.COM</Data></Cell><Cell><Data ss:Type="String">Sin grupo</Data></Cell><Cell><Data ss:Type="String">15-12-2021</Data></Cell><Cell><Data ss:Type="String">11:37</Data></Cell><Cell><Data ss:Type="String">Activo</Data></Cell></Row><Row><Cell><Data ss:Type="String">15.922.410-4</Data></Cell><Cell><Data ss:Type="String">ALEXIS</Data></Cell><Cell><Data ss:Type="String">VALDES GONZALEZ</Data></Cell><Cell><Data ss:Type="String">ALEXISVALDES123@HOTMAIL.COM</Data></Cell><Cell><Data ss:Type="String">Sin grupo</Data></Cell><Cell><Data ss:Type="String">21-11-2021</Data></Cell><Cell><Data ss:Type="String">14:25</Data></Cell><Cell><Data ss:Type="String">Activo</Data></Cell></Row><Row><Cell><Data ss:Type="String">10.682.107-0</Data></Cell><Cell><Data ss:Type="String">ANITA MARIA</Data></Cell><Cell><Data ss:Type="String">REYES CORDOVA</Data></Cell><Cell><Data ss:Type="String">ANITAREYESC@GMAIL.COM</Data></Cell><Cell><Data ss:Type="String">Sin grupo</Data></Cell><Cell><Data ss:Type="String">15-11-2021</Data></Cell><Cell><Data ss:Type="String">10:52</Data></Cell><Cell><Data ss:Type="String">Activo</Data></Cell></Row><Row><Cell><Data ss:Type="String">13.132.886-9</Data></Cell><Cell><Data ss:Type="String">PAOLA CRISTINA</Data></Cell><Cell><Data ss:Type="String">MALDONADO OSORIO</Data></Cell><Cell><Data ss:Type="String">PMALDONADO_36@HOTMAIL.CL</Data></Cell><Cell><Data ss:Type="String">Sin grupo</Data></Cell><Cell><Data ss:Type="String">19-11-2021</Data></Cell><Cell><Data ss:Type="String">15:2</Data></Cell><Cell><Data ss:Type="String">Activo</Data></Cell></Row><Row><Cell><Data ss:Type="String">12.009.954-k</Data></Cell><Cell><Data ss:Type="String">VERÓNICA</Data></Cell><Cell><Data ss:Type="String">AYANCAN BURNES</Data></Cell><Cell><Data ss:Type="String">VERONICAAYANCAN@HOTMAIL.COM</Data></Cell><Cell><Data ss:Type="String">Sin grupo</Data></Cell><Cell><Data ss:Type="String">26-10-2021</Data></Cell><Cell><Data ss:Type="String">20:52</Data></Cell><Cell><Data ss:Type="String">Activo</Data></Cell></Row><Row><Cell><Data ss:Type="String">15.205.960-4</Data></Cell><Cell><Data ss:Type="String">MONICA</Data></Cell><Cell><Data ss:Type="String">BARROS GACITUA</Data></Cell><Cell><Data ss:Type="String">monipi.bg@gmail.com</Data></Cell><Cell><Data ss:Type="String">Sin grupo</Data></Cell><Cell><Data ss:Type="String">15-11-2021</Data></Cell><Cell><Data ss:Type="String">17:32</Data></Cell><Cell><Data ss:Type="String">Activo</Data></Cell></Row><Row><Cell><Data ss:Type="String">15.999.381-7</Data></Cell><Cell><Data ss:Type="String">NATALY YANARA</Data></Cell><Cell><Data ss:Type="String">CORREA CABEZA</Data></Cell><Cell><Data ss:Type="String">CORREANATALY1985@GMAIL.COM</Data></Cell><Cell><Data ss:Type="String">Sin grupo</Data></Cell><Cell><Data ss:Type="String">15-11-2021</Data></Cell><Cell><Data ss:Type="String">9:26</Data></Cell><Cell><Data ss:Type="String">Activo</Data></Cell></Row><Row><Cell><Data ss:Type="String">10.173.384-k</Data></Cell><Cell><Data ss:Type="String">MARIA PATRICIA</Data></Cell><Cell><Data ss:Type="String">TABILO RIVERA</Data></Cell><Cell><Data ss:Type="String">PATITARI@HOTMAIL.COM</Data></Cell><Cell><Data ss:Type="String">Sin grupo</Data></Cell><Cell><Data ss:Type="String">15-11-2021</Data></Cell><Cell><Data ss:Type="String">19:17</Data></Cell><Cell><Data ss:Type="String">Activo</Data></Cell></Row><Row><Cell><Data ss:Type="String">10.725.776-4</Data></Cell><Cell><Data ss:Type="String">CLAUDIA BLANCA</Data></Cell><Cell><Data ss:Type="String">HERNÁNDEZ</Data></Cell><Cell><Data ss:Type="String">cbhernandezs@gmail.com</Data></Cell><Cell><Data ss:Type="String">Sin grupo</Data></Cell><Cell><Data ss:Type="String">13-12-2021</Data></Cell><Cell><Data ss:Type="String">10:50</Data></Cell><Cell><Data ss:Type="String">Activo</Data></Cell></Row><Row><Cell><Data ss:Type="String">7.320.422-4</Data></Cell><Cell><Data ss:Type="String">MARIA</Data></Cell><Cell><Data ss:Type="String">DIAZ CORREA - 2155</Data></Cell><Cell><Data ss:Type="String">DIAZCORREAMARIACRISTINA@GMAIL.COM</Data></Cell><Cell><Data ss:Type="String">Sin grupo</Data></Cell><Cell><Data ss:Type="String">7-12-2021</Data></Cell><Cell><Data ss:Type="String">11:35</Data></Cell><Cell><Data ss:Type="String">Activo</Data></Cell></Row><Row><Cell><Data ss:Type="String">7.626.951-3</Data></Cell><Cell><Data ss:Type="String">PATRICIA</Data></Cell><Cell><Data ss:Type="String">TARIFEÑO ZUÑIGA - 11594</Data></Cell><Cell><Data ss:Type="String">PATRICIADELCTARIFENO@GMAIL.COM</Data></Cell><Cell><Data ss:Type="String">Sin grupo</Data></Cell><Cell><Data ss:Type="String">29-11-2021</Data></Cell><Cell><Data ss:Type="String">17:9</Data></Cell><Cell><Data ss:Type="String">Activo</Data></Cell></Row><Row><Cell><Data ss:Type="String">26.437.504-5</Data></Cell><Cell><Data ss:Type="String">CARMEN VICTORIA</Data></Cell><Cell><Data ss:Type="String">SALAZAR TOVAR</Data></Cell><Cell><Data ss:Type="String">CARVIC1515@GMAIL.COM</Data></Cell><Cell><Data ss:Type="String">Sin grupo</Data></Cell><Cell><Data ss:Type="String">24-11-2021</Data></Cell><Cell><Data ss:Type="String">10:33</Data></Cell><Cell><Data ss:Type="String">Activo</Data></Cell></Row><Row><Cell><Data ss:Type="String">11.889.815-k</Data></Cell><Cell><Data ss:Type="String">Elsa Isabel</Data></Cell><Cell><Data ss:Type="String">Ávila Miranda</Data></Cell><Cell><Data ss:Type="String">elsa.avila.m@gmail.com</Data></Cell><Cell><Data ss:Type="String">Sin grupo</Data></Cell><Cell><Data ss:Type="String">5-12-2021</Data></Cell><Cell><Data ss:Type="String">16:41</Data></Cell><Cell><Data ss:Type="String">Activo</Data></Cell></Row><Row><Cell><Data ss:Type="String">9.837.615-1</Data></Cell><Cell><Data ss:Type="String">Laura Ema</Data></Cell><Cell><Data ss:Type="String">Martínez Barberi</Data></Cell><Cell><Data ss:Type="String">lauramartinezbarberi0@gmail.com</Data></Cell><Cell><Data ss:Type="String">Sin grupo</Data></Cell><Cell><Data ss:Type="String">19-10-2021</Data></Cell><Cell><Data ss:Type="String">9:57</Data></Cell><Cell><Data ss:Type="String">Activo</Data></Cell></Row><Row><Cell><Data ss:Type="String">9.824.123-k</Data></Cell><Cell><Data ss:Type="String">Mónica Janett</Data></Cell><Cell><Data ss:Type="String">Miño Barrera</Data></Cell><Cell><Data ss:Type="String">mmonicajanett@yahoo.com</Data></Cell><Cell><Data ss:Type="String">Sin grupo</Data></Cell><Cell><Data ss:Type="String">24-11-2021</Data></Cell><Cell><Data ss:Type="String">10:3</Data></Cell><Cell><Data ss:Type="String">Activo</Data></Cell></Row><Row><Cell><Data ss:Type="String">12.028.161-5</Data></Cell><Cell><Data ss:Type="String">Beatriz Rosalinda</Data></Cell><Cell><Data ss:Type="String">Alfaro Tapia</Data></Cell><Cell><Data ss:Type="String">betialfaro24@gmail.com</Data></Cell><Cell><Data ss:Type="String">Sin grupo</Data></Cell><Cell><Data ss:Type="String">Sin acceso</Data></Cell><Cell><Data ss:Type="String">Sin acceso</Data></Cell><Cell><Data ss:Type="String">Activo</Data></Cell></Row><Row><Cell><Data ss:Type="String">8.633.666-9</Data></Cell><Cell><Data ss:Type="String">Glery Rosana</Data></Cell><Cell><Data ss:Type="String">Tirado Olivares</Data></Cell><Cell><Data ss:Type="String">glerytirado@gmail.com</Data></Cell><Cell><Data ss:Type="String">Sin grupo</Data></Cell><Cell><Data ss:Type="String">13-12-2021</Data></Cell><Cell><Data ss:Type="String">21:20</Data></Cell><Cell><Data ss:Type="String">Activo</Data></Cell></Row><Row><Cell><Data ss:Type="String">18.581.688-5</Data></Cell><Cell><Data ss:Type="String">Leya Ayil</Data></Cell><Cell><Data ss:Type="String">Rebolledo Huincahue</Data></Cell><Cell><Data ss:Type="String">a.rebolledo.huincahue@gmail.com</Data></Cell><Cell><Data ss:Type="String">Sin grupo</Data></Cell><Cell><Data ss:Type="String">15-11-2021</Data></Cell><Cell><Data ss:Type="String">23:54</Data></Cell><Cell><Data ss:Type="String">Activo</Data></Cell></Row><Row><Cell><Data ss:Type="String">16.957.229-1</Data></Cell><Cell><Data ss:Type="String">Ana Romina Betsabe</Data></Cell><Cell><Data ss:Type="String">Huenchufil Antifil</Data></Cell><Cell><Data ss:Type="String">tabi2015.rh@gmail.com</Data></Cell><Cell><Data ss:Type="String">Sin grupo</Data></Cell><Cell><Data ss:Type="String">13-12-2021</Data></Cell><Cell><Data ss:Type="String">18:11</Data></Cell><Cell><Data ss:Type="String">Activo</Data></Cell></Row><Row><Cell><Data ss:Type="String">10.535.032-5</Data></Cell><Cell><Data ss:Type="String">Daniela Alejandra</Data></Cell><Cell><Data ss:Type="String">Ahumada Araya</Data></Cell><Cell><Data ss:Type="String">biblioteca@salesianosalameda.cl</Data></Cell><Cell><Data ss:Type="String">Sin grupo</Data></Cell><Cell><Data ss:Type="String">1-12-2021</Data></Cell><Cell><Data ss:Type="String">18:18</Data></Cell><Cell><Data ss:Type="String">Activo</Data></Cell></Row><Row><Cell><Data ss:Type="String">16.713.713-k</Data></Cell><Cell><Data ss:Type="String">Carolina Alejandra</Data></Cell><Cell><Data ss:Type="String">Muñoz Cornejo</Data></Cell><Cell><Data ss:Type="String">carolina.amcornejo@gmail.com</Data></Cell><Cell><Data ss:Type="String">Sin grupo</Data></Cell><Cell><Data ss:Type="String">16-11-2021</Data></Cell><Cell><Data ss:Type="String">11:31</Data></Cell><Cell><Data ss:Type="String">Activo</Data></Cell></Row><Row><Cell><Data ss:Type="String">7.100.426-0</Data></Cell><Cell><Data ss:Type="String">Maria Angelica Del Carmen</Data></Cell><Cell><Data ss:Type="String">Vargas Valenzuela</Data></Cell><Cell><Data ss:Type="String">mavian1983@hotmail.com</Data></Cell><Cell><Data ss:Type="String">Sin grupo</Data></Cell><Cell><Data ss:Type="String">25-11-2021</Data></Cell><Cell><Data ss:Type="String">13:12</Data></Cell><Cell><Data ss:Type="String">Activo</Data></Cell></Row><Row><Cell><Data ss:Type="String">17.704.591-8</Data></Cell><Cell><Data ss:Type="String">Maria Jesus</Data></Cell><Cell><Data ss:Type="String">Izquierdo</Data></Cell><Cell><Data ss:Type="String">jesuizquierdo91@gmail.com</Data></Cell><Cell><Data ss:Type="String">Sin grupo</Data></Cell><Cell><Data ss:Type="String">Sin acceso</Data></Cell><Cell><Data ss:Type="String">Sin acceso</Data></Cell><Cell><Data ss:Type="String">Activo</Data></Cell></Row><Row><Cell><Data ss:Type="String">15.595.135-4</Data></Cell><Cell><Data ss:Type="String">Cristian Javier</Data></Cell><Cell><Data ss:Type="String">Díaz Olivares</Data></Cell><Cell><Data ss:Type="String">Cdiaz@colegiocaldera.cl</Data></Cell><Cell><Data ss:Type="String">Sin grupo</Data></Cell><Cell><Data ss:Type="String">6-12-2021</Data></Cell><Cell><Data ss:Type="String">8:26</Data></Cell><Cell><Data ss:Type="String">Activo</Data></Cell></Row><Row><Cell><Data ss:Type="String">19.316.319-k</Data></Cell><Cell><Data ss:Type="String">Yanara Michele</Data></Cell><Cell><Data ss:Type="String">Aravena Ordóñez</Data></Cell><Cell><Data ss:Type="String">yanara.aravena@colegiovillalourdes.com</Data></Cell><Cell><Data ss:Type="String">Sin grupo</Data></Cell><Cell><Data ss:Type="String">6-12-2021</Data></Cell><Cell><Data ss:Type="String">9:14</Data></Cell><Cell><Data ss:Type="String">Activo</Data></Cell></Row><Row><Cell><Data ss:Type="String">11.608.997-1</Data></Cell><Cell><Data ss:Type="String">Solange Isabel</Data></Cell><Cell><Data ss:Type="String">Vejar Troncoso</Data></Cell><Cell><Data ss:Type="String">DIRECCION@ALTAZOLDELMAIPO.CL</Data></Cell><Cell><Data ss:Type="String">Sin grupo</Data></Cell><Cell><Data ss:Type="String">14-12-2021</Data></Cell><Cell><Data ss:Type="String">11:54</Data></Cell><Cell><Data ss:Type="String">Activo</Data></Cell></Row><Row><Cell><Data ss:Type="String">12.917.956-2</Data></Cell><Cell><Data ss:Type="String">Fabiola Andrea</Data></Cell><Cell><Data ss:Type="String">Hoffmann Rodriguez</Data></Cell><Cell><Data ss:Type="String">fabiolahof@gmail.com</Data></Cell><Cell><Data ss:Type="String">Sin grupo</Data></Cell><Cell><Data ss:Type="String">14-12-2021</Data></Cell><Cell><Data ss:Type="String">22:58</Data></Cell><Cell><Data ss:Type="String">Activo</Data></Cell></Row><Row><Cell><Data ss:Type="String">8.202.708-4</Data></Cell><Cell><Data ss:Type="String">Silvia Del Carmen</Data></Cell><Cell><Data ss:Type="String">Álvarez Rojas</Data></Cell><Cell><Data ss:Type="String">utpmedia@cbo.cl</Data></Cell><Cell><Data ss:Type="String">Sin grupo</Data></Cell><Cell><Data ss:Type="String">11-11-2021</Data></Cell><Cell><Data ss:Type="String">13:52</Data></Cell><Cell><Data ss:Type="String">Activo</Data></Cell></Row><Row><Cell><Data ss:Type="String">16.949.362-6</Data></Cell><Cell><Data ss:Type="String">Diana Priscila</Data></Cell><Cell><Data ss:Type="String">Muñoz Trecamán</Data></Cell><Cell><Data ss:Type="String">MUNOZ.TRECAMAN@GMAIL.COM</Data></Cell><Cell><Data ss:Type="String">Sin grupo</Data></Cell><Cell><Data ss:Type="String">15-11-2021</Data></Cell><Cell><Data ss:Type="String">23:51</Data></Cell><Cell><Data ss:Type="String">Activo</Data></Cell></Row><Row><Cell><Data ss:Type="String">15.289.017-6</Data></Cell><Cell><Data ss:Type="String">Carolina Del Carmen</Data></Cell><Cell><Data ss:Type="String">Curumilla Curiñán</Data></Cell><Cell><Data ss:Type="String">carolinacurumillac@gmail.com</Data></Cell><Cell><Data ss:Type="String">Sin grupo</Data></Cell><Cell><Data ss:Type="String">Sin acceso</Data></Cell><Cell><Data ss:Type="String">Sin acceso</Data></Cell><Cell><Data ss:Type="String">Activo</Data></Cell></Row><Row><Cell><Data ss:Type="String">16.591.393-0</Data></Cell><Cell><Data ss:Type="String">Andrea Cecilia</Data></Cell><Cell><Data ss:Type="String">Bastidas Campos</Data></Cell><Cell><Data ss:Type="String">cra.esccpezoaveliz@gmail.com</Data></Cell><Cell><Data ss:Type="String">Sin grupo</Data></Cell><Cell><Data ss:Type="String">7-12-2021</Data></Cell><Cell><Data ss:Type="String">16:10</Data></Cell><Cell><Data ss:Type="String">Activo</Data></Cell></Row><Row><Cell><Data ss:Type="String">17.672.509-5</Data></Cell><Cell><Data ss:Type="String">Francisca Paola</Data></Cell><Cell><Data ss:Type="String">Ramírez Urra</Data></Cell><Cell><Data ss:Type="String">franciscaramirez@colegiojoseartigas.cl</Data></Cell><Cell><Data ss:Type="String">Sin grupo</Data></Cell><Cell><Data ss:Type="String">29-11-2021</Data></Cell><Cell><Data ss:Type="String">16:59</Data></Cell><Cell><Data ss:Type="String">Activo</Data></Cell></Row><Row><Cell><Data ss:Type="String">11.268.678-9</Data></Cell><Cell><Data ss:Type="String">Lorena Flor</Data></Cell><Cell><Data ss:Type="String">Moreno Villegas</Data></Cell><Cell><Data ss:Type="String">lubatoli1107@gmail.com</Data></Cell><Cell><Data ss:Type="String">Sin grupo</Data></Cell><Cell><Data ss:Type="String">14-12-2021</Data></Cell><Cell><Data ss:Type="String">15:14</Data></Cell><Cell><Data ss:Type="String">Activo</Data></Cell></Row><Row><Cell><Data ss:Type="String">5.838.660-k</Data></Cell><Cell><Data ss:Type="String">Alejandra Eliana</Data></Cell><Cell><Data ss:Type="String">Suzarte Quiroga</Data></Cell><Cell><Data ss:Type="String">alejandra.suzarte.amancaylimache@gmail.com</Data></Cell><Cell><Data ss:Type="String">Sin grupo</Data></Cell><Cell><Data ss:Type="String">6-12-2021</Data></Cell><Cell><Data ss:Type="String">8:49</Data></Cell><Cell><Data ss:Type="String">Activo</Data></Cell></Row><Row><Cell><Data ss:Type="String">16.779.503-k</Data></Cell><Cell><Data ss:Type="String">Vanessa Lisset</Data></Cell><Cell><Data ss:Type="String">Guentelicán Cárcamo</Data></Cell><Cell><Data ss:Type="String">vanessa_guentelican@hotmail.com</Data></Cell><Cell><Data ss:Type="String">Sin grupo</Data></Cell><Cell><Data ss:Type="String">16-10-2021</Data></Cell><Cell><Data ss:Type="String">17:14</Data></Cell><Cell><Data ss:Type="String">Activo</Data></Cell></Row><Row><Cell><Data ss:Type="String">3.864.330-4</Data></Cell><Cell><Data ss:Type="String">Bartolo</Data></Cell><Cell><Data ss:Type="String">Montoya Vásquez</Data></Cell><Cell><Data ss:Type="String">bartolomontoya@gmail.com</Data></Cell><Cell><Data ss:Type="String">Sin grupo</Data></Cell><Cell><Data ss:Type="String">14-12-2021</Data></Cell><Cell><Data ss:Type="String">14:20</Data></Cell><Cell><Data ss:Type="String">Activo</Data></Cell></Row><Row><Cell><Data ss:Type="String">13.087.432-0</Data></Cell><Cell><Data ss:Type="String">Wendy Karina</Data></Cell><Cell><Data ss:Type="String">Millar Medina</Data></Cell><Cell><Data ss:Type="String">wendy.millar@liceo-santacruzdetriana.cl</Data></Cell><Cell><Data ss:Type="String">Sin grupo</Data></Cell><Cell><Data ss:Type="String">15-11-2021</Data></Cell><Cell><Data ss:Type="String">16:39</Data></Cell><Cell><Data ss:Type="String">Activo</Data></Cell></Row><Row><Cell><Data ss:Type="String">18.127.297-k</Data></Cell><Cell><Data ss:Type="String">Jenniffer Denisse</Data></Cell><Cell><Data ss:Type="String">Román Amador</Data></Cell><Cell><Data ss:Type="String">jen.roman.am@gmail.com</Data></Cell><Cell><Data ss:Type="String">Sin grupo</Data></Cell><Cell><Data ss:Type="String">10-11-2021</Data></Cell><Cell><Data ss:Type="String">21:23</Data></Cell><Cell><Data ss:Type="String">Activo</Data></Cell></Row><Row><Cell><Data ss:Type="String">22.740.804-9</Data></Cell><Cell><Data ss:Type="String">Esterfilia</Data></Cell><Cell><Data ss:Type="String">Peña Torres</Data></Cell><Cell><Data ss:Type="String">esterfilia-22@hotmail.com</Data></Cell><Cell><Data ss:Type="String">Sin grupo</Data></Cell><Cell><Data ss:Type="String">11-11-2021</Data></Cell><Cell><Data ss:Type="String">18:6</Data></Cell><Cell><Data ss:Type="String">Activo</Data></Cell></Row></Table></Worksheet></Workbook>