<?xml version="1.0"?><?mso-application progid="Excel.Sheet"?><Workbook xmlns="urn:schemas-microsoft-com:office:spreadsheet" xmlns:ss="urn:schemas-microsoft-com:office:spreadsheet"><DocumentProperties xmlns="urn:schemas-microsoft-com:office:office"><Author>Axel Richter</Author><Created>1639579410131</Created></DocumentProperties><Styles><Style ss:ID="Currency"><NumberFormat ss:Format="Currency"></NumberFormat></Style><Style ss:ID="Date"><NumberFormat ss:Format="Medium Date"></NumberFormat></Style></Styles><Worksheet ss:Name="General"><Table><Row><Cell><Data ss:Type="String">Reporte: </Data></Cell><Cell><Data ss:Type="String">Acceso a curso</Data></Cell></Row><Row><Cell><Data ss:Type="String">Categoría: </Data></Cell><Cell><Data ss:Type="String">Aulas Curso C (#1317)</Data></Cell></Row><Row><Cell><Data ss:Type="String">Curso: </Data></Cell><Cell><Data ss:Type="String">Plan de Formación; Curso C. Organización de espacios y ambiente de bibliotecas escolares - Aula 3 (#10843)</Data></Cell></Row><Row><Cell><Data ss:Type="String">Fecha de generación: </Data></Cell><Cell><Data ss:Type="String">15/12/2021</Data></Cell></Row><Row></Row><Row><Cell><Data ss:Type="String">Fecha</Data></Cell><Cell><Data ss:Type="String">Cantidad</Data></Cell><Cell><Data ss:Type="String"></Data></Cell><Cell><Data ss:Type="String">Usuarios</Data></Cell><Cell><Data ss:Type="String">Cantidad</Data></Cell></Row><Row><Cell><Data ss:Type="String">26-10-2021</Data></Cell><Cell><Data ss:Type="String">4</Data></Cell><Cell><Data ss:Type="String"></Data></Cell><Cell><Data ss:Type="String">Con acceso </Data></Cell><Cell><Data ss:Type="String">58</Data></Cell></Row><Row><Cell><Data ss:Type="String">27-10-2021</Data></Cell><Cell><Data ss:Type="String">10</Data></Cell><Cell><Data ss:Type="String"></Data></Cell><Cell><Data ss:Type="String">Sin acceso </Data></Cell><Cell><Data ss:Type="String">18</Data></Cell></Row><Row><Cell><Data ss:Type="String">28-10-2021</Data></Cell><Cell><Data ss:Type="String">13</Data></Cell><Cell><Data ss:Type="String"></Data></Cell><Cell><Data ss:Type="String">Total </Data></Cell><Cell><Data ss:Type="String">76</Data></Cell></Row><Row><Cell><Data ss:Type="String">29-10-2021</Data></Cell><Cell><Data ss:Type="String">6</Data></Cell><Cell><Data ss:Type="String"></Data></Cell><Cell><Data ss:Type="String"></Data></Cell><Cell><Data ss:Type="String"></Data></Cell></Row><Row><Cell><Data ss:Type="String">30-10-2021</Data></Cell><Cell><Data ss:Type="String">9</Data></Cell><Cell><Data ss:Type="String"></Data></Cell><Cell><Data ss:Type="String"></Data></Cell><Cell><Data ss:Type="String"></Data></Cell></Row><Row><Cell><Data ss:Type="String">31-10-2021</Data></Cell><Cell><Data ss:Type="String">6</Data></Cell><Cell><Data ss:Type="String"></Data></Cell><Cell><Data ss:Type="String"></Data></Cell><Cell><Data ss:Type="String"></Data></Cell></Row><Row><Cell><Data ss:Type="String">01-11-2021</Data></Cell><Cell><Data ss:Type="String">15</Data></Cell><Cell><Data ss:Type="String"></Data></Cell><Cell><Data ss:Type="String"></Data></Cell><Cell><Data ss:Type="String"></Data></Cell></Row><Row><Cell><Data ss:Type="String">02-11-2021</Data></Cell><Cell><Data ss:Type="String">21</Data></Cell><Cell><Data ss:Type="String"></Data></Cell><Cell><Data ss:Type="String"></Data></Cell><Cell><Data ss:Type="String"></Data></Cell></Row><Row><Cell><Data ss:Type="String">03-11-2021</Data></Cell><Cell><Data ss:Type="String">14</Data></Cell><Cell><Data ss:Type="String"></Data></Cell><Cell><Data ss:Type="String"></Data></Cell><Cell><Data ss:Type="String"></Data></Cell></Row><Row><Cell><Data ss:Type="String">04-11-2021</Data></Cell><Cell><Data ss:Type="String">10</Data></Cell><Cell><Data ss:Type="String"></Data></Cell><Cell><Data ss:Type="String"></Data></Cell><Cell><Data ss:Type="String"></Data></Cell></Row><Row><Cell><Data ss:Type="String">05-11-2021</Data></Cell><Cell><Data ss:Type="String">8</Data></Cell><Cell><Data ss:Type="String"></Data></Cell><Cell><Data ss:Type="String"></Data></Cell><Cell><Data ss:Type="String"></Data></Cell></Row><Row><Cell><Data ss:Type="String">06-11-2021</Data></Cell><Cell><Data ss:Type="String">3</Data></Cell><Cell><Data ss:Type="String"></Data></Cell><Cell><Data ss:Type="String"></Data></Cell><Cell><Data ss:Type="String"></Data></Cell></Row><Row><Cell><Data ss:Type="String">07-11-2021</Data></Cell><Cell><Data ss:Type="String">4</Data></Cell><Cell><Data ss:Type="String"></Data></Cell><Cell><Data ss:Type="String"></Data></Cell><Cell><Data ss:Type="String"></Data></Cell></Row><Row><Cell><Data ss:Type="String">08-11-2021</Data></Cell><Cell><Data ss:Type="String">14</Data></Cell><Cell><Data ss:Type="String"></Data></Cell><Cell><Data ss:Type="String"></Data></Cell><Cell><Data ss:Type="String"></Data></Cell></Row><Row><Cell><Data ss:Type="String">09-11-2021</Data></Cell><Cell><Data ss:Type="String">13</Data></Cell><Cell><Data ss:Type="String"></Data></Cell><Cell><Data ss:Type="String"></Data></Cell><Cell><Data ss:Type="String"></Data></Cell></Row><Row><Cell><Data ss:Type="String">10-11-2021</Data></Cell><Cell><Data ss:Type="String">16</Data></Cell><Cell><Data ss:Type="String"></Data></Cell><Cell><Data ss:Type="String"></Data></Cell><Cell><Data ss:Type="String"></Data></Cell></Row><Row><Cell><Data ss:Type="String">11-11-2021</Data></Cell><Cell><Data ss:Type="String">7</Data></Cell><Cell><Data ss:Type="String"></Data></Cell><Cell><Data ss:Type="String"></Data></Cell><Cell><Data ss:Type="String"></Data></Cell></Row><Row><Cell><Data ss:Type="String">12-11-2021</Data></Cell><Cell><Data ss:Type="String">6</Data></Cell><Cell><Data ss:Type="String"></Data></Cell><Cell><Data ss:Type="String"></Data></Cell><Cell><Data ss:Type="String"></Data></Cell></Row><Row><Cell><Data ss:Type="String">13-11-2021</Data></Cell><Cell><Data ss:Type="String">4</Data></Cell><Cell><Data ss:Type="String"></Data></Cell><Cell><Data ss:Type="String"></Data></Cell><Cell><Data ss:Type="String"></Data></Cell></Row><Row><Cell><Data ss:Type="String">14-11-2021</Data></Cell><Cell><Data ss:Type="String">6</Data></Cell><Cell><Data ss:Type="String"></Data></Cell><Cell><Data ss:Type="String"></Data></Cell><Cell><Data ss:Type="String"></Data></Cell></Row><Row><Cell><Data ss:Type="String">15-11-2021</Data></Cell><Cell><Data ss:Type="String">12</Data></Cell><Cell><Data ss:Type="String"></Data></Cell><Cell><Data ss:Type="String"></Data></Cell><Cell><Data ss:Type="String"></Data></Cell></Row><Row><Cell><Data ss:Type="String">16-11-2021</Data></Cell><Cell><Data ss:Type="String">12</Data></Cell><Cell><Data ss:Type="String"></Data></Cell><Cell><Data ss:Type="String"></Data></Cell><Cell><Data ss:Type="String"></Data></Cell></Row><Row><Cell><Data ss:Type="String">17-11-2021</Data></Cell><Cell><Data ss:Type="String">10</Data></Cell><Cell><Data ss:Type="String"></Data></Cell><Cell><Data ss:Type="String"></Data></Cell><Cell><Data ss:Type="String"></Data></Cell></Row><Row><Cell><Data ss:Type="String">18-11-2021</Data></Cell><Cell><Data ss:Type="String">10</Data></Cell><Cell><Data ss:Type="String"></Data></Cell><Cell><Data ss:Type="String"></Data></Cell><Cell><Data ss:Type="String"></Data></Cell></Row><Row><Cell><Data ss:Type="String">19-11-2021</Data></Cell><Cell><Data ss:Type="String">9</Data></Cell><Cell><Data ss:Type="String"></Data></Cell><Cell><Data ss:Type="String"></Data></Cell><Cell><Data ss:Type="String"></Data></Cell></Row><Row><Cell><Data ss:Type="String">20-11-2021</Data></Cell><Cell><Data ss:Type="String">3</Data></Cell><Cell><Data ss:Type="String"></Data></Cell><Cell><Data ss:Type="String"></Data></Cell><Cell><Data ss:Type="String"></Data></Cell></Row><Row><Cell><Data ss:Type="String">21-11-2021</Data></Cell><Cell><Data ss:Type="String">4</Data></Cell><Cell><Data ss:Type="String"></Data></Cell><Cell><Data ss:Type="String"></Data></Cell><Cell><Data ss:Type="String"></Data></Cell></Row><Row><Cell><Data ss:Type="String">22-11-2021</Data></Cell><Cell><Data ss:Type="String">12</Data></Cell><Cell><Data ss:Type="String"></Data></Cell><Cell><Data ss:Type="String"></Data></Cell><Cell><Data ss:Type="String"></Data></Cell></Row><Row><Cell><Data ss:Type="String">23-11-2021</Data></Cell><Cell><Data ss:Type="String">12</Data></Cell><Cell><Data ss:Type="String"></Data></Cell><Cell><Data ss:Type="String"></Data></Cell><Cell><Data ss:Type="String"></Data></Cell></Row><Row><Cell><Data ss:Type="String">24-11-2021</Data></Cell><Cell><Data ss:Type="String">11</Data></Cell><Cell><Data ss:Type="String"></Data></Cell><Cell><Data ss:Type="String"></Data></Cell><Cell><Data ss:Type="String"></Data></Cell></Row><Row><Cell><Data ss:Type="String">25-11-2021</Data></Cell><Cell><Data ss:Type="String">7</Data></Cell><Cell><Data ss:Type="String"></Data></Cell><Cell><Data ss:Type="String"></Data></Cell><Cell><Data ss:Type="String"></Data></Cell></Row><Row><Cell><Data ss:Type="String">26-11-2021</Data></Cell><Cell><Data ss:Type="String">11</Data></Cell><Cell><Data ss:Type="String"></Data></Cell><Cell><Data ss:Type="String"></Data></Cell><Cell><Data ss:Type="String"></Data></Cell></Row><Row><Cell><Data ss:Type="String">27-11-2021</Data></Cell><Cell><Data ss:Type="String">4</Data></Cell><Cell><Data ss:Type="String"></Data></Cell><Cell><Data ss:Type="String"></Data></Cell><Cell><Data ss:Type="String"></Data></Cell></Row><Row><Cell><Data ss:Type="String">28-11-2021</Data></Cell><Cell><Data ss:Type="String">4</Data></Cell><Cell><Data ss:Type="String"></Data></Cell><Cell><Data ss:Type="String"></Data></Cell><Cell><Data ss:Type="String"></Data></Cell></Row><Row><Cell><Data ss:Type="String">29-11-2021</Data></Cell><Cell><Data ss:Type="String">11</Data></Cell><Cell><Data ss:Type="String"></Data></Cell><Cell><Data ss:Type="String"></Data></Cell><Cell><Data ss:Type="String"></Data></Cell></Row><Row><Cell><Data ss:Type="String">30-11-2021</Data></Cell><Cell><Data ss:Type="String">8</Data></Cell><Cell><Data ss:Type="String"></Data></Cell><Cell><Data ss:Type="String"></Data></Cell><Cell><Data ss:Type="String"></Data></Cell></Row><Row><Cell><Data ss:Type="String">01-12-2021</Data></Cell><Cell><Data ss:Type="String">8</Data></Cell><Cell><Data ss:Type="String"></Data></Cell><Cell><Data ss:Type="String"></Data></Cell><Cell><Data ss:Type="String"></Data></Cell></Row><Row><Cell><Data ss:Type="String">02-12-2021</Data></Cell><Cell><Data ss:Type="String">10</Data></Cell><Cell><Data ss:Type="String"></Data></Cell><Cell><Data ss:Type="String"></Data></Cell><Cell><Data ss:Type="String"></Data></Cell></Row><Row><Cell><Data ss:Type="String">03-12-2021</Data></Cell><Cell><Data ss:Type="String">7</Data></Cell><Cell><Data ss:Type="String"></Data></Cell><Cell><Data ss:Type="String"></Data></Cell><Cell><Data ss:Type="String"></Data></Cell></Row><Row><Cell><Data ss:Type="String">04-12-2021</Data></Cell><Cell><Data ss:Type="String">1</Data></Cell><Cell><Data ss:Type="String"></Data></Cell><Cell><Data ss:Type="String"></Data></Cell><Cell><Data ss:Type="String"></Data></Cell></Row><Row><Cell><Data ss:Type="String">05-12-2021</Data></Cell><Cell><Data ss:Type="String">2</Data></Cell><Cell><Data ss:Type="String"></Data></Cell><Cell><Data ss:Type="String"></Data></Cell><Cell><Data ss:Type="String"></Data></Cell></Row><Row><Cell><Data ss:Type="String">06-12-2021</Data></Cell><Cell><Data ss:Type="String">12</Data></Cell><Cell><Data ss:Type="String"></Data></Cell><Cell><Data ss:Type="String"></Data></Cell><Cell><Data ss:Type="String"></Data></Cell></Row><Row><Cell><Data ss:Type="String">07-12-2021</Data></Cell><Cell><Data ss:Type="String">7</Data></Cell><Cell><Data ss:Type="String"></Data></Cell><Cell><Data ss:Type="String"></Data></Cell><Cell><Data ss:Type="String"></Data></Cell></Row><Row><Cell><Data ss:Type="String">08-12-2021</Data></Cell><Cell><Data ss:Type="String">3</Data></Cell><Cell><Data ss:Type="String"></Data></Cell><Cell><Data ss:Type="String"></Data></Cell><Cell><Data ss:Type="String"></Data></Cell></Row><Row><Cell><Data ss:Type="String">09-12-2021</Data></Cell><Cell><Data ss:Type="String">5</Data></Cell><Cell><Data ss:Type="String"></Data></Cell><Cell><Data ss:Type="String"></Data></Cell><Cell><Data ss:Type="String"></Data></Cell></Row><Row><Cell><Data ss:Type="String">10-12-2021</Data></Cell><Cell><Data ss:Type="String">9</Data></Cell><Cell><Data ss:Type="String"></Data></Cell><Cell><Data ss:Type="String"></Data></Cell><Cell><Data ss:Type="String"></Data></Cell></Row><Row><Cell><Data ss:Type="String">11-12-2021</Data></Cell><Cell><Data ss:Type="String">5</Data></Cell><Cell><Data ss:Type="String"></Data></Cell><Cell><Data ss:Type="String"></Data></Cell><Cell><Data ss:Type="String"></Data></Cell></Row><Row><Cell><Data ss:Type="String">12-12-2021</Data></Cell><Cell><Data ss:Type="String">6</Data></Cell><Cell><Data ss:Type="String"></Data></Cell><Cell><Data ss:Type="String"></Data></Cell><Cell><Data ss:Type="String"></Data></Cell></Row><Row><Cell><Data ss:Type="String">13-12-2021</Data></Cell><Cell><Data ss:Type="String">14</Data></Cell><Cell><Data ss:Type="String"></Data></Cell><Cell><Data ss:Type="String"></Data></Cell><Cell><Data ss:Type="String"></Data></Cell></Row><Row><Cell><Data ss:Type="String">14-12-2021</Data></Cell><Cell><Data ss:Type="String">8</Data></Cell><Cell><Data ss:Type="String"></Data></Cell><Cell><Data ss:Type="String"></Data></Cell><Cell><Data ss:Type="String"></Data></Cell></Row><Row><Cell><Data ss:Type="String">15-12-2021</Data></Cell><Cell><Data ss:Type="String">3</Data></Cell><Cell><Data ss:Type="String"></Data></Cell><Cell><Data ss:Type="String"></Data></Cell><Cell><Data ss:Type="String"></Data></Cell></Row><Row><Cell><Data ss:Type="String">Total</Data></Cell><Cell><Data ss:Type="String">429</Data></Cell><Cell><Data ss:Type="String"></Data></Cell><Cell><Data ss:Type="String"></Data></Cell><Cell><Data ss:Type="String"></Data></Cell></Row></Table></Worksheet><Worksheet ss:Name="Detalle"><Table><Row><Cell><Data ss:Type="String">Rut</Data></Cell><Cell><Data ss:Type="String">Nombre</Data></Cell><Cell><Data ss:Type="String">Apellido</Data></Cell><Cell><Data ss:Type="String">Correo</Data></Cell><Cell><Data ss:Type="String">Grupo</Data></Cell><Cell><Data ss:Type="String">Fecha útimo acceso</Data></Cell><Cell><Data ss:Type="String">Hora útimo acceso</Data></Cell><Cell><Data ss:Type="String">Estado</Data></Cell></Row><Row><Cell><Data ss:Type="String">13.183.994-4</Data></Cell><Cell><Data ss:Type="String">ximena</Data></Cell><Cell><Data ss:Type="String">fernandez diaz</Data></Cell><Cell><Data ss:Type="String">ximefer77@hotmail.com</Data></Cell><Cell><Data ss:Type="String">Sin grupo</Data></Cell><Cell><Data ss:Type="String">31-10-2021</Data></Cell><Cell><Data ss:Type="String">15:45</Data></Cell><Cell><Data ss:Type="String">Activo</Data></Cell></Row><Row><Cell><Data ss:Type="String">15.521.129-6</Data></Cell><Cell><Data ss:Type="String">Karina Alejandra</Data></Cell><Cell><Data ss:Type="String">Pereira Torres</Data></Cell><Cell><Data ss:Type="String">karinapereira@kingstownschool.cl</Data></Cell><Cell><Data ss:Type="String">Sin grupo</Data></Cell><Cell><Data ss:Type="String">13-12-2021</Data></Cell><Cell><Data ss:Type="String">8:50</Data></Cell><Cell><Data ss:Type="String">Activo</Data></Cell></Row><Row><Cell><Data ss:Type="String">6.044.262-2</Data></Cell><Cell><Data ss:Type="String">JOSE MIGUEL</Data></Cell><Cell><Data ss:Type="String">MONTERO HIDALGO</Data></Cell><Cell><Data ss:Type="String">josmig.montero@gmail.com</Data></Cell><Cell><Data ss:Type="String">Sin grupo</Data></Cell><Cell><Data ss:Type="String">Sin acceso</Data></Cell><Cell><Data ss:Type="String">Sin acceso</Data></Cell><Cell><Data ss:Type="String">Activo</Data></Cell></Row><Row><Cell><Data ss:Type="String">12.794.390-7</Data></Cell><Cell><Data ss:Type="String">Inés Elizabeth</Data></Cell><Cell><Data ss:Type="String">Caro Parra - 12188</Data></Cell><Cell><Data ss:Type="String">LISACAROPARRA@GMAIL.COM</Data></Cell><Cell><Data ss:Type="String">Sin grupo</Data></Cell><Cell><Data ss:Type="String">Sin acceso</Data></Cell><Cell><Data ss:Type="String">Sin acceso</Data></Cell><Cell><Data ss:Type="String">Activo</Data></Cell></Row><Row><Cell><Data ss:Type="String">10.264.837-4</Data></Cell><Cell><Data ss:Type="String">Nuria Alejandra</Data></Cell><Cell><Data ss:Type="String">Ferrada González</Data></Cell><Cell><Data ss:Type="String">naferrada@hotmail.com</Data></Cell><Cell><Data ss:Type="String">Sin grupo</Data></Cell><Cell><Data ss:Type="String">28-11-2021</Data></Cell><Cell><Data ss:Type="String">18:47</Data></Cell><Cell><Data ss:Type="String">Activo</Data></Cell></Row><Row><Cell><Data ss:Type="String">8.610.327-3</Data></Cell><Cell><Data ss:Type="String">Emperatriz Del Carmen</Data></Cell><Cell><Data ss:Type="String">Román Ramirez</Data></Cell><Cell><Data ss:Type="String">romanramireze@gmail.com</Data></Cell><Cell><Data ss:Type="String">Sin grupo</Data></Cell><Cell><Data ss:Type="String">3-12-2021</Data></Cell><Cell><Data ss:Type="String">10:40</Data></Cell><Cell><Data ss:Type="String">Activo</Data></Cell></Row><Row><Cell><Data ss:Type="String">7.684.958-7</Data></Cell><Cell><Data ss:Type="String">ROSA</Data></Cell><Cell><Data ss:Type="String">MIRANDA COFRE</Data></Cell><Cell><Data ss:Type="String">ROSSY_MIRANDA_C@YAHOO.ES</Data></Cell><Cell><Data ss:Type="String">Sin grupo</Data></Cell><Cell><Data ss:Type="String">10-11-2021</Data></Cell><Cell><Data ss:Type="String">9:14</Data></Cell><Cell><Data ss:Type="String">Activo</Data></Cell></Row><Row><Cell><Data ss:Type="String">13.098.688-9</Data></Cell><Cell><Data ss:Type="String">MARIA MARLENE</Data></Cell><Cell><Data ss:Type="String">SEPULVEDA SALAZAR</Data></Cell><Cell><Data ss:Type="String">marlene.sepulveda21@gmail.com</Data></Cell><Cell><Data ss:Type="String">Sin grupo</Data></Cell><Cell><Data ss:Type="String">10-12-2021</Data></Cell><Cell><Data ss:Type="String">10:46</Data></Cell><Cell><Data ss:Type="String">Activo</Data></Cell></Row><Row><Cell><Data ss:Type="String">6.285.533-9</Data></Cell><Cell><Data ss:Type="String">LUIS HUMBERTO</Data></Cell><Cell><Data ss:Type="String">FUENTES URRA</Data></Cell><Cell><Data ss:Type="String">LUISFUENTESURRA@GMAIL.COM</Data></Cell><Cell><Data ss:Type="String">Sin grupo</Data></Cell><Cell><Data ss:Type="String">Sin acceso</Data></Cell><Cell><Data ss:Type="String">Sin acceso</Data></Cell><Cell><Data ss:Type="String">Activo</Data></Cell></Row><Row><Cell><Data ss:Type="String">9.883.887-2</Data></Cell><Cell><Data ss:Type="String">JACQUELINE AMERICA</Data></Cell><Cell><Data ss:Type="String">ROZAS FERREIRA</Data></Cell><Cell><Data ss:Type="String">J_DELFIN4@HOTMAIL.COM</Data></Cell><Cell><Data ss:Type="String">Sin grupo</Data></Cell><Cell><Data ss:Type="String">4-11-2021</Data></Cell><Cell><Data ss:Type="String">0:10</Data></Cell><Cell><Data ss:Type="String">Activo</Data></Cell></Row><Row><Cell><Data ss:Type="String">6.258.413-0</Data></Cell><Cell><Data ss:Type="String">JULIA AMANDA</Data></Cell><Cell><Data ss:Type="String">ORTEGA CEBALLOS</Data></Cell><Cell><Data ss:Type="String">JULIAORTEGACEBALLOS@HOTMAIL.COM</Data></Cell><Cell><Data ss:Type="String">Sin grupo</Data></Cell><Cell><Data ss:Type="String">Sin acceso</Data></Cell><Cell><Data ss:Type="String">Sin acceso</Data></Cell><Cell><Data ss:Type="String">Activo</Data></Cell></Row><Row><Cell><Data ss:Type="String">12.598.611-0</Data></Cell><Cell><Data ss:Type="String">SIMÓN PEDRO</Data></Cell><Cell><Data ss:Type="String">NÚÑEZ MORALES</Data></Cell><Cell><Data ss:Type="String">PEDROSIMONNUNEZM@HOTMAIL.COM</Data></Cell><Cell><Data ss:Type="String">Sin grupo</Data></Cell><Cell><Data ss:Type="String">15-11-2021</Data></Cell><Cell><Data ss:Type="String">10:41</Data></Cell><Cell><Data ss:Type="String">Activo</Data></Cell></Row><Row><Cell><Data ss:Type="String">11.570.861-9</Data></Cell><Cell><Data ss:Type="String">ELISA DE LAS NIEVE</Data></Cell><Cell><Data ss:Type="String">SILLS ZUÑIGA</Data></Cell><Cell><Data ss:Type="String">ELIS_942@HOTMAIL.COM</Data></Cell><Cell><Data ss:Type="String">Sin grupo</Data></Cell><Cell><Data ss:Type="String">10-12-2021</Data></Cell><Cell><Data ss:Type="String">12:57</Data></Cell><Cell><Data ss:Type="String">Activo</Data></Cell></Row><Row><Cell><Data ss:Type="String">4.826.649-5</Data></Cell><Cell><Data ss:Type="String">GUILLERMO EMILIO</Data></Cell><Cell><Data ss:Type="String">ALID NIELSEN</Data></Cell><Cell><Data ss:Type="String">ALIDGUILLERMO7@GMAIL.COM</Data></Cell><Cell><Data ss:Type="String">Sin grupo</Data></Cell><Cell><Data ss:Type="String">Sin acceso</Data></Cell><Cell><Data ss:Type="String">Sin acceso</Data></Cell><Cell><Data ss:Type="String">Activo</Data></Cell></Row><Row><Cell><Data ss:Type="String">8.304.407-1</Data></Cell><Cell><Data ss:Type="String">MARIA ELENA</Data></Cell><Cell><Data ss:Type="String">HURTADO ASPE</Data></Cell><Cell><Data ss:Type="String">MARAELENA2@YAHOO.FR</Data></Cell><Cell><Data ss:Type="String">Sin grupo</Data></Cell><Cell><Data ss:Type="String">13-12-2021</Data></Cell><Cell><Data ss:Type="String">22:8</Data></Cell><Cell><Data ss:Type="String">Activo</Data></Cell></Row><Row><Cell><Data ss:Type="String">16.567.099-k</Data></Cell><Cell><Data ss:Type="String">VALERIA VALESKA</Data></Cell><Cell><Data ss:Type="String">CARTES CAMPOS</Data></Cell><Cell><Data ss:Type="String">vcartes@daemarauco.cl</Data></Cell><Cell><Data ss:Type="String">Sin grupo</Data></Cell><Cell><Data ss:Type="String">Sin acceso</Data></Cell><Cell><Data ss:Type="String">Sin acceso</Data></Cell><Cell><Data ss:Type="String">Activo</Data></Cell></Row><Row><Cell><Data ss:Type="String">14.010.508-2</Data></Cell><Cell><Data ss:Type="String">INGRID DE LA PAZ</Data></Cell><Cell><Data ss:Type="String">CATALAN CASTAÑEDA</Data></Cell><Cell><Data ss:Type="String">INGRIDPAZ25@GMAIL.COM</Data></Cell><Cell><Data ss:Type="String">Sin grupo</Data></Cell><Cell><Data ss:Type="String">Sin acceso</Data></Cell><Cell><Data ss:Type="String">Sin acceso</Data></Cell><Cell><Data ss:Type="String">Activo</Data></Cell></Row><Row><Cell><Data ss:Type="String">5.553.929-4</Data></Cell><Cell><Data ss:Type="String">SARA RAQUEL</Data></Cell><Cell><Data ss:Type="String">HIDALGO ASTUDILLO</Data></Cell><Cell><Data ss:Type="String">SAHIAS@HOTMAIL.COM</Data></Cell><Cell><Data ss:Type="String">Sin grupo</Data></Cell><Cell><Data ss:Type="String">13-12-2021</Data></Cell><Cell><Data ss:Type="String">9:41</Data></Cell><Cell><Data ss:Type="String">Activo</Data></Cell></Row><Row><Cell><Data ss:Type="String">11.822.804-9</Data></Cell><Cell><Data ss:Type="String">CAROLA DE JESUS</Data></Cell><Cell><Data ss:Type="String">PIZARRO ARAYA</Data></Cell><Cell><Data ss:Type="String">CJPA@LIVE.COM</Data></Cell><Cell><Data ss:Type="String">Sin grupo</Data></Cell><Cell><Data ss:Type="String">13-12-2021</Data></Cell><Cell><Data ss:Type="String">16:53</Data></Cell><Cell><Data ss:Type="String">Activo</Data></Cell></Row><Row><Cell><Data ss:Type="String">10.923.775-2</Data></Cell><Cell><Data ss:Type="String">MARTA ANDREA</Data></Cell><Cell><Data ss:Type="String">RUIZ VERA</Data></Cell><Cell><Data ss:Type="String">MARTARUIZ69@YAHOO.COM</Data></Cell><Cell><Data ss:Type="String">Sin grupo</Data></Cell><Cell><Data ss:Type="String">13-12-2021</Data></Cell><Cell><Data ss:Type="String">10:11</Data></Cell><Cell><Data ss:Type="String">Activo</Data></Cell></Row><Row><Cell><Data ss:Type="String">6.649.268-0</Data></Cell><Cell><Data ss:Type="String">marina gloria</Data></Cell><Cell><Data ss:Type="String">hormazabal salinas</Data></Cell><Cell><Data ss:Type="String">marhormazabal@gmail.com</Data></Cell><Cell><Data ss:Type="String">Sin grupo</Data></Cell><Cell><Data ss:Type="String">1-11-2021</Data></Cell><Cell><Data ss:Type="String">4:24</Data></Cell><Cell><Data ss:Type="String">Activo</Data></Cell></Row><Row><Cell><Data ss:Type="String">12.611.865-1</Data></Cell><Cell><Data ss:Type="String">YESSICA PAOLA</Data></Cell><Cell><Data ss:Type="String">PEÑALOZA HERRERA</Data></Cell><Cell><Data ss:Type="String">CYNTHIALEYLA@HOTMAIL.COM</Data></Cell><Cell><Data ss:Type="String">Sin grupo</Data></Cell><Cell><Data ss:Type="String">13-12-2021</Data></Cell><Cell><Data ss:Type="String">18:12</Data></Cell><Cell><Data ss:Type="String">Activo</Data></Cell></Row><Row><Cell><Data ss:Type="String">11.376.019-2</Data></Cell><Cell><Data ss:Type="String">PATRICIA</Data></Cell><Cell><Data ss:Type="String">ARAYA HUN</Data></Cell><Cell><Data ss:Type="String">PAMARA_15@HOTMAIL.COM</Data></Cell><Cell><Data ss:Type="String">Sin grupo</Data></Cell><Cell><Data ss:Type="String">7-12-2021</Data></Cell><Cell><Data ss:Type="String">23:50</Data></Cell><Cell><Data ss:Type="String">Activo</Data></Cell></Row><Row><Cell><Data ss:Type="String">7.288.989-4</Data></Cell><Cell><Data ss:Type="String">GABRIELA MARITZA</Data></Cell><Cell><Data ss:Type="String">ESPINOZA MUNIZAGA</Data></Cell><Cell><Data ss:Type="String">GAMA1007@HOTMAIL.COM</Data></Cell><Cell><Data ss:Type="String">Sin grupo</Data></Cell><Cell><Data ss:Type="String">Sin acceso</Data></Cell><Cell><Data ss:Type="String">Sin acceso</Data></Cell><Cell><Data ss:Type="String">Activo</Data></Cell></Row><Row><Cell><Data ss:Type="String">17.693.280-5</Data></Cell><Cell><Data ss:Type="String">ANA BELÉN</Data></Cell><Cell><Data ss:Type="String">CIFUENTES SALAZAR</Data></Cell><Cell><Data ss:Type="String">ANABELEN.CIFUENTES@GMAIL.COM</Data></Cell><Cell><Data ss:Type="String">Sin grupo</Data></Cell><Cell><Data ss:Type="String">Sin acceso</Data></Cell><Cell><Data ss:Type="String">Sin acceso</Data></Cell><Cell><Data ss:Type="String">Activo</Data></Cell></Row><Row><Cell><Data ss:Type="String">6.826.059-0</Data></Cell><Cell><Data ss:Type="String">LORETO</Data></Cell><Cell><Data ss:Type="String">IBARRA CACERES</Data></Cell><Cell><Data ss:Type="String">IBARRA_109@HOTMAIL.COM</Data></Cell><Cell><Data ss:Type="String">Sin grupo</Data></Cell><Cell><Data ss:Type="String">9-11-2021</Data></Cell><Cell><Data ss:Type="String">9:41</Data></Cell><Cell><Data ss:Type="String">Activo</Data></Cell></Row><Row><Cell><Data ss:Type="String">6.663.553-8</Data></Cell><Cell><Data ss:Type="String">MIRIAM GLADYS</Data></Cell><Cell><Data ss:Type="String">CONTRERAS AYALA</Data></Cell><Cell><Data ss:Type="String">MCONTRERASAYALA@GMAIL.COM</Data></Cell><Cell><Data ss:Type="String">Sin grupo</Data></Cell><Cell><Data ss:Type="String">15-12-2021</Data></Cell><Cell><Data ss:Type="String">1:8</Data></Cell><Cell><Data ss:Type="String">Activo</Data></Cell></Row><Row><Cell><Data ss:Type="String">8.204.969-k</Data></Cell><Cell><Data ss:Type="String">Melida</Data></Cell><Cell><Data ss:Type="String">Miranda Huerta</Data></Cell><Cell><Data ss:Type="String">MELIDACRA2410@HOTMAIL.COM</Data></Cell><Cell><Data ss:Type="String">Sin grupo</Data></Cell><Cell><Data ss:Type="String">10-12-2021</Data></Cell><Cell><Data ss:Type="String">9:32</Data></Cell><Cell><Data ss:Type="String">Activo</Data></Cell></Row><Row><Cell><Data ss:Type="String">9.518.801-k</Data></Cell><Cell><Data ss:Type="String">Marcela Del Carmen</Data></Cell><Cell><Data ss:Type="String">Saavedra Manríquez</Data></Cell><Cell><Data ss:Type="String">molyvidalzuniga@gmail.com</Data></Cell><Cell><Data ss:Type="String">Sin grupo</Data></Cell><Cell><Data ss:Type="String">Sin acceso</Data></Cell><Cell><Data ss:Type="String">Sin acceso</Data></Cell><Cell><Data ss:Type="String">Activo</Data></Cell></Row><Row><Cell><Data ss:Type="String">12.429.674-9</Data></Cell><Cell><Data ss:Type="String">Adelina</Data></Cell><Cell><Data ss:Type="String">Castro Rodriguéz</Data></Cell><Cell><Data ss:Type="String">ADELINACR7@GMAIL.COM</Data></Cell><Cell><Data ss:Type="String">Sin grupo</Data></Cell><Cell><Data ss:Type="String">15-12-2021</Data></Cell><Cell><Data ss:Type="String">9:25</Data></Cell><Cell><Data ss:Type="String">Activo</Data></Cell></Row><Row><Cell><Data ss:Type="String">9.048.940-2</Data></Cell><Cell><Data ss:Type="String">LUISA NATALIA</Data></Cell><Cell><Data ss:Type="String">GUTIERREZ ROJAS</Data></Cell><Cell><Data ss:Type="String">TALAGUTIERREZ@HOTMAIL.COM</Data></Cell><Cell><Data ss:Type="String">Sin grupo</Data></Cell><Cell><Data ss:Type="String">19-11-2021</Data></Cell><Cell><Data ss:Type="String">10:43</Data></Cell><Cell><Data ss:Type="String">Activo</Data></Cell></Row><Row><Cell><Data ss:Type="String">7.082.148-6</Data></Cell><Cell><Data ss:Type="String">MARIA DEL CARMEN</Data></Cell><Cell><Data ss:Type="String">ALFARO SOLAR</Data></Cell><Cell><Data ss:Type="String">MCALFAROSOLAR@GMAIL.COM</Data></Cell><Cell><Data ss:Type="String">Sin grupo</Data></Cell><Cell><Data ss:Type="String">Sin acceso</Data></Cell><Cell><Data ss:Type="String">Sin acceso</Data></Cell><Cell><Data ss:Type="String">Activo</Data></Cell></Row><Row><Cell><Data ss:Type="String">16.069.296-0</Data></Cell><Cell><Data ss:Type="String">AMANDA DANIELA</Data></Cell><Cell><Data ss:Type="String">GUTIERREZ MATAMALA</Data></Cell><Cell><Data ss:Type="String">AMANDAGUTIERREZ_16@HOTMAIL.COM</Data></Cell><Cell><Data ss:Type="String">Sin grupo</Data></Cell><Cell><Data ss:Type="String">14-12-2021</Data></Cell><Cell><Data ss:Type="String">0:31</Data></Cell><Cell><Data ss:Type="String">Activo</Data></Cell></Row><Row><Cell><Data ss:Type="String">7.578.636-0</Data></Cell><Cell><Data ss:Type="String">Isabel</Data></Cell><Cell><Data ss:Type="String">Granadino Horvath</Data></Cell><Cell><Data ss:Type="String">ISAGRAND1971@GMAIL.COM</Data></Cell><Cell><Data ss:Type="String">Sin grupo</Data></Cell><Cell><Data ss:Type="String">1-12-2021</Data></Cell><Cell><Data ss:Type="String">9:50</Data></Cell><Cell><Data ss:Type="String">Activo</Data></Cell></Row><Row><Cell><Data ss:Type="String">11.908.485-7</Data></Cell><Cell><Data ss:Type="String">LUZ MARINA</Data></Cell><Cell><Data ss:Type="String">JARA ALTAMIRANO</Data></Cell><Cell><Data ss:Type="String">LMJARAAL@GMAIL.COM</Data></Cell><Cell><Data ss:Type="String">Sin grupo</Data></Cell><Cell><Data ss:Type="String">Sin acceso</Data></Cell><Cell><Data ss:Type="String">Sin acceso</Data></Cell><Cell><Data ss:Type="String">Activo</Data></Cell></Row><Row><Cell><Data ss:Type="String">12.586.781-2</Data></Cell><Cell><Data ss:Type="String">MARIA ALEJANDRA</Data></Cell><Cell><Data ss:Type="String">IBACACHE TUDELA</Data></Cell><Cell><Data ss:Type="String">ALEJANDRA_MAIT33@HOTMAIL.COM</Data></Cell><Cell><Data ss:Type="String">Sin grupo</Data></Cell><Cell><Data ss:Type="String">16-11-2021</Data></Cell><Cell><Data ss:Type="String">18:22</Data></Cell><Cell><Data ss:Type="String">Activo</Data></Cell></Row><Row><Cell><Data ss:Type="String">8.598.096-3</Data></Cell><Cell><Data ss:Type="String">Alejandra</Data></Cell><Cell><Data ss:Type="String">Jaramillo Zelada</Data></Cell><Cell><Data ss:Type="String">alejandra.alezelada@gmail.com</Data></Cell><Cell><Data ss:Type="String">Sin grupo</Data></Cell><Cell><Data ss:Type="String">3-11-2021</Data></Cell><Cell><Data ss:Type="String">11:50</Data></Cell><Cell><Data ss:Type="String">Activo</Data></Cell></Row><Row><Cell><Data ss:Type="String">8.862.256-1</Data></Cell><Cell><Data ss:Type="String">Elizabeth Daniela</Data></Cell><Cell><Data ss:Type="String">Albornoz Olave</Data></Cell><Cell><Data ss:Type="String">ALBORNOZ.OLAVE.DANIELA@GMAIL.COM</Data></Cell><Cell><Data ss:Type="String">Sin grupo</Data></Cell><Cell><Data ss:Type="String">29-11-2021</Data></Cell><Cell><Data ss:Type="String">14:29</Data></Cell><Cell><Data ss:Type="String">Activo</Data></Cell></Row><Row><Cell><Data ss:Type="String">6.105.891-5</Data></Cell><Cell><Data ss:Type="String">MIRIAM</Data></Cell><Cell><Data ss:Type="String">CORREA HENRIQUEZ</Data></Cell><Cell><Data ss:Type="String">MIRIAM.MATILDE.CORREA@GMAIL.COM</Data></Cell><Cell><Data ss:Type="String">Sin grupo</Data></Cell><Cell><Data ss:Type="String">15-12-2021</Data></Cell><Cell><Data ss:Type="String">7:22</Data></Cell><Cell><Data ss:Type="String">Activo</Data></Cell></Row><Row><Cell><Data ss:Type="String">10.466.624-8</Data></Cell><Cell><Data ss:Type="String">VICTOR ALEJO</Data></Cell><Cell><Data ss:Type="String">YANEZ CACERES</Data></Cell><Cell><Data ss:Type="String">BIBLIOCRAMILLAS.2014@GMAIL.COM</Data></Cell><Cell><Data ss:Type="String">Sin grupo</Data></Cell><Cell><Data ss:Type="String">26-11-2021</Data></Cell><Cell><Data ss:Type="String">11:28</Data></Cell><Cell><Data ss:Type="String">Activo</Data></Cell></Row><Row><Cell><Data ss:Type="String">10.792.904-5</Data></Cell><Cell><Data ss:Type="String">Victoria</Data></Cell><Cell><Data ss:Type="String">Tapia</Data></Cell><Cell><Data ss:Type="String">victoriatapiabarrera@escuelaemadiaz.cl</Data></Cell><Cell><Data ss:Type="String">Sin grupo</Data></Cell><Cell><Data ss:Type="String">6-12-2021</Data></Cell><Cell><Data ss:Type="String">19:26</Data></Cell><Cell><Data ss:Type="String">Activo</Data></Cell></Row><Row><Cell><Data ss:Type="String">15.006.195-4</Data></Cell><Cell><Data ss:Type="String">antonio andres</Data></Cell><Cell><Data ss:Type="String">lizana</Data></Cell><Cell><Data ss:Type="String">alizana@colegiojohnwall.cl</Data></Cell><Cell><Data ss:Type="String">Sin grupo</Data></Cell><Cell><Data ss:Type="String">6-12-2021</Data></Cell><Cell><Data ss:Type="String">17:51</Data></Cell><Cell><Data ss:Type="String">Activo</Data></Cell></Row><Row><Cell><Data ss:Type="String">13.742.504-1</Data></Cell><Cell><Data ss:Type="String">CAROLINA</Data></Cell><Cell><Data ss:Type="String">HUERTA GORDON</Data></Cell><Cell><Data ss:Type="String">CAROLINA.HUERTA.GORDON@GMAIL.COM</Data></Cell><Cell><Data ss:Type="String">Sin grupo</Data></Cell><Cell><Data ss:Type="String">2-12-2021</Data></Cell><Cell><Data ss:Type="String">9:42</Data></Cell><Cell><Data ss:Type="String">Activo</Data></Cell></Row><Row><Cell><Data ss:Type="String">19.216.679-9</Data></Cell><Cell><Data ss:Type="String">Bárbara Carolina</Data></Cell><Cell><Data ss:Type="String">Pavez Moraga</Data></Cell><Cell><Data ss:Type="String">bpavezm326@gmail.com</Data></Cell><Cell><Data ss:Type="String">Sin grupo</Data></Cell><Cell><Data ss:Type="String">28-11-2021</Data></Cell><Cell><Data ss:Type="String">14:32</Data></Cell><Cell><Data ss:Type="String">Activo</Data></Cell></Row><Row><Cell><Data ss:Type="String">11.708.648-8</Data></Cell><Cell><Data ss:Type="String">ANDREA ELENA</Data></Cell><Cell><Data ss:Type="String">CATALÁN VALIN</Data></Cell><Cell><Data ss:Type="String">ANDREITA.DIVA_UNICA@HOTMAIL.COM</Data></Cell><Cell><Data ss:Type="String">Sin grupo</Data></Cell><Cell><Data ss:Type="String">Sin acceso</Data></Cell><Cell><Data ss:Type="String">Sin acceso</Data></Cell><Cell><Data ss:Type="String">Activo</Data></Cell></Row><Row><Cell><Data ss:Type="String">12.885.716-8</Data></Cell><Cell><Data ss:Type="String">Carolina Paz</Data></Cell><Cell><Data ss:Type="String">Gómez Valenzuela</Data></Cell><Cell><Data ss:Type="String">carolina.gomez@colegiostarosa.cl</Data></Cell><Cell><Data ss:Type="String">Sin grupo</Data></Cell><Cell><Data ss:Type="String">10-12-2021</Data></Cell><Cell><Data ss:Type="String">1:25</Data></Cell><Cell><Data ss:Type="String">Activo</Data></Cell></Row><Row><Cell><Data ss:Type="String">6.897.913-7</Data></Cell><Cell><Data ss:Type="String">Hugo Eduardo</Data></Cell><Cell><Data ss:Type="String">Ponce Aguirre</Data></Cell><Cell><Data ss:Type="String">hp.hugoponce@gmail.com</Data></Cell><Cell><Data ss:Type="String">Sin grupo</Data></Cell><Cell><Data ss:Type="String">2-11-2021</Data></Cell><Cell><Data ss:Type="String">11:20</Data></Cell><Cell><Data ss:Type="String">Activo</Data></Cell></Row><Row><Cell><Data ss:Type="String">7.800.818-0</Data></Cell><Cell><Data ss:Type="String">Ximena Soledad</Data></Cell><Cell><Data ss:Type="String">Monasterio Cortés</Data></Cell><Cell><Data ss:Type="String">ximenamonasterio@liceodemusica.cl</Data></Cell><Cell><Data ss:Type="String">Sin grupo</Data></Cell><Cell><Data ss:Type="String">13-12-2021</Data></Cell><Cell><Data ss:Type="String">17:2</Data></Cell><Cell><Data ss:Type="String">Activo</Data></Cell></Row><Row><Cell><Data ss:Type="String">17.515.234-2</Data></Cell><Cell><Data ss:Type="String">Maria Verónica</Data></Cell><Cell><Data ss:Type="String">Zambra Villalobos</Data></Cell><Cell><Data ss:Type="String">mariaveronica2608@gmail.com</Data></Cell><Cell><Data ss:Type="String">Sin grupo</Data></Cell><Cell><Data ss:Type="String">2-11-2021</Data></Cell><Cell><Data ss:Type="String">15:16</Data></Cell><Cell><Data ss:Type="String">Activo</Data></Cell></Row><Row><Cell><Data ss:Type="String">10.548.324-4</Data></Cell><Cell><Data ss:Type="String">Cecilia Jacqueline</Data></Cell><Cell><Data ss:Type="String">Sánchez Delgado</Data></Cell><Cell><Data ss:Type="String">cecilia.sanchez@slepvalparaiso.cl</Data></Cell><Cell><Data ss:Type="String">Sin grupo</Data></Cell><Cell><Data ss:Type="String">11-12-2021</Data></Cell><Cell><Data ss:Type="String">22:55</Data></Cell><Cell><Data ss:Type="String">Activo</Data></Cell></Row><Row><Cell><Data ss:Type="String">9.890.752-1</Data></Cell><Cell><Data ss:Type="String">Sergio José Manuel</Data></Cell><Cell><Data ss:Type="String">Angeloni Lazcano</Data></Cell><Cell><Data ss:Type="String">angeloni93@hotmail.com</Data></Cell><Cell><Data ss:Type="String">Sin grupo</Data></Cell><Cell><Data ss:Type="String">8-11-2021</Data></Cell><Cell><Data ss:Type="String">21:18</Data></Cell><Cell><Data ss:Type="String">Activo</Data></Cell></Row><Row><Cell><Data ss:Type="String">16.755.791-0</Data></Cell><Cell><Data ss:Type="String">Cindy Macarena</Data></Cell><Cell><Data ss:Type="String">Fernández Torres</Data></Cell><Cell><Data ss:Type="String">cindyfdeztorres@gmail.com</Data></Cell><Cell><Data ss:Type="String">Sin grupo</Data></Cell><Cell><Data ss:Type="String">Sin acceso</Data></Cell><Cell><Data ss:Type="String">Sin acceso</Data></Cell><Cell><Data ss:Type="String">Activo</Data></Cell></Row><Row><Cell><Data ss:Type="String">19.191.649-2</Data></Cell><Cell><Data ss:Type="String">Carlos Ignacio</Data></Cell><Cell><Data ss:Type="String">Miranda Martinez</Data></Cell><Cell><Data ss:Type="String">litomarmi@gmail.com</Data></Cell><Cell><Data ss:Type="String">Sin grupo</Data></Cell><Cell><Data ss:Type="String">13-12-2021</Data></Cell><Cell><Data ss:Type="String">10:34</Data></Cell><Cell><Data ss:Type="String">Activo</Data></Cell></Row><Row><Cell><Data ss:Type="String">10.114.994-3</Data></Cell><Cell><Data ss:Type="String">Marcela Eliana</Data></Cell><Cell><Data ss:Type="String">Venegas Vargas</Data></Cell><Cell><Data ss:Type="String">marcela.venegas@isc-rancagua.cl</Data></Cell><Cell><Data ss:Type="String">Sin grupo</Data></Cell><Cell><Data ss:Type="String">21-11-2021</Data></Cell><Cell><Data ss:Type="String">13:42</Data></Cell><Cell><Data ss:Type="String">Activo</Data></Cell></Row><Row><Cell><Data ss:Type="String">16.492.081-k</Data></Cell><Cell><Data ss:Type="String">Karla Yanina</Data></Cell><Cell><Data ss:Type="String">Oyarzun Silva</Data></Cell><Cell><Data ss:Type="String">karla.oyarzun0412@hotmail.com</Data></Cell><Cell><Data ss:Type="String">Sin grupo</Data></Cell><Cell><Data ss:Type="String">10-12-2021</Data></Cell><Cell><Data ss:Type="String">11:11</Data></Cell><Cell><Data ss:Type="String">Activo</Data></Cell></Row><Row><Cell><Data ss:Type="String">12.297.530-4</Data></Cell><Cell><Data ss:Type="String">Lorenzo Antonio</Data></Cell><Cell><Data ss:Type="String">Morales Rojas</Data></Cell><Cell><Data ss:Type="String">Lorenzo.morales@daemtalk.cl</Data></Cell><Cell><Data ss:Type="String">Sin grupo</Data></Cell><Cell><Data ss:Type="String">14-12-2021</Data></Cell><Cell><Data ss:Type="String">19:14</Data></Cell><Cell><Data ss:Type="String">Activo</Data></Cell></Row><Row><Cell><Data ss:Type="String">12.727.866-0</Data></Cell><Cell><Data ss:Type="String">Erica Ines</Data></Cell><Cell><Data ss:Type="String">Apablaza Diaz</Data></Cell><Cell><Data ss:Type="String">bibliopoli1946@outlook.com</Data></Cell><Cell><Data ss:Type="String">Sin grupo</Data></Cell><Cell><Data ss:Type="String">10-12-2021</Data></Cell><Cell><Data ss:Type="String">21:21</Data></Cell><Cell><Data ss:Type="String">Activo</Data></Cell></Row><Row><Cell><Data ss:Type="String">18.528.324-0</Data></Cell><Cell><Data ss:Type="String">Natalia Alejandra</Data></Cell><Cell><Data ss:Type="String">Cea Crisóstomo</Data></Cell><Cell><Data ss:Type="String">natalia.cea@colegiomartabrunet.cl</Data></Cell><Cell><Data ss:Type="String">Sin grupo</Data></Cell><Cell><Data ss:Type="String">5-12-2021</Data></Cell><Cell><Data ss:Type="String">21:9</Data></Cell><Cell><Data ss:Type="String">Activo</Data></Cell></Row><Row><Cell><Data ss:Type="String">18.557.164-5</Data></Cell><Cell><Data ss:Type="String">Patricia Estefania</Data></Cell><Cell><Data ss:Type="String">Mieres Monsalve</Data></Cell><Cell><Data ss:Type="String">patricia.mieres.monsalve@gmail.com</Data></Cell><Cell><Data ss:Type="String">Sin grupo</Data></Cell><Cell><Data ss:Type="String">8-11-2021</Data></Cell><Cell><Data ss:Type="String">16:52</Data></Cell><Cell><Data ss:Type="String">Activo</Data></Cell></Row><Row><Cell><Data ss:Type="String">17.574.527-0</Data></Cell><Cell><Data ss:Type="String">Eduardo Martín</Data></Cell><Cell><Data ss:Type="String">Córdova Uval</Data></Cell><Cell><Data ss:Type="String">eduardo.cordova@virginiogomez.cl</Data></Cell><Cell><Data ss:Type="String">Sin grupo</Data></Cell><Cell><Data ss:Type="String">17-11-2021</Data></Cell><Cell><Data ss:Type="String">13:58</Data></Cell><Cell><Data ss:Type="String">Activo</Data></Cell></Row><Row><Cell><Data ss:Type="String">16.344.581-6</Data></Cell><Cell><Data ss:Type="String">Elizabeth Raquel</Data></Cell><Cell><Data ss:Type="String">Paisil Pacheco</Data></Cell><Cell><Data ss:Type="String">epaisil@amanecer-temuco.cl</Data></Cell><Cell><Data ss:Type="String">Sin grupo</Data></Cell><Cell><Data ss:Type="String">7-12-2021</Data></Cell><Cell><Data ss:Type="String">20:59</Data></Cell><Cell><Data ss:Type="String">Activo</Data></Cell></Row><Row><Cell><Data ss:Type="String">15.882.167-2</Data></Cell><Cell><Data ss:Type="String">Roxana Lucila</Data></Cell><Cell><Data ss:Type="String">Contreras Mera</Data></Cell><Cell><Data ss:Type="String">contreras.mera@gmail.com</Data></Cell><Cell><Data ss:Type="String">Sin grupo</Data></Cell><Cell><Data ss:Type="String">14-12-2021</Data></Cell><Cell><Data ss:Type="String">0:24</Data></Cell><Cell><Data ss:Type="String">Activo</Data></Cell></Row><Row><Cell><Data ss:Type="String">10.528.040-8</Data></Cell><Cell><Data ss:Type="String">Marlene Sofia</Data></Cell><Cell><Data ss:Type="String">Soto Coligiones</Data></Cell><Cell><Data ss:Type="String">msotocoligiones@gmail.com</Data></Cell><Cell><Data ss:Type="String">Sin grupo</Data></Cell><Cell><Data ss:Type="String">26-11-2021</Data></Cell><Cell><Data ss:Type="String">0:16</Data></Cell><Cell><Data ss:Type="String">Activo</Data></Cell></Row><Row><Cell><Data ss:Type="String">18.123.136-k</Data></Cell><Cell><Data ss:Type="String">Daniela</Data></Cell><Cell><Data ss:Type="String">Uribe Ruiz</Data></Cell><Cell><Data ss:Type="String">dani.ur92@gmail.com</Data></Cell><Cell><Data ss:Type="String">Sin grupo</Data></Cell><Cell><Data ss:Type="String">10-12-2021</Data></Cell><Cell><Data ss:Type="String">13:33</Data></Cell><Cell><Data ss:Type="String">Activo</Data></Cell></Row><Row><Cell><Data ss:Type="String">10.130.517-1</Data></Cell><Cell><Data ss:Type="String">Elisabeth Mayveht</Data></Cell><Cell><Data ss:Type="String">Castañeda Apablaza</Data></Cell><Cell><Data ss:Type="String">e.castaneda@liceobicentenariopb.cl</Data></Cell><Cell><Data ss:Type="String">Sin grupo</Data></Cell><Cell><Data ss:Type="String">13-12-2021</Data></Cell><Cell><Data ss:Type="String">23:25</Data></Cell><Cell><Data ss:Type="String">Activo</Data></Cell></Row><Row><Cell><Data ss:Type="String">15.371.381-2</Data></Cell><Cell><Data ss:Type="String">Jessica Bernardita Del Carmen</Data></Cell><Cell><Data ss:Type="String">Vera Contreras</Data></Cell><Cell><Data ss:Type="String">cata4907@gmail.com</Data></Cell><Cell><Data ss:Type="String">Sin grupo</Data></Cell><Cell><Data ss:Type="String">12-12-2021</Data></Cell><Cell><Data ss:Type="String">11:50</Data></Cell><Cell><Data ss:Type="String">Activo</Data></Cell></Row><Row><Cell><Data ss:Type="String">16.251.295-1</Data></Cell><Cell><Data ss:Type="String">Medalia Constanza</Data></Cell><Cell><Data ss:Type="String">Navia Medina</Data></Cell><Cell><Data ss:Type="String">MNAVIA@COLEGIOAYELEN.CL</Data></Cell><Cell><Data ss:Type="String">Sin grupo</Data></Cell><Cell><Data ss:Type="String">14-12-2021</Data></Cell><Cell><Data ss:Type="String">12:2</Data></Cell><Cell><Data ss:Type="String">Activo</Data></Cell></Row><Row><Cell><Data ss:Type="String">6.884.217-4</Data></Cell><Cell><Data ss:Type="String">Patricia</Data></Cell><Cell><Data ss:Type="String">Bustamante Avila</Data></Cell><Cell><Data ss:Type="String">pati.bubu@gmail.com</Data></Cell><Cell><Data ss:Type="String">Sin grupo</Data></Cell><Cell><Data ss:Type="String">14-12-2021</Data></Cell><Cell><Data ss:Type="String">9:12</Data></Cell><Cell><Data ss:Type="String">Activo</Data></Cell></Row><Row><Cell><Data ss:Type="String">13.080.898-0</Data></Cell><Cell><Data ss:Type="String">Jorge Alberto</Data></Cell><Cell><Data ss:Type="String">Jara Pugin</Data></Cell><Cell><Data ss:Type="String">biblioteca@psj.cl</Data></Cell><Cell><Data ss:Type="String">Sin grupo</Data></Cell><Cell><Data ss:Type="String">22-11-2021</Data></Cell><Cell><Data ss:Type="String">12:7</Data></Cell><Cell><Data ss:Type="String">Activo</Data></Cell></Row><Row><Cell><Data ss:Type="String">9.415.476-6</Data></Cell><Cell><Data ss:Type="String">Adelaida Del Carmen</Data></Cell><Cell><Data ss:Type="String">Palma Gonzalez</Data></Cell><Cell><Data ss:Type="String">palmadelaida@gmail.com</Data></Cell><Cell><Data ss:Type="String">Sin grupo</Data></Cell><Cell><Data ss:Type="String">2-12-2021</Data></Cell><Cell><Data ss:Type="String">10:20</Data></Cell><Cell><Data ss:Type="String">Activo</Data></Cell></Row><Row><Cell><Data ss:Type="String">10.488.947-6</Data></Cell><Cell><Data ss:Type="String">Pamela Viviana</Data></Cell><Cell><Data ss:Type="String">Castillo Letelier</Data></Cell><Cell><Data ss:Type="String">pamelacastillo18@gmail.com</Data></Cell><Cell><Data ss:Type="String">Sin grupo</Data></Cell><Cell><Data ss:Type="String">13-12-2021</Data></Cell><Cell><Data ss:Type="String">10:59</Data></Cell><Cell><Data ss:Type="String">Activo</Data></Cell></Row><Row><Cell><Data ss:Type="String">7.036.904-4</Data></Cell><Cell><Data ss:Type="String">Viviana</Data></Cell><Cell><Data ss:Type="String">Díaz Medina</Data></Cell><Cell><Data ss:Type="String">vivikluz@gmail.com</Data></Cell><Cell><Data ss:Type="String">Sin grupo</Data></Cell><Cell><Data ss:Type="String">Sin acceso</Data></Cell><Cell><Data ss:Type="String">Sin acceso</Data></Cell><Cell><Data ss:Type="String">Activo</Data></Cell></Row><Row><Cell><Data ss:Type="String">19.048.589-7</Data></Cell><Cell><Data ss:Type="String">Estefanía Macarena</Data></Cell><Cell><Data ss:Type="String">Tapia Pizarro</Data></Cell><Cell><Data ss:Type="String">estefania.t.pizarro@gmail.com</Data></Cell><Cell><Data ss:Type="String">Sin grupo</Data></Cell><Cell><Data ss:Type="String">Sin acceso</Data></Cell><Cell><Data ss:Type="String">Sin acceso</Data></Cell><Cell><Data ss:Type="String">Activo</Data></Cell></Row><Row><Cell><Data ss:Type="String">17.501.800-k</Data></Cell><Cell><Data ss:Type="String">Ana María</Data></Cell><Cell><Data ss:Type="String">Gamboa Cantillana</Data></Cell><Cell><Data ss:Type="String">anmagac@hotmail.com</Data></Cell><Cell><Data ss:Type="String">Sin grupo</Data></Cell><Cell><Data ss:Type="String">Sin acceso</Data></Cell><Cell><Data ss:Type="String">Sin acceso</Data></Cell><Cell><Data ss:Type="String">Activo</Data></Cell></Row><Row><Cell><Data ss:Type="String">16.470.789-k</Data></Cell><Cell><Data ss:Type="String">Tania Valaska</Data></Cell><Cell><Data ss:Type="String">Escobar Lagos</Data></Cell><Cell><Data ss:Type="String">taniaescob@gmail.com</Data></Cell><Cell><Data ss:Type="String">Sin grupo</Data></Cell><Cell><Data ss:Type="String">9-12-2021</Data></Cell><Cell><Data ss:Type="String">9:14</Data></Cell><Cell><Data ss:Type="String">Activo</Data></Cell></Row><Row><Cell><Data ss:Type="String">10.683.078-9</Data></Cell><Cell><Data ss:Type="String">Iris Yolanda</Data></Cell><Cell><Data ss:Type="String">Guerrero Jerez</Data></Cell><Cell><Data ss:Type="String">irisguerrero@colegiobluco.com</Data></Cell><Cell><Data ss:Type="String">Sin grupo</Data></Cell><Cell><Data ss:Type="String">Sin acceso</Data></Cell><Cell><Data ss:Type="String">Sin acceso</Data></Cell><Cell><Data ss:Type="String">Activo</Data></Cell></Row></Table></Worksheet></Workbook>