<?xml version="1.0"?><?mso-application progid="Excel.Sheet"?><Workbook xmlns="urn:schemas-microsoft-com:office:spreadsheet" xmlns:ss="urn:schemas-microsoft-com:office:spreadsheet"><DocumentProperties xmlns="urn:schemas-microsoft-com:office:office"><Author>Axel Richter</Author><Created>1639578252373</Created></DocumentProperties><Styles><Style ss:ID="Currency"><NumberFormat ss:Format="Currency"></NumberFormat></Style><Style ss:ID="Date"><NumberFormat ss:Format="Medium Date"></NumberFormat></Style></Styles><Worksheet ss:Name="General"><Table><Row><Cell><Data ss:Type="String">Reporte: </Data></Cell><Cell><Data ss:Type="String">Acceso a curso</Data></Cell></Row><Row><Cell><Data ss:Type="String">Categoría: </Data></Cell><Cell><Data ss:Type="String">Aulas Curso A (#1316)</Data></Cell></Row><Row><Cell><Data ss:Type="String">Curso: </Data></Cell><Cell><Data ss:Type="String">Plan de Formación; Curso A: ¿Qué es el Centro de lectura y biblioteca escolar (CRA)? Propósitos y servicios - Aula 3 (#10839)</Data></Cell></Row><Row><Cell><Data ss:Type="String">Fecha de generación: </Data></Cell><Cell><Data ss:Type="String">15/12/2021</Data></Cell></Row><Row></Row><Row><Cell><Data ss:Type="String">Fecha</Data></Cell><Cell><Data ss:Type="String">Cantidad</Data></Cell><Cell><Data ss:Type="String"></Data></Cell><Cell><Data ss:Type="String">Usuarios</Data></Cell><Cell><Data ss:Type="String">Cantidad</Data></Cell></Row><Row><Cell><Data ss:Type="String">25-10-2021</Data></Cell><Cell><Data ss:Type="String">5</Data></Cell><Cell><Data ss:Type="String"></Data></Cell><Cell><Data ss:Type="String">Con acceso </Data></Cell><Cell><Data ss:Type="String">67</Data></Cell></Row><Row><Cell><Data ss:Type="String">26-10-2021</Data></Cell><Cell><Data ss:Type="String">14</Data></Cell><Cell><Data ss:Type="String"></Data></Cell><Cell><Data ss:Type="String">Sin acceso </Data></Cell><Cell><Data ss:Type="String">14</Data></Cell></Row><Row><Cell><Data ss:Type="String">27-10-2021</Data></Cell><Cell><Data ss:Type="String">16</Data></Cell><Cell><Data ss:Type="String"></Data></Cell><Cell><Data ss:Type="String">Total </Data></Cell><Cell><Data ss:Type="String">81</Data></Cell></Row><Row><Cell><Data ss:Type="String">28-10-2021</Data></Cell><Cell><Data ss:Type="String">14</Data></Cell><Cell><Data ss:Type="String"></Data></Cell><Cell><Data ss:Type="String"></Data></Cell><Cell><Data ss:Type="String"></Data></Cell></Row><Row><Cell><Data ss:Type="String">29-10-2021</Data></Cell><Cell><Data ss:Type="String">13</Data></Cell><Cell><Data ss:Type="String"></Data></Cell><Cell><Data ss:Type="String"></Data></Cell><Cell><Data ss:Type="String"></Data></Cell></Row><Row><Cell><Data ss:Type="String">30-10-2021</Data></Cell><Cell><Data ss:Type="String">3</Data></Cell><Cell><Data ss:Type="String"></Data></Cell><Cell><Data ss:Type="String"></Data></Cell><Cell><Data ss:Type="String"></Data></Cell></Row><Row><Cell><Data ss:Type="String">31-10-2021</Data></Cell><Cell><Data ss:Type="String">2</Data></Cell><Cell><Data ss:Type="String"></Data></Cell><Cell><Data ss:Type="String"></Data></Cell><Cell><Data ss:Type="String"></Data></Cell></Row><Row><Cell><Data ss:Type="String">01-11-2021</Data></Cell><Cell><Data ss:Type="String">6</Data></Cell><Cell><Data ss:Type="String"></Data></Cell><Cell><Data ss:Type="String"></Data></Cell><Cell><Data ss:Type="String"></Data></Cell></Row><Row><Cell><Data ss:Type="String">02-11-2021</Data></Cell><Cell><Data ss:Type="String">28</Data></Cell><Cell><Data ss:Type="String"></Data></Cell><Cell><Data ss:Type="String"></Data></Cell><Cell><Data ss:Type="String"></Data></Cell></Row><Row><Cell><Data ss:Type="String">03-11-2021</Data></Cell><Cell><Data ss:Type="String">20</Data></Cell><Cell><Data ss:Type="String"></Data></Cell><Cell><Data ss:Type="String"></Data></Cell><Cell><Data ss:Type="String"></Data></Cell></Row><Row><Cell><Data ss:Type="String">04-11-2021</Data></Cell><Cell><Data ss:Type="String">19</Data></Cell><Cell><Data ss:Type="String"></Data></Cell><Cell><Data ss:Type="String"></Data></Cell><Cell><Data ss:Type="String"></Data></Cell></Row><Row><Cell><Data ss:Type="String">05-11-2021</Data></Cell><Cell><Data ss:Type="String">8</Data></Cell><Cell><Data ss:Type="String"></Data></Cell><Cell><Data ss:Type="String"></Data></Cell><Cell><Data ss:Type="String"></Data></Cell></Row><Row><Cell><Data ss:Type="String">06-11-2021</Data></Cell><Cell><Data ss:Type="String">5</Data></Cell><Cell><Data ss:Type="String"></Data></Cell><Cell><Data ss:Type="String"></Data></Cell><Cell><Data ss:Type="String"></Data></Cell></Row><Row><Cell><Data ss:Type="String">07-11-2021</Data></Cell><Cell><Data ss:Type="String">7</Data></Cell><Cell><Data ss:Type="String"></Data></Cell><Cell><Data ss:Type="String"></Data></Cell><Cell><Data ss:Type="String"></Data></Cell></Row><Row><Cell><Data ss:Type="String">08-11-2021</Data></Cell><Cell><Data ss:Type="String">20</Data></Cell><Cell><Data ss:Type="String"></Data></Cell><Cell><Data ss:Type="String"></Data></Cell><Cell><Data ss:Type="String"></Data></Cell></Row><Row><Cell><Data ss:Type="String">09-11-2021</Data></Cell><Cell><Data ss:Type="String">18</Data></Cell><Cell><Data ss:Type="String"></Data></Cell><Cell><Data ss:Type="String"></Data></Cell><Cell><Data ss:Type="String"></Data></Cell></Row><Row><Cell><Data ss:Type="String">10-11-2021</Data></Cell><Cell><Data ss:Type="String">18</Data></Cell><Cell><Data ss:Type="String"></Data></Cell><Cell><Data ss:Type="String"></Data></Cell><Cell><Data ss:Type="String"></Data></Cell></Row><Row><Cell><Data ss:Type="String">11-11-2021</Data></Cell><Cell><Data ss:Type="String">11</Data></Cell><Cell><Data ss:Type="String"></Data></Cell><Cell><Data ss:Type="String"></Data></Cell><Cell><Data ss:Type="String"></Data></Cell></Row><Row><Cell><Data ss:Type="String">12-11-2021</Data></Cell><Cell><Data ss:Type="String">11</Data></Cell><Cell><Data ss:Type="String"></Data></Cell><Cell><Data ss:Type="String"></Data></Cell><Cell><Data ss:Type="String"></Data></Cell></Row><Row><Cell><Data ss:Type="String">13-11-2021</Data></Cell><Cell><Data ss:Type="String">3</Data></Cell><Cell><Data ss:Type="String"></Data></Cell><Cell><Data ss:Type="String"></Data></Cell><Cell><Data ss:Type="String"></Data></Cell></Row><Row><Cell><Data ss:Type="String">14-11-2021</Data></Cell><Cell><Data ss:Type="String">9</Data></Cell><Cell><Data ss:Type="String"></Data></Cell><Cell><Data ss:Type="String"></Data></Cell><Cell><Data ss:Type="String"></Data></Cell></Row><Row><Cell><Data ss:Type="String">15-11-2021</Data></Cell><Cell><Data ss:Type="String">12</Data></Cell><Cell><Data ss:Type="String"></Data></Cell><Cell><Data ss:Type="String"></Data></Cell><Cell><Data ss:Type="String"></Data></Cell></Row><Row><Cell><Data ss:Type="String">16-11-2021</Data></Cell><Cell><Data ss:Type="String">16</Data></Cell><Cell><Data ss:Type="String"></Data></Cell><Cell><Data ss:Type="String"></Data></Cell><Cell><Data ss:Type="String"></Data></Cell></Row><Row><Cell><Data ss:Type="String">17-11-2021</Data></Cell><Cell><Data ss:Type="String">13</Data></Cell><Cell><Data ss:Type="String"></Data></Cell><Cell><Data ss:Type="String"></Data></Cell><Cell><Data ss:Type="String"></Data></Cell></Row><Row><Cell><Data ss:Type="String">18-11-2021</Data></Cell><Cell><Data ss:Type="String">9</Data></Cell><Cell><Data ss:Type="String"></Data></Cell><Cell><Data ss:Type="String"></Data></Cell><Cell><Data ss:Type="String"></Data></Cell></Row><Row><Cell><Data ss:Type="String">19-11-2021</Data></Cell><Cell><Data ss:Type="String">4</Data></Cell><Cell><Data ss:Type="String"></Data></Cell><Cell><Data ss:Type="String"></Data></Cell><Cell><Data ss:Type="String"></Data></Cell></Row><Row><Cell><Data ss:Type="String">20-11-2021</Data></Cell><Cell><Data ss:Type="String">3</Data></Cell><Cell><Data ss:Type="String"></Data></Cell><Cell><Data ss:Type="String"></Data></Cell><Cell><Data ss:Type="String"></Data></Cell></Row><Row><Cell><Data ss:Type="String">21-11-2021</Data></Cell><Cell><Data ss:Type="String">1</Data></Cell><Cell><Data ss:Type="String"></Data></Cell><Cell><Data ss:Type="String"></Data></Cell><Cell><Data ss:Type="String"></Data></Cell></Row><Row><Cell><Data ss:Type="String">22-11-2021</Data></Cell><Cell><Data ss:Type="String">8</Data></Cell><Cell><Data ss:Type="String"></Data></Cell><Cell><Data ss:Type="String"></Data></Cell><Cell><Data ss:Type="String"></Data></Cell></Row><Row><Cell><Data ss:Type="String">23-11-2021</Data></Cell><Cell><Data ss:Type="String">10</Data></Cell><Cell><Data ss:Type="String"></Data></Cell><Cell><Data ss:Type="String"></Data></Cell><Cell><Data ss:Type="String"></Data></Cell></Row><Row><Cell><Data ss:Type="String">24-11-2021</Data></Cell><Cell><Data ss:Type="String">9</Data></Cell><Cell><Data ss:Type="String"></Data></Cell><Cell><Data ss:Type="String"></Data></Cell><Cell><Data ss:Type="String"></Data></Cell></Row><Row><Cell><Data ss:Type="String">25-11-2021</Data></Cell><Cell><Data ss:Type="String">9</Data></Cell><Cell><Data ss:Type="String"></Data></Cell><Cell><Data ss:Type="String"></Data></Cell><Cell><Data ss:Type="String"></Data></Cell></Row><Row><Cell><Data ss:Type="String">26-11-2021</Data></Cell><Cell><Data ss:Type="String">8</Data></Cell><Cell><Data ss:Type="String"></Data></Cell><Cell><Data ss:Type="String"></Data></Cell><Cell><Data ss:Type="String"></Data></Cell></Row><Row><Cell><Data ss:Type="String">27-11-2021</Data></Cell><Cell><Data ss:Type="String">6</Data></Cell><Cell><Data ss:Type="String"></Data></Cell><Cell><Data ss:Type="String"></Data></Cell><Cell><Data ss:Type="String"></Data></Cell></Row><Row><Cell><Data ss:Type="String">28-11-2021</Data></Cell><Cell><Data ss:Type="String">4</Data></Cell><Cell><Data ss:Type="String"></Data></Cell><Cell><Data ss:Type="String"></Data></Cell><Cell><Data ss:Type="String"></Data></Cell></Row><Row><Cell><Data ss:Type="String">29-11-2021</Data></Cell><Cell><Data ss:Type="String">13</Data></Cell><Cell><Data ss:Type="String"></Data></Cell><Cell><Data ss:Type="String"></Data></Cell><Cell><Data ss:Type="String"></Data></Cell></Row><Row><Cell><Data ss:Type="String">30-11-2021</Data></Cell><Cell><Data ss:Type="String">10</Data></Cell><Cell><Data ss:Type="String"></Data></Cell><Cell><Data ss:Type="String"></Data></Cell><Cell><Data ss:Type="String"></Data></Cell></Row><Row><Cell><Data ss:Type="String">01-12-2021</Data></Cell><Cell><Data ss:Type="String">9</Data></Cell><Cell><Data ss:Type="String"></Data></Cell><Cell><Data ss:Type="String"></Data></Cell><Cell><Data ss:Type="String"></Data></Cell></Row><Row><Cell><Data ss:Type="String">02-12-2021</Data></Cell><Cell><Data ss:Type="String">9</Data></Cell><Cell><Data ss:Type="String"></Data></Cell><Cell><Data ss:Type="String"></Data></Cell><Cell><Data ss:Type="String"></Data></Cell></Row><Row><Cell><Data ss:Type="String">03-12-2021</Data></Cell><Cell><Data ss:Type="String">7</Data></Cell><Cell><Data ss:Type="String"></Data></Cell><Cell><Data ss:Type="String"></Data></Cell><Cell><Data ss:Type="String"></Data></Cell></Row><Row><Cell><Data ss:Type="String">04-12-2021</Data></Cell><Cell><Data ss:Type="String">4</Data></Cell><Cell><Data ss:Type="String"></Data></Cell><Cell><Data ss:Type="String"></Data></Cell><Cell><Data ss:Type="String"></Data></Cell></Row><Row><Cell><Data ss:Type="String">05-12-2021</Data></Cell><Cell><Data ss:Type="String">5</Data></Cell><Cell><Data ss:Type="String"></Data></Cell><Cell><Data ss:Type="String"></Data></Cell><Cell><Data ss:Type="String"></Data></Cell></Row><Row><Cell><Data ss:Type="String">06-12-2021</Data></Cell><Cell><Data ss:Type="String">16</Data></Cell><Cell><Data ss:Type="String"></Data></Cell><Cell><Data ss:Type="String"></Data></Cell><Cell><Data ss:Type="String"></Data></Cell></Row><Row><Cell><Data ss:Type="String">07-12-2021</Data></Cell><Cell><Data ss:Type="String">9</Data></Cell><Cell><Data ss:Type="String"></Data></Cell><Cell><Data ss:Type="String"></Data></Cell><Cell><Data ss:Type="String"></Data></Cell></Row><Row><Cell><Data ss:Type="String">08-12-2021</Data></Cell><Cell><Data ss:Type="String">6</Data></Cell><Cell><Data ss:Type="String"></Data></Cell><Cell><Data ss:Type="String"></Data></Cell><Cell><Data ss:Type="String"></Data></Cell></Row><Row><Cell><Data ss:Type="String">09-12-2021</Data></Cell><Cell><Data ss:Type="String">11</Data></Cell><Cell><Data ss:Type="String"></Data></Cell><Cell><Data ss:Type="String"></Data></Cell><Cell><Data ss:Type="String"></Data></Cell></Row><Row><Cell><Data ss:Type="String">10-12-2021</Data></Cell><Cell><Data ss:Type="String">14</Data></Cell><Cell><Data ss:Type="String"></Data></Cell><Cell><Data ss:Type="String"></Data></Cell><Cell><Data ss:Type="String"></Data></Cell></Row><Row><Cell><Data ss:Type="String">11-12-2021</Data></Cell><Cell><Data ss:Type="String">6</Data></Cell><Cell><Data ss:Type="String"></Data></Cell><Cell><Data ss:Type="String"></Data></Cell><Cell><Data ss:Type="String"></Data></Cell></Row><Row><Cell><Data ss:Type="String">12-12-2021</Data></Cell><Cell><Data ss:Type="String">5</Data></Cell><Cell><Data ss:Type="String"></Data></Cell><Cell><Data ss:Type="String"></Data></Cell><Cell><Data ss:Type="String"></Data></Cell></Row><Row><Cell><Data ss:Type="String">13-12-2021</Data></Cell><Cell><Data ss:Type="String">19</Data></Cell><Cell><Data ss:Type="String"></Data></Cell><Cell><Data ss:Type="String"></Data></Cell><Cell><Data ss:Type="String"></Data></Cell></Row><Row><Cell><Data ss:Type="String">14-12-2021</Data></Cell><Cell><Data ss:Type="String">9</Data></Cell><Cell><Data ss:Type="String"></Data></Cell><Cell><Data ss:Type="String"></Data></Cell><Cell><Data ss:Type="String"></Data></Cell></Row><Row><Cell><Data ss:Type="String">15-12-2021</Data></Cell><Cell><Data ss:Type="String">3</Data></Cell><Cell><Data ss:Type="String"></Data></Cell><Cell><Data ss:Type="String"></Data></Cell><Cell><Data ss:Type="String"></Data></Cell></Row><Row><Cell><Data ss:Type="String">Total</Data></Cell><Cell><Data ss:Type="String">517</Data></Cell><Cell><Data ss:Type="String"></Data></Cell><Cell><Data ss:Type="String"></Data></Cell><Cell><Data ss:Type="String"></Data></Cell></Row></Table></Worksheet><Worksheet ss:Name="Detalle"><Table><Row><Cell><Data ss:Type="String">Rut</Data></Cell><Cell><Data ss:Type="String">Nombre</Data></Cell><Cell><Data ss:Type="String">Apellido</Data></Cell><Cell><Data ss:Type="String">Correo</Data></Cell><Cell><Data ss:Type="String">Grupo</Data></Cell><Cell><Data ss:Type="String">Fecha útimo acceso</Data></Cell><Cell><Data ss:Type="String">Hora útimo acceso</Data></Cell><Cell><Data ss:Type="String">Estado</Data></Cell></Row><Row><Cell><Data ss:Type="String">12.794.390-7</Data></Cell><Cell><Data ss:Type="String">Inés Elizabeth</Data></Cell><Cell><Data ss:Type="String">Caro Parra - 12188</Data></Cell><Cell><Data ss:Type="String">LISACAROPARRA@GMAIL.COM</Data></Cell><Cell><Data ss:Type="String">Sin grupo</Data></Cell><Cell><Data ss:Type="String">Sin acceso</Data></Cell><Cell><Data ss:Type="String">Sin acceso</Data></Cell><Cell><Data ss:Type="String">Activo</Data></Cell></Row><Row><Cell><Data ss:Type="String">19.594.930-1</Data></Cell><Cell><Data ss:Type="String">JOSELINNE ANDREA</Data></Cell><Cell><Data ss:Type="String">SEPÚLVEDA CONEJEROS</Data></Cell><Cell><Data ss:Type="String">JOSITASEPULVEDA@GMAIL.COM</Data></Cell><Cell><Data ss:Type="String">Sin grupo</Data></Cell><Cell><Data ss:Type="String">10-12-2021</Data></Cell><Cell><Data ss:Type="String">9:56</Data></Cell><Cell><Data ss:Type="String">Activo</Data></Cell></Row><Row><Cell><Data ss:Type="String">10.264.837-4</Data></Cell><Cell><Data ss:Type="String">Nuria Alejandra</Data></Cell><Cell><Data ss:Type="String">Ferrada González</Data></Cell><Cell><Data ss:Type="String">naferrada@hotmail.com</Data></Cell><Cell><Data ss:Type="String">Sin grupo</Data></Cell><Cell><Data ss:Type="String">29-11-2021</Data></Cell><Cell><Data ss:Type="String">19:59</Data></Cell><Cell><Data ss:Type="String">Activo</Data></Cell></Row><Row><Cell><Data ss:Type="String">13.857.443-1</Data></Cell><Cell><Data ss:Type="String">PAULA KAREN</Data></Cell><Cell><Data ss:Type="String">ORELLANA GONZÁLEZ</Data></Cell><Cell><Data ss:Type="String">PALULITA_703JAVA@HOTMAIL.COM</Data></Cell><Cell><Data ss:Type="String">Sin grupo</Data></Cell><Cell><Data ss:Type="String">13-12-2021</Data></Cell><Cell><Data ss:Type="String">11:30</Data></Cell><Cell><Data ss:Type="String">Activo</Data></Cell></Row><Row><Cell><Data ss:Type="String">13.399.840-3</Data></Cell><Cell><Data ss:Type="String">MARÍA ISABEL</Data></Cell><Cell><Data ss:Type="String">MORALES SANHUEZA</Data></Cell><Cell><Data ss:Type="String">VICENTITOAMO@GMAIL.COM</Data></Cell><Cell><Data ss:Type="String">Sin grupo</Data></Cell><Cell><Data ss:Type="String">Sin acceso</Data></Cell><Cell><Data ss:Type="String">Sin acceso</Data></Cell><Cell><Data ss:Type="String">Activo</Data></Cell></Row><Row><Cell><Data ss:Type="String">7.347.353-5</Data></Cell><Cell><Data ss:Type="String">GLADYS JEANETTE</Data></Cell><Cell><Data ss:Type="String">DEL RÍO</Data></Cell><Cell><Data ss:Type="String">GLADYSJEANETTE@YAHOO.ES</Data></Cell><Cell><Data ss:Type="String">Sin grupo</Data></Cell><Cell><Data ss:Type="String">10-11-2021</Data></Cell><Cell><Data ss:Type="String">16:59</Data></Cell><Cell><Data ss:Type="String">Activo</Data></Cell></Row><Row><Cell><Data ss:Type="String">11.592.701-9</Data></Cell><Cell><Data ss:Type="String">FRESIA</Data></Cell><Cell><Data ss:Type="String">FLORES PEREZ</Data></Cell><Cell><Data ss:Type="String">fresia.floresp@gmail.com</Data></Cell><Cell><Data ss:Type="String">Sin grupo</Data></Cell><Cell><Data ss:Type="String">23-11-2021</Data></Cell><Cell><Data ss:Type="String">9:50</Data></Cell><Cell><Data ss:Type="String">Activo</Data></Cell></Row><Row><Cell><Data ss:Type="String">17.991.566-9</Data></Cell><Cell><Data ss:Type="String">YESENIA KARINA</Data></Cell><Cell><Data ss:Type="String">PEREZ LOBOS</Data></Cell><Cell><Data ss:Type="String">YESENIAKARINA23.YP@GMAIL.COM</Data></Cell><Cell><Data ss:Type="String">Sin grupo</Data></Cell><Cell><Data ss:Type="String">Sin acceso</Data></Cell><Cell><Data ss:Type="String">Sin acceso</Data></Cell><Cell><Data ss:Type="String">Activo</Data></Cell></Row><Row><Cell><Data ss:Type="String">10.348.274-7</Data></Cell><Cell><Data ss:Type="String">Miriam Elena</Data></Cell><Cell><Data ss:Type="String">Miranda Barraza</Data></Cell><Cell><Data ss:Type="String">miriram.miranda-hl@eduovalle.cl</Data></Cell><Cell><Data ss:Type="String">Sin grupo</Data></Cell><Cell><Data ss:Type="String">15-12-2021</Data></Cell><Cell><Data ss:Type="String">9:44</Data></Cell><Cell><Data ss:Type="String">Activo</Data></Cell></Row><Row><Cell><Data ss:Type="String">6.285.533-9</Data></Cell><Cell><Data ss:Type="String">LUIS HUMBERTO</Data></Cell><Cell><Data ss:Type="String">FUENTES URRA</Data></Cell><Cell><Data ss:Type="String">LUISFUENTESURRA@GMAIL.COM</Data></Cell><Cell><Data ss:Type="String">Sin grupo</Data></Cell><Cell><Data ss:Type="String">3-11-2021</Data></Cell><Cell><Data ss:Type="String">8:33</Data></Cell><Cell><Data ss:Type="String">Activo</Data></Cell></Row><Row><Cell><Data ss:Type="String">9.883.887-2</Data></Cell><Cell><Data ss:Type="String">JACQUELINE AMERICA</Data></Cell><Cell><Data ss:Type="String">ROZAS FERREIRA</Data></Cell><Cell><Data ss:Type="String">J_DELFIN4@HOTMAIL.COM</Data></Cell><Cell><Data ss:Type="String">Sin grupo</Data></Cell><Cell><Data ss:Type="String">3-11-2021</Data></Cell><Cell><Data ss:Type="String">23:49</Data></Cell><Cell><Data ss:Type="String">Activo</Data></Cell></Row><Row><Cell><Data ss:Type="String">11.956.609-6</Data></Cell><Cell><Data ss:Type="String">GUICELLA</Data></Cell><Cell><Data ss:Type="String">RAVANAL GONZALEZ</Data></Cell><Cell><Data ss:Type="String">GUICELLAR@GMAIL.COM</Data></Cell><Cell><Data ss:Type="String">Sin grupo</Data></Cell><Cell><Data ss:Type="String">4-11-2021</Data></Cell><Cell><Data ss:Type="String">22:45</Data></Cell><Cell><Data ss:Type="String">Activo</Data></Cell></Row><Row><Cell><Data ss:Type="String">7.323.785-8</Data></Cell><Cell><Data ss:Type="String">MARIA ELIANA</Data></Cell><Cell><Data ss:Type="String">HERRERA PALMA</Data></Cell><Cell><Data ss:Type="String">MHERRERA@FMACHILE.ORG</Data></Cell><Cell><Data ss:Type="String">Sin grupo</Data></Cell><Cell><Data ss:Type="String">10-11-2021</Data></Cell><Cell><Data ss:Type="String">11:24</Data></Cell><Cell><Data ss:Type="String">Activo</Data></Cell></Row><Row><Cell><Data ss:Type="String">4.826.649-5</Data></Cell><Cell><Data ss:Type="String">GUILLERMO EMILIO</Data></Cell><Cell><Data ss:Type="String">ALID NIELSEN</Data></Cell><Cell><Data ss:Type="String">ALIDGUILLERMO7@GMAIL.COM</Data></Cell><Cell><Data ss:Type="String">Sin grupo</Data></Cell><Cell><Data ss:Type="String">13-12-2021</Data></Cell><Cell><Data ss:Type="String">14:55</Data></Cell><Cell><Data ss:Type="String">Activo</Data></Cell></Row><Row><Cell><Data ss:Type="String">7.441.317-k</Data></Cell><Cell><Data ss:Type="String">NANCY NOLVIA</Data></Cell><Cell><Data ss:Type="String">COLLAO AVILÉS</Data></Cell><Cell><Data ss:Type="String">NANCYCOLLAOAVILES@GMAIL.COM</Data></Cell><Cell><Data ss:Type="String">Sin grupo</Data></Cell><Cell><Data ss:Type="String">Sin acceso</Data></Cell><Cell><Data ss:Type="String">Sin acceso</Data></Cell><Cell><Data ss:Type="String">Activo</Data></Cell></Row><Row><Cell><Data ss:Type="String">12.445.477-8</Data></Cell><Cell><Data ss:Type="String">IRMA JEANETT</Data></Cell><Cell><Data ss:Type="String">LEON ARENAS</Data></Cell><Cell><Data ss:Type="String">IRMA_LEON2211@HOTMAIL.COM</Data></Cell><Cell><Data ss:Type="String">Sin grupo</Data></Cell><Cell><Data ss:Type="String">14-11-2021</Data></Cell><Cell><Data ss:Type="String">18:6</Data></Cell><Cell><Data ss:Type="String">Activo</Data></Cell></Row><Row><Cell><Data ss:Type="String">15.913.232-3</Data></Cell><Cell><Data ss:Type="String">PRISCILLA ANDREA</Data></Cell><Cell><Data ss:Type="String">ACEVEDO LEYTON</Data></Cell><Cell><Data ss:Type="String">priscillaandrea@hotmail.com</Data></Cell><Cell><Data ss:Type="String">Sin grupo</Data></Cell><Cell><Data ss:Type="String">12-12-2021</Data></Cell><Cell><Data ss:Type="String">21:42</Data></Cell><Cell><Data ss:Type="String">Activo</Data></Cell></Row><Row><Cell><Data ss:Type="String">8.188.445-5</Data></Cell><Cell><Data ss:Type="String">SERGIO GUILLERMO</Data></Cell><Cell><Data ss:Type="String">REBOLLEDO GALLEGOS</Data></Cell><Cell><Data ss:Type="String">SERGIO.REBOLLEDO@COEMCO.CL</Data></Cell><Cell><Data ss:Type="String">Sin grupo</Data></Cell><Cell><Data ss:Type="String">13-12-2021</Data></Cell><Cell><Data ss:Type="String">22:11</Data></Cell><Cell><Data ss:Type="String">Activo</Data></Cell></Row><Row><Cell><Data ss:Type="String">10.089.225-1</Data></Cell><Cell><Data ss:Type="String">JOSE</Data></Cell><Cell><Data ss:Type="String">VARGAS PAREDES</Data></Cell><Cell><Data ss:Type="String">XOCEVA@HOTMAIL.COM</Data></Cell><Cell><Data ss:Type="String">Sin grupo</Data></Cell><Cell><Data ss:Type="String">Sin acceso</Data></Cell><Cell><Data ss:Type="String">Sin acceso</Data></Cell><Cell><Data ss:Type="String">Activo</Data></Cell></Row><Row><Cell><Data ss:Type="String">11.283.292-0</Data></Cell><Cell><Data ss:Type="String">Anita Maria</Data></Cell><Cell><Data ss:Type="String">Ramirez Bravo</Data></Cell><Cell><Data ss:Type="String">BIBLIOREDES@HOTMAIL.COM</Data></Cell><Cell><Data ss:Type="String">Sin grupo</Data></Cell><Cell><Data ss:Type="String">11-12-2021</Data></Cell><Cell><Data ss:Type="String">23:33</Data></Cell><Cell><Data ss:Type="String">Activo</Data></Cell></Row><Row><Cell><Data ss:Type="String">6.294.192-8</Data></Cell><Cell><Data ss:Type="String">ROSA EMILIA</Data></Cell><Cell><Data ss:Type="String">BURGOS VEGA</Data></Cell><Cell><Data ss:Type="String">robuve@yahoo.com</Data></Cell><Cell><Data ss:Type="String">Sin grupo</Data></Cell><Cell><Data ss:Type="String">13-12-2021</Data></Cell><Cell><Data ss:Type="String">12:43</Data></Cell><Cell><Data ss:Type="String">Activo</Data></Cell></Row><Row><Cell><Data ss:Type="String">12.611.865-1</Data></Cell><Cell><Data ss:Type="String">YESSICA PAOLA</Data></Cell><Cell><Data ss:Type="String">PEÑALOZA HERRERA</Data></Cell><Cell><Data ss:Type="String">CYNTHIALEYLA@HOTMAIL.COM</Data></Cell><Cell><Data ss:Type="String">Sin grupo</Data></Cell><Cell><Data ss:Type="String">14-12-2021</Data></Cell><Cell><Data ss:Type="String">12:4</Data></Cell><Cell><Data ss:Type="String">Activo</Data></Cell></Row><Row><Cell><Data ss:Type="String">10.769.375-0</Data></Cell><Cell><Data ss:Type="String">GLADYS ODETTE M</Data></Cell><Cell><Data ss:Type="String">COFRE BOISIER</Data></Cell><Cell><Data ss:Type="String">MANANE26@YAHOO.ES</Data></Cell><Cell><Data ss:Type="String">Sin grupo</Data></Cell><Cell><Data ss:Type="String">27-10-2021</Data></Cell><Cell><Data ss:Type="String">17:30</Data></Cell><Cell><Data ss:Type="String">Activo</Data></Cell></Row><Row><Cell><Data ss:Type="String">16.752.381-1</Data></Cell><Cell><Data ss:Type="String">Fernanda</Data></Cell><Cell><Data ss:Type="String">Urrea</Data></Cell><Cell><Data ss:Type="String">FERNANDA.URREA.T@USACH.CL</Data></Cell><Cell><Data ss:Type="String">Sin grupo</Data></Cell><Cell><Data ss:Type="String">7-12-2021</Data></Cell><Cell><Data ss:Type="String">13:31</Data></Cell><Cell><Data ss:Type="String">Activo</Data></Cell></Row><Row><Cell><Data ss:Type="String">17.297.251-9</Data></Cell><Cell><Data ss:Type="String">ARCELIA</Data></Cell><Cell><Data ss:Type="String">MONTEROS GATICA - 22451</Data></Cell><Cell><Data ss:Type="String">amonterogatica@gmail.com</Data></Cell><Cell><Data ss:Type="String">Sin grupo</Data></Cell><Cell><Data ss:Type="String">25-11-2021</Data></Cell><Cell><Data ss:Type="String">11:54</Data></Cell><Cell><Data ss:Type="String">Activo</Data></Cell></Row><Row><Cell><Data ss:Type="String">12.669.843-7</Data></Cell><Cell><Data ss:Type="String">CLAUDIA</Data></Cell><Cell><Data ss:Type="String">AHUMADA SANTIBAÑEZ</Data></Cell><Cell><Data ss:Type="String">CLAUDYAHUMADA@HOTMAIL.COM</Data></Cell><Cell><Data ss:Type="String">Sin grupo</Data></Cell><Cell><Data ss:Type="String">12-12-2021</Data></Cell><Cell><Data ss:Type="String">19:39</Data></Cell><Cell><Data ss:Type="String">Activo</Data></Cell></Row><Row><Cell><Data ss:Type="String">15.267.979-3</Data></Cell><Cell><Data ss:Type="String">CAROLINA</Data></Cell><Cell><Data ss:Type="String">POBLETE CARDENAS</Data></Cell><Cell><Data ss:Type="String">uc.cpoblete@gmail.com</Data></Cell><Cell><Data ss:Type="String">Sin grupo</Data></Cell><Cell><Data ss:Type="String">11-11-2021</Data></Cell><Cell><Data ss:Type="String">17:4</Data></Cell><Cell><Data ss:Type="String">Activo</Data></Cell></Row><Row><Cell><Data ss:Type="String">9.518.801-k</Data></Cell><Cell><Data ss:Type="String">Marcela Del Carmen</Data></Cell><Cell><Data ss:Type="String">Saavedra Manríquez</Data></Cell><Cell><Data ss:Type="String">molyvidalzuniga@gmail.com</Data></Cell><Cell><Data ss:Type="String">Sin grupo</Data></Cell><Cell><Data ss:Type="String">3-12-2021</Data></Cell><Cell><Data ss:Type="String">19:0</Data></Cell><Cell><Data ss:Type="String">Activo</Data></Cell></Row><Row><Cell><Data ss:Type="String">24.396.258-7</Data></Cell><Cell><Data ss:Type="String">ELIZABETH ERIkA</Data></Cell><Cell><Data ss:Type="String">VENTURA NINA</Data></Cell><Cell><Data ss:Type="String">EEVN80@GMAIL.COM</Data></Cell><Cell><Data ss:Type="String">Sin grupo</Data></Cell><Cell><Data ss:Type="String">14-11-2021</Data></Cell><Cell><Data ss:Type="String">20:43</Data></Cell><Cell><Data ss:Type="String">Activo</Data></Cell></Row><Row><Cell><Data ss:Type="String">14.744.917-8</Data></Cell><Cell><Data ss:Type="String">TERESA MARIA DANIELA</Data></Cell><Cell><Data ss:Type="String">ALMEIDA ZAMBRANO</Data></Cell><Cell><Data ss:Type="String">DANYCANCER30@GMAIL.COM</Data></Cell><Cell><Data ss:Type="String">Sin grupo</Data></Cell><Cell><Data ss:Type="String">Sin acceso</Data></Cell><Cell><Data ss:Type="String">Sin acceso</Data></Cell><Cell><Data ss:Type="String">Activo</Data></Cell></Row><Row><Cell><Data ss:Type="String">15.478.499-3</Data></Cell><Cell><Data ss:Type="String">Carolina</Data></Cell><Cell><Data ss:Type="String">Contreras</Data></Cell><Cell><Data ss:Type="String">HAYQUEINNOVAR@GMAIL.COM</Data></Cell><Cell><Data ss:Type="String">Sin grupo</Data></Cell><Cell><Data ss:Type="String">14-12-2021</Data></Cell><Cell><Data ss:Type="String">11:22</Data></Cell><Cell><Data ss:Type="String">Activo</Data></Cell></Row><Row><Cell><Data ss:Type="String">10.736.334-3</Data></Cell><Cell><Data ss:Type="String">MARISOL</Data></Cell><Cell><Data ss:Type="String">AHUMADA  BARRERA</Data></Cell><Cell><Data ss:Type="String">mahumada@fmachile.org</Data></Cell><Cell><Data ss:Type="String">Sin grupo</Data></Cell><Cell><Data ss:Type="String">7-12-2021</Data></Cell><Cell><Data ss:Type="String">14:10</Data></Cell><Cell><Data ss:Type="String">Activo</Data></Cell></Row><Row><Cell><Data ss:Type="String">16.069.296-0</Data></Cell><Cell><Data ss:Type="String">AMANDA DANIELA</Data></Cell><Cell><Data ss:Type="String">GUTIERREZ MATAMALA</Data></Cell><Cell><Data ss:Type="String">AMANDAGUTIERREZ_16@HOTMAIL.COM</Data></Cell><Cell><Data ss:Type="String">Sin grupo</Data></Cell><Cell><Data ss:Type="String">14-12-2021</Data></Cell><Cell><Data ss:Type="String">0:33</Data></Cell><Cell><Data ss:Type="String">Activo</Data></Cell></Row><Row><Cell><Data ss:Type="String">11.696.553-4</Data></Cell><Cell><Data ss:Type="String">MARIANA DEL PILAR</Data></Cell><Cell><Data ss:Type="String">GUERRERO ROJAS</Data></Cell><Cell><Data ss:Type="String">MARIANAGUERREROROJAS@YAHOO.CL</Data></Cell><Cell><Data ss:Type="String">Sin grupo</Data></Cell><Cell><Data ss:Type="String">14-12-2021</Data></Cell><Cell><Data ss:Type="String">11:43</Data></Cell><Cell><Data ss:Type="String">Activo</Data></Cell></Row><Row><Cell><Data ss:Type="String">12.586.781-2</Data></Cell><Cell><Data ss:Type="String">MARIA ALEJANDRA</Data></Cell><Cell><Data ss:Type="String">IBACACHE TUDELA</Data></Cell><Cell><Data ss:Type="String">ALEJANDRA_MAIT33@HOTMAIL.COM</Data></Cell><Cell><Data ss:Type="String">Sin grupo</Data></Cell><Cell><Data ss:Type="String">2-12-2021</Data></Cell><Cell><Data ss:Type="String">12:20</Data></Cell><Cell><Data ss:Type="String">Activo</Data></Cell></Row><Row><Cell><Data ss:Type="String">12.793.126-7</Data></Cell><Cell><Data ss:Type="String">LORENA BEATRIZ</Data></Cell><Cell><Data ss:Type="String">GARRIDO  CARRASCO</Data></Cell><Cell><Data ss:Type="String">BEGAC_75@HOTMAIL.COM</Data></Cell><Cell><Data ss:Type="String">Sin grupo</Data></Cell><Cell><Data ss:Type="String">11-12-2021</Data></Cell><Cell><Data ss:Type="String">17:47</Data></Cell><Cell><Data ss:Type="String">Activo</Data></Cell></Row><Row><Cell><Data ss:Type="String">18.552.425-6</Data></Cell><Cell><Data ss:Type="String">CONSTANSA </Data></Cell><Cell><Data ss:Type="String">GALDAMES CISTERNAS</Data></Cell><Cell><Data ss:Type="String">CONYGALDAMES@LIVE.CL</Data></Cell><Cell><Data ss:Type="String">Sin grupo</Data></Cell><Cell><Data ss:Type="String">30-11-2021</Data></Cell><Cell><Data ss:Type="String">14:49</Data></Cell><Cell><Data ss:Type="String">Activo</Data></Cell></Row><Row><Cell><Data ss:Type="String">14.247.771-8</Data></Cell><Cell><Data ss:Type="String">CRISTINA MARIELA</Data></Cell><Cell><Data ss:Type="String">SAAVEDRA PEÑALOZA</Data></Cell><Cell><Data ss:Type="String">CRISTINASAAPENA@GMAIL.COM</Data></Cell><Cell><Data ss:Type="String">Sin grupo</Data></Cell><Cell><Data ss:Type="String">3-11-2021</Data></Cell><Cell><Data ss:Type="String">16:33</Data></Cell><Cell><Data ss:Type="String">Activo</Data></Cell></Row><Row><Cell><Data ss:Type="String">11.532.511-6</Data></Cell><Cell><Data ss:Type="String">MARIBEL</Data></Cell><Cell><Data ss:Type="String">HENRIQUEZ RAMIREZ</Data></Cell><Cell><Data ss:Type="String">MARY.HEN.RAM@GMAIL.COM</Data></Cell><Cell><Data ss:Type="String">Sin grupo</Data></Cell><Cell><Data ss:Type="String">Sin acceso</Data></Cell><Cell><Data ss:Type="String">Sin acceso</Data></Cell><Cell><Data ss:Type="String">Activo</Data></Cell></Row><Row><Cell><Data ss:Type="String">16.494.659-2</Data></Cell><Cell><Data ss:Type="String">Fabiola</Data></Cell><Cell><Data ss:Type="String">Carreño Aranguiz</Data></Cell><Cell><Data ss:Type="String">biblioteca.olivarcollege@gmail.com</Data></Cell><Cell><Data ss:Type="String">Sin grupo</Data></Cell><Cell><Data ss:Type="String">9-12-2021</Data></Cell><Cell><Data ss:Type="String">10:23</Data></Cell><Cell><Data ss:Type="String">Activo</Data></Cell></Row><Row><Cell><Data ss:Type="String">13.230.709-1</Data></Cell><Cell><Data ss:Type="String">Patricia del Carmen</Data></Cell><Cell><Data ss:Type="String">Cifuentes Ramirez</Data></Cell><Cell><Data ss:Type="String">patitapeq33@yahoo.es</Data></Cell><Cell><Data ss:Type="String">Sin grupo</Data></Cell><Cell><Data ss:Type="String">Sin acceso</Data></Cell><Cell><Data ss:Type="String">Sin acceso</Data></Cell><Cell><Data ss:Type="String">Activo</Data></Cell></Row><Row><Cell><Data ss:Type="String">12.257.741-4</Data></Cell><Cell><Data ss:Type="String">Paola Jeannette</Data></Cell><Cell><Data ss:Type="String">Navarro Pinto</Data></Cell><Cell><Data ss:Type="String">paonavarropinto@hotmail.com</Data></Cell><Cell><Data ss:Type="String">Sin grupo</Data></Cell><Cell><Data ss:Type="String">9-12-2021</Data></Cell><Cell><Data ss:Type="String">11:50</Data></Cell><Cell><Data ss:Type="String">Activo</Data></Cell></Row><Row><Cell><Data ss:Type="String">14.239.187-2</Data></Cell><Cell><Data ss:Type="String">GLORIA DEL CARMEN</Data></Cell><Cell><Data ss:Type="String">AGUIRRE ALVAREZ</Data></Cell><Cell><Data ss:Type="String">gloriaaguirrealvarez@gmail.com</Data></Cell><Cell><Data ss:Type="String">Sin grupo</Data></Cell><Cell><Data ss:Type="String">8-11-2021</Data></Cell><Cell><Data ss:Type="String">13:55</Data></Cell><Cell><Data ss:Type="String">Activo</Data></Cell></Row><Row><Cell><Data ss:Type="String">13.059.985-0</Data></Cell><Cell><Data ss:Type="String">Ingrid Angeli</Data></Cell><Cell><Data ss:Type="String">Maureira</Data></Cell><Cell><Data ss:Type="String">maureiraingrid7@gmail.com</Data></Cell><Cell><Data ss:Type="String">Sin grupo</Data></Cell><Cell><Data ss:Type="String">8-12-2021</Data></Cell><Cell><Data ss:Type="String">8:54</Data></Cell><Cell><Data ss:Type="String">Activo</Data></Cell></Row><Row><Cell><Data ss:Type="String">8.445.779-5</Data></Cell><Cell><Data ss:Type="String">Paula Andrea</Data></Cell><Cell><Data ss:Type="String">Yáñez</Data></Cell><Cell><Data ss:Type="String">paulaym21@gmail.com</Data></Cell><Cell><Data ss:Type="String">Sin grupo</Data></Cell><Cell><Data ss:Type="String">29-11-2021</Data></Cell><Cell><Data ss:Type="String">19:46</Data></Cell><Cell><Data ss:Type="String">Activo</Data></Cell></Row><Row><Cell><Data ss:Type="String">15.056.607-k</Data></Cell><Cell><Data ss:Type="String">CLAUDIA</Data></Cell><Cell><Data ss:Type="String">CARVALLO VERGARA - 1145</Data></Cell><Cell><Data ss:Type="String">C.CARVALLO26@GMAIL.COM</Data></Cell><Cell><Data ss:Type="String">Sin grupo</Data></Cell><Cell><Data ss:Type="String">26-11-2021</Data></Cell><Cell><Data ss:Type="String">12:25</Data></Cell><Cell><Data ss:Type="String">Activo</Data></Cell></Row><Row><Cell><Data ss:Type="String">11.889.815-k</Data></Cell><Cell><Data ss:Type="String">Elsa Isabel</Data></Cell><Cell><Data ss:Type="String">Ávila Miranda</Data></Cell><Cell><Data ss:Type="String">elsa.avila.m@gmail.com</Data></Cell><Cell><Data ss:Type="String">Sin grupo</Data></Cell><Cell><Data ss:Type="String">5-12-2021</Data></Cell><Cell><Data ss:Type="String">16:41</Data></Cell><Cell><Data ss:Type="String">Activo</Data></Cell></Row><Row><Cell><Data ss:Type="String">12.885.716-8</Data></Cell><Cell><Data ss:Type="String">Carolina Paz</Data></Cell><Cell><Data ss:Type="String">Gómez Valenzuela</Data></Cell><Cell><Data ss:Type="String">carolina.gomez@colegiostarosa.cl</Data></Cell><Cell><Data ss:Type="String">Sin grupo</Data></Cell><Cell><Data ss:Type="String">9-12-2021</Data></Cell><Cell><Data ss:Type="String">8:49</Data></Cell><Cell><Data ss:Type="String">Activo</Data></Cell></Row><Row><Cell><Data ss:Type="String">6.992.457-3</Data></Cell><Cell><Data ss:Type="String">Ana Sofía</Data></Cell><Cell><Data ss:Type="String">Ching Fumey</Data></Cell><Cell><Data ss:Type="String">fumey_c57@yahoo.com</Data></Cell><Cell><Data ss:Type="String">Sin grupo</Data></Cell><Cell><Data ss:Type="String">10-12-2021</Data></Cell><Cell><Data ss:Type="String">8:35</Data></Cell><Cell><Data ss:Type="String">Activo</Data></Cell></Row><Row><Cell><Data ss:Type="String">7.837.098-k</Data></Cell><Cell><Data ss:Type="String">reinaldo del carmen</Data></Cell><Cell><Data ss:Type="String">riquelme</Data></Cell><Cell><Data ss:Type="String">direycano06@yahoo.es</Data></Cell><Cell><Data ss:Type="String">Sin grupo</Data></Cell><Cell><Data ss:Type="String">Sin acceso</Data></Cell><Cell><Data ss:Type="String">Sin acceso</Data></Cell><Cell><Data ss:Type="String">Activo</Data></Cell></Row><Row><Cell><Data ss:Type="String">18.965.289-5</Data></Cell><Cell><Data ss:Type="String">Estefani Sabarich</Data></Cell><Cell><Data ss:Type="String">Espinoza Gatica</Data></Cell><Cell><Data ss:Type="String">e.espinozagatica@gmail.com</Data></Cell><Cell><Data ss:Type="String">Sin grupo</Data></Cell><Cell><Data ss:Type="String">4-12-2021</Data></Cell><Cell><Data ss:Type="String">18:16</Data></Cell><Cell><Data ss:Type="String">Activo</Data></Cell></Row><Row><Cell><Data ss:Type="String">5.491.113-0</Data></Cell><Cell><Data ss:Type="String">Luis Omar</Data></Cell><Cell><Data ss:Type="String">Rojas Reyes</Data></Cell><Cell><Data ss:Type="String">rojasluis.reye4s@gmail.com</Data></Cell><Cell><Data ss:Type="String">Sin grupo</Data></Cell><Cell><Data ss:Type="String">10-12-2021</Data></Cell><Cell><Data ss:Type="String">12:9</Data></Cell><Cell><Data ss:Type="String">Activo</Data></Cell></Row><Row><Cell><Data ss:Type="String">17.204.843-9</Data></Cell><Cell><Data ss:Type="String">KATHERINE DOMINIC</Data></Cell><Cell><Data ss:Type="String">FIGUEROA VÁSQUEZ</Data></Cell><Cell><Data ss:Type="String">KATHERINE.FIGUEROA.VASQUEZ@GMAIL.COM</Data></Cell><Cell><Data ss:Type="String">Sin grupo</Data></Cell><Cell><Data ss:Type="String">Sin acceso</Data></Cell><Cell><Data ss:Type="String">Sin acceso</Data></Cell><Cell><Data ss:Type="String">Activo</Data></Cell></Row><Row><Cell><Data ss:Type="String">8.921.730-k</Data></Cell><Cell><Data ss:Type="String">Javiera Del Carmen</Data></Cell><Cell><Data ss:Type="String">Araya Berrios</Data></Cell><Cell><Data ss:Type="String">Javierarayab@hot mail.com</Data></Cell><Cell><Data ss:Type="String">Sin grupo</Data></Cell><Cell><Data ss:Type="String">15-12-2021</Data></Cell><Cell><Data ss:Type="String">10:47</Data></Cell><Cell><Data ss:Type="String">Activo</Data></Cell></Row><Row><Cell><Data ss:Type="String">8.633.666-9</Data></Cell><Cell><Data ss:Type="String">Glery Rosana</Data></Cell><Cell><Data ss:Type="String">Tirado Olivares</Data></Cell><Cell><Data ss:Type="String">glerytirado@gmail.com</Data></Cell><Cell><Data ss:Type="String">Sin grupo</Data></Cell><Cell><Data ss:Type="String">13-12-2021</Data></Cell><Cell><Data ss:Type="String">22:49</Data></Cell><Cell><Data ss:Type="String">Activo</Data></Cell></Row><Row><Cell><Data ss:Type="String">10.114.994-3</Data></Cell><Cell><Data ss:Type="String">Marcela Eliana</Data></Cell><Cell><Data ss:Type="String">Venegas Vargas</Data></Cell><Cell><Data ss:Type="String">marcela.venegas@isc-rancagua.cl</Data></Cell><Cell><Data ss:Type="String">Sin grupo</Data></Cell><Cell><Data ss:Type="String">14-12-2021</Data></Cell><Cell><Data ss:Type="String">16:59</Data></Cell><Cell><Data ss:Type="String">Activo</Data></Cell></Row><Row><Cell><Data ss:Type="String">16.492.081-k</Data></Cell><Cell><Data ss:Type="String">Karla Yanina</Data></Cell><Cell><Data ss:Type="String">Oyarzun Silva</Data></Cell><Cell><Data ss:Type="String">karla.oyarzun0412@hotmail.com</Data></Cell><Cell><Data ss:Type="String">Sin grupo</Data></Cell><Cell><Data ss:Type="String">10-12-2021</Data></Cell><Cell><Data ss:Type="String">11:21</Data></Cell><Cell><Data ss:Type="String">Activo</Data></Cell></Row><Row><Cell><Data ss:Type="String">9.300.856-1</Data></Cell><Cell><Data ss:Type="String">Lucia Teresa</Data></Cell><Cell><Data ss:Type="String">Ramos Gonzalez</Data></Cell><Cell><Data ss:Type="String">Luciaramosgonzalez01@gmail.com</Data></Cell><Cell><Data ss:Type="String">Sin grupo</Data></Cell><Cell><Data ss:Type="String">12-12-2021</Data></Cell><Cell><Data ss:Type="String">22:27</Data></Cell><Cell><Data ss:Type="String">Activo</Data></Cell></Row><Row><Cell><Data ss:Type="String">7.756.186-2</Data></Cell><Cell><Data ss:Type="String">Flor Margarita</Data></Cell><Cell><Data ss:Type="String">Maldonado Lagos</Data></Cell><Cell><Data ss:Type="String">flor.maldonado53@gmail.com</Data></Cell><Cell><Data ss:Type="String">Sin grupo</Data></Cell><Cell><Data ss:Type="String">13-12-2021</Data></Cell><Cell><Data ss:Type="String">9:40</Data></Cell><Cell><Data ss:Type="String">Activo</Data></Cell></Row><Row><Cell><Data ss:Type="String">10.366.261-3</Data></Cell><Cell><Data ss:Type="String">Gina Ivon</Data></Cell><Cell><Data ss:Type="String">Hernández Farias</Data></Cell><Cell><Data ss:Type="String">ghernandez@liceosofofa.cl</Data></Cell><Cell><Data ss:Type="String">Sin grupo</Data></Cell><Cell><Data ss:Type="String">2-12-2021</Data></Cell><Cell><Data ss:Type="String">14:14</Data></Cell><Cell><Data ss:Type="String">Activo</Data></Cell></Row><Row><Cell><Data ss:Type="String">16.745.917-k</Data></Cell><Cell><Data ss:Type="String">Roberto Hernan</Data></Cell><Cell><Data ss:Type="String">Leone Aravena</Data></Cell><Cell><Data ss:Type="String">rleone@escuelaelbosque.cl</Data></Cell><Cell><Data ss:Type="String">Sin grupo</Data></Cell><Cell><Data ss:Type="String">16-11-2021</Data></Cell><Cell><Data ss:Type="String">12:49</Data></Cell><Cell><Data ss:Type="String">Activo</Data></Cell></Row><Row><Cell><Data ss:Type="String">16.349.073-0</Data></Cell><Cell><Data ss:Type="String">Marjory Gissel</Data></Cell><Cell><Data ss:Type="String">Garrido Cayo</Data></Cell><Cell><Data ss:Type="String">MARJORY.GARRIDO@GMAIL.COM</Data></Cell><Cell><Data ss:Type="String">Sin grupo</Data></Cell><Cell><Data ss:Type="String">13-12-2021</Data></Cell><Cell><Data ss:Type="String">16:9</Data></Cell><Cell><Data ss:Type="String">Activo</Data></Cell></Row><Row><Cell><Data ss:Type="String">9.856.789-5</Data></Cell><Cell><Data ss:Type="String">Sandra Del Pilar</Data></Cell><Cell><Data ss:Type="String">Rodriguez Manzo</Data></Cell><Cell><Data ss:Type="String">srodriguezmanzo@gmail.com</Data></Cell><Cell><Data ss:Type="String">Sin grupo</Data></Cell><Cell><Data ss:Type="String">29-11-2021</Data></Cell><Cell><Data ss:Type="String">19:37</Data></Cell><Cell><Data ss:Type="String">Activo</Data></Cell></Row><Row><Cell><Data ss:Type="String">15.248.254-k</Data></Cell><Cell><Data ss:Type="String">Maritza Del Carmen</Data></Cell><Cell><Data ss:Type="String">Matus Acuña</Data></Cell><Cell><Data ss:Type="String">maritzita0209@gmail.com</Data></Cell><Cell><Data ss:Type="String">Sin grupo</Data></Cell><Cell><Data ss:Type="String">13-12-2021</Data></Cell><Cell><Data ss:Type="String">14:42</Data></Cell><Cell><Data ss:Type="String">Activo</Data></Cell></Row><Row><Cell><Data ss:Type="String">13.529.277-k</Data></Cell><Cell><Data ss:Type="String">Karen Viviana</Data></Cell><Cell><Data ss:Type="String">Rojas Valenzuela</Data></Cell><Cell><Data ss:Type="String">karen.rojas@escuelaclaudioarraucalama.cl</Data></Cell><Cell><Data ss:Type="String">Sin grupo</Data></Cell><Cell><Data ss:Type="String">12-12-2021</Data></Cell><Cell><Data ss:Type="String">22:59</Data></Cell><Cell><Data ss:Type="String">Activo</Data></Cell></Row><Row><Cell><Data ss:Type="String">10.386.927-7</Data></Cell><Cell><Data ss:Type="String">Paz María De Lourdes</Data></Cell><Cell><Data ss:Type="String">Zamorano González</Data></Cell><Cell><Data ss:Type="String">pacitazamorano@gmail.com</Data></Cell><Cell><Data ss:Type="String">Sin grupo</Data></Cell><Cell><Data ss:Type="String">14-12-2021</Data></Cell><Cell><Data ss:Type="String">9:35</Data></Cell><Cell><Data ss:Type="String">Activo</Data></Cell></Row><Row><Cell><Data ss:Type="String">15.169.379-2</Data></Cell><Cell><Data ss:Type="String">Evelyn Del Pilar</Data></Cell><Cell><Data ss:Type="String">Mendez Sandoval</Data></Cell><Cell><Data ss:Type="String">evepili85@hotmail.com</Data></Cell><Cell><Data ss:Type="String">Sin grupo</Data></Cell><Cell><Data ss:Type="String">Sin acceso</Data></Cell><Cell><Data ss:Type="String">Sin acceso</Data></Cell><Cell><Data ss:Type="String">Activo</Data></Cell></Row><Row><Cell><Data ss:Type="String">12.643.188-0</Data></Cell><Cell><Data ss:Type="String">Rita Alejandra</Data></Cell><Cell><Data ss:Type="String">Guentrepan Valdes</Data></Cell><Cell><Data ss:Type="String">ritaaleja1002@gmail.com</Data></Cell><Cell><Data ss:Type="String">Sin grupo</Data></Cell><Cell><Data ss:Type="String">8-12-2021</Data></Cell><Cell><Data ss:Type="String">18:33</Data></Cell><Cell><Data ss:Type="String">Activo</Data></Cell></Row><Row><Cell><Data ss:Type="String">7.036.904-4</Data></Cell><Cell><Data ss:Type="String">Viviana</Data></Cell><Cell><Data ss:Type="String">Díaz Medina</Data></Cell><Cell><Data ss:Type="String">vivikluz@gmail.com</Data></Cell><Cell><Data ss:Type="String">Sin grupo</Data></Cell><Cell><Data ss:Type="String">Sin acceso</Data></Cell><Cell><Data ss:Type="String">Sin acceso</Data></Cell><Cell><Data ss:Type="String">Activo</Data></Cell></Row><Row><Cell><Data ss:Type="String">9.135.786-0</Data></Cell><Cell><Data ss:Type="String">Nixa Del Carmen</Data></Cell><Cell><Data ss:Type="String">Tarifeño González</Data></Cell><Cell><Data ss:Type="String">nixat_1@hotmail.com</Data></Cell><Cell><Data ss:Type="String">Sin grupo</Data></Cell><Cell><Data ss:Type="String">7-12-2021</Data></Cell><Cell><Data ss:Type="String">16:37</Data></Cell><Cell><Data ss:Type="String">Activo</Data></Cell></Row><Row><Cell><Data ss:Type="String">17.501.800-k</Data></Cell><Cell><Data ss:Type="String">Ana María</Data></Cell><Cell><Data ss:Type="String">Gamboa Cantillana</Data></Cell><Cell><Data ss:Type="String">anmagac@hotmail.com</Data></Cell><Cell><Data ss:Type="String">Sin grupo</Data></Cell><Cell><Data ss:Type="String">27-10-2021</Data></Cell><Cell><Data ss:Type="String">13:16</Data></Cell><Cell><Data ss:Type="String">Activo</Data></Cell></Row><Row><Cell><Data ss:Type="String">11.758.460-7</Data></Cell><Cell><Data ss:Type="String">Enriqueta Del Carmen</Data></Cell><Cell><Data ss:Type="String">Aliaga Osorio</Data></Cell><Cell><Data ss:Type="String">pepy1973@hotmail.com</Data></Cell><Cell><Data ss:Type="String">Sin grupo</Data></Cell><Cell><Data ss:Type="String">13-12-2021</Data></Cell><Cell><Data ss:Type="String">15:22</Data></Cell><Cell><Data ss:Type="String">Activo</Data></Cell></Row><Row><Cell><Data ss:Type="String">17.745.747-7</Data></Cell><Cell><Data ss:Type="String">Marcela Andrea</Data></Cell><Cell><Data ss:Type="String">Astete Droguett</Data></Cell><Cell><Data ss:Type="String">marcela.astete@colegioddu.cl</Data></Cell><Cell><Data ss:Type="String">Sin grupo</Data></Cell><Cell><Data ss:Type="String">Sin acceso</Data></Cell><Cell><Data ss:Type="String">Sin acceso</Data></Cell><Cell><Data ss:Type="String">Activo</Data></Cell></Row><Row><Cell><Data ss:Type="String">14.224.355-5</Data></Cell><Cell><Data ss:Type="String">Yenifer Lissette</Data></Cell><Cell><Data ss:Type="String">García Herrera</Data></Cell><Cell><Data ss:Type="String">bascurlalo@gmail.com</Data></Cell><Cell><Data ss:Type="String">Sin grupo</Data></Cell><Cell><Data ss:Type="String">7-12-2021</Data></Cell><Cell><Data ss:Type="String">9:22</Data></Cell><Cell><Data ss:Type="String">Activo</Data></Cell></Row><Row><Cell><Data ss:Type="String">16.533.795-6</Data></Cell><Cell><Data ss:Type="String">Alejandra Valeska</Data></Cell><Cell><Data ss:Type="String">Ruiz Martínez</Data></Cell><Cell><Data ss:Type="String">aruiz@puertoaysen.cl</Data></Cell><Cell><Data ss:Type="String">Sin grupo</Data></Cell><Cell><Data ss:Type="String">14-12-2021</Data></Cell><Cell><Data ss:Type="String">14:37</Data></Cell><Cell><Data ss:Type="String">Activo</Data></Cell></Row><Row><Cell><Data ss:Type="String">9.511.338-9</Data></Cell><Cell><Data ss:Type="String">Andrea Alejandra</Data></Cell><Cell><Data ss:Type="String">Prieto Andrade</Data></Cell><Cell><Data ss:Type="String">andreaprieto.eplemaitre@cormupa.cl</Data></Cell><Cell><Data ss:Type="String">Sin grupo</Data></Cell><Cell><Data ss:Type="String">15-12-2021</Data></Cell><Cell><Data ss:Type="String">11:13</Data></Cell><Cell><Data ss:Type="String">Activo</Data></Cell></Row><Row><Cell><Data ss:Type="String">12.486.462-3</Data></Cell><Cell><Data ss:Type="String">Alejandro Mauricio</Data></Cell><Cell><Data ss:Type="String">Fuentes Jara</Data></Cell><Cell><Data ss:Type="String">alejandro.fuentes@colegiobaltazar.cl</Data></Cell><Cell><Data ss:Type="String">Sin grupo</Data></Cell><Cell><Data ss:Type="String">4-11-2021</Data></Cell><Cell><Data ss:Type="String">17:23</Data></Cell><Cell><Data ss:Type="String">Activo</Data></Cell></Row><Row><Cell><Data ss:Type="String">16.966.807-8</Data></Cell><Cell><Data ss:Type="String">Angelina Del Carmen</Data></Cell><Cell><Data ss:Type="String">Orellana Torres</Data></Cell><Cell><Data ss:Type="String">angelinaorellana28@gmail.com</Data></Cell><Cell><Data ss:Type="String">Sin grupo</Data></Cell><Cell><Data ss:Type="String">10-12-2021</Data></Cell><Cell><Data ss:Type="String">23:22</Data></Cell><Cell><Data ss:Type="String">Activo</Data></Cell></Row><Row><Cell><Data ss:Type="String">16.470.789-k</Data></Cell><Cell><Data ss:Type="String">Tania Valaska</Data></Cell><Cell><Data ss:Type="String">Escobar Lagos</Data></Cell><Cell><Data ss:Type="String">taniaescob@gmail.com</Data></Cell><Cell><Data ss:Type="String">Sin grupo</Data></Cell><Cell><Data ss:Type="String">6-12-2021</Data></Cell><Cell><Data ss:Type="String">11:18</Data></Cell><Cell><Data ss:Type="String">Activo</Data></Cell></Row><Row><Cell><Data ss:Type="String">10.683.078-9</Data></Cell><Cell><Data ss:Type="String">Iris Yolanda</Data></Cell><Cell><Data ss:Type="String">Guerrero Jerez</Data></Cell><Cell><Data ss:Type="String">irisguerrero@colegiobluco.com</Data></Cell><Cell><Data ss:Type="String">Sin grupo</Data></Cell><Cell><Data ss:Type="String">Sin acceso</Data></Cell><Cell><Data ss:Type="String">Sin acceso</Data></Cell><Cell><Data ss:Type="String">Activo</Data></Cell></Row><Row><Cell><Data ss:Type="String">12.605.024-0</Data></Cell><Cell><Data ss:Type="String">María Alicia</Data></Cell><Cell><Data ss:Type="String">Aguilar Aguilar</Data></Cell><Cell><Data ss:Type="String">alicy2010@live.com</Data></Cell><Cell><Data ss:Type="String">Sin grupo</Data></Cell><Cell><Data ss:Type="String">12-11-2021</Data></Cell><Cell><Data ss:Type="String">12:48</Data></Cell><Cell><Data ss:Type="String">Activo</Data></Cell></Row></Table></Worksheet></Workbook>