<?xml version="1.0"?><?mso-application progid="Excel.Sheet"?><Workbook xmlns="urn:schemas-microsoft-com:office:spreadsheet" xmlns:ss="urn:schemas-microsoft-com:office:spreadsheet"><DocumentProperties xmlns="urn:schemas-microsoft-com:office:office"><Author>Axel Richter</Author><Created>1639579916965</Created></DocumentProperties><Styles><Style ss:ID="Currency"><NumberFormat ss:Format="Currency"></NumberFormat></Style><Style ss:ID="Date"><NumberFormat ss:Format="Medium Date"></NumberFormat></Style></Styles><Worksheet ss:Name="General"><Table><Row><Cell><Data ss:Type="String">Reporte: </Data></Cell><Cell><Data ss:Type="String">Acceso a curso</Data></Cell></Row><Row><Cell><Data ss:Type="String">Categoría: </Data></Cell><Cell><Data ss:Type="String">Aulas Curso J (#1320)</Data></Cell></Row><Row><Cell><Data ss:Type="String">Curso: </Data></Cell><Cell><Data ss:Type="String">Plan de Formación: Curso J - Aula 4 (#10818)</Data></Cell></Row><Row><Cell><Data ss:Type="String">Fecha de generación: </Data></Cell><Cell><Data ss:Type="String">15/12/2021</Data></Cell></Row><Row></Row><Row><Cell><Data ss:Type="String">Fecha</Data></Cell><Cell><Data ss:Type="String">Cantidad</Data></Cell><Cell><Data ss:Type="String"></Data></Cell><Cell><Data ss:Type="String">Usuarios</Data></Cell><Cell><Data ss:Type="String">Cantidad</Data></Cell></Row><Row><Cell><Data ss:Type="String">12-10-2021</Data></Cell><Cell><Data ss:Type="String">20</Data></Cell><Cell><Data ss:Type="String"></Data></Cell><Cell><Data ss:Type="String">Con acceso </Data></Cell><Cell><Data ss:Type="String">74</Data></Cell></Row><Row><Cell><Data ss:Type="String">13-10-2021</Data></Cell><Cell><Data ss:Type="String">17</Data></Cell><Cell><Data ss:Type="String"></Data></Cell><Cell><Data ss:Type="String">Sin acceso </Data></Cell><Cell><Data ss:Type="String">13</Data></Cell></Row><Row><Cell><Data ss:Type="String">14-10-2021</Data></Cell><Cell><Data ss:Type="String">11</Data></Cell><Cell><Data ss:Type="String"></Data></Cell><Cell><Data ss:Type="String">Total </Data></Cell><Cell><Data ss:Type="String">87</Data></Cell></Row><Row><Cell><Data ss:Type="String">15-10-2021</Data></Cell><Cell><Data ss:Type="String">3</Data></Cell><Cell><Data ss:Type="String"></Data></Cell><Cell><Data ss:Type="String"></Data></Cell><Cell><Data ss:Type="String"></Data></Cell></Row><Row><Cell><Data ss:Type="String">16-10-2021</Data></Cell><Cell><Data ss:Type="String">4</Data></Cell><Cell><Data ss:Type="String"></Data></Cell><Cell><Data ss:Type="String"></Data></Cell><Cell><Data ss:Type="String"></Data></Cell></Row><Row><Cell><Data ss:Type="String">17-10-2021</Data></Cell><Cell><Data ss:Type="String">6</Data></Cell><Cell><Data ss:Type="String"></Data></Cell><Cell><Data ss:Type="String"></Data></Cell><Cell><Data ss:Type="String"></Data></Cell></Row><Row><Cell><Data ss:Type="String">18-10-2021</Data></Cell><Cell><Data ss:Type="String">18</Data></Cell><Cell><Data ss:Type="String"></Data></Cell><Cell><Data ss:Type="String"></Data></Cell><Cell><Data ss:Type="String"></Data></Cell></Row><Row><Cell><Data ss:Type="String">19-10-2021</Data></Cell><Cell><Data ss:Type="String">15</Data></Cell><Cell><Data ss:Type="String"></Data></Cell><Cell><Data ss:Type="String"></Data></Cell><Cell><Data ss:Type="String"></Data></Cell></Row><Row><Cell><Data ss:Type="String">20-10-2021</Data></Cell><Cell><Data ss:Type="String">12</Data></Cell><Cell><Data ss:Type="String"></Data></Cell><Cell><Data ss:Type="String"></Data></Cell><Cell><Data ss:Type="String"></Data></Cell></Row><Row><Cell><Data ss:Type="String">21-10-2021</Data></Cell><Cell><Data ss:Type="String">12</Data></Cell><Cell><Data ss:Type="String"></Data></Cell><Cell><Data ss:Type="String"></Data></Cell><Cell><Data ss:Type="String"></Data></Cell></Row><Row><Cell><Data ss:Type="String">22-10-2021</Data></Cell><Cell><Data ss:Type="String">6</Data></Cell><Cell><Data ss:Type="String"></Data></Cell><Cell><Data ss:Type="String"></Data></Cell><Cell><Data ss:Type="String"></Data></Cell></Row><Row><Cell><Data ss:Type="String">23-10-2021</Data></Cell><Cell><Data ss:Type="String">2</Data></Cell><Cell><Data ss:Type="String"></Data></Cell><Cell><Data ss:Type="String"></Data></Cell><Cell><Data ss:Type="String"></Data></Cell></Row><Row><Cell><Data ss:Type="String">24-10-2021</Data></Cell><Cell><Data ss:Type="String">3</Data></Cell><Cell><Data ss:Type="String"></Data></Cell><Cell><Data ss:Type="String"></Data></Cell><Cell><Data ss:Type="String"></Data></Cell></Row><Row><Cell><Data ss:Type="String">25-10-2021</Data></Cell><Cell><Data ss:Type="String">14</Data></Cell><Cell><Data ss:Type="String"></Data></Cell><Cell><Data ss:Type="String"></Data></Cell><Cell><Data ss:Type="String"></Data></Cell></Row><Row><Cell><Data ss:Type="String">26-10-2021</Data></Cell><Cell><Data ss:Type="String">10</Data></Cell><Cell><Data ss:Type="String"></Data></Cell><Cell><Data ss:Type="String"></Data></Cell><Cell><Data ss:Type="String"></Data></Cell></Row><Row><Cell><Data ss:Type="String">27-10-2021</Data></Cell><Cell><Data ss:Type="String">14</Data></Cell><Cell><Data ss:Type="String"></Data></Cell><Cell><Data ss:Type="String"></Data></Cell><Cell><Data ss:Type="String"></Data></Cell></Row><Row><Cell><Data ss:Type="String">28-10-2021</Data></Cell><Cell><Data ss:Type="String">9</Data></Cell><Cell><Data ss:Type="String"></Data></Cell><Cell><Data ss:Type="String"></Data></Cell><Cell><Data ss:Type="String"></Data></Cell></Row><Row><Cell><Data ss:Type="String">29-10-2021</Data></Cell><Cell><Data ss:Type="String">7</Data></Cell><Cell><Data ss:Type="String"></Data></Cell><Cell><Data ss:Type="String"></Data></Cell><Cell><Data ss:Type="String"></Data></Cell></Row><Row><Cell><Data ss:Type="String">30-10-2021</Data></Cell><Cell><Data ss:Type="String">1</Data></Cell><Cell><Data ss:Type="String"></Data></Cell><Cell><Data ss:Type="String"></Data></Cell><Cell><Data ss:Type="String"></Data></Cell></Row><Row><Cell><Data ss:Type="String">31-10-2021</Data></Cell><Cell><Data ss:Type="String">1</Data></Cell><Cell><Data ss:Type="String"></Data></Cell><Cell><Data ss:Type="String"></Data></Cell><Cell><Data ss:Type="String"></Data></Cell></Row><Row><Cell><Data ss:Type="String">01-11-2021</Data></Cell><Cell><Data ss:Type="String">4</Data></Cell><Cell><Data ss:Type="String"></Data></Cell><Cell><Data ss:Type="String"></Data></Cell><Cell><Data ss:Type="String"></Data></Cell></Row><Row><Cell><Data ss:Type="String">02-11-2021</Data></Cell><Cell><Data ss:Type="String">14</Data></Cell><Cell><Data ss:Type="String"></Data></Cell><Cell><Data ss:Type="String"></Data></Cell><Cell><Data ss:Type="String"></Data></Cell></Row><Row><Cell><Data ss:Type="String">03-11-2021</Data></Cell><Cell><Data ss:Type="String">14</Data></Cell><Cell><Data ss:Type="String"></Data></Cell><Cell><Data ss:Type="String"></Data></Cell><Cell><Data ss:Type="String"></Data></Cell></Row><Row><Cell><Data ss:Type="String">04-11-2021</Data></Cell><Cell><Data ss:Type="String">8</Data></Cell><Cell><Data ss:Type="String"></Data></Cell><Cell><Data ss:Type="String"></Data></Cell><Cell><Data ss:Type="String"></Data></Cell></Row><Row><Cell><Data ss:Type="String">05-11-2021</Data></Cell><Cell><Data ss:Type="String">9</Data></Cell><Cell><Data ss:Type="String"></Data></Cell><Cell><Data ss:Type="String"></Data></Cell><Cell><Data ss:Type="String"></Data></Cell></Row><Row><Cell><Data ss:Type="String">06-11-2021</Data></Cell><Cell><Data ss:Type="String">3</Data></Cell><Cell><Data ss:Type="String"></Data></Cell><Cell><Data ss:Type="String"></Data></Cell><Cell><Data ss:Type="String"></Data></Cell></Row><Row><Cell><Data ss:Type="String">07-11-2021</Data></Cell><Cell><Data ss:Type="String">6</Data></Cell><Cell><Data ss:Type="String"></Data></Cell><Cell><Data ss:Type="String"></Data></Cell><Cell><Data ss:Type="String"></Data></Cell></Row><Row><Cell><Data ss:Type="String">08-11-2021</Data></Cell><Cell><Data ss:Type="String">19</Data></Cell><Cell><Data ss:Type="String"></Data></Cell><Cell><Data ss:Type="String"></Data></Cell><Cell><Data ss:Type="String"></Data></Cell></Row><Row><Cell><Data ss:Type="String">09-11-2021</Data></Cell><Cell><Data ss:Type="String">19</Data></Cell><Cell><Data ss:Type="String"></Data></Cell><Cell><Data ss:Type="String"></Data></Cell><Cell><Data ss:Type="String"></Data></Cell></Row><Row><Cell><Data ss:Type="String">10-11-2021</Data></Cell><Cell><Data ss:Type="String">15</Data></Cell><Cell><Data ss:Type="String"></Data></Cell><Cell><Data ss:Type="String"></Data></Cell><Cell><Data ss:Type="String"></Data></Cell></Row><Row><Cell><Data ss:Type="String">11-11-2021</Data></Cell><Cell><Data ss:Type="String">16</Data></Cell><Cell><Data ss:Type="String"></Data></Cell><Cell><Data ss:Type="String"></Data></Cell><Cell><Data ss:Type="String"></Data></Cell></Row><Row><Cell><Data ss:Type="String">12-11-2021</Data></Cell><Cell><Data ss:Type="String">11</Data></Cell><Cell><Data ss:Type="String"></Data></Cell><Cell><Data ss:Type="String"></Data></Cell><Cell><Data ss:Type="String"></Data></Cell></Row><Row><Cell><Data ss:Type="String">13-11-2021</Data></Cell><Cell><Data ss:Type="String">7</Data></Cell><Cell><Data ss:Type="String"></Data></Cell><Cell><Data ss:Type="String"></Data></Cell><Cell><Data ss:Type="String"></Data></Cell></Row><Row><Cell><Data ss:Type="String">14-11-2021</Data></Cell><Cell><Data ss:Type="String">5</Data></Cell><Cell><Data ss:Type="String"></Data></Cell><Cell><Data ss:Type="String"></Data></Cell><Cell><Data ss:Type="String"></Data></Cell></Row><Row><Cell><Data ss:Type="String">15-11-2021</Data></Cell><Cell><Data ss:Type="String">16</Data></Cell><Cell><Data ss:Type="String"></Data></Cell><Cell><Data ss:Type="String"></Data></Cell><Cell><Data ss:Type="String"></Data></Cell></Row><Row><Cell><Data ss:Type="String">16-11-2021</Data></Cell><Cell><Data ss:Type="String">20</Data></Cell><Cell><Data ss:Type="String"></Data></Cell><Cell><Data ss:Type="String"></Data></Cell><Cell><Data ss:Type="String"></Data></Cell></Row><Row><Cell><Data ss:Type="String">17-11-2021</Data></Cell><Cell><Data ss:Type="String">22</Data></Cell><Cell><Data ss:Type="String"></Data></Cell><Cell><Data ss:Type="String"></Data></Cell><Cell><Data ss:Type="String"></Data></Cell></Row><Row><Cell><Data ss:Type="String">18-11-2021</Data></Cell><Cell><Data ss:Type="String">24</Data></Cell><Cell><Data ss:Type="String"></Data></Cell><Cell><Data ss:Type="String"></Data></Cell><Cell><Data ss:Type="String"></Data></Cell></Row><Row><Cell><Data ss:Type="String">19-11-2021</Data></Cell><Cell><Data ss:Type="String">27</Data></Cell><Cell><Data ss:Type="String"></Data></Cell><Cell><Data ss:Type="String"></Data></Cell><Cell><Data ss:Type="String"></Data></Cell></Row><Row><Cell><Data ss:Type="String">20-11-2021</Data></Cell><Cell><Data ss:Type="String">16</Data></Cell><Cell><Data ss:Type="String"></Data></Cell><Cell><Data ss:Type="String"></Data></Cell><Cell><Data ss:Type="String"></Data></Cell></Row><Row><Cell><Data ss:Type="String">21-11-2021</Data></Cell><Cell><Data ss:Type="String">13</Data></Cell><Cell><Data ss:Type="String"></Data></Cell><Cell><Data ss:Type="String"></Data></Cell><Cell><Data ss:Type="String"></Data></Cell></Row><Row><Cell><Data ss:Type="String">22-11-2021</Data></Cell><Cell><Data ss:Type="String">31</Data></Cell><Cell><Data ss:Type="String"></Data></Cell><Cell><Data ss:Type="String"></Data></Cell><Cell><Data ss:Type="String"></Data></Cell></Row><Row><Cell><Data ss:Type="String">23-11-2021</Data></Cell><Cell><Data ss:Type="String">31</Data></Cell><Cell><Data ss:Type="String"></Data></Cell><Cell><Data ss:Type="String"></Data></Cell><Cell><Data ss:Type="String"></Data></Cell></Row><Row><Cell><Data ss:Type="String">24-11-2021</Data></Cell><Cell><Data ss:Type="String">30</Data></Cell><Cell><Data ss:Type="String"></Data></Cell><Cell><Data ss:Type="String"></Data></Cell><Cell><Data ss:Type="String"></Data></Cell></Row><Row><Cell><Data ss:Type="String">25-11-2021</Data></Cell><Cell><Data ss:Type="String">33</Data></Cell><Cell><Data ss:Type="String"></Data></Cell><Cell><Data ss:Type="String"></Data></Cell><Cell><Data ss:Type="String"></Data></Cell></Row><Row><Cell><Data ss:Type="String">26-11-2021</Data></Cell><Cell><Data ss:Type="String">15</Data></Cell><Cell><Data ss:Type="String"></Data></Cell><Cell><Data ss:Type="String"></Data></Cell><Cell><Data ss:Type="String"></Data></Cell></Row><Row><Cell><Data ss:Type="String">27-11-2021</Data></Cell><Cell><Data ss:Type="String">3</Data></Cell><Cell><Data ss:Type="String"></Data></Cell><Cell><Data ss:Type="String"></Data></Cell><Cell><Data ss:Type="String"></Data></Cell></Row><Row><Cell><Data ss:Type="String">28-11-2021</Data></Cell><Cell><Data ss:Type="String">1</Data></Cell><Cell><Data ss:Type="String"></Data></Cell><Cell><Data ss:Type="String"></Data></Cell><Cell><Data ss:Type="String"></Data></Cell></Row><Row><Cell><Data ss:Type="String">29-11-2021</Data></Cell><Cell><Data ss:Type="String">11</Data></Cell><Cell><Data ss:Type="String"></Data></Cell><Cell><Data ss:Type="String"></Data></Cell><Cell><Data ss:Type="String"></Data></Cell></Row><Row><Cell><Data ss:Type="String">30-11-2021</Data></Cell><Cell><Data ss:Type="String">4</Data></Cell><Cell><Data ss:Type="String"></Data></Cell><Cell><Data ss:Type="String"></Data></Cell><Cell><Data ss:Type="String"></Data></Cell></Row><Row><Cell><Data ss:Type="String">01-12-2021</Data></Cell><Cell><Data ss:Type="String">2</Data></Cell><Cell><Data ss:Type="String"></Data></Cell><Cell><Data ss:Type="String"></Data></Cell><Cell><Data ss:Type="String"></Data></Cell></Row><Row><Cell><Data ss:Type="String">02-12-2021</Data></Cell><Cell><Data ss:Type="String">5</Data></Cell><Cell><Data ss:Type="String"></Data></Cell><Cell><Data ss:Type="String"></Data></Cell><Cell><Data ss:Type="String"></Data></Cell></Row><Row><Cell><Data ss:Type="String">03-12-2021</Data></Cell><Cell><Data ss:Type="String">2</Data></Cell><Cell><Data ss:Type="String"></Data></Cell><Cell><Data ss:Type="String"></Data></Cell><Cell><Data ss:Type="String"></Data></Cell></Row><Row><Cell><Data ss:Type="String">04-12-2021</Data></Cell><Cell><Data ss:Type="String">1</Data></Cell><Cell><Data ss:Type="String"></Data></Cell><Cell><Data ss:Type="String"></Data></Cell><Cell><Data ss:Type="String"></Data></Cell></Row><Row><Cell><Data ss:Type="String">05-12-2021</Data></Cell><Cell><Data ss:Type="String">1</Data></Cell><Cell><Data ss:Type="String"></Data></Cell><Cell><Data ss:Type="String"></Data></Cell><Cell><Data ss:Type="String"></Data></Cell></Row><Row><Cell><Data ss:Type="String">06-12-2021</Data></Cell><Cell><Data ss:Type="String">6</Data></Cell><Cell><Data ss:Type="String"></Data></Cell><Cell><Data ss:Type="String"></Data></Cell><Cell><Data ss:Type="String"></Data></Cell></Row><Row><Cell><Data ss:Type="String">07-12-2021</Data></Cell><Cell><Data ss:Type="String">4</Data></Cell><Cell><Data ss:Type="String"></Data></Cell><Cell><Data ss:Type="String"></Data></Cell><Cell><Data ss:Type="String"></Data></Cell></Row><Row><Cell><Data ss:Type="String">08-12-2021</Data></Cell><Cell><Data ss:Type="String">1</Data></Cell><Cell><Data ss:Type="String"></Data></Cell><Cell><Data ss:Type="String"></Data></Cell><Cell><Data ss:Type="String"></Data></Cell></Row><Row><Cell><Data ss:Type="String">09-12-2021</Data></Cell><Cell><Data ss:Type="String">6</Data></Cell><Cell><Data ss:Type="String"></Data></Cell><Cell><Data ss:Type="String"></Data></Cell><Cell><Data ss:Type="String"></Data></Cell></Row><Row><Cell><Data ss:Type="String">10-12-2021</Data></Cell><Cell><Data ss:Type="String">2</Data></Cell><Cell><Data ss:Type="String"></Data></Cell><Cell><Data ss:Type="String"></Data></Cell><Cell><Data ss:Type="String"></Data></Cell></Row><Row><Cell><Data ss:Type="String">11-12-2021</Data></Cell><Cell><Data ss:Type="String">3</Data></Cell><Cell><Data ss:Type="String"></Data></Cell><Cell><Data ss:Type="String"></Data></Cell><Cell><Data ss:Type="String"></Data></Cell></Row><Row><Cell><Data ss:Type="String">12-12-2021</Data></Cell><Cell><Data ss:Type="String">3</Data></Cell><Cell><Data ss:Type="String"></Data></Cell><Cell><Data ss:Type="String"></Data></Cell><Cell><Data ss:Type="String"></Data></Cell></Row><Row><Cell><Data ss:Type="String">13-12-2021</Data></Cell><Cell><Data ss:Type="String">12</Data></Cell><Cell><Data ss:Type="String"></Data></Cell><Cell><Data ss:Type="String"></Data></Cell><Cell><Data ss:Type="String"></Data></Cell></Row><Row><Cell><Data ss:Type="String">14-12-2021</Data></Cell><Cell><Data ss:Type="String">8</Data></Cell><Cell><Data ss:Type="String"></Data></Cell><Cell><Data ss:Type="String"></Data></Cell><Cell><Data ss:Type="String"></Data></Cell></Row><Row><Cell><Data ss:Type="String">15-12-2021</Data></Cell><Cell><Data ss:Type="String">1</Data></Cell><Cell><Data ss:Type="String"></Data></Cell><Cell><Data ss:Type="String"></Data></Cell><Cell><Data ss:Type="String"></Data></Cell></Row><Row><Cell><Data ss:Type="String">Total</Data></Cell><Cell><Data ss:Type="String">689</Data></Cell><Cell><Data ss:Type="String"></Data></Cell><Cell><Data ss:Type="String"></Data></Cell><Cell><Data ss:Type="String"></Data></Cell></Row></Table></Worksheet><Worksheet ss:Name="Detalle"><Table><Row><Cell><Data ss:Type="String">Rut</Data></Cell><Cell><Data ss:Type="String">Nombre</Data></Cell><Cell><Data ss:Type="String">Apellido</Data></Cell><Cell><Data ss:Type="String">Correo</Data></Cell><Cell><Data ss:Type="String">Grupo</Data></Cell><Cell><Data ss:Type="String">Fecha útimo acceso</Data></Cell><Cell><Data ss:Type="String">Hora útimo acceso</Data></Cell><Cell><Data ss:Type="String">Estado</Data></Cell></Row><Row><Cell><Data ss:Type="String">15.267.604-2</Data></Cell><Cell><Data ss:Type="String">Ximena Pilar</Data></Cell><Cell><Data ss:Type="String">Fernandez Peña</Data></Cell><Cell><Data ss:Type="String">ximenafernand22@hotmail.com</Data></Cell><Cell><Data ss:Type="String">Sin grupo</Data></Cell><Cell><Data ss:Type="String">14-12-2021</Data></Cell><Cell><Data ss:Type="String">11:29</Data></Cell><Cell><Data ss:Type="String">Activo</Data></Cell></Row><Row><Cell><Data ss:Type="String">19.594.930-1</Data></Cell><Cell><Data ss:Type="String">JOSELINNE ANDREA</Data></Cell><Cell><Data ss:Type="String">SEPÚLVEDA CONEJEROS</Data></Cell><Cell><Data ss:Type="String">JOSITASEPULVEDA@GMAIL.COM</Data></Cell><Cell><Data ss:Type="String">Sin grupo</Data></Cell><Cell><Data ss:Type="String">13-12-2021</Data></Cell><Cell><Data ss:Type="String">16:39</Data></Cell><Cell><Data ss:Type="String">Activo</Data></Cell></Row><Row><Cell><Data ss:Type="String">11.352.292-5</Data></Cell><Cell><Data ss:Type="String">ANDREA LORENA</Data></Cell><Cell><Data ss:Type="String">OPAZO CID</Data></Cell><Cell><Data ss:Type="String">ANDREALORENA1968@GMAI.COM</Data></Cell><Cell><Data ss:Type="String">Sin grupo</Data></Cell><Cell><Data ss:Type="String">19-11-2021</Data></Cell><Cell><Data ss:Type="String">17:56</Data></Cell><Cell><Data ss:Type="String">Activo</Data></Cell></Row><Row><Cell><Data ss:Type="String">15.077.979-0</Data></Cell><Cell><Data ss:Type="String">MARCELA ALEJANDRA</Data></Cell><Cell><Data ss:Type="String">CASTRO GUERRA</Data></Cell><Cell><Data ss:Type="String">MARCELA0892@GMAIL.COM</Data></Cell><Cell><Data ss:Type="String">Sin grupo</Data></Cell><Cell><Data ss:Type="String">Sin acceso</Data></Cell><Cell><Data ss:Type="String">Sin acceso</Data></Cell><Cell><Data ss:Type="String">Activo</Data></Cell></Row><Row><Cell><Data ss:Type="String">14.420.664-9</Data></Cell><Cell><Data ss:Type="String">NATALIA</Data></Cell><Cell><Data ss:Type="String">ARANCIBIA CABALLERO</Data></Cell><Cell><Data ss:Type="String">NATIAR1974@HOTMAIL.COM</Data></Cell><Cell><Data ss:Type="String">Sin grupo</Data></Cell><Cell><Data ss:Type="String">6-12-2021</Data></Cell><Cell><Data ss:Type="String">23:15</Data></Cell><Cell><Data ss:Type="String">Activo</Data></Cell></Row><Row><Cell><Data ss:Type="String">17.991.566-9</Data></Cell><Cell><Data ss:Type="String">YESENIA KARINA</Data></Cell><Cell><Data ss:Type="String">PEREZ LOBOS</Data></Cell><Cell><Data ss:Type="String">YESENIAKARINA23.YP@GMAIL.COM</Data></Cell><Cell><Data ss:Type="String">Sin grupo</Data></Cell><Cell><Data ss:Type="String">25-10-2021</Data></Cell><Cell><Data ss:Type="String">14:26</Data></Cell><Cell><Data ss:Type="String">Activo</Data></Cell></Row><Row><Cell><Data ss:Type="String">8.762.103-0</Data></Cell><Cell><Data ss:Type="String">MIRTA EUGENIA</Data></Cell><Cell><Data ss:Type="String">CALDERON HINOSTROZA</Data></Cell><Cell><Data ss:Type="String">MIRTA.ECALDERON@GMAIL.COM</Data></Cell><Cell><Data ss:Type="String">Sin grupo</Data></Cell><Cell><Data ss:Type="String">23-11-2021</Data></Cell><Cell><Data ss:Type="String">11:20</Data></Cell><Cell><Data ss:Type="String">Activo</Data></Cell></Row><Row><Cell><Data ss:Type="String">8.136.839-2</Data></Cell><Cell><Data ss:Type="String">MIRIAM DEL CARMEN</Data></Cell><Cell><Data ss:Type="String">CHACANA DORADOR</Data></Cell><Cell><Data ss:Type="String">MICHACA27@HOTMAIL.COM</Data></Cell><Cell><Data ss:Type="String">Sin grupo</Data></Cell><Cell><Data ss:Type="String">26-11-2021</Data></Cell><Cell><Data ss:Type="String">11:56</Data></Cell><Cell><Data ss:Type="String">Activo</Data></Cell></Row><Row><Cell><Data ss:Type="String">8.392.920-0</Data></Cell><Cell><Data ss:Type="String">Gladys</Data></Cell><Cell><Data ss:Type="String">Molina</Data></Cell><Cell><Data ss:Type="String">GBML70@YAHOO.ES</Data></Cell><Cell><Data ss:Type="String">Sin grupo</Data></Cell><Cell><Data ss:Type="String">20-11-2021</Data></Cell><Cell><Data ss:Type="String">23:1</Data></Cell><Cell><Data ss:Type="String">Activo</Data></Cell></Row><Row><Cell><Data ss:Type="String">9.533.226-9</Data></Cell><Cell><Data ss:Type="String">ROXANA DELMINDA</Data></Cell><Cell><Data ss:Type="String">ESCALONA TAPIA</Data></Cell><Cell><Data ss:Type="String">RESCALONAT@COLEGIOANDRESBELLO.CL</Data></Cell><Cell><Data ss:Type="String">Sin grupo</Data></Cell><Cell><Data ss:Type="String">25-11-2021</Data></Cell><Cell><Data ss:Type="String">15:21</Data></Cell><Cell><Data ss:Type="String">Activo</Data></Cell></Row><Row><Cell><Data ss:Type="String">7.852.461-8</Data></Cell><Cell><Data ss:Type="String">EDITH DEL CARMEN</Data></Cell><Cell><Data ss:Type="String">VERA CAMPOS</Data></Cell><Cell><Data ss:Type="String">ECAVECAM@GMAIL.COM</Data></Cell><Cell><Data ss:Type="String">Sin grupo</Data></Cell><Cell><Data ss:Type="String">Sin acceso</Data></Cell><Cell><Data ss:Type="String">Sin acceso</Data></Cell><Cell><Data ss:Type="String">Activo</Data></Cell></Row><Row><Cell><Data ss:Type="String">15.693.275-2</Data></Cell><Cell><Data ss:Type="String">ALEJANDRO JAVIER</Data></Cell><Cell><Data ss:Type="String">MARTÍNEZ MORALES</Data></Cell><Cell><Data ss:Type="String">J4NO@HOTMAIL.COM</Data></Cell><Cell><Data ss:Type="String">Sin grupo</Data></Cell><Cell><Data ss:Type="String">22-11-2021</Data></Cell><Cell><Data ss:Type="String">20:57</Data></Cell><Cell><Data ss:Type="String">Activo</Data></Cell></Row><Row><Cell><Data ss:Type="String">9.301.194-5</Data></Cell><Cell><Data ss:Type="String">IRIS VIOLETA</Data></Cell><Cell><Data ss:Type="String">ROCCO OLIVARES</Data></Cell><Cell><Data ss:Type="String">IRIS.ROCCO@GMAIL.COM</Data></Cell><Cell><Data ss:Type="String">Sin grupo</Data></Cell><Cell><Data ss:Type="String">18-11-2021</Data></Cell><Cell><Data ss:Type="String">15:8</Data></Cell><Cell><Data ss:Type="String">Activo</Data></Cell></Row><Row><Cell><Data ss:Type="String">6.562.812-0</Data></Cell><Cell><Data ss:Type="String">PEDRO FERNANDO</Data></Cell><Cell><Data ss:Type="String">ARO SOTO</Data></Cell><Cell><Data ss:Type="String">PEDRITOARO@GMAIL.COM</Data></Cell><Cell><Data ss:Type="String">Sin grupo</Data></Cell><Cell><Data ss:Type="String">24-10-2021</Data></Cell><Cell><Data ss:Type="String">23:19</Data></Cell><Cell><Data ss:Type="String">Activo</Data></Cell></Row><Row><Cell><Data ss:Type="String">13.139.159-5</Data></Cell><Cell><Data ss:Type="String">JIMENA VERONICA</Data></Cell><Cell><Data ss:Type="String">TOLEDO GARRIDO</Data></Cell><Cell><Data ss:Type="String">JIMENATOLEDO@DAEMSPP.CL</Data></Cell><Cell><Data ss:Type="String">Sin grupo</Data></Cell><Cell><Data ss:Type="String">6-12-2021</Data></Cell><Cell><Data ss:Type="String">20:34</Data></Cell><Cell><Data ss:Type="String">Activo</Data></Cell></Row><Row><Cell><Data ss:Type="String">8.188.445-5</Data></Cell><Cell><Data ss:Type="String">SERGIO GUILLERMO</Data></Cell><Cell><Data ss:Type="String">REBOLLEDO GALLEGOS</Data></Cell><Cell><Data ss:Type="String">SERGIO.REBOLLEDO@COEMCO.CL</Data></Cell><Cell><Data ss:Type="String">Sin grupo</Data></Cell><Cell><Data ss:Type="String">13-12-2021</Data></Cell><Cell><Data ss:Type="String">22:7</Data></Cell><Cell><Data ss:Type="String">Activo</Data></Cell></Row><Row><Cell><Data ss:Type="String">15.678.147-9</Data></Cell><Cell><Data ss:Type="String">CAROLINA DE LOURDE</Data></Cell><Cell><Data ss:Type="String">MUÑOZ POBLETE</Data></Cell><Cell><Data ss:Type="String">CAROLINA230883@GMAIL.COM</Data></Cell><Cell><Data ss:Type="String">Sin grupo</Data></Cell><Cell><Data ss:Type="String">24-11-2021</Data></Cell><Cell><Data ss:Type="String">10:12</Data></Cell><Cell><Data ss:Type="String">Activo</Data></Cell></Row><Row><Cell><Data ss:Type="String">10.413.400-9</Data></Cell><Cell><Data ss:Type="String">Christian Rafael</Data></Cell><Cell><Data ss:Type="String">Ordenes Vila</Data></Cell><Cell><Data ss:Type="String">cordenes@fde.maristas.cl</Data></Cell><Cell><Data ss:Type="String">Sin grupo</Data></Cell><Cell><Data ss:Type="String">8-12-2021</Data></Cell><Cell><Data ss:Type="String">10:21</Data></Cell><Cell><Data ss:Type="String">Activo</Data></Cell></Row><Row><Cell><Data ss:Type="String">13.226.874-6</Data></Cell><Cell><Data ss:Type="String">Maria Soledad</Data></Cell><Cell><Data ss:Type="String">Peña Arenas</Data></Cell><Cell><Data ss:Type="String">SOLSITA2_9@HOTMAIL.COM</Data></Cell><Cell><Data ss:Type="String">Sin grupo</Data></Cell><Cell><Data ss:Type="String">14-12-2021</Data></Cell><Cell><Data ss:Type="String">21:50</Data></Cell><Cell><Data ss:Type="String">Activo</Data></Cell></Row><Row><Cell><Data ss:Type="String">13.626.606-3</Data></Cell><Cell><Data ss:Type="String">Ardubina</Data></Cell><Cell><Data ss:Type="String">Cruces Henríquez - 17924</Data></Cell><Cell><Data ss:Type="String">crannsbiblio@gmail.com</Data></Cell><Cell><Data ss:Type="String">Sin grupo</Data></Cell><Cell><Data ss:Type="String">1-12-2021</Data></Cell><Cell><Data ss:Type="String">17:56</Data></Cell><Cell><Data ss:Type="String">Activo</Data></Cell></Row><Row><Cell><Data ss:Type="String">13.573.270-2</Data></Cell><Cell><Data ss:Type="String">MARGARITA ALEJANDRA</Data></Cell><Cell><Data ss:Type="String">GAMBOA CALQUÍN - 2820</Data></Cell><Cell><Data ss:Type="String">MAYLL_78@HOTMAIL.COM</Data></Cell><Cell><Data ss:Type="String">Sin grupo</Data></Cell><Cell><Data ss:Type="String">25-11-2021</Data></Cell><Cell><Data ss:Type="String">22:34</Data></Cell><Cell><Data ss:Type="String">Activo</Data></Cell></Row><Row><Cell><Data ss:Type="String">11.791.277-9</Data></Cell><Cell><Data ss:Type="String">KARINA DEL PILAR</Data></Cell><Cell><Data ss:Type="String">CORREA AEDO</Data></Cell><Cell><Data ss:Type="String">KARINA.CORRERA@COLEGIONUEVAESPERANZA.CL</Data></Cell><Cell><Data ss:Type="String">Sin grupo</Data></Cell><Cell><Data ss:Type="String">1-12-2021</Data></Cell><Cell><Data ss:Type="String">16:40</Data></Cell><Cell><Data ss:Type="String">Activo</Data></Cell></Row><Row><Cell><Data ss:Type="String">9.687.315-8</Data></Cell><Cell><Data ss:Type="String">GLORIA MARGARITA</Data></Cell><Cell><Data ss:Type="String">COFRÉ BONILLA</Data></Cell><Cell><Data ss:Type="String">COFREGLORIA@GMAIL.COM</Data></Cell><Cell><Data ss:Type="String">Sin grupo</Data></Cell><Cell><Data ss:Type="String">13-12-2021</Data></Cell><Cell><Data ss:Type="String">10:8</Data></Cell><Cell><Data ss:Type="String">Activo</Data></Cell></Row><Row><Cell><Data ss:Type="String">8.734.938-1</Data></Cell><Cell><Data ss:Type="String">GABRIELA MALVINA</Data></Cell><Cell><Data ss:Type="String">AGUIRRE CHACON</Data></Cell><Cell><Data ss:Type="String">GABACH5@HOTMAIL.COM</Data></Cell><Cell><Data ss:Type="String">Sin grupo</Data></Cell><Cell><Data ss:Type="String">30-11-2021</Data></Cell><Cell><Data ss:Type="String">19:24</Data></Cell><Cell><Data ss:Type="String">Activo</Data></Cell></Row><Row><Cell><Data ss:Type="String">12.961.721-7</Data></Cell><Cell><Data ss:Type="String">Sandra Carolina</Data></Cell><Cell><Data ss:Type="String">Pacheco Parraguez</Data></Cell><Cell><Data ss:Type="String">pachecosandri@hotmail.es</Data></Cell><Cell><Data ss:Type="String">Sin grupo</Data></Cell><Cell><Data ss:Type="String">3-12-2021</Data></Cell><Cell><Data ss:Type="String">11:42</Data></Cell><Cell><Data ss:Type="String">Activo</Data></Cell></Row><Row><Cell><Data ss:Type="String">6.316.170-5</Data></Cell><Cell><Data ss:Type="String">MARIA PAULINA</Data></Cell><Cell><Data ss:Type="String">SEPULVEDA DELGADO</Data></Cell><Cell><Data ss:Type="String">PSEPULVEDADELGADO@HOTMAIL.COM</Data></Cell><Cell><Data ss:Type="String">Sin grupo</Data></Cell><Cell><Data ss:Type="String">15-11-2021</Data></Cell><Cell><Data ss:Type="String">10:36</Data></Cell><Cell><Data ss:Type="String">Activo</Data></Cell></Row><Row><Cell><Data ss:Type="String">12.944.397-9</Data></Cell><Cell><Data ss:Type="String">ROSA ALEJANDRA</Data></Cell><Cell><Data ss:Type="String">COFRE HENRIQUEZ</Data></Cell><Cell><Data ss:Type="String">KIKAHEMRA@GMAIL.COM</Data></Cell><Cell><Data ss:Type="String">Sin grupo</Data></Cell><Cell><Data ss:Type="String">Sin acceso</Data></Cell><Cell><Data ss:Type="String">Sin acceso</Data></Cell><Cell><Data ss:Type="String">Activo</Data></Cell></Row><Row><Cell><Data ss:Type="String">16.577.100-1</Data></Cell><Cell><Data ss:Type="String">ELIZABETH FERNANDA</Data></Cell><Cell><Data ss:Type="String">CHAMIZO MÉNDEZ</Data></Cell><Cell><Data ss:Type="String">ELIZABETHCHAMIZO@GMAIL.COM</Data></Cell><Cell><Data ss:Type="String">Sin grupo</Data></Cell><Cell><Data ss:Type="String">26-11-2021</Data></Cell><Cell><Data ss:Type="String">13:9</Data></Cell><Cell><Data ss:Type="String">Activo</Data></Cell></Row><Row><Cell><Data ss:Type="String">12.005.012-5</Data></Cell><Cell><Data ss:Type="String">MELITA DEL CARMEN</Data></Cell><Cell><Data ss:Type="String">MANCILLA TURRA</Data></Cell><Cell><Data ss:Type="String">MELITAMANSILLA@HOTMAIL.COM</Data></Cell><Cell><Data ss:Type="String">Sin grupo</Data></Cell><Cell><Data ss:Type="String">12-12-2021</Data></Cell><Cell><Data ss:Type="String">19:51</Data></Cell><Cell><Data ss:Type="String">Activo</Data></Cell></Row><Row><Cell><Data ss:Type="String">12.531.102-4</Data></Cell><Cell><Data ss:Type="String">PAOLA ANDREA</Data></Cell><Cell><Data ss:Type="String">CORDOVA MUNOZ</Data></Cell><Cell><Data ss:Type="String">INTIN95B@GMAIL.COM</Data></Cell><Cell><Data ss:Type="String">Sin grupo</Data></Cell><Cell><Data ss:Type="String">22-11-2021</Data></Cell><Cell><Data ss:Type="String">19:8</Data></Cell><Cell><Data ss:Type="String">Activo</Data></Cell></Row><Row><Cell><Data ss:Type="String">8.261.509-1</Data></Cell><Cell><Data ss:Type="String">LEDA</Data></Cell><Cell><Data ss:Type="String">SANCHEZ PARRA</Data></Cell><Cell><Data ss:Type="String">MINUSAN08@HOTMAIL.COM</Data></Cell><Cell><Data ss:Type="String">Sin grupo</Data></Cell><Cell><Data ss:Type="String">Sin acceso</Data></Cell><Cell><Data ss:Type="String">Sin acceso</Data></Cell><Cell><Data ss:Type="String">Activo</Data></Cell></Row><Row><Cell><Data ss:Type="String">11.640.602-0</Data></Cell><Cell><Data ss:Type="String">MANON</Data></Cell><Cell><Data ss:Type="String">SALAS PIRAUD</Data></Cell><Cell><Data ss:Type="String">MANONDENISSE@GMAIL.COM</Data></Cell><Cell><Data ss:Type="String">Sin grupo</Data></Cell><Cell><Data ss:Type="String">14-12-2021</Data></Cell><Cell><Data ss:Type="String">17:27</Data></Cell><Cell><Data ss:Type="String">Activo</Data></Cell></Row><Row><Cell><Data ss:Type="String">9.946.195-0</Data></Cell><Cell><Data ss:Type="String">Leticia</Data></Cell><Cell><Data ss:Type="String">Roa Roa</Data></Cell><Cell><Data ss:Type="String">ambar154@gmail.com</Data></Cell><Cell><Data ss:Type="String">Sin grupo</Data></Cell><Cell><Data ss:Type="String">25-10-2021</Data></Cell><Cell><Data ss:Type="String">16:38</Data></Cell><Cell><Data ss:Type="String">Activo</Data></Cell></Row><Row><Cell><Data ss:Type="String">11.170.265-9</Data></Cell><Cell><Data ss:Type="String">CARMEN DE LA PAZ</Data></Cell><Cell><Data ss:Type="String">PONCE MALLEA</Data></Cell><Cell><Data ss:Type="String">CARMENPONCEMALLEA@HOTMAIL.ES</Data></Cell><Cell><Data ss:Type="String">Sin grupo</Data></Cell><Cell><Data ss:Type="String">27-10-2021</Data></Cell><Cell><Data ss:Type="String">17:18</Data></Cell><Cell><Data ss:Type="String">Activo</Data></Cell></Row><Row><Cell><Data ss:Type="String">8.063.524-9</Data></Cell><Cell><Data ss:Type="String">Susana Inés</Data></Cell><Cell><Data ss:Type="String">Cortés Cofré</Data></Cell><Cell><Data ss:Type="String">scortes@profesores.corpotal.cl</Data></Cell><Cell><Data ss:Type="String">Sin grupo</Data></Cell><Cell><Data ss:Type="String">24-11-2021</Data></Cell><Cell><Data ss:Type="String">6:32</Data></Cell><Cell><Data ss:Type="String">Activo</Data></Cell></Row><Row><Cell><Data ss:Type="String">17.297.251-9</Data></Cell><Cell><Data ss:Type="String">ARCELIA</Data></Cell><Cell><Data ss:Type="String">MONTEROS GATICA - 22451</Data></Cell><Cell><Data ss:Type="String">amonterogatica@gmail.com</Data></Cell><Cell><Data ss:Type="String">Sin grupo</Data></Cell><Cell><Data ss:Type="String">Sin acceso</Data></Cell><Cell><Data ss:Type="String">Sin acceso</Data></Cell><Cell><Data ss:Type="String">Activo</Data></Cell></Row><Row><Cell><Data ss:Type="String">15.267.979-3</Data></Cell><Cell><Data ss:Type="String">CAROLINA</Data></Cell><Cell><Data ss:Type="String">POBLETE CARDENAS</Data></Cell><Cell><Data ss:Type="String">uc.cpoblete@gmail.com</Data></Cell><Cell><Data ss:Type="String">Sin grupo</Data></Cell><Cell><Data ss:Type="String">29-11-2021</Data></Cell><Cell><Data ss:Type="String">9:40</Data></Cell><Cell><Data ss:Type="String">Activo</Data></Cell></Row><Row><Cell><Data ss:Type="String">16.690.259-2</Data></Cell><Cell><Data ss:Type="String">JOCELYN VIVIANA</Data></Cell><Cell><Data ss:Type="String">FIERRO PINTO</Data></Cell><Cell><Data ss:Type="String">JOCEL1712@HOTMAIL.COM</Data></Cell><Cell><Data ss:Type="String">Sin grupo</Data></Cell><Cell><Data ss:Type="String">23-11-2021</Data></Cell><Cell><Data ss:Type="String">18:5</Data></Cell><Cell><Data ss:Type="String">Activo</Data></Cell></Row><Row><Cell><Data ss:Type="String">18.849.111-1</Data></Cell><Cell><Data ss:Type="String">ANDREA</Data></Cell><Cell><Data ss:Type="String">OLIVARES JELDRES</Data></Cell><Cell><Data ss:Type="String">A.JELDRES.O94@GMAIL.COM</Data></Cell><Cell><Data ss:Type="String">Sin grupo</Data></Cell><Cell><Data ss:Type="String">22-10-2021</Data></Cell><Cell><Data ss:Type="String">10:39</Data></Cell><Cell><Data ss:Type="String">Activo</Data></Cell></Row><Row><Cell><Data ss:Type="String">10.767.611-2</Data></Cell><Cell><Data ss:Type="String">Paola Andra</Data></Cell><Cell><Data ss:Type="String">Araya Pizarro</Data></Cell><Cell><Data ss:Type="String">ARAYA.PAOLA10@GMAIL.COM</Data></Cell><Cell><Data ss:Type="String">Sin grupo</Data></Cell><Cell><Data ss:Type="String">19-10-2021</Data></Cell><Cell><Data ss:Type="String">13:13</Data></Cell><Cell><Data ss:Type="String">Activo</Data></Cell></Row><Row><Cell><Data ss:Type="String">18.226.965-4</Data></Cell><Cell><Data ss:Type="String">BARBARA </Data></Cell><Cell><Data ss:Type="String">CANALES ROJAS</Data></Cell><Cell><Data ss:Type="String">BARBARANICOL.CANALES@GMAIL.COM</Data></Cell><Cell><Data ss:Type="String">Sin grupo</Data></Cell><Cell><Data ss:Type="String">Sin acceso</Data></Cell><Cell><Data ss:Type="String">Sin acceso</Data></Cell><Cell><Data ss:Type="String">Activo</Data></Cell></Row><Row><Cell><Data ss:Type="String">9.190.485-3</Data></Cell><Cell><Data ss:Type="String">José Armando</Data></Cell><Cell><Data ss:Type="String">Cuello Jiménez</Data></Cell><Cell><Data ss:Type="String">jose.cuello@slepcolchagua.cl</Data></Cell><Cell><Data ss:Type="String">Sin grupo</Data></Cell><Cell><Data ss:Type="String">24-11-2021</Data></Cell><Cell><Data ss:Type="String">21:58</Data></Cell><Cell><Data ss:Type="String">Activo</Data></Cell></Row><Row><Cell><Data ss:Type="String">10.145.436-3</Data></Cell><Cell><Data ss:Type="String">ELIZABETH YANETT</Data></Cell><Cell><Data ss:Type="String">LOPEZ  MENESES</Data></Cell><Cell><Data ss:Type="String">ELIZABETH_LOPEZ@LIVE.CL</Data></Cell><Cell><Data ss:Type="String">Sin grupo</Data></Cell><Cell><Data ss:Type="String">Sin acceso</Data></Cell><Cell><Data ss:Type="String">Sin acceso</Data></Cell><Cell><Data ss:Type="String">Activo</Data></Cell></Row><Row><Cell><Data ss:Type="String">24.396.258-7</Data></Cell><Cell><Data ss:Type="String">ELIZABETH ERIkA</Data></Cell><Cell><Data ss:Type="String">VENTURA NINA</Data></Cell><Cell><Data ss:Type="String">EEVN80@GMAIL.COM</Data></Cell><Cell><Data ss:Type="String">Sin grupo</Data></Cell><Cell><Data ss:Type="String">25-11-2021</Data></Cell><Cell><Data ss:Type="String">22:37</Data></Cell><Cell><Data ss:Type="String">Activo</Data></Cell></Row><Row><Cell><Data ss:Type="String">12.717.269-2</Data></Cell><Cell><Data ss:Type="String">VIVIANA</Data></Cell><Cell><Data ss:Type="String">ILNAO GALLARDO</Data></Cell><Cell><Data ss:Type="String">VILNA@HOTMAIL.COM</Data></Cell><Cell><Data ss:Type="String">Sin grupo</Data></Cell><Cell><Data ss:Type="String">Sin acceso</Data></Cell><Cell><Data ss:Type="String">Sin acceso</Data></Cell><Cell><Data ss:Type="String">Activo</Data></Cell></Row><Row><Cell><Data ss:Type="String">10.824.783-5</Data></Cell><Cell><Data ss:Type="String">MARIA VIVIANA</Data></Cell><Cell><Data ss:Type="String">CARVAJAL ALVAREZ</Data></Cell><Cell><Data ss:Type="String">MARVIVI65@GMAIL.COM</Data></Cell><Cell><Data ss:Type="String">Sin grupo</Data></Cell><Cell><Data ss:Type="String">11-12-2021</Data></Cell><Cell><Data ss:Type="String">20:38</Data></Cell><Cell><Data ss:Type="String">Activo</Data></Cell></Row><Row><Cell><Data ss:Type="String">12.492.609-2</Data></Cell><Cell><Data ss:Type="String">Claudia Pilar</Data></Cell><Cell><Data ss:Type="String">Diaz Gallegos</Data></Cell><Cell><Data ss:Type="String">ivonne_alejandra_ramos@gmail.com</Data></Cell><Cell><Data ss:Type="String">Sin grupo</Data></Cell><Cell><Data ss:Type="String">Sin acceso</Data></Cell><Cell><Data ss:Type="String">Sin acceso</Data></Cell><Cell><Data ss:Type="String">Activo</Data></Cell></Row><Row><Cell><Data ss:Type="String">10.008.526-7</Data></Cell><Cell><Data ss:Type="String">KATIA SIBONEY</Data></Cell><Cell><Data ss:Type="String">ARCOS ARAVENA</Data></Cell><Cell><Data ss:Type="String">KATIARCOS@LIVE.CL</Data></Cell><Cell><Data ss:Type="String">Sin grupo</Data></Cell><Cell><Data ss:Type="String">26-11-2021</Data></Cell><Cell><Data ss:Type="String">14:7</Data></Cell><Cell><Data ss:Type="String">Activo</Data></Cell></Row><Row><Cell><Data ss:Type="String">9.737.420-1</Data></Cell><Cell><Data ss:Type="String">VERONICA DEL CARMEN</Data></Cell><Cell><Data ss:Type="String">PIZARRO RIVERA</Data></Cell><Cell><Data ss:Type="String">VERONICAPIZARRO@LIVE.COM</Data></Cell><Cell><Data ss:Type="String">Sin grupo</Data></Cell><Cell><Data ss:Type="String">Sin acceso</Data></Cell><Cell><Data ss:Type="String">Sin acceso</Data></Cell><Cell><Data ss:Type="String">Activo</Data></Cell></Row><Row><Cell><Data ss:Type="String">12.793.126-7</Data></Cell><Cell><Data ss:Type="String">LORENA BEATRIZ</Data></Cell><Cell><Data ss:Type="String">GARRIDO  CARRASCO</Data></Cell><Cell><Data ss:Type="String">BEGAC_75@HOTMAIL.COM</Data></Cell><Cell><Data ss:Type="String">Sin grupo</Data></Cell><Cell><Data ss:Type="String">22-11-2021</Data></Cell><Cell><Data ss:Type="String">19:6</Data></Cell><Cell><Data ss:Type="String">Activo</Data></Cell></Row><Row><Cell><Data ss:Type="String">7.615.718-9</Data></Cell><Cell><Data ss:Type="String">SONIA</Data></Cell><Cell><Data ss:Type="String">AGUAYO PEREZ</Data></Cell><Cell><Data ss:Type="String">SONIA.AGUAYO.PEREZ@GMAIL.COM</Data></Cell><Cell><Data ss:Type="String">Sin grupo</Data></Cell><Cell><Data ss:Type="String">12-10-2021</Data></Cell><Cell><Data ss:Type="String">23:56</Data></Cell><Cell><Data ss:Type="String">Activo</Data></Cell></Row><Row><Cell><Data ss:Type="String">15.631.035-2</Data></Cell><Cell><Data ss:Type="String">CLAUDIA</Data></Cell><Cell><Data ss:Type="String">LOPEZ LOPEZ</Data></Cell><Cell><Data ss:Type="String">CLAUDYTA.LOP@GMAIL.COM</Data></Cell><Cell><Data ss:Type="String">Sin grupo</Data></Cell><Cell><Data ss:Type="String">12-12-2021</Data></Cell><Cell><Data ss:Type="String">0:1</Data></Cell><Cell><Data ss:Type="String">Activo</Data></Cell></Row><Row><Cell><Data ss:Type="String">16.144.219-4</Data></Cell><Cell><Data ss:Type="String">SINGRI JACQUELINE</Data></Cell><Cell><Data ss:Type="String">ROCUANT ACEVEDO</Data></Cell><Cell><Data ss:Type="String">SINGRIR@GMAIL.COM</Data></Cell><Cell><Data ss:Type="String">Sin grupo</Data></Cell><Cell><Data ss:Type="String">13-12-2021</Data></Cell><Cell><Data ss:Type="String">14:2</Data></Cell><Cell><Data ss:Type="String">Activo</Data></Cell></Row><Row><Cell><Data ss:Type="String">11.237.645-3</Data></Cell><Cell><Data ss:Type="String">Sandra</Data></Cell><Cell><Data ss:Type="String">Yevenes Navarrete</Data></Cell><Cell><Data ss:Type="String">SANDRA.YEVENES.28@GMAIL.COM</Data></Cell><Cell><Data ss:Type="String">Sin grupo</Data></Cell><Cell><Data ss:Type="String">14-12-2021</Data></Cell><Cell><Data ss:Type="String">8:53</Data></Cell><Cell><Data ss:Type="String">Activo</Data></Cell></Row><Row><Cell><Data ss:Type="String">16.907.874-2</Data></Cell><Cell><Data ss:Type="String">CAROLINA</Data></Cell><Cell><Data ss:Type="String">VARGAS SANCHEZ</Data></Cell><Cell><Data ss:Type="String">CAVARGAS7@GMAIL.COM</Data></Cell><Cell><Data ss:Type="String">Sin grupo</Data></Cell><Cell><Data ss:Type="String">13-12-2021</Data></Cell><Cell><Data ss:Type="String">15:59</Data></Cell><Cell><Data ss:Type="String">Activo</Data></Cell></Row><Row><Cell><Data ss:Type="String">18.258.997-7</Data></Cell><Cell><Data ss:Type="String">VALENTINA ALEJANDRA</Data></Cell><Cell><Data ss:Type="String">CATALDO  BRIONES</Data></Cell><Cell><Data ss:Type="String">VALE.CATALDO182@GMAIL.COM</Data></Cell><Cell><Data ss:Type="String">Sin grupo</Data></Cell><Cell><Data ss:Type="String">25-11-2021</Data></Cell><Cell><Data ss:Type="String">1:39</Data></Cell><Cell><Data ss:Type="String">Activo</Data></Cell></Row><Row><Cell><Data ss:Type="String">13.967.633-5</Data></Cell><Cell><Data ss:Type="String">Yoana Victoria</Data></Cell><Cell><Data ss:Type="String">Vargas Perez</Data></Cell><Cell><Data ss:Type="String">yvargasperez@gmail.com</Data></Cell><Cell><Data ss:Type="String">Sin grupo</Data></Cell><Cell><Data ss:Type="String">7-12-2021</Data></Cell><Cell><Data ss:Type="String">7:38</Data></Cell><Cell><Data ss:Type="String">Activo</Data></Cell></Row><Row><Cell><Data ss:Type="String">15.774.219-1</Data></Cell><Cell><Data ss:Type="String">Paulina</Data></Cell><Cell><Data ss:Type="String">Alcaino</Data></Cell><Cell><Data ss:Type="String">paulinalcaino@gmail.com</Data></Cell><Cell><Data ss:Type="String">Sin grupo</Data></Cell><Cell><Data ss:Type="String">13-12-2021</Data></Cell><Cell><Data ss:Type="String">12:15</Data></Cell><Cell><Data ss:Type="String">Activo</Data></Cell></Row><Row><Cell><Data ss:Type="String">8.590.899-5</Data></Cell><Cell><Data ss:Type="String">Antonio Andrés</Data></Cell><Cell><Data ss:Type="String">Pinto Fuentes</Data></Cell><Cell><Data ss:Type="String">ANDRESPIN@GMAIL.COM</Data></Cell><Cell><Data ss:Type="String">Sin grupo</Data></Cell><Cell><Data ss:Type="String">30-11-2021</Data></Cell><Cell><Data ss:Type="String">20:9</Data></Cell><Cell><Data ss:Type="String">Activo</Data></Cell></Row><Row><Cell><Data ss:Type="String">12.027.783-9</Data></Cell><Cell><Data ss:Type="String">Ines Jacqueline</Data></Cell><Cell><Data ss:Type="String">Jimenez Cisternas</Data></Cell><Cell><Data ss:Type="String">JACKY.JC@HOTMAIL.ES</Data></Cell><Cell><Data ss:Type="String">Sin grupo</Data></Cell><Cell><Data ss:Type="String">17-11-2021</Data></Cell><Cell><Data ss:Type="String">17:53</Data></Cell><Cell><Data ss:Type="String">Activo</Data></Cell></Row><Row><Cell><Data ss:Type="String">9.366.633-k</Data></Cell><Cell><Data ss:Type="String">Elia de las Rosas</Data></Cell><Cell><Data ss:Type="String">Leyton Henriquez</Data></Cell><Cell><Data ss:Type="String">elia.leyton@educacionelbosque.cl</Data></Cell><Cell><Data ss:Type="String">Sin grupo</Data></Cell><Cell><Data ss:Type="String">14-12-2021</Data></Cell><Cell><Data ss:Type="String">15:54</Data></Cell><Cell><Data ss:Type="String">Activo</Data></Cell></Row><Row><Cell><Data ss:Type="String">11.268.320-8</Data></Cell><Cell><Data ss:Type="String">Marisol Del Carmen</Data></Cell><Cell><Data ss:Type="String">Ramírez Venegas</Data></Cell><Cell><Data ss:Type="String">m.ramirez@colegiosantajoaquina.cl</Data></Cell><Cell><Data ss:Type="String">Sin grupo</Data></Cell><Cell><Data ss:Type="String">29-11-2021</Data></Cell><Cell><Data ss:Type="String">3:25</Data></Cell><Cell><Data ss:Type="String">Activo</Data></Cell></Row><Row><Cell><Data ss:Type="String">10.921.389-6</Data></Cell><Cell><Data ss:Type="String">Yohanna Carmen</Data></Cell><Cell><Data ss:Type="String">Alba Saavedra</Data></Cell><Cell><Data ss:Type="String">yohanna.alba.f@hotmail.com</Data></Cell><Cell><Data ss:Type="String">Sin grupo</Data></Cell><Cell><Data ss:Type="String">22-11-2021</Data></Cell><Cell><Data ss:Type="String">23:22</Data></Cell><Cell><Data ss:Type="String">Activo</Data></Cell></Row><Row><Cell><Data ss:Type="String">17.229.304-2</Data></Cell><Cell><Data ss:Type="String">Felipe</Data></Cell><Cell><Data ss:Type="String">Reyes Silva</Data></Cell><Cell><Data ss:Type="String">FELIPE.REYSIL@GMAIL.COM</Data></Cell><Cell><Data ss:Type="String">Sin grupo</Data></Cell><Cell><Data ss:Type="String">15-12-2021</Data></Cell><Cell><Data ss:Type="String">10:22</Data></Cell><Cell><Data ss:Type="String">Activo</Data></Cell></Row><Row><Cell><Data ss:Type="String">5.491.113-0</Data></Cell><Cell><Data ss:Type="String">Luis Omar</Data></Cell><Cell><Data ss:Type="String">Rojas Reyes</Data></Cell><Cell><Data ss:Type="String">rojasluis.reye4s@gmail.com</Data></Cell><Cell><Data ss:Type="String">Sin grupo</Data></Cell><Cell><Data ss:Type="String">Sin acceso</Data></Cell><Cell><Data ss:Type="String">Sin acceso</Data></Cell><Cell><Data ss:Type="String">Activo</Data></Cell></Row><Row><Cell><Data ss:Type="String">18.385.991-9</Data></Cell><Cell><Data ss:Type="String">Rodrigo Misael</Data></Cell><Cell><Data ss:Type="String">Guerrero Riquelme</Data></Cell><Cell><Data ss:Type="String">biblioteca@iapb.cl</Data></Cell><Cell><Data ss:Type="String">Sin grupo</Data></Cell><Cell><Data ss:Type="String">22-11-2021</Data></Cell><Cell><Data ss:Type="String">12:48</Data></Cell><Cell><Data ss:Type="String">Activo</Data></Cell></Row><Row><Cell><Data ss:Type="String">17.356.087-7</Data></Cell><Cell><Data ss:Type="String">Melitza Estefani</Data></Cell><Cell><Data ss:Type="String">Tapia Rojas</Data></Cell><Cell><Data ss:Type="String">melitza.tapia.rojas@educacionsanfelipe.cl</Data></Cell><Cell><Data ss:Type="String">Sin grupo</Data></Cell><Cell><Data ss:Type="String">14-12-2021</Data></Cell><Cell><Data ss:Type="String">9:24</Data></Cell><Cell><Data ss:Type="String">Activo</Data></Cell></Row><Row><Cell><Data ss:Type="String">7.661.028-2</Data></Cell><Cell><Data ss:Type="String">Erika Ivonne</Data></Cell><Cell><Data ss:Type="String">Carrasco Farías</Data></Cell><Cell><Data ss:Type="String">erika.profesora@gmail.com</Data></Cell><Cell><Data ss:Type="String">Sin grupo</Data></Cell><Cell><Data ss:Type="String">9-12-2021</Data></Cell><Cell><Data ss:Type="String">12:27</Data></Cell><Cell><Data ss:Type="String">Activo</Data></Cell></Row><Row><Cell><Data ss:Type="String">18.782.755-8</Data></Cell><Cell><Data ss:Type="String">Yondre Valentina</Data></Cell><Cell><Data ss:Type="String">Soto Ahumada</Data></Cell><Cell><Data ss:Type="String">ysoto.ljcb.d@fodec.cl</Data></Cell><Cell><Data ss:Type="String">Sin grupo</Data></Cell><Cell><Data ss:Type="String">26-11-2021</Data></Cell><Cell><Data ss:Type="String">11:20</Data></Cell><Cell><Data ss:Type="String">Activo</Data></Cell></Row><Row><Cell><Data ss:Type="String">8.196.082-8</Data></Cell><Cell><Data ss:Type="String">Dora Ibet</Data></Cell><Cell><Data ss:Type="String">Catalán Epuñan</Data></Cell><Cell><Data ss:Type="String">encargadacra@lpvh.cl</Data></Cell><Cell><Data ss:Type="String">Sin grupo</Data></Cell><Cell><Data ss:Type="String">3-12-2021</Data></Cell><Cell><Data ss:Type="String">9:4</Data></Cell><Cell><Data ss:Type="String">Activo</Data></Cell></Row><Row><Cell><Data ss:Type="String">10.060.879-0</Data></Cell><Cell><Data ss:Type="String">Teresa Magdalena</Data></Cell><Cell><Data ss:Type="String">Quiroga García</Data></Cell><Cell><Data ss:Type="String">quirogateresa50@gmail.com</Data></Cell><Cell><Data ss:Type="String">Sin grupo</Data></Cell><Cell><Data ss:Type="String">Sin acceso</Data></Cell><Cell><Data ss:Type="String">Sin acceso</Data></Cell><Cell><Data ss:Type="String">Activo</Data></Cell></Row><Row><Cell><Data ss:Type="String">9.800.603-6</Data></Cell><Cell><Data ss:Type="String">Hortensia Elena</Data></Cell><Cell><Data ss:Type="String">Cruzat Lavin</Data></Cell><Cell><Data ss:Type="String">hcruzat@cosl.cl</Data></Cell><Cell><Data ss:Type="String">Sin grupo</Data></Cell><Cell><Data ss:Type="String">14-12-2021</Data></Cell><Cell><Data ss:Type="String">11:40</Data></Cell><Cell><Data ss:Type="String">Activo</Data></Cell></Row><Row><Cell><Data ss:Type="String">11.782.165-k</Data></Cell><Cell><Data ss:Type="String">Cristina Elizabeth</Data></Cell><Cell><Data ss:Type="String">Jara Campos</Data></Cell><Cell><Data ss:Type="String">cristinajaracampos@gmail.com</Data></Cell><Cell><Data ss:Type="String">Sin grupo</Data></Cell><Cell><Data ss:Type="String">13-12-2021</Data></Cell><Cell><Data ss:Type="String">13:26</Data></Cell><Cell><Data ss:Type="String">Activo</Data></Cell></Row><Row><Cell><Data ss:Type="String">16.425.140-3</Data></Cell><Cell><Data ss:Type="String">Natalia Belén</Data></Cell><Cell><Data ss:Type="String">Ormeño Espinoza</Data></Cell><Cell><Data ss:Type="String">nataliabelenoe@gmail.com</Data></Cell><Cell><Data ss:Type="String">Sin grupo</Data></Cell><Cell><Data ss:Type="String">23-11-2021</Data></Cell><Cell><Data ss:Type="String">14:11</Data></Cell><Cell><Data ss:Type="String">Activo</Data></Cell></Row><Row><Cell><Data ss:Type="String">15.891.267-8</Data></Cell><Cell><Data ss:Type="String">Francesca</Data></Cell><Cell><Data ss:Type="String">Gonzalez</Data></Cell><Cell><Data ss:Type="String">francescagonz@gmail.com</Data></Cell><Cell><Data ss:Type="String">Sin grupo</Data></Cell><Cell><Data ss:Type="String">23-11-2021</Data></Cell><Cell><Data ss:Type="String">22:41</Data></Cell><Cell><Data ss:Type="String">Activo</Data></Cell></Row><Row><Cell><Data ss:Type="String">13.460.119-1</Data></Cell><Cell><Data ss:Type="String">Ximena Carolina</Data></Cell><Cell><Data ss:Type="String">Alcérreca Olguín</Data></Cell><Cell><Data ss:Type="String">xalcerreca@liceosofofa.cl</Data></Cell><Cell><Data ss:Type="String">Sin grupo</Data></Cell><Cell><Data ss:Type="String">24-11-2021</Data></Cell><Cell><Data ss:Type="String">11:8</Data></Cell><Cell><Data ss:Type="String">Activo</Data></Cell></Row><Row><Cell><Data ss:Type="String">16.745.917-k</Data></Cell><Cell><Data ss:Type="String">Roberto Hernan</Data></Cell><Cell><Data ss:Type="String">Leone Aravena</Data></Cell><Cell><Data ss:Type="String">rleone@escuelaelbosque.cl</Data></Cell><Cell><Data ss:Type="String">Sin grupo</Data></Cell><Cell><Data ss:Type="String">25-11-2021</Data></Cell><Cell><Data ss:Type="String">10:29</Data></Cell><Cell><Data ss:Type="String">Activo</Data></Cell></Row><Row><Cell><Data ss:Type="String">9.856.789-5</Data></Cell><Cell><Data ss:Type="String">Sandra Del Pilar</Data></Cell><Cell><Data ss:Type="String">Rodriguez Manzo</Data></Cell><Cell><Data ss:Type="String">srodriguezmanzo@gmail.com</Data></Cell><Cell><Data ss:Type="String">Sin grupo</Data></Cell><Cell><Data ss:Type="String">29-11-2021</Data></Cell><Cell><Data ss:Type="String">19:37</Data></Cell><Cell><Data ss:Type="String">Activo</Data></Cell></Row><Row><Cell><Data ss:Type="String">17.452.275-8</Data></Cell><Cell><Data ss:Type="String">Pablo Antonio</Data></Cell><Cell><Data ss:Type="String">Alcayaga Zuñiga</Data></Cell><Cell><Data ss:Type="String">pablo.alcayaga@kidsworldschool.cl</Data></Cell><Cell><Data ss:Type="String">Sin grupo</Data></Cell><Cell><Data ss:Type="String">19-11-2021</Data></Cell><Cell><Data ss:Type="String">9:4</Data></Cell><Cell><Data ss:Type="String">Activo</Data></Cell></Row><Row><Cell><Data ss:Type="String">18.468.010-6</Data></Cell><Cell><Data ss:Type="String">Tamara Bernardita</Data></Cell><Cell><Data ss:Type="String">Luengo Araya</Data></Cell><Cell><Data ss:Type="String">tamaraluengo@colegiogardencollege.cl</Data></Cell><Cell><Data ss:Type="String">Sin grupo</Data></Cell><Cell><Data ss:Type="String">25-11-2021</Data></Cell><Cell><Data ss:Type="String">14:42</Data></Cell><Cell><Data ss:Type="String">Activo</Data></Cell></Row><Row><Cell><Data ss:Type="String">15.248.254-k</Data></Cell><Cell><Data ss:Type="String">Maritza Del Carmen</Data></Cell><Cell><Data ss:Type="String">Matus Acuña</Data></Cell><Cell><Data ss:Type="String">maritzita0209@gmail.com</Data></Cell><Cell><Data ss:Type="String">Sin grupo</Data></Cell><Cell><Data ss:Type="String">13-12-2021</Data></Cell><Cell><Data ss:Type="String">15:13</Data></Cell><Cell><Data ss:Type="String">Activo</Data></Cell></Row><Row><Cell><Data ss:Type="String">6.535.391-1</Data></Cell><Cell><Data ss:Type="String">Gladys Teresita De Jesús</Data></Cell><Cell><Data ss:Type="String">Espinoza O'Quinghtons</Data></Cell><Cell><Data ss:Type="String">gladys.espinoza.460@gmail.com</Data></Cell><Cell><Data ss:Type="String">Sin grupo</Data></Cell><Cell><Data ss:Type="String">14-12-2021</Data></Cell><Cell><Data ss:Type="String">10:16</Data></Cell><Cell><Data ss:Type="String">Activo</Data></Cell></Row><Row><Cell><Data ss:Type="String">16.507.164-6</Data></Cell><Cell><Data ss:Type="String">Maribel Alejandra</Data></Cell><Cell><Data ss:Type="String">Ramírez Oyarzo</Data></Cell><Cell><Data ss:Type="String">mramirez@colegiobosquemar.cl</Data></Cell><Cell><Data ss:Type="String">Sin grupo</Data></Cell><Cell><Data ss:Type="String">25-11-2021</Data></Cell><Cell><Data ss:Type="String">20:14</Data></Cell><Cell><Data ss:Type="String">Activo</Data></Cell></Row><Row><Cell><Data ss:Type="String">6.359.595-0</Data></Cell><Cell><Data ss:Type="String">Viviana Del Carmen</Data></Cell><Cell><Data ss:Type="String">Hermosilla Buon</Data></Cell><Cell><Data ss:Type="String">verito_navarro@hotmail.cl</Data></Cell><Cell><Data ss:Type="String">Sin grupo</Data></Cell><Cell><Data ss:Type="String">Sin acceso</Data></Cell><Cell><Data ss:Type="String">Sin acceso</Data></Cell><Cell><Data ss:Type="String">Activo</Data></Cell></Row><Row><Cell><Data ss:Type="String">13.794.149-k</Data></Cell><Cell><Data ss:Type="String">Maria Bernardita</Data></Cell><Cell><Data ss:Type="String">Vasquez Contreras</Data></Cell><Cell><Data ss:Type="String">berny_2810@hotmail.com</Data></Cell><Cell><Data ss:Type="String">Sin grupo</Data></Cell><Cell><Data ss:Type="String">4-11-2021</Data></Cell><Cell><Data ss:Type="String">11:28</Data></Cell><Cell><Data ss:Type="String">Activo</Data></Cell></Row><Row><Cell><Data ss:Type="String">16.966.807-8</Data></Cell><Cell><Data ss:Type="String">Angelina Del Carmen</Data></Cell><Cell><Data ss:Type="String">Orellana Torres</Data></Cell><Cell><Data ss:Type="String">angelinaorellana28@gmail.com</Data></Cell><Cell><Data ss:Type="String">Sin grupo</Data></Cell><Cell><Data ss:Type="String">6-12-2021</Data></Cell><Cell><Data ss:Type="String">14:28</Data></Cell><Cell><Data ss:Type="String">Activo</Data></Cell></Row><Row><Cell><Data ss:Type="String">12.605.024-0</Data></Cell><Cell><Data ss:Type="String">María Alicia</Data></Cell><Cell><Data ss:Type="String">Aguilar Aguilar</Data></Cell><Cell><Data ss:Type="String">alicy2010@live.com</Data></Cell><Cell><Data ss:Type="String">Sin grupo</Data></Cell><Cell><Data ss:Type="String">25-11-2021</Data></Cell><Cell><Data ss:Type="String">10:34</Data></Cell><Cell><Data ss:Type="String">Activo</Data></Cell></Row></Table></Worksheet></Workbook>