<?xml version="1.0"?><?mso-application progid="Excel.Sheet"?><Workbook xmlns="urn:schemas-microsoft-com:office:spreadsheet" xmlns:ss="urn:schemas-microsoft-com:office:spreadsheet"><DocumentProperties xmlns="urn:schemas-microsoft-com:office:office"><Author>Axel Richter</Author><Created>1639578217054</Created></DocumentProperties><Styles><Style ss:ID="Currency"><NumberFormat ss:Format="Currency"></NumberFormat></Style><Style ss:ID="Date"><NumberFormat ss:Format="Medium Date"></NumberFormat></Style></Styles><Worksheet ss:Name="General"><Table><Row><Cell><Data ss:Type="String">Reporte: </Data></Cell><Cell><Data ss:Type="String">Acceso a curso</Data></Cell></Row><Row><Cell><Data ss:Type="String">Categoría: </Data></Cell><Cell><Data ss:Type="String">Aulas Curso A (#1316)</Data></Cell></Row><Row><Cell><Data ss:Type="String">Curso: </Data></Cell><Cell><Data ss:Type="String">Plan de Formación; Curso A: ¿Qué es el Centro de lectura y biblioteca escolar (CRA)? Propósitos y servicios - Aula 2 (#10782)</Data></Cell></Row><Row><Cell><Data ss:Type="String">Fecha de generación: </Data></Cell><Cell><Data ss:Type="String">15/12/2021</Data></Cell></Row><Row></Row><Row><Cell><Data ss:Type="String">Fecha</Data></Cell><Cell><Data ss:Type="String">Cantidad</Data></Cell><Cell><Data ss:Type="String"></Data></Cell><Cell><Data ss:Type="String">Usuarios</Data></Cell><Cell><Data ss:Type="String">Cantidad</Data></Cell></Row><Row><Cell><Data ss:Type="String">20-09-2021</Data></Cell><Cell><Data ss:Type="String">7</Data></Cell><Cell><Data ss:Type="String"></Data></Cell><Cell><Data ss:Type="String">Con acceso </Data></Cell><Cell><Data ss:Type="String">100</Data></Cell></Row><Row><Cell><Data ss:Type="String">21-09-2021</Data></Cell><Cell><Data ss:Type="String">7</Data></Cell><Cell><Data ss:Type="String"></Data></Cell><Cell><Data ss:Type="String">Sin acceso </Data></Cell><Cell><Data ss:Type="String">10</Data></Cell></Row><Row><Cell><Data ss:Type="String">22-09-2021</Data></Cell><Cell><Data ss:Type="String">6</Data></Cell><Cell><Data ss:Type="String"></Data></Cell><Cell><Data ss:Type="String">Total </Data></Cell><Cell><Data ss:Type="String">110</Data></Cell></Row><Row><Cell><Data ss:Type="String">23-09-2021</Data></Cell><Cell><Data ss:Type="String">4</Data></Cell><Cell><Data ss:Type="String"></Data></Cell><Cell><Data ss:Type="String"></Data></Cell><Cell><Data ss:Type="String"></Data></Cell></Row><Row><Cell><Data ss:Type="String">24-09-2021</Data></Cell><Cell><Data ss:Type="String">3</Data></Cell><Cell><Data ss:Type="String"></Data></Cell><Cell><Data ss:Type="String"></Data></Cell><Cell><Data ss:Type="String"></Data></Cell></Row><Row><Cell><Data ss:Type="String">25-09-2021</Data></Cell><Cell><Data ss:Type="String">2</Data></Cell><Cell><Data ss:Type="String"></Data></Cell><Cell><Data ss:Type="String"></Data></Cell><Cell><Data ss:Type="String"></Data></Cell></Row><Row><Cell><Data ss:Type="String">26-09-2021</Data></Cell><Cell><Data ss:Type="String">4</Data></Cell><Cell><Data ss:Type="String"></Data></Cell><Cell><Data ss:Type="String"></Data></Cell><Cell><Data ss:Type="String"></Data></Cell></Row><Row><Cell><Data ss:Type="String">27-09-2021</Data></Cell><Cell><Data ss:Type="String">4</Data></Cell><Cell><Data ss:Type="String"></Data></Cell><Cell><Data ss:Type="String"></Data></Cell><Cell><Data ss:Type="String"></Data></Cell></Row><Row><Cell><Data ss:Type="String">28-09-2021</Data></Cell><Cell><Data ss:Type="String">7</Data></Cell><Cell><Data ss:Type="String"></Data></Cell><Cell><Data ss:Type="String"></Data></Cell><Cell><Data ss:Type="String"></Data></Cell></Row><Row><Cell><Data ss:Type="String">29-09-2021</Data></Cell><Cell><Data ss:Type="String">3</Data></Cell><Cell><Data ss:Type="String"></Data></Cell><Cell><Data ss:Type="String"></Data></Cell><Cell><Data ss:Type="String"></Data></Cell></Row><Row><Cell><Data ss:Type="String">30-09-2021</Data></Cell><Cell><Data ss:Type="String">1</Data></Cell><Cell><Data ss:Type="String"></Data></Cell><Cell><Data ss:Type="String"></Data></Cell><Cell><Data ss:Type="String"></Data></Cell></Row><Row><Cell><Data ss:Type="String">01-10-2021</Data></Cell><Cell><Data ss:Type="String">3</Data></Cell><Cell><Data ss:Type="String"></Data></Cell><Cell><Data ss:Type="String"></Data></Cell><Cell><Data ss:Type="String"></Data></Cell></Row><Row><Cell><Data ss:Type="String">02-10-2021</Data></Cell><Cell><Data ss:Type="String">1</Data></Cell><Cell><Data ss:Type="String"></Data></Cell><Cell><Data ss:Type="String"></Data></Cell><Cell><Data ss:Type="String"></Data></Cell></Row><Row><Cell><Data ss:Type="String">03-10-2021</Data></Cell><Cell><Data ss:Type="String">3</Data></Cell><Cell><Data ss:Type="String"></Data></Cell><Cell><Data ss:Type="String"></Data></Cell><Cell><Data ss:Type="String"></Data></Cell></Row><Row><Cell><Data ss:Type="String">04-10-2021</Data></Cell><Cell><Data ss:Type="String">16</Data></Cell><Cell><Data ss:Type="String"></Data></Cell><Cell><Data ss:Type="String"></Data></Cell><Cell><Data ss:Type="String"></Data></Cell></Row><Row><Cell><Data ss:Type="String">05-10-2021</Data></Cell><Cell><Data ss:Type="String">28</Data></Cell><Cell><Data ss:Type="String"></Data></Cell><Cell><Data ss:Type="String"></Data></Cell><Cell><Data ss:Type="String"></Data></Cell></Row><Row><Cell><Data ss:Type="String">06-10-2021</Data></Cell><Cell><Data ss:Type="String">26</Data></Cell><Cell><Data ss:Type="String"></Data></Cell><Cell><Data ss:Type="String"></Data></Cell><Cell><Data ss:Type="String"></Data></Cell></Row><Row><Cell><Data ss:Type="String">07-10-2021</Data></Cell><Cell><Data ss:Type="String">25</Data></Cell><Cell><Data ss:Type="String"></Data></Cell><Cell><Data ss:Type="String"></Data></Cell><Cell><Data ss:Type="String"></Data></Cell></Row><Row><Cell><Data ss:Type="String">08-10-2021</Data></Cell><Cell><Data ss:Type="String">15</Data></Cell><Cell><Data ss:Type="String"></Data></Cell><Cell><Data ss:Type="String"></Data></Cell><Cell><Data ss:Type="String"></Data></Cell></Row><Row><Cell><Data ss:Type="String">09-10-2021</Data></Cell><Cell><Data ss:Type="String">4</Data></Cell><Cell><Data ss:Type="String"></Data></Cell><Cell><Data ss:Type="String"></Data></Cell><Cell><Data ss:Type="String"></Data></Cell></Row><Row><Cell><Data ss:Type="String">10-10-2021</Data></Cell><Cell><Data ss:Type="String">6</Data></Cell><Cell><Data ss:Type="String"></Data></Cell><Cell><Data ss:Type="String"></Data></Cell><Cell><Data ss:Type="String"></Data></Cell></Row><Row><Cell><Data ss:Type="String">11-10-2021</Data></Cell><Cell><Data ss:Type="String">8</Data></Cell><Cell><Data ss:Type="String"></Data></Cell><Cell><Data ss:Type="String"></Data></Cell><Cell><Data ss:Type="String"></Data></Cell></Row><Row><Cell><Data ss:Type="String">12-10-2021</Data></Cell><Cell><Data ss:Type="String">27</Data></Cell><Cell><Data ss:Type="String"></Data></Cell><Cell><Data ss:Type="String"></Data></Cell><Cell><Data ss:Type="String"></Data></Cell></Row><Row><Cell><Data ss:Type="String">13-10-2021</Data></Cell><Cell><Data ss:Type="String">19</Data></Cell><Cell><Data ss:Type="String"></Data></Cell><Cell><Data ss:Type="String"></Data></Cell><Cell><Data ss:Type="String"></Data></Cell></Row><Row><Cell><Data ss:Type="String">14-10-2021</Data></Cell><Cell><Data ss:Type="String">28</Data></Cell><Cell><Data ss:Type="String"></Data></Cell><Cell><Data ss:Type="String"></Data></Cell><Cell><Data ss:Type="String"></Data></Cell></Row><Row><Cell><Data ss:Type="String">15-10-2021</Data></Cell><Cell><Data ss:Type="String">9</Data></Cell><Cell><Data ss:Type="String"></Data></Cell><Cell><Data ss:Type="String"></Data></Cell><Cell><Data ss:Type="String"></Data></Cell></Row><Row><Cell><Data ss:Type="String">16-10-2021</Data></Cell><Cell><Data ss:Type="String">5</Data></Cell><Cell><Data ss:Type="String"></Data></Cell><Cell><Data ss:Type="String"></Data></Cell><Cell><Data ss:Type="String"></Data></Cell></Row><Row><Cell><Data ss:Type="String">17-10-2021</Data></Cell><Cell><Data ss:Type="String">6</Data></Cell><Cell><Data ss:Type="String"></Data></Cell><Cell><Data ss:Type="String"></Data></Cell><Cell><Data ss:Type="String"></Data></Cell></Row><Row><Cell><Data ss:Type="String">18-10-2021</Data></Cell><Cell><Data ss:Type="String">28</Data></Cell><Cell><Data ss:Type="String"></Data></Cell><Cell><Data ss:Type="String"></Data></Cell><Cell><Data ss:Type="String"></Data></Cell></Row><Row><Cell><Data ss:Type="String">19-10-2021</Data></Cell><Cell><Data ss:Type="String">28</Data></Cell><Cell><Data ss:Type="String"></Data></Cell><Cell><Data ss:Type="String"></Data></Cell><Cell><Data ss:Type="String"></Data></Cell></Row><Row><Cell><Data ss:Type="String">20-10-2021</Data></Cell><Cell><Data ss:Type="String">21</Data></Cell><Cell><Data ss:Type="String"></Data></Cell><Cell><Data ss:Type="String"></Data></Cell><Cell><Data ss:Type="String"></Data></Cell></Row><Row><Cell><Data ss:Type="String">21-10-2021</Data></Cell><Cell><Data ss:Type="String">26</Data></Cell><Cell><Data ss:Type="String"></Data></Cell><Cell><Data ss:Type="String"></Data></Cell><Cell><Data ss:Type="String"></Data></Cell></Row><Row><Cell><Data ss:Type="String">22-10-2021</Data></Cell><Cell><Data ss:Type="String">23</Data></Cell><Cell><Data ss:Type="String"></Data></Cell><Cell><Data ss:Type="String"></Data></Cell><Cell><Data ss:Type="String"></Data></Cell></Row><Row><Cell><Data ss:Type="String">23-10-2021</Data></Cell><Cell><Data ss:Type="String">7</Data></Cell><Cell><Data ss:Type="String"></Data></Cell><Cell><Data ss:Type="String"></Data></Cell><Cell><Data ss:Type="String"></Data></Cell></Row><Row><Cell><Data ss:Type="String">24-10-2021</Data></Cell><Cell><Data ss:Type="String">8</Data></Cell><Cell><Data ss:Type="String"></Data></Cell><Cell><Data ss:Type="String"></Data></Cell><Cell><Data ss:Type="String"></Data></Cell></Row><Row><Cell><Data ss:Type="String">25-10-2021</Data></Cell><Cell><Data ss:Type="String">29</Data></Cell><Cell><Data ss:Type="String"></Data></Cell><Cell><Data ss:Type="String"></Data></Cell><Cell><Data ss:Type="String"></Data></Cell></Row><Row><Cell><Data ss:Type="String">26-10-2021</Data></Cell><Cell><Data ss:Type="String">27</Data></Cell><Cell><Data ss:Type="String"></Data></Cell><Cell><Data ss:Type="String"></Data></Cell><Cell><Data ss:Type="String"></Data></Cell></Row><Row><Cell><Data ss:Type="String">27-10-2021</Data></Cell><Cell><Data ss:Type="String">27</Data></Cell><Cell><Data ss:Type="String"></Data></Cell><Cell><Data ss:Type="String"></Data></Cell><Cell><Data ss:Type="String"></Data></Cell></Row><Row><Cell><Data ss:Type="String">28-10-2021</Data></Cell><Cell><Data ss:Type="String">35</Data></Cell><Cell><Data ss:Type="String"></Data></Cell><Cell><Data ss:Type="String"></Data></Cell><Cell><Data ss:Type="String"></Data></Cell></Row><Row><Cell><Data ss:Type="String">29-10-2021</Data></Cell><Cell><Data ss:Type="String">28</Data></Cell><Cell><Data ss:Type="String"></Data></Cell><Cell><Data ss:Type="String"></Data></Cell><Cell><Data ss:Type="String"></Data></Cell></Row><Row><Cell><Data ss:Type="String">30-10-2021</Data></Cell><Cell><Data ss:Type="String">14</Data></Cell><Cell><Data ss:Type="String"></Data></Cell><Cell><Data ss:Type="String"></Data></Cell><Cell><Data ss:Type="String"></Data></Cell></Row><Row><Cell><Data ss:Type="String">31-10-2021</Data></Cell><Cell><Data ss:Type="String">18</Data></Cell><Cell><Data ss:Type="String"></Data></Cell><Cell><Data ss:Type="String"></Data></Cell><Cell><Data ss:Type="String"></Data></Cell></Row><Row><Cell><Data ss:Type="String">01-11-2021</Data></Cell><Cell><Data ss:Type="String">22</Data></Cell><Cell><Data ss:Type="String"></Data></Cell><Cell><Data ss:Type="String"></Data></Cell><Cell><Data ss:Type="String"></Data></Cell></Row><Row><Cell><Data ss:Type="String">02-11-2021</Data></Cell><Cell><Data ss:Type="String">43</Data></Cell><Cell><Data ss:Type="String"></Data></Cell><Cell><Data ss:Type="String"></Data></Cell><Cell><Data ss:Type="String"></Data></Cell></Row><Row><Cell><Data ss:Type="String">03-11-2021</Data></Cell><Cell><Data ss:Type="String">32</Data></Cell><Cell><Data ss:Type="String"></Data></Cell><Cell><Data ss:Type="String"></Data></Cell><Cell><Data ss:Type="String"></Data></Cell></Row><Row><Cell><Data ss:Type="String">04-11-2021</Data></Cell><Cell><Data ss:Type="String">21</Data></Cell><Cell><Data ss:Type="String"></Data></Cell><Cell><Data ss:Type="String"></Data></Cell><Cell><Data ss:Type="String"></Data></Cell></Row><Row><Cell><Data ss:Type="String">05-11-2021</Data></Cell><Cell><Data ss:Type="String">14</Data></Cell><Cell><Data ss:Type="String"></Data></Cell><Cell><Data ss:Type="String"></Data></Cell><Cell><Data ss:Type="String"></Data></Cell></Row><Row><Cell><Data ss:Type="String">06-11-2021</Data></Cell><Cell><Data ss:Type="String">10</Data></Cell><Cell><Data ss:Type="String"></Data></Cell><Cell><Data ss:Type="String"></Data></Cell><Cell><Data ss:Type="String"></Data></Cell></Row><Row><Cell><Data ss:Type="String">07-11-2021</Data></Cell><Cell><Data ss:Type="String">14</Data></Cell><Cell><Data ss:Type="String"></Data></Cell><Cell><Data ss:Type="String"></Data></Cell><Cell><Data ss:Type="String"></Data></Cell></Row><Row><Cell><Data ss:Type="String">08-11-2021</Data></Cell><Cell><Data ss:Type="String">45</Data></Cell><Cell><Data ss:Type="String"></Data></Cell><Cell><Data ss:Type="String"></Data></Cell><Cell><Data ss:Type="String"></Data></Cell></Row><Row><Cell><Data ss:Type="String">09-11-2021</Data></Cell><Cell><Data ss:Type="String">21</Data></Cell><Cell><Data ss:Type="String"></Data></Cell><Cell><Data ss:Type="String"></Data></Cell><Cell><Data ss:Type="String"></Data></Cell></Row><Row><Cell><Data ss:Type="String">10-11-2021</Data></Cell><Cell><Data ss:Type="String">19</Data></Cell><Cell><Data ss:Type="String"></Data></Cell><Cell><Data ss:Type="String"></Data></Cell><Cell><Data ss:Type="String"></Data></Cell></Row><Row><Cell><Data ss:Type="String">11-11-2021</Data></Cell><Cell><Data ss:Type="String">11</Data></Cell><Cell><Data ss:Type="String"></Data></Cell><Cell><Data ss:Type="String"></Data></Cell><Cell><Data ss:Type="String"></Data></Cell></Row><Row><Cell><Data ss:Type="String">12-11-2021</Data></Cell><Cell><Data ss:Type="String">6</Data></Cell><Cell><Data ss:Type="String"></Data></Cell><Cell><Data ss:Type="String"></Data></Cell><Cell><Data ss:Type="String"></Data></Cell></Row><Row><Cell><Data ss:Type="String">13-11-2021</Data></Cell><Cell><Data ss:Type="String">1</Data></Cell><Cell><Data ss:Type="String"></Data></Cell><Cell><Data ss:Type="String"></Data></Cell><Cell><Data ss:Type="String"></Data></Cell></Row><Row><Cell><Data ss:Type="String">14-11-2021</Data></Cell><Cell><Data ss:Type="String">4</Data></Cell><Cell><Data ss:Type="String"></Data></Cell><Cell><Data ss:Type="String"></Data></Cell><Cell><Data ss:Type="String"></Data></Cell></Row><Row><Cell><Data ss:Type="String">15-11-2021</Data></Cell><Cell><Data ss:Type="String">10</Data></Cell><Cell><Data ss:Type="String"></Data></Cell><Cell><Data ss:Type="String"></Data></Cell><Cell><Data ss:Type="String"></Data></Cell></Row><Row><Cell><Data ss:Type="String">16-11-2021</Data></Cell><Cell><Data ss:Type="String">7</Data></Cell><Cell><Data ss:Type="String"></Data></Cell><Cell><Data ss:Type="String"></Data></Cell><Cell><Data ss:Type="String"></Data></Cell></Row><Row><Cell><Data ss:Type="String">17-11-2021</Data></Cell><Cell><Data ss:Type="String">4</Data></Cell><Cell><Data ss:Type="String"></Data></Cell><Cell><Data ss:Type="String"></Data></Cell><Cell><Data ss:Type="String"></Data></Cell></Row><Row><Cell><Data ss:Type="String">18-11-2021</Data></Cell><Cell><Data ss:Type="String">5</Data></Cell><Cell><Data ss:Type="String"></Data></Cell><Cell><Data ss:Type="String"></Data></Cell><Cell><Data ss:Type="String"></Data></Cell></Row><Row><Cell><Data ss:Type="String">19-11-2021</Data></Cell><Cell><Data ss:Type="String">2</Data></Cell><Cell><Data ss:Type="String"></Data></Cell><Cell><Data ss:Type="String"></Data></Cell><Cell><Data ss:Type="String"></Data></Cell></Row><Row><Cell><Data ss:Type="String">20-11-2021</Data></Cell><Cell><Data ss:Type="String">2</Data></Cell><Cell><Data ss:Type="String"></Data></Cell><Cell><Data ss:Type="String"></Data></Cell><Cell><Data ss:Type="String"></Data></Cell></Row><Row><Cell><Data ss:Type="String">21-11-2021</Data></Cell><Cell><Data ss:Type="String">1</Data></Cell><Cell><Data ss:Type="String"></Data></Cell><Cell><Data ss:Type="String"></Data></Cell><Cell><Data ss:Type="String"></Data></Cell></Row><Row><Cell><Data ss:Type="String">22-11-2021</Data></Cell><Cell><Data ss:Type="String">5</Data></Cell><Cell><Data ss:Type="String"></Data></Cell><Cell><Data ss:Type="String"></Data></Cell><Cell><Data ss:Type="String"></Data></Cell></Row><Row><Cell><Data ss:Type="String">23-11-2021</Data></Cell><Cell><Data ss:Type="String">5</Data></Cell><Cell><Data ss:Type="String"></Data></Cell><Cell><Data ss:Type="String"></Data></Cell><Cell><Data ss:Type="String"></Data></Cell></Row><Row><Cell><Data ss:Type="String">24-11-2021</Data></Cell><Cell><Data ss:Type="String">4</Data></Cell><Cell><Data ss:Type="String"></Data></Cell><Cell><Data ss:Type="String"></Data></Cell><Cell><Data ss:Type="String"></Data></Cell></Row><Row><Cell><Data ss:Type="String">25-11-2021</Data></Cell><Cell><Data ss:Type="String">5</Data></Cell><Cell><Data ss:Type="String"></Data></Cell><Cell><Data ss:Type="String"></Data></Cell><Cell><Data ss:Type="String"></Data></Cell></Row><Row><Cell><Data ss:Type="String">26-11-2021</Data></Cell><Cell><Data ss:Type="String">3</Data></Cell><Cell><Data ss:Type="String"></Data></Cell><Cell><Data ss:Type="String"></Data></Cell><Cell><Data ss:Type="String"></Data></Cell></Row><Row><Cell><Data ss:Type="String">27-11-2021</Data></Cell><Cell><Data ss:Type="String">3</Data></Cell><Cell><Data ss:Type="String"></Data></Cell><Cell><Data ss:Type="String"></Data></Cell><Cell><Data ss:Type="String"></Data></Cell></Row><Row><Cell><Data ss:Type="String">28-11-2021</Data></Cell><Cell><Data ss:Type="String">5</Data></Cell><Cell><Data ss:Type="String"></Data></Cell><Cell><Data ss:Type="String"></Data></Cell><Cell><Data ss:Type="String"></Data></Cell></Row><Row><Cell><Data ss:Type="String">29-11-2021</Data></Cell><Cell><Data ss:Type="String">11</Data></Cell><Cell><Data ss:Type="String"></Data></Cell><Cell><Data ss:Type="String"></Data></Cell><Cell><Data ss:Type="String"></Data></Cell></Row><Row><Cell><Data ss:Type="String">30-11-2021</Data></Cell><Cell><Data ss:Type="String">10</Data></Cell><Cell><Data ss:Type="String"></Data></Cell><Cell><Data ss:Type="String"></Data></Cell><Cell><Data ss:Type="String"></Data></Cell></Row><Row><Cell><Data ss:Type="String">01-12-2021</Data></Cell><Cell><Data ss:Type="String">2</Data></Cell><Cell><Data ss:Type="String"></Data></Cell><Cell><Data ss:Type="String"></Data></Cell><Cell><Data ss:Type="String"></Data></Cell></Row><Row><Cell><Data ss:Type="String">02-12-2021</Data></Cell><Cell><Data ss:Type="String">7</Data></Cell><Cell><Data ss:Type="String"></Data></Cell><Cell><Data ss:Type="String"></Data></Cell><Cell><Data ss:Type="String"></Data></Cell></Row><Row><Cell><Data ss:Type="String">03-12-2021</Data></Cell><Cell><Data ss:Type="String">7</Data></Cell><Cell><Data ss:Type="String"></Data></Cell><Cell><Data ss:Type="String"></Data></Cell><Cell><Data ss:Type="String"></Data></Cell></Row><Row><Cell><Data ss:Type="String">04-12-2021</Data></Cell><Cell><Data ss:Type="String">1</Data></Cell><Cell><Data ss:Type="String"></Data></Cell><Cell><Data ss:Type="String"></Data></Cell><Cell><Data ss:Type="String"></Data></Cell></Row><Row><Cell><Data ss:Type="String">05-12-2021</Data></Cell><Cell><Data ss:Type="String">2</Data></Cell><Cell><Data ss:Type="String"></Data></Cell><Cell><Data ss:Type="String"></Data></Cell><Cell><Data ss:Type="String"></Data></Cell></Row><Row><Cell><Data ss:Type="String">06-12-2021</Data></Cell><Cell><Data ss:Type="String">10</Data></Cell><Cell><Data ss:Type="String"></Data></Cell><Cell><Data ss:Type="String"></Data></Cell><Cell><Data ss:Type="String"></Data></Cell></Row><Row><Cell><Data ss:Type="String">07-12-2021</Data></Cell><Cell><Data ss:Type="String">7</Data></Cell><Cell><Data ss:Type="String"></Data></Cell><Cell><Data ss:Type="String"></Data></Cell><Cell><Data ss:Type="String"></Data></Cell></Row><Row><Cell><Data ss:Type="String">08-12-2021</Data></Cell><Cell><Data ss:Type="String">5</Data></Cell><Cell><Data ss:Type="String"></Data></Cell><Cell><Data ss:Type="String"></Data></Cell><Cell><Data ss:Type="String"></Data></Cell></Row><Row><Cell><Data ss:Type="String">09-12-2021</Data></Cell><Cell><Data ss:Type="String">18</Data></Cell><Cell><Data ss:Type="String"></Data></Cell><Cell><Data ss:Type="String"></Data></Cell><Cell><Data ss:Type="String"></Data></Cell></Row><Row><Cell><Data ss:Type="String">10-12-2021</Data></Cell><Cell><Data ss:Type="String">8</Data></Cell><Cell><Data ss:Type="String"></Data></Cell><Cell><Data ss:Type="String"></Data></Cell><Cell><Data ss:Type="String"></Data></Cell></Row><Row><Cell><Data ss:Type="String">11-12-2021</Data></Cell><Cell><Data ss:Type="String">5</Data></Cell><Cell><Data ss:Type="String"></Data></Cell><Cell><Data ss:Type="String"></Data></Cell><Cell><Data ss:Type="String"></Data></Cell></Row><Row><Cell><Data ss:Type="String">12-12-2021</Data></Cell><Cell><Data ss:Type="String">9</Data></Cell><Cell><Data ss:Type="String"></Data></Cell><Cell><Data ss:Type="String"></Data></Cell><Cell><Data ss:Type="String"></Data></Cell></Row><Row><Cell><Data ss:Type="String">13-12-2021</Data></Cell><Cell><Data ss:Type="String">16</Data></Cell><Cell><Data ss:Type="String"></Data></Cell><Cell><Data ss:Type="String"></Data></Cell><Cell><Data ss:Type="String"></Data></Cell></Row><Row><Cell><Data ss:Type="String">14-12-2021</Data></Cell><Cell><Data ss:Type="String">20</Data></Cell><Cell><Data ss:Type="String"></Data></Cell><Cell><Data ss:Type="String"></Data></Cell><Cell><Data ss:Type="String"></Data></Cell></Row><Row><Cell><Data ss:Type="String">15-12-2021</Data></Cell><Cell><Data ss:Type="String">7</Data></Cell><Cell><Data ss:Type="String"></Data></Cell><Cell><Data ss:Type="String"></Data></Cell><Cell><Data ss:Type="String"></Data></Cell></Row><Row><Cell><Data ss:Type="String">Total</Data></Cell><Cell><Data ss:Type="String">1065</Data></Cell><Cell><Data ss:Type="String"></Data></Cell><Cell><Data ss:Type="String"></Data></Cell><Cell><Data ss:Type="String"></Data></Cell></Row></Table></Worksheet><Worksheet ss:Name="Detalle"><Table><Row><Cell><Data ss:Type="String">Rut</Data></Cell><Cell><Data ss:Type="String">Nombre</Data></Cell><Cell><Data ss:Type="String">Apellido</Data></Cell><Cell><Data ss:Type="String">Correo</Data></Cell><Cell><Data ss:Type="String">Grupo</Data></Cell><Cell><Data ss:Type="String">Fecha útimo acceso</Data></Cell><Cell><Data ss:Type="String">Hora útimo acceso</Data></Cell><Cell><Data ss:Type="String">Estado</Data></Cell></Row><Row><Cell><Data ss:Type="String">7.804.081-5</Data></Cell><Cell><Data ss:Type="String">Omar Octavio</Data></Cell><Cell><Data ss:Type="String">Soto Salles - 1472</Data></Cell><Cell><Data ss:Type="String">O.SOTO@DEMLIMACHE.CL</Data></Cell><Cell><Data ss:Type="String">Sin grupo</Data></Cell><Cell><Data ss:Type="String">3-11-2021</Data></Cell><Cell><Data ss:Type="String">15:16</Data></Cell><Cell><Data ss:Type="String">Activo</Data></Cell></Row><Row><Cell><Data ss:Type="String">17.089.192-9</Data></Cell><Cell><Data ss:Type="String">María José</Data></Cell><Cell><Data ss:Type="String">Valenzuela Vidal</Data></Cell><Cell><Data ss:Type="String">mariajose.valenzuela@mineduc.cl</Data></Cell><Cell><Data ss:Type="String">Sin grupo</Data></Cell><Cell><Data ss:Type="String">Sin acceso</Data></Cell><Cell><Data ss:Type="String">Sin acceso</Data></Cell><Cell><Data ss:Type="String">Activo</Data></Cell></Row><Row><Cell><Data ss:Type="String">10.949.158-6</Data></Cell><Cell><Data ss:Type="String">MIRIAM LUZ</Data></Cell><Cell><Data ss:Type="String">PEZO OLIVA</Data></Cell><Cell><Data ss:Type="String">MIRIAM.PEZO.OLIVA@GMAIL.COM</Data></Cell><Cell><Data ss:Type="String">Sin grupo</Data></Cell><Cell><Data ss:Type="String">14-12-2021</Data></Cell><Cell><Data ss:Type="String">9:57</Data></Cell><Cell><Data ss:Type="String">Activo</Data></Cell></Row><Row><Cell><Data ss:Type="String">16.736.112-9</Data></Cell><Cell><Data ss:Type="String">PRICSILA ESTEFANIA</Data></Cell><Cell><Data ss:Type="String">CAMPANINI CONTRERAS</Data></Cell><Cell><Data ss:Type="String">P.CAMPANINI.C@GMAIL.COM</Data></Cell><Cell><Data ss:Type="String">Sin grupo</Data></Cell><Cell><Data ss:Type="String">8-11-2021</Data></Cell><Cell><Data ss:Type="String">23:18</Data></Cell><Cell><Data ss:Type="String">Activo</Data></Cell></Row><Row><Cell><Data ss:Type="String">12.559.875-7</Data></Cell><Cell><Data ss:Type="String">YESSICA ROXANA</Data></Cell><Cell><Data ss:Type="String">VALLEJOS AGUERO</Data></Cell><Cell><Data ss:Type="String">YECA_ROXI@EDUCARCHILE.CL</Data></Cell><Cell><Data ss:Type="String">Sin grupo</Data></Cell><Cell><Data ss:Type="String">27-10-2021</Data></Cell><Cell><Data ss:Type="String">19:14</Data></Cell><Cell><Data ss:Type="String">Activo</Data></Cell></Row><Row><Cell><Data ss:Type="String">13.772.740-4</Data></Cell><Cell><Data ss:Type="String">SOLEDAD LORENA</Data></Cell><Cell><Data ss:Type="String">MORALES JORQUERA</Data></Cell><Cell><Data ss:Type="String">SULINAMORALES@GMAIL.COM</Data></Cell><Cell><Data ss:Type="String">Sin grupo</Data></Cell><Cell><Data ss:Type="String">18-11-2021</Data></Cell><Cell><Data ss:Type="String">11:46</Data></Cell><Cell><Data ss:Type="String">Activo</Data></Cell></Row><Row><Cell><Data ss:Type="String">16.584.034-8</Data></Cell><Cell><Data ss:Type="String">PÍA CATALINA</Data></Cell><Cell><Data ss:Type="String">GÓMEZ KNABE</Data></Cell><Cell><Data ss:Type="String">piacgomezk@gmail.com</Data></Cell><Cell><Data ss:Type="String">Sin grupo</Data></Cell><Cell><Data ss:Type="String">21-10-2021</Data></Cell><Cell><Data ss:Type="String">14:57</Data></Cell><Cell><Data ss:Type="String">Activo</Data></Cell></Row><Row><Cell><Data ss:Type="String">9.374.595-7</Data></Cell><Cell><Data ss:Type="String">MIRIAM</Data></Cell><Cell><Data ss:Type="String">CARVAJAL RONDANELLI</Data></Cell><Cell><Data ss:Type="String">CARVAJALRONDANELLI@GMAIL.COM</Data></Cell><Cell><Data ss:Type="String">Sin grupo</Data></Cell><Cell><Data ss:Type="String">25-11-2021</Data></Cell><Cell><Data ss:Type="String">15:11</Data></Cell><Cell><Data ss:Type="String">Activo</Data></Cell></Row><Row><Cell><Data ss:Type="String">10.740.377-9</Data></Cell><Cell><Data ss:Type="String">Sandra del Carmen</Data></Cell><Cell><Data ss:Type="String">Rebolledo Cárdenas - 2613</Data></Cell><Cell><Data ss:Type="String">santamatildeescuela@gmail.com</Data></Cell><Cell><Data ss:Type="String">Sin grupo</Data></Cell><Cell><Data ss:Type="String">10-11-2021</Data></Cell><Cell><Data ss:Type="String">8:59</Data></Cell><Cell><Data ss:Type="String">Activo</Data></Cell></Row><Row><Cell><Data ss:Type="String">8.620.612-9</Data></Cell><Cell><Data ss:Type="String">MARIA EUGENIA</Data></Cell><Cell><Data ss:Type="String">CHANDIA FERNANDEZ</Data></Cell><Cell><Data ss:Type="String">EUGENIACHANDIA@GMAIL.COM</Data></Cell><Cell><Data ss:Type="String">Sin grupo</Data></Cell><Cell><Data ss:Type="String">3-11-2021</Data></Cell><Cell><Data ss:Type="String">17:25</Data></Cell><Cell><Data ss:Type="String">Activo</Data></Cell></Row><Row><Cell><Data ss:Type="String">7.055.078-4</Data></Cell><Cell><Data ss:Type="String">ROSA JEANETTE</Data></Cell><Cell><Data ss:Type="String">FUENTES ROMERO</Data></Cell><Cell><Data ss:Type="String">RJFR2008@HOTMAIL.COM</Data></Cell><Cell><Data ss:Type="String">Sin grupo</Data></Cell><Cell><Data ss:Type="String">30-11-2021</Data></Cell><Cell><Data ss:Type="String">15:31</Data></Cell><Cell><Data ss:Type="String">Activo</Data></Cell></Row><Row><Cell><Data ss:Type="String">8.301.555-1</Data></Cell><Cell><Data ss:Type="String">MARIBEL</Data></Cell><Cell><Data ss:Type="String">TORNERIA VARGAS</Data></Cell><Cell><Data ss:Type="String">MARIBELPANCHI@YAHOO.ES</Data></Cell><Cell><Data ss:Type="String">Sin grupo</Data></Cell><Cell><Data ss:Type="String">9-11-2021</Data></Cell><Cell><Data ss:Type="String">9:52</Data></Cell><Cell><Data ss:Type="String">Activo</Data></Cell></Row><Row><Cell><Data ss:Type="String">12.293.958-8</Data></Cell><Cell><Data ss:Type="String">Rosa</Data></Cell><Cell><Data ss:Type="String">Espinoza Salinas</Data></Cell><Cell><Data ss:Type="String">profesora.rosita@live.com</Data></Cell><Cell><Data ss:Type="String">Sin grupo</Data></Cell><Cell><Data ss:Type="String">Sin acceso</Data></Cell><Cell><Data ss:Type="String">Sin acceso</Data></Cell><Cell><Data ss:Type="String">Activo</Data></Cell></Row><Row><Cell><Data ss:Type="String">10.383.081-8</Data></Cell><Cell><Data ss:Type="String">Francisca Cecilia Del Carmen</Data></Cell><Cell><Data ss:Type="String">Allendes Castro</Data></Cell><Cell><Data ss:Type="String">francisca_42@hotmail.es</Data></Cell><Cell><Data ss:Type="String">Sin grupo</Data></Cell><Cell><Data ss:Type="String">30-11-2021</Data></Cell><Cell><Data ss:Type="String">10:55</Data></Cell><Cell><Data ss:Type="String">Activo</Data></Cell></Row><Row><Cell><Data ss:Type="String">6.976.612-9</Data></Cell><Cell><Data ss:Type="String">MANUEL</Data></Cell><Cell><Data ss:Type="String">FERNANDEZ OLGUIN</Data></Cell><Cell><Data ss:Type="String">MALEF54O@HOTMAIL.COM</Data></Cell><Cell><Data ss:Type="String">Sin grupo</Data></Cell><Cell><Data ss:Type="String">8-11-2021</Data></Cell><Cell><Data ss:Type="String">13:27</Data></Cell><Cell><Data ss:Type="String">Activo</Data></Cell></Row><Row><Cell><Data ss:Type="String">11.813.318-8</Data></Cell><Cell><Data ss:Type="String">marcela</Data></Cell><Cell><Data ss:Type="String">olivares</Data></Cell><Cell><Data ss:Type="String">sindefinir@mail.com</Data></Cell><Cell><Data ss:Type="String">Sin grupo</Data></Cell><Cell><Data ss:Type="String">5-10-2021</Data></Cell><Cell><Data ss:Type="String">9:57</Data></Cell><Cell><Data ss:Type="String">Activo</Data></Cell></Row><Row><Cell><Data ss:Type="String">10.768.827-7</Data></Cell><Cell><Data ss:Type="String">CORINA DEL CARMEN</Data></Cell><Cell><Data ss:Type="String">ARAVENA BECERRA</Data></Cell><Cell><Data ss:Type="String">CONYCRA@HOTMAIL.COM</Data></Cell><Cell><Data ss:Type="String">Sin grupo</Data></Cell><Cell><Data ss:Type="String">3-11-2021</Data></Cell><Cell><Data ss:Type="String">14:39</Data></Cell><Cell><Data ss:Type="String">Activo</Data></Cell></Row><Row><Cell><Data ss:Type="String">8.773.171-5</Data></Cell><Cell><Data ss:Type="String">JEANNETTE DEL PILAR</Data></Cell><Cell><Data ss:Type="String">URETA CARIZ</Data></Cell><Cell><Data ss:Type="String">JEANNETTE_U.C@HOTMAIL.COM</Data></Cell><Cell><Data ss:Type="String">Sin grupo</Data></Cell><Cell><Data ss:Type="String">9-12-2021</Data></Cell><Cell><Data ss:Type="String">9:37</Data></Cell><Cell><Data ss:Type="String">Activo</Data></Cell></Row><Row><Cell><Data ss:Type="String">13.286.111-0</Data></Cell><Cell><Data ss:Type="String">Urzula Andrea</Data></Cell><Cell><Data ss:Type="String">Hernández Ramírez</Data></Cell><Cell><Data ss:Type="String">URZULA.HERNANDEZ.RAMIREZ@GMAIL.COM</Data></Cell><Cell><Data ss:Type="String">Sin grupo</Data></Cell><Cell><Data ss:Type="String">8-11-2021</Data></Cell><Cell><Data ss:Type="String">16:59</Data></Cell><Cell><Data ss:Type="String">Activo</Data></Cell></Row><Row><Cell><Data ss:Type="String">3.226.631-2</Data></Cell><Cell><Data ss:Type="String">TANIA</Data></Cell><Cell><Data ss:Type="String">ESPINOZA CRUZ</Data></Cell><Cell><Data ss:Type="String">TREC43@YAHOO.COM</Data></Cell><Cell><Data ss:Type="String">Sin grupo</Data></Cell><Cell><Data ss:Type="String">28-11-2021</Data></Cell><Cell><Data ss:Type="String">21:35</Data></Cell><Cell><Data ss:Type="String">Activo</Data></Cell></Row><Row><Cell><Data ss:Type="String">14.476.939-2</Data></Cell><Cell><Data ss:Type="String">ROXANA</Data></Cell><Cell><Data ss:Type="String">NAVARRETE SOTO</Data></Cell><Cell><Data ss:Type="String">ROXANANAV@GMAIL.COM</Data></Cell><Cell><Data ss:Type="String">Sin grupo</Data></Cell><Cell><Data ss:Type="String">14-12-2021</Data></Cell><Cell><Data ss:Type="String">19:21</Data></Cell><Cell><Data ss:Type="String">Activo</Data></Cell></Row><Row><Cell><Data ss:Type="String">16.201.692-k</Data></Cell><Cell><Data ss:Type="String">CRISTIAN ANDRES</Data></Cell><Cell><Data ss:Type="String">NEIRA GUIÑEZ</Data></Cell><Cell><Data ss:Type="String">cristneira@udec.cl</Data></Cell><Cell><Data ss:Type="String">Sin grupo</Data></Cell><Cell><Data ss:Type="String">6-11-2021</Data></Cell><Cell><Data ss:Type="String">18:16</Data></Cell><Cell><Data ss:Type="String">Activo</Data></Cell></Row><Row><Cell><Data ss:Type="String">10.052.254-3</Data></Cell><Cell><Data ss:Type="String">Maria Virginia</Data></Cell><Cell><Data ss:Type="String">Lopez Flores</Data></Cell><Cell><Data ss:Type="String">marita152017@outlook.es</Data></Cell><Cell><Data ss:Type="String">Sin grupo</Data></Cell><Cell><Data ss:Type="String">8-11-2021</Data></Cell><Cell><Data ss:Type="String">17:5</Data></Cell><Cell><Data ss:Type="String">Activo</Data></Cell></Row><Row><Cell><Data ss:Type="String">11.468.547-k</Data></Cell><Cell><Data ss:Type="String">SILVANA JACQUELINE</Data></Cell><Cell><Data ss:Type="String">ACUÑA RIVERA</Data></Cell><Cell><Data ss:Type="String">SILVANABOOK@GMAIL.COM</Data></Cell><Cell><Data ss:Type="String">Sin grupo</Data></Cell><Cell><Data ss:Type="String">Sin acceso</Data></Cell><Cell><Data ss:Type="String">Sin acceso</Data></Cell><Cell><Data ss:Type="String">Activo</Data></Cell></Row><Row><Cell><Data ss:Type="String">15.865.332-k</Data></Cell><Cell><Data ss:Type="String">Malloly</Data></Cell><Cell><Data ss:Type="String">Cereceda Aburto</Data></Cell><Cell><Data ss:Type="String">MALLOLY84@HOTMAIL.COM</Data></Cell><Cell><Data ss:Type="String">Sin grupo</Data></Cell><Cell><Data ss:Type="String">3-11-2021</Data></Cell><Cell><Data ss:Type="String">10:50</Data></Cell><Cell><Data ss:Type="String">Activo</Data></Cell></Row><Row><Cell><Data ss:Type="String">11.068.658-7</Data></Cell><Cell><Data ss:Type="String">CARMEN VERONICA</Data></Cell><Cell><Data ss:Type="String">GONZALEZ GONZALEZ</Data></Cell><Cell><Data ss:Type="String">CABARGEN@HOTMAIL.COM</Data></Cell><Cell><Data ss:Type="String">Sin grupo</Data></Cell><Cell><Data ss:Type="String">10-12-2021</Data></Cell><Cell><Data ss:Type="String">13:24</Data></Cell><Cell><Data ss:Type="String">Activo</Data></Cell></Row><Row><Cell><Data ss:Type="String">16.635.405-6</Data></Cell><Cell><Data ss:Type="String">DANIELA</Data></Cell><Cell><Data ss:Type="String">MONTES PINO</Data></Cell><Cell><Data ss:Type="String">DANYMONTP@GMAIL.COM</Data></Cell><Cell><Data ss:Type="String">Sin grupo</Data></Cell><Cell><Data ss:Type="String">27-10-2021</Data></Cell><Cell><Data ss:Type="String">20:23</Data></Cell><Cell><Data ss:Type="String">Activo</Data></Cell></Row><Row><Cell><Data ss:Type="String">11.109.178-1</Data></Cell><Cell><Data ss:Type="String">ELIZABETH CONSTANZA</Data></Cell><Cell><Data ss:Type="String">VALDENEGRO NÚÑEZ</Data></Cell><Cell><Data ss:Type="String">KONYVAL@GMAIL.COM</Data></Cell><Cell><Data ss:Type="String">Sin grupo</Data></Cell><Cell><Data ss:Type="String">14-12-2021</Data></Cell><Cell><Data ss:Type="String">19:44</Data></Cell><Cell><Data ss:Type="String">Activo</Data></Cell></Row><Row><Cell><Data ss:Type="String">14.622.749-k</Data></Cell><Cell><Data ss:Type="String">CARMEN ROSA</Data></Cell><Cell><Data ss:Type="String">ROJAS MOLINA</Data></Cell><Cell><Data ss:Type="String">CARMENSOLEDAD1976@GMAIL.COM</Data></Cell><Cell><Data ss:Type="String">Sin grupo</Data></Cell><Cell><Data ss:Type="String">28-10-2021</Data></Cell><Cell><Data ss:Type="String">10:52</Data></Cell><Cell><Data ss:Type="String">Activo</Data></Cell></Row><Row><Cell><Data ss:Type="String">15.660.630-8</Data></Cell><Cell><Data ss:Type="String">Maria Florentina</Data></Cell><Cell><Data ss:Type="String">Baeza Moreno</Data></Cell><Cell><Data ss:Type="String">Srta_mariflo2@hotmail.com</Data></Cell><Cell><Data ss:Type="String">Sin grupo</Data></Cell><Cell><Data ss:Type="String">9-12-2021</Data></Cell><Cell><Data ss:Type="String">16:17</Data></Cell><Cell><Data ss:Type="String">Activo</Data></Cell></Row><Row><Cell><Data ss:Type="String">14.028.131-k</Data></Cell><Cell><Data ss:Type="String">MICHELLE PRISCILLA</Data></Cell><Cell><Data ss:Type="String">SALAZAR SALAZAR</Data></Cell><Cell><Data ss:Type="String">MICHELLESALAZ@GMAIL.COM</Data></Cell><Cell><Data ss:Type="String">Sin grupo</Data></Cell><Cell><Data ss:Type="String">Sin acceso</Data></Cell><Cell><Data ss:Type="String">Sin acceso</Data></Cell><Cell><Data ss:Type="String">Activo</Data></Cell></Row><Row><Cell><Data ss:Type="String">7.240.436-k</Data></Cell><Cell><Data ss:Type="String">ROSA ELVIRA</Data></Cell><Cell><Data ss:Type="String">SOLSONA MAYORGA</Data></Cell><Cell><Data ss:Type="String">rosita.solsona@gmail.com</Data></Cell><Cell><Data ss:Type="String">Sin grupo</Data></Cell><Cell><Data ss:Type="String">31-10-2021</Data></Cell><Cell><Data ss:Type="String">19:41</Data></Cell><Cell><Data ss:Type="String">Activo</Data></Cell></Row><Row><Cell><Data ss:Type="String">11.684.466-4</Data></Cell><Cell><Data ss:Type="String">JANETTE</Data></Cell><Cell><Data ss:Type="String">MEDINA MONSALVE - 4953</Data></Cell><Cell><Data ss:Type="String">SCARYAPA2012@HOTMAIL.COM</Data></Cell><Cell><Data ss:Type="String">Sin grupo</Data></Cell><Cell><Data ss:Type="String">27-10-2021</Data></Cell><Cell><Data ss:Type="String">11:11</Data></Cell><Cell><Data ss:Type="String">Activo</Data></Cell></Row><Row><Cell><Data ss:Type="String">13.046.673-7</Data></Cell><Cell><Data ss:Type="String">PAOLA CARMEN</Data></Cell><Cell><Data ss:Type="String">BARRA HERNANDEZ</Data></Cell><Cell><Data ss:Type="String">pa-olitajplm@hotmail.com</Data></Cell><Cell><Data ss:Type="String">Sin grupo</Data></Cell><Cell><Data ss:Type="String">14-10-2021</Data></Cell><Cell><Data ss:Type="String">15:55</Data></Cell><Cell><Data ss:Type="String">Activo</Data></Cell></Row><Row><Cell><Data ss:Type="String">11.951.305-7</Data></Cell><Cell><Data ss:Type="String">Juan</Data></Cell><Cell><Data ss:Type="String">Pablo</Data></Cell><Cell><Data ss:Type="String">jprojasrol@gmail.com</Data></Cell><Cell><Data ss:Type="String">Sin grupo</Data></Cell><Cell><Data ss:Type="String">13-12-2021</Data></Cell><Cell><Data ss:Type="String">8:41</Data></Cell><Cell><Data ss:Type="String">Activo</Data></Cell></Row><Row><Cell><Data ss:Type="String">16.835.767-2</Data></Cell><Cell><Data ss:Type="String">PAOLA  ALEJANDRA</Data></Cell><Cell><Data ss:Type="String">MENDEZ RETAMAL</Data></Cell><Cell><Data ss:Type="String">ISICAM2009@HOTMAIL.COM</Data></Cell><Cell><Data ss:Type="String">Sin grupo</Data></Cell><Cell><Data ss:Type="String">11-11-2021</Data></Cell><Cell><Data ss:Type="String">9:35</Data></Cell><Cell><Data ss:Type="String">Activo</Data></Cell></Row><Row><Cell><Data ss:Type="String">18.642.751-3</Data></Cell><Cell><Data ss:Type="String">RUTH BETZABET</Data></Cell><Cell><Data ss:Type="String">DIAZ MILLALONCO</Data></Cell><Cell><Data ss:Type="String">ruth.diaz@esc-aprat.cl</Data></Cell><Cell><Data ss:Type="String">Sin grupo</Data></Cell><Cell><Data ss:Type="String">8-12-2021</Data></Cell><Cell><Data ss:Type="String">23:43</Data></Cell><Cell><Data ss:Type="String">Activo</Data></Cell></Row><Row><Cell><Data ss:Type="String">13.929.643-5</Data></Cell><Cell><Data ss:Type="String">Leticia Isabel</Data></Cell><Cell><Data ss:Type="String">Sánchez Bustamante</Data></Cell><Cell><Data ss:Type="String">leticia.sanchez@mineduc.cl</Data></Cell><Cell><Data ss:Type="String">Sin grupo</Data></Cell><Cell><Data ss:Type="String">Sin acceso</Data></Cell><Cell><Data ss:Type="String">Sin acceso</Data></Cell><Cell><Data ss:Type="String">Activo</Data></Cell></Row><Row><Cell><Data ss:Type="String">9.927.163-9</Data></Cell><Cell><Data ss:Type="String">ROSA</Data></Cell><Cell><Data ss:Type="String">AROCA BASAUR</Data></Cell><Cell><Data ss:Type="String">RAROCABASAUR@GMAIL.COM</Data></Cell><Cell><Data ss:Type="String">Sin grupo</Data></Cell><Cell><Data ss:Type="String">15-12-2021</Data></Cell><Cell><Data ss:Type="String">11:12</Data></Cell><Cell><Data ss:Type="String">Activo</Data></Cell></Row><Row><Cell><Data ss:Type="String">7.341.465-2</Data></Cell><Cell><Data ss:Type="String">LUIS HUMBERTO</Data></Cell><Cell><Data ss:Type="String">SOTO GALLARDO</Data></Cell><Cell><Data ss:Type="String">LUSGALLARDO@GMAIL.COM</Data></Cell><Cell><Data ss:Type="String">Sin grupo</Data></Cell><Cell><Data ss:Type="String">15-12-2021</Data></Cell><Cell><Data ss:Type="String">9:10</Data></Cell><Cell><Data ss:Type="String">Activo</Data></Cell></Row><Row><Cell><Data ss:Type="String">8.958.179-6</Data></Cell><Cell><Data ss:Type="String">Veronica Alicia</Data></Cell><Cell><Data ss:Type="String">Bustamante Prado</Data></Cell><Cell><Data ss:Type="String">VERONICA21BUSTAMANTE@GMAIL.COM</Data></Cell><Cell><Data ss:Type="String">Sin grupo</Data></Cell><Cell><Data ss:Type="String">17-11-2021</Data></Cell><Cell><Data ss:Type="String">22:44</Data></Cell><Cell><Data ss:Type="String">Activo</Data></Cell></Row><Row><Cell><Data ss:Type="String">10.220.844-7</Data></Cell><Cell><Data ss:Type="String">Gloria</Data></Cell><Cell><Data ss:Type="String">Valdés Espinoza</Data></Cell><Cell><Data ss:Type="String">GLORIA.VALDES.CRA@GMAIL.COM</Data></Cell><Cell><Data ss:Type="String">Sin grupo</Data></Cell><Cell><Data ss:Type="String">8-11-2021</Data></Cell><Cell><Data ss:Type="String">20:18</Data></Cell><Cell><Data ss:Type="String">Activo</Data></Cell></Row><Row><Cell><Data ss:Type="String">8.969.584-8</Data></Cell><Cell><Data ss:Type="String">PATRICIA DEL TRÁNSITO</Data></Cell><Cell><Data ss:Type="String">FERNÁNDEZ SAAVEDRA</Data></Cell><Cell><Data ss:Type="String">PFERNANDEZSAA@GMAIL.COM</Data></Cell><Cell><Data ss:Type="String">Sin grupo</Data></Cell><Cell><Data ss:Type="String">9-12-2021</Data></Cell><Cell><Data ss:Type="String">12:12</Data></Cell><Cell><Data ss:Type="String">Activo</Data></Cell></Row><Row><Cell><Data ss:Type="String">14.160.397-3</Data></Cell><Cell><Data ss:Type="String">CONSTANZA</Data></Cell><Cell><Data ss:Type="String">VELASCO BRUHN</Data></Cell><Cell><Data ss:Type="String">CVELASCO@TUCLASE.CL</Data></Cell><Cell><Data ss:Type="String">Sin grupo</Data></Cell><Cell><Data ss:Type="String">10-11-2021</Data></Cell><Cell><Data ss:Type="String">16:6</Data></Cell><Cell><Data ss:Type="String">Activo</Data></Cell></Row><Row><Cell><Data ss:Type="String">15.224.373-1</Data></Cell><Cell><Data ss:Type="String">XIMENA</Data></Cell><Cell><Data ss:Type="String">BARRA ROA</Data></Cell><Cell><Data ss:Type="String">XIMENAMAGDA@GMAIL.COM</Data></Cell><Cell><Data ss:Type="String">Sin grupo</Data></Cell><Cell><Data ss:Type="String">29-11-2021</Data></Cell><Cell><Data ss:Type="String">22:3</Data></Cell><Cell><Data ss:Type="String">Activo</Data></Cell></Row><Row><Cell><Data ss:Type="String">9.658.619-1</Data></Cell><Cell><Data ss:Type="String">Ruth Geraldine</Data></Cell><Cell><Data ss:Type="String">Rossel Concha</Data></Cell><Cell><Data ss:Type="String">PROYECTOLECTORCARMELITAS@GMAIL.COM</Data></Cell><Cell><Data ss:Type="String">Sin grupo</Data></Cell><Cell><Data ss:Type="String">14-12-2021</Data></Cell><Cell><Data ss:Type="String">9:33</Data></Cell><Cell><Data ss:Type="String">Activo</Data></Cell></Row><Row><Cell><Data ss:Type="String">11.646.787-9</Data></Cell><Cell><Data ss:Type="String">SUSANA</Data></Cell><Cell><Data ss:Type="String">OSORIO RETAMALES</Data></Cell><Cell><Data ss:Type="String">SOSORIO@SIP.CL</Data></Cell><Cell><Data ss:Type="String">Sin grupo</Data></Cell><Cell><Data ss:Type="String">8-10-2021</Data></Cell><Cell><Data ss:Type="String">11:21</Data></Cell><Cell><Data ss:Type="String">Activo</Data></Cell></Row><Row><Cell><Data ss:Type="String">15.912.516-5</Data></Cell><Cell><Data ss:Type="String">MARIO</Data></Cell><Cell><Data ss:Type="String">ORTIZ VELIZ</Data></Cell><Cell><Data ss:Type="String">ORTIZRONNY2@GMAIL.COM</Data></Cell><Cell><Data ss:Type="String">Sin grupo</Data></Cell><Cell><Data ss:Type="String">10-12-2021</Data></Cell><Cell><Data ss:Type="String">12:58</Data></Cell><Cell><Data ss:Type="String">Activo</Data></Cell></Row><Row><Cell><Data ss:Type="String">10.815.764-k</Data></Cell><Cell><Data ss:Type="String">ANA</Data></Cell><Cell><Data ss:Type="String">LECAROS AVALOS</Data></Cell><Cell><Data ss:Type="String">BIBLIOTECACRA.LICEO@GMAIL.COM</Data></Cell><Cell><Data ss:Type="String">Sin grupo</Data></Cell><Cell><Data ss:Type="String">14-12-2021</Data></Cell><Cell><Data ss:Type="String">17:42</Data></Cell><Cell><Data ss:Type="String">Activo</Data></Cell></Row><Row><Cell><Data ss:Type="String">12.911.306-5</Data></Cell><Cell><Data ss:Type="String">URSULA SOLANGE</Data></Cell><Cell><Data ss:Type="String">MACIAS COLLADO</Data></Cell><Cell><Data ss:Type="String">SOLANGEMACIAS@HOTMAIL.COM</Data></Cell><Cell><Data ss:Type="String">Sin grupo</Data></Cell><Cell><Data ss:Type="String">8-11-2021</Data></Cell><Cell><Data ss:Type="String">16:43</Data></Cell><Cell><Data ss:Type="String">Activo</Data></Cell></Row><Row><Cell><Data ss:Type="String">11.656.229-4</Data></Cell><Cell><Data ss:Type="String">BERTA</Data></Cell><Cell><Data ss:Type="String">OTERO UBILLA - 2800</Data></Cell><Cell><Data ss:Type="String">BERTA.OTERO.1970@GMAIL.COM</Data></Cell><Cell><Data ss:Type="String">Sin grupo</Data></Cell><Cell><Data ss:Type="String">13-12-2021</Data></Cell><Cell><Data ss:Type="String">12:6</Data></Cell><Cell><Data ss:Type="String">Activo</Data></Cell></Row><Row><Cell><Data ss:Type="String">12.831.362-1</Data></Cell><Cell><Data ss:Type="String">MARIA ANGELICA</Data></Cell><Cell><Data ss:Type="String">OVALLE MEZA</Data></Cell><Cell><Data ss:Type="String">CATSOF21@GMAIL.COM</Data></Cell><Cell><Data ss:Type="String">Sin grupo</Data></Cell><Cell><Data ss:Type="String">9-12-2021</Data></Cell><Cell><Data ss:Type="String">11:31</Data></Cell><Cell><Data ss:Type="String">Activo</Data></Cell></Row><Row><Cell><Data ss:Type="String">9.242.281-k</Data></Cell><Cell><Data ss:Type="String">JANETH MARISOL</Data></Cell><Cell><Data ss:Type="String">RIVAS MERINO</Data></Cell><Cell><Data ss:Type="String">JANETH.RIVAS@HOTMAIL.COM</Data></Cell><Cell><Data ss:Type="String">Sin grupo</Data></Cell><Cell><Data ss:Type="String">9-11-2021</Data></Cell><Cell><Data ss:Type="String">12:38</Data></Cell><Cell><Data ss:Type="String">Activo</Data></Cell></Row><Row><Cell><Data ss:Type="String">15.210.858-3</Data></Cell><Cell><Data ss:Type="String">NOLFA ESTER</Data></Cell><Cell><Data ss:Type="String">GUTIERREZ CARRASCO</Data></Cell><Cell><Data ss:Type="String">NOLFAGUTIERREZCARRASCO@GMAIL.COM</Data></Cell><Cell><Data ss:Type="String">Sin grupo</Data></Cell><Cell><Data ss:Type="String">30-11-2021</Data></Cell><Cell><Data ss:Type="String">11:6</Data></Cell><Cell><Data ss:Type="String">Activo</Data></Cell></Row><Row><Cell><Data ss:Type="String">15.874.907-6</Data></Cell><Cell><Data ss:Type="String">FRANCISCA</Data></Cell><Cell><Data ss:Type="String">TAPIA PARRAGUEZ</Data></Cell><Cell><Data ss:Type="String">FRANCISCATAPIA27@HOTMAIL.COM</Data></Cell><Cell><Data ss:Type="String">Sin grupo</Data></Cell><Cell><Data ss:Type="String">10-12-2021</Data></Cell><Cell><Data ss:Type="String">15:20</Data></Cell><Cell><Data ss:Type="String">Activo</Data></Cell></Row><Row><Cell><Data ss:Type="String">16.217.932-2</Data></Cell><Cell><Data ss:Type="String">OSCARINA</Data></Cell><Cell><Data ss:Type="String">LABRIN LABRIN</Data></Cell><Cell><Data ss:Type="String">KARYLABRIN.KL@GMAIL.COM</Data></Cell><Cell><Data ss:Type="String">Sin grupo</Data></Cell><Cell><Data ss:Type="String">10-12-2021</Data></Cell><Cell><Data ss:Type="String">11:46</Data></Cell><Cell><Data ss:Type="String">Activo</Data></Cell></Row><Row><Cell><Data ss:Type="String">8.110.425-5</Data></Cell><Cell><Data ss:Type="String">XIMENA</Data></Cell><Cell><Data ss:Type="String">GONZALEZ CORREA</Data></Cell><Cell><Data ss:Type="String">XIMENA.XIMEMAGDA@GMAIL.COM</Data></Cell><Cell><Data ss:Type="String">Sin grupo</Data></Cell><Cell><Data ss:Type="String">8-11-2021</Data></Cell><Cell><Data ss:Type="String">19:1</Data></Cell><Cell><Data ss:Type="String">Activo</Data></Cell></Row><Row><Cell><Data ss:Type="String">11.393.272-4</Data></Cell><Cell><Data ss:Type="String">ROSA</Data></Cell><Cell><Data ss:Type="String">ROMAN MADARIAGA</Data></Cell><Cell><Data ss:Type="String">ROMANMADARIAGA@GMAIL.COM</Data></Cell><Cell><Data ss:Type="String">Sin grupo</Data></Cell><Cell><Data ss:Type="String">13-12-2021</Data></Cell><Cell><Data ss:Type="String">8:48</Data></Cell><Cell><Data ss:Type="String">Activo</Data></Cell></Row><Row><Cell><Data ss:Type="String">14.228.175-9</Data></Cell><Cell><Data ss:Type="String">Carolina Alejandra</Data></Cell><Cell><Data ss:Type="String">Ruiz</Data></Cell><Cell><Data ss:Type="String">monserratcarolina2009@gmail.com</Data></Cell><Cell><Data ss:Type="String">Sin grupo</Data></Cell><Cell><Data ss:Type="String">15-12-2021</Data></Cell><Cell><Data ss:Type="String">10:34</Data></Cell><Cell><Data ss:Type="String">Activo</Data></Cell></Row><Row><Cell><Data ss:Type="String">16.702.014-3</Data></Cell><Cell><Data ss:Type="String">Jennifer</Data></Cell><Cell><Data ss:Type="String">Henríquez Jiménez</Data></Cell><Cell><Data ss:Type="String">jhenriquez@liceomixto.cl</Data></Cell><Cell><Data ss:Type="String">Sin grupo</Data></Cell><Cell><Data ss:Type="String">14-12-2021</Data></Cell><Cell><Data ss:Type="String">19:43</Data></Cell><Cell><Data ss:Type="String">Activo</Data></Cell></Row><Row><Cell><Data ss:Type="String">16.390.001-7</Data></Cell><Cell><Data ss:Type="String">NATALIA PAZ</Data></Cell><Cell><Data ss:Type="String">VARGAS MORENO</Data></Cell><Cell><Data ss:Type="String">NATALIA.PAZ86@GMAIL.COM</Data></Cell><Cell><Data ss:Type="String">Sin grupo</Data></Cell><Cell><Data ss:Type="String">18-11-2021</Data></Cell><Cell><Data ss:Type="String">9:53</Data></Cell><Cell><Data ss:Type="String">Activo</Data></Cell></Row><Row><Cell><Data ss:Type="String">14.299.867-k</Data></Cell><Cell><Data ss:Type="String">SUSANA</Data></Cell><Cell><Data ss:Type="String">CÓRDOVA</Data></Cell><Cell><Data ss:Type="String">tiasusi.etj@gmail.com</Data></Cell><Cell><Data ss:Type="String">Sin grupo</Data></Cell><Cell><Data ss:Type="String">Sin acceso</Data></Cell><Cell><Data ss:Type="String">Sin acceso</Data></Cell><Cell><Data ss:Type="String">Activo</Data></Cell></Row><Row><Cell><Data ss:Type="String">16.044.968-3</Data></Cell><Cell><Data ss:Type="String">Andrea</Data></Cell><Cell><Data ss:Type="String">Jabre Orozco</Data></Cell><Cell><Data ss:Type="String">andreaaliciajabreorozco45@gmail.com</Data></Cell><Cell><Data ss:Type="String">Sin grupo</Data></Cell><Cell><Data ss:Type="String">3-11-2021</Data></Cell><Cell><Data ss:Type="String">17:14</Data></Cell><Cell><Data ss:Type="String">Activo</Data></Cell></Row><Row><Cell><Data ss:Type="String">17.873.507-1</Data></Cell><Cell><Data ss:Type="String">STHEFANIE</Data></Cell><Cell><Data ss:Type="String">BASAY  ABRIGO</Data></Cell><Cell><Data ss:Type="String">FANYBASAY@GMAIL.COM</Data></Cell><Cell><Data ss:Type="String">Sin grupo</Data></Cell><Cell><Data ss:Type="String">8-11-2021</Data></Cell><Cell><Data ss:Type="String">20:4</Data></Cell><Cell><Data ss:Type="String">Activo</Data></Cell></Row><Row><Cell><Data ss:Type="String">15.159.920-6</Data></Cell><Cell><Data ss:Type="String">ERICA</Data></Cell><Cell><Data ss:Type="String">MORENO</Data></Cell><Cell><Data ss:Type="String">ERICA_82@HOTMAIL.CL</Data></Cell><Cell><Data ss:Type="String">Sin grupo</Data></Cell><Cell><Data ss:Type="String">29-10-2021</Data></Cell><Cell><Data ss:Type="String">11:34</Data></Cell><Cell><Data ss:Type="String">Activo</Data></Cell></Row><Row><Cell><Data ss:Type="String">11.051.109-4</Data></Cell><Cell><Data ss:Type="String">MARGARITA</Data></Cell><Cell><Data ss:Type="String">URBINA MONTEALEGRE</Data></Cell><Cell><Data ss:Type="String">MARGARITA_URB@HOTMAIL.COM</Data></Cell><Cell><Data ss:Type="String">Sin grupo</Data></Cell><Cell><Data ss:Type="String">14-12-2021</Data></Cell><Cell><Data ss:Type="String">14:37</Data></Cell><Cell><Data ss:Type="String">Activo</Data></Cell></Row><Row><Cell><Data ss:Type="String">12.944.200-k</Data></Cell><Cell><Data ss:Type="String">ANA PAMELA</Data></Cell><Cell><Data ss:Type="String">ARAYA ANGEL</Data></Cell><Cell><Data ss:Type="String">ANNYYPAMELA@GMAIL.COM</Data></Cell><Cell><Data ss:Type="String">Sin grupo</Data></Cell><Cell><Data ss:Type="String">26-10-2021</Data></Cell><Cell><Data ss:Type="String">13:32</Data></Cell><Cell><Data ss:Type="String">Activo</Data></Cell></Row><Row><Cell><Data ss:Type="String">11.517.696-k</Data></Cell><Cell><Data ss:Type="String">Rodrigo Alfredo</Data></Cell><Cell><Data ss:Type="String">Infanta Cornejo</Data></Cell><Cell><Data ss:Type="String">biblioteca@cemsanramon.cl</Data></Cell><Cell><Data ss:Type="String">Sin grupo</Data></Cell><Cell><Data ss:Type="String">14-12-2021</Data></Cell><Cell><Data ss:Type="String">22:54</Data></Cell><Cell><Data ss:Type="String">Activo</Data></Cell></Row><Row><Cell><Data ss:Type="String">16.743.915-2</Data></Cell><Cell><Data ss:Type="String">Sergio senastian</Data></Cell><Cell><Data ss:Type="String">Molina Ramirez</Data></Cell><Cell><Data ss:Type="String">sergionemolinaT@gmail.com</Data></Cell><Cell><Data ss:Type="String">Sin grupo</Data></Cell><Cell><Data ss:Type="String">10-11-2021</Data></Cell><Cell><Data ss:Type="String">23:41</Data></Cell><Cell><Data ss:Type="String">Activo</Data></Cell></Row><Row><Cell><Data ss:Type="String">15.219.052-2</Data></Cell><Cell><Data ss:Type="String">MONICA</Data></Cell><Cell><Data ss:Type="String">GONZALEZ SANDOVAL</Data></Cell><Cell><Data ss:Type="String">monica.gonzalez@cpph.cl</Data></Cell><Cell><Data ss:Type="String">Sin grupo</Data></Cell><Cell><Data ss:Type="String">14-12-2021</Data></Cell><Cell><Data ss:Type="String">23:22</Data></Cell><Cell><Data ss:Type="String">Activo</Data></Cell></Row><Row><Cell><Data ss:Type="String">21.613.921-6</Data></Cell><Cell><Data ss:Type="String">MÓNICA</Data></Cell><Cell><Data ss:Type="String">BADA ZECCHI</Data></Cell><Cell><Data ss:Type="String">MONICABADAZ@YAHOO.COM</Data></Cell><Cell><Data ss:Type="String">Sin grupo</Data></Cell><Cell><Data ss:Type="String">9-12-2021</Data></Cell><Cell><Data ss:Type="String">9:39</Data></Cell><Cell><Data ss:Type="String">Activo</Data></Cell></Row><Row><Cell><Data ss:Type="String">16.978.266-0</Data></Cell><Cell><Data ss:Type="String">Israel Edmundo</Data></Cell><Cell><Data ss:Type="String">Orellana Rodríguez</Data></Cell><Cell><Data ss:Type="String">israel_or@live.cl</Data></Cell><Cell><Data ss:Type="String">Sin grupo</Data></Cell><Cell><Data ss:Type="String">15-12-2021</Data></Cell><Cell><Data ss:Type="String">11:3</Data></Cell><Cell><Data ss:Type="String">Activo</Data></Cell></Row><Row><Cell><Data ss:Type="String">8.225.150-2</Data></Cell><Cell><Data ss:Type="String">Eduardo Arturo</Data></Cell><Cell><Data ss:Type="String">Villalobos Ahumada</Data></Cell><Cell><Data ss:Type="String">villalobos.ea@gmail.com</Data></Cell><Cell><Data ss:Type="String">Sin grupo</Data></Cell><Cell><Data ss:Type="String">Sin acceso</Data></Cell><Cell><Data ss:Type="String">Sin acceso</Data></Cell><Cell><Data ss:Type="String">Activo</Data></Cell></Row><Row><Cell><Data ss:Type="String">15.835.887-5</Data></Cell><Cell><Data ss:Type="String">Johanna Maribel</Data></Cell><Cell><Data ss:Type="String">Salas Arancibia</Data></Cell><Cell><Data ss:Type="String">johanna_salas@hotmail.com</Data></Cell><Cell><Data ss:Type="String">Sin grupo</Data></Cell><Cell><Data ss:Type="String">11-12-2021</Data></Cell><Cell><Data ss:Type="String">23:18</Data></Cell><Cell><Data ss:Type="String">Activo</Data></Cell></Row><Row><Cell><Data ss:Type="String">16.222.981-8</Data></Cell><Cell><Data ss:Type="String">Maria Eugenia</Data></Cell><Cell><Data ss:Type="String">Perez Cornejo</Data></Cell><Cell><Data ss:Type="String">eugeniakenita1985@gmail.com</Data></Cell><Cell><Data ss:Type="String">Sin grupo</Data></Cell><Cell><Data ss:Type="String">2-12-2021</Data></Cell><Cell><Data ss:Type="String">18:51</Data></Cell><Cell><Data ss:Type="String">Activo</Data></Cell></Row><Row><Cell><Data ss:Type="String">8.142.004-1</Data></Cell><Cell><Data ss:Type="String">Marcela Sara</Data></Cell><Cell><Data ss:Type="String">Muñoz Franulic</Data></Cell><Cell><Data ss:Type="String">mmunozfranulic@gmail.com</Data></Cell><Cell><Data ss:Type="String">Sin grupo</Data></Cell><Cell><Data ss:Type="String">11-11-2021</Data></Cell><Cell><Data ss:Type="String">16:28</Data></Cell><Cell><Data ss:Type="String">Activo</Data></Cell></Row><Row><Cell><Data ss:Type="String">6.517.089-2</Data></Cell><Cell><Data ss:Type="String">Mirtha Isaura</Data></Cell><Cell><Data ss:Type="String">Chavarria Pinto</Data></Cell><Cell><Data ss:Type="String">mirthachavarriapinto@gmail.com</Data></Cell><Cell><Data ss:Type="String">Sin grupo</Data></Cell><Cell><Data ss:Type="String">13-12-2021</Data></Cell><Cell><Data ss:Type="String">11:20</Data></Cell><Cell><Data ss:Type="String">Activo</Data></Cell></Row><Row><Cell><Data ss:Type="String">12.713.449-9</Data></Cell><Cell><Data ss:Type="String">Karina Andrea</Data></Cell><Cell><Data ss:Type="String">Diaz Soto</Data></Cell><Cell><Data ss:Type="String">Biblioteca.melipulli@gmail.com</Data></Cell><Cell><Data ss:Type="String">Sin grupo</Data></Cell><Cell><Data ss:Type="String">9-12-2021</Data></Cell><Cell><Data ss:Type="String">10:2</Data></Cell><Cell><Data ss:Type="String">Activo</Data></Cell></Row><Row><Cell><Data ss:Type="String">17.279.629-k</Data></Cell><Cell><Data ss:Type="String">Cyndi Belén</Data></Cell><Cell><Data ss:Type="String">Olmedo Santana</Data></Cell><Cell><Data ss:Type="String">belenolmedosan@gmail.com</Data></Cell><Cell><Data ss:Type="String">Sin grupo</Data></Cell><Cell><Data ss:Type="String">14-12-2021</Data></Cell><Cell><Data ss:Type="String">14:38</Data></Cell><Cell><Data ss:Type="String">Activo</Data></Cell></Row><Row><Cell><Data ss:Type="String">11.382.291-0</Data></Cell><Cell><Data ss:Type="String">Sandra</Data></Cell><Cell><Data ss:Type="String">Alvarez Espinoza</Data></Cell><Cell><Data ss:Type="String">sandraalvarezesp@gmail.com</Data></Cell><Cell><Data ss:Type="String">Sin grupo</Data></Cell><Cell><Data ss:Type="String">15-12-2021</Data></Cell><Cell><Data ss:Type="String">3:3</Data></Cell><Cell><Data ss:Type="String">Activo</Data></Cell></Row><Row><Cell><Data ss:Type="String">11.296.608-0</Data></Cell><Cell><Data ss:Type="String">Yasna Malvina</Data></Cell><Cell><Data ss:Type="String">Valenzuela Diaz</Data></Cell><Cell><Data ss:Type="String">yasna.vd@claudiogay.cl</Data></Cell><Cell><Data ss:Type="String">Sin grupo</Data></Cell><Cell><Data ss:Type="String">13-12-2021</Data></Cell><Cell><Data ss:Type="String">19:56</Data></Cell><Cell><Data ss:Type="String">Activo</Data></Cell></Row><Row><Cell><Data ss:Type="String">10.207.265-0</Data></Cell><Cell><Data ss:Type="String">Lidia Balbina</Data></Cell><Cell><Data ss:Type="String">Anfossi Bobadilla</Data></Cell><Cell><Data ss:Type="String">mabytaanfossi@hotmail.com</Data></Cell><Cell><Data ss:Type="String">Sin grupo</Data></Cell><Cell><Data ss:Type="String">12-12-2021</Data></Cell><Cell><Data ss:Type="String">16:26</Data></Cell><Cell><Data ss:Type="String">Activo</Data></Cell></Row><Row><Cell><Data ss:Type="String">17.808.679-0</Data></Cell><Cell><Data ss:Type="String">Damari Noemi</Data></Cell><Cell><Data ss:Type="String">Navarrete Diaz</Data></Cell><Cell><Data ss:Type="String">damarinoeminavarretediaz@gmail.com</Data></Cell><Cell><Data ss:Type="String">Sin grupo</Data></Cell><Cell><Data ss:Type="String">9-12-2021</Data></Cell><Cell><Data ss:Type="String">17:18</Data></Cell><Cell><Data ss:Type="String">Activo</Data></Cell></Row><Row><Cell><Data ss:Type="String">10.494.018-8</Data></Cell><Cell><Data ss:Type="String">Yorsi Amalia</Data></Cell><Cell><Data ss:Type="String">Vergara Canales</Data></Cell><Cell><Data ss:Type="String">yvergara@espiritusanto.cl</Data></Cell><Cell><Data ss:Type="String">Sin grupo</Data></Cell><Cell><Data ss:Type="String">11-12-2021</Data></Cell><Cell><Data ss:Type="String">20:23</Data></Cell><Cell><Data ss:Type="String">Activo</Data></Cell></Row><Row><Cell><Data ss:Type="String">26.823.213-3</Data></Cell><Cell><Data ss:Type="String">Glaymel Maydolly</Data></Cell><Cell><Data ss:Type="String">Guadalupe Leon</Data></Cell><Cell><Data ss:Type="String">glaymel.guadalupe@colegioda.cl</Data></Cell><Cell><Data ss:Type="String">Sin grupo</Data></Cell><Cell><Data ss:Type="String">13-12-2021</Data></Cell><Cell><Data ss:Type="String">10:43</Data></Cell><Cell><Data ss:Type="String">Activo</Data></Cell></Row><Row><Cell><Data ss:Type="String">16.844.127-4</Data></Cell><Cell><Data ss:Type="String">Margarita Andrea</Data></Cell><Cell><Data ss:Type="String">Gonzalez Abrigo</Data></Cell><Cell><Data ss:Type="String">margarita.gonzalez@caec.cl</Data></Cell><Cell><Data ss:Type="String">Sin grupo</Data></Cell><Cell><Data ss:Type="String">14-12-2021</Data></Cell><Cell><Data ss:Type="String">9:43</Data></Cell><Cell><Data ss:Type="String">Activo</Data></Cell></Row><Row><Cell><Data ss:Type="String">9.573.459-6</Data></Cell><Cell><Data ss:Type="String">Lily Maulen</Data></Cell><Cell><Data ss:Type="String">Yon Jorquera</Data></Cell><Cell><Data ss:Type="String">yonjorqueralily@gmail.com</Data></Cell><Cell><Data ss:Type="String">Sin grupo</Data></Cell><Cell><Data ss:Type="String">5-11-2021</Data></Cell><Cell><Data ss:Type="String">14:30</Data></Cell><Cell><Data ss:Type="String">Activo</Data></Cell></Row><Row><Cell><Data ss:Type="String">14.906.033-2</Data></Cell><Cell><Data ss:Type="String">Daniela Andrea</Data></Cell><Cell><Data ss:Type="String">Carrazana Cisternas</Data></Cell><Cell><Data ss:Type="String">danielaandreacarrazanacisterna@gmail.com</Data></Cell><Cell><Data ss:Type="String">Sin grupo</Data></Cell><Cell><Data ss:Type="String">13-12-2021</Data></Cell><Cell><Data ss:Type="String">11:21</Data></Cell><Cell><Data ss:Type="String">Activo</Data></Cell></Row><Row><Cell><Data ss:Type="String">26.086.451-3</Data></Cell><Cell><Data ss:Type="String">Lisbet Margarita</Data></Cell><Cell><Data ss:Type="String">Fernandez Gil</Data></Cell><Cell><Data ss:Type="String">lisbet.fernandez@lezaeta.cl</Data></Cell><Cell><Data ss:Type="String">Sin grupo</Data></Cell><Cell><Data ss:Type="String">19-10-2021</Data></Cell><Cell><Data ss:Type="String">18:3</Data></Cell><Cell><Data ss:Type="String">Activo</Data></Cell></Row><Row><Cell><Data ss:Type="String">7.267.713-7</Data></Cell><Cell><Data ss:Type="String">Juan Antonio</Data></Cell><Cell><Data ss:Type="String">Rojas Olave</Data></Cell><Cell><Data ss:Type="String">jolav4241@gmail.com</Data></Cell><Cell><Data ss:Type="String">Sin grupo</Data></Cell><Cell><Data ss:Type="String">13-12-2021</Data></Cell><Cell><Data ss:Type="String">12:37</Data></Cell><Cell><Data ss:Type="String">Activo</Data></Cell></Row><Row><Cell><Data ss:Type="String">11.536.470-7</Data></Cell><Cell><Data ss:Type="String">Marlene Cherllotte</Data></Cell><Cell><Data ss:Type="String">Vallejos Moreno</Data></Cell><Cell><Data ss:Type="String">colegio@colegiodiegodealmagro.cl</Data></Cell><Cell><Data ss:Type="String">Sin grupo</Data></Cell><Cell><Data ss:Type="String">Sin acceso</Data></Cell><Cell><Data ss:Type="String">Sin acceso</Data></Cell><Cell><Data ss:Type="String">Activo</Data></Cell></Row><Row><Cell><Data ss:Type="String">10.263.340-7</Data></Cell><Cell><Data ss:Type="String">Magdalena Del Carmen</Data></Cell><Cell><Data ss:Type="String">Rosales Ávila</Data></Cell><Cell><Data ss:Type="String">male_rosales@hotmail.com</Data></Cell><Cell><Data ss:Type="String">Sin grupo</Data></Cell><Cell><Data ss:Type="String">9-12-2021</Data></Cell><Cell><Data ss:Type="String">16:8</Data></Cell><Cell><Data ss:Type="String">Activo</Data></Cell></Row><Row><Cell><Data ss:Type="String">13.393.034-5</Data></Cell><Cell><Data ss:Type="String">Ana Gabriela Cecilia</Data></Cell><Cell><Data ss:Type="String">Meza Docmac</Data></Cell><Cell><Data ss:Type="String">gabriela.meza@colegiosfa.cl</Data></Cell><Cell><Data ss:Type="String">Sin grupo</Data></Cell><Cell><Data ss:Type="String">15-11-2021</Data></Cell><Cell><Data ss:Type="String">11:59</Data></Cell><Cell><Data ss:Type="String">Activo</Data></Cell></Row><Row><Cell><Data ss:Type="String">7.281.978-0</Data></Cell><Cell><Data ss:Type="String">María Elcira</Data></Cell><Cell><Data ss:Type="String">Garcés Valenzuela</Data></Cell><Cell><Data ss:Type="String">mariagarcez@gmail.com</Data></Cell><Cell><Data ss:Type="String">Sin grupo</Data></Cell><Cell><Data ss:Type="String">Sin acceso</Data></Cell><Cell><Data ss:Type="String">Sin acceso</Data></Cell><Cell><Data ss:Type="String">Activo</Data></Cell></Row><Row><Cell><Data ss:Type="String">12.910.341-8</Data></Cell><Cell><Data ss:Type="String">Pabla Ivonne</Data></Cell><Cell><Data ss:Type="String">Aparicio Astete</Data></Cell><Cell><Data ss:Type="String">pablaaparicio@gmail.com</Data></Cell><Cell><Data ss:Type="String">Sin grupo</Data></Cell><Cell><Data ss:Type="String">14-12-2021</Data></Cell><Cell><Data ss:Type="String">9:51</Data></Cell><Cell><Data ss:Type="String">Activo</Data></Cell></Row><Row><Cell><Data ss:Type="String">7.049.534-1</Data></Cell><Cell><Data ss:Type="String">Ilsia Lucy</Data></Cell><Cell><Data ss:Type="String">Ibacache González</Data></Cell><Cell><Data ss:Type="String">ibacacheilsia@gmail.com</Data></Cell><Cell><Data ss:Type="String">Sin grupo</Data></Cell><Cell><Data ss:Type="String">15-12-2021</Data></Cell><Cell><Data ss:Type="String">10:51</Data></Cell><Cell><Data ss:Type="String">Activo</Data></Cell></Row><Row><Cell><Data ss:Type="String">11.081.699-5</Data></Cell><Cell><Data ss:Type="String">Cecilia Angélica</Data></Cell><Cell><Data ss:Type="String">Quintana Valle</Data></Cell><Cell><Data ss:Type="String">ceciliaquintanavalle@gmail.com</Data></Cell><Cell><Data ss:Type="String">Sin grupo</Data></Cell><Cell><Data ss:Type="String">3-12-2021</Data></Cell><Cell><Data ss:Type="String">9:39</Data></Cell><Cell><Data ss:Type="String">Activo</Data></Cell></Row><Row><Cell><Data ss:Type="String">12.056.612-1</Data></Cell><Cell><Data ss:Type="String">Claudia Soraya</Data></Cell><Cell><Data ss:Type="String">Macías Macías</Data></Cell><Cell><Data ss:Type="String">claumacmac@hotmail.com</Data></Cell><Cell><Data ss:Type="String">Sin grupo</Data></Cell><Cell><Data ss:Type="String">13-12-2021</Data></Cell><Cell><Data ss:Type="String">11:46</Data></Cell><Cell><Data ss:Type="String">Activo</Data></Cell></Row><Row><Cell><Data ss:Type="String">13.839.727-0</Data></Cell><Cell><Data ss:Type="String">Leslie Alejandra</Data></Cell><Cell><Data ss:Type="String">Olmos Fernández</Data></Cell><Cell><Data ss:Type="String">LESLIE_OLMOS@HOTMAIL.COM</Data></Cell><Cell><Data ss:Type="String">Sin grupo</Data></Cell><Cell><Data ss:Type="String">14-12-2021</Data></Cell><Cell><Data ss:Type="String">13:55</Data></Cell><Cell><Data ss:Type="String">Activo</Data></Cell></Row><Row><Cell><Data ss:Type="String">6.385.591-k</Data></Cell><Cell><Data ss:Type="String">Alexis Ricardo</Data></Cell><Cell><Data ss:Type="String">Ubal Varas</Data></Cell><Cell><Data ss:Type="String">aubal@boscolab.cl</Data></Cell><Cell><Data ss:Type="String">Sin grupo</Data></Cell><Cell><Data ss:Type="String">4-11-2021</Data></Cell><Cell><Data ss:Type="String">16:18</Data></Cell><Cell><Data ss:Type="String">Activo</Data></Cell></Row><Row><Cell><Data ss:Type="String">19.018.239-8</Data></Cell><Cell><Data ss:Type="String">Alexis Alejandro</Data></Cell><Cell><Data ss:Type="String">Ahumada Galaz</Data></Cell><Cell><Data ss:Type="String">aahumada.lsi.d@fodec.cl</Data></Cell><Cell><Data ss:Type="String">Sin grupo</Data></Cell><Cell><Data ss:Type="String">16-11-2021</Data></Cell><Cell><Data ss:Type="String">11:18</Data></Cell><Cell><Data ss:Type="String">Activo</Data></Cell></Row><Row><Cell><Data ss:Type="String">11.667.097-6</Data></Cell><Cell><Data ss:Type="String">Monica Elba</Data></Cell><Cell><Data ss:Type="String">Henriquez Villa</Data></Cell><Cell><Data ss:Type="String">monica.henriquez@colegiomariagriseldavalle</Data></Cell><Cell><Data ss:Type="String">Sin grupo</Data></Cell><Cell><Data ss:Type="String">9-11-2021</Data></Cell><Cell><Data ss:Type="String">10:13</Data></Cell><Cell><Data ss:Type="String">Activo</Data></Cell></Row><Row><Cell><Data ss:Type="String">6.626.926-4</Data></Cell><Cell><Data ss:Type="String">Maria Isabel</Data></Cell><Cell><Data ss:Type="String">Leon Gonzalez</Data></Cell><Cell><Data ss:Type="String">recaudacionnorte@salesianostalca.cl</Data></Cell><Cell><Data ss:Type="String">Sin grupo</Data></Cell><Cell><Data ss:Type="String">30-11-2021</Data></Cell><Cell><Data ss:Type="String">9:57</Data></Cell><Cell><Data ss:Type="String">Activo</Data></Cell></Row><Row><Cell><Data ss:Type="String">6.986.611-5</Data></Cell><Cell><Data ss:Type="String">Maria Eugenia</Data></Cell><Cell><Data ss:Type="String">Rocha Palma</Data></Cell><Cell><Data ss:Type="String">bibliotecasur@salesianostalca.cl</Data></Cell><Cell><Data ss:Type="String">Sin grupo</Data></Cell><Cell><Data ss:Type="String">14-12-2021</Data></Cell><Cell><Data ss:Type="String">16:17</Data></Cell><Cell><Data ss:Type="String">Activo</Data></Cell></Row><Row><Cell><Data ss:Type="String">12.928.214-2</Data></Cell><Cell><Data ss:Type="String">Vctor Hugo</Data></Cell><Cell><Data ss:Type="String">Lagos Trecaman</Data></Cell><Cell><Data ss:Type="String">vlagos@millaray-temuco.cl</Data></Cell><Cell><Data ss:Type="String">Sin grupo</Data></Cell><Cell><Data ss:Type="String">8-11-2021</Data></Cell><Cell><Data ss:Type="String">14:38</Data></Cell><Cell><Data ss:Type="String">Activo</Data></Cell></Row><Row><Cell><Data ss:Type="String">15.674.225-2</Data></Cell><Cell><Data ss:Type="String">Maria Soledad</Data></Cell><Cell><Data ss:Type="String">Pasten Flores</Data></Cell><Cell><Data ss:Type="String">mpasten.2252@educacionpublica.cl</Data></Cell><Cell><Data ss:Type="String">Sin grupo</Data></Cell><Cell><Data ss:Type="String">9-11-2021</Data></Cell><Cell><Data ss:Type="String">0:30</Data></Cell><Cell><Data ss:Type="String">Activo</Data></Cell></Row><Row><Cell><Data ss:Type="String">17.727.381-3</Data></Cell><Cell><Data ss:Type="String">Yanina Andrea</Data></Cell><Cell><Data ss:Type="String">Almendras Gómez</Data></Cell><Cell><Data ss:Type="String">yaninaalmendras@gmail.com</Data></Cell><Cell><Data ss:Type="String">Sin grupo</Data></Cell><Cell><Data ss:Type="String">12-12-2021</Data></Cell><Cell><Data ss:Type="String">23:48</Data></Cell><Cell><Data ss:Type="String">Activo</Data></Cell></Row><Row><Cell><Data ss:Type="String">7.814.110-7</Data></Cell><Cell><Data ss:Type="String">Jorge Orlando</Data></Cell><Cell><Data ss:Type="String">Céspedes Romero</Data></Cell><Cell><Data ss:Type="String">onmangue@gmail.com</Data></Cell><Cell><Data ss:Type="String">Sin grupo</Data></Cell><Cell><Data ss:Type="String">15-12-2021</Data></Cell><Cell><Data ss:Type="String">9:32</Data></Cell><Cell><Data ss:Type="String">Activo</Data></Cell></Row><Row><Cell><Data ss:Type="String"></Data></Cell><Cell><Data ss:Type="String">Constanza</Data></Cell><Cell><Data ss:Type="String">Velasco</Data></Cell><Cell><Data ss:Type="String">cvelasco@tuclase.cl</Data></Cell><Cell><Data ss:Type="String">Sin grupo</Data></Cell><Cell><Data ss:Type="String">Sin acceso</Data></Cell><Cell><Data ss:Type="String">Sin acceso</Data></Cell><Cell><Data ss:Type="String">Activo</Data></Cell></Row><Row><Cell><Data ss:Type="String">15.416.538-k</Data></Cell><Cell><Data ss:Type="String">Sebastian</Data></Cell><Cell><Data ss:Type="String">Olivares</Data></Cell><Cell><Data ss:Type="String">solivares@tuclase.cl</Data></Cell><Cell><Data ss:Type="String">Sin grupo</Data></Cell><Cell><Data ss:Type="String">5-10-2021</Data></Cell><Cell><Data ss:Type="String">16:51</Data></Cell><Cell><Data ss:Type="String">Activo</Data></Cell></Row></Table></Worksheet></Workbook>