<?xml version="1.0"?><?mso-application progid="Excel.Sheet"?><Workbook xmlns="urn:schemas-microsoft-com:office:spreadsheet" xmlns:ss="urn:schemas-microsoft-com:office:spreadsheet"><DocumentProperties xmlns="urn:schemas-microsoft-com:office:office"><Author>Axel Richter</Author><Created>1639579228698</Created></DocumentProperties><Styles><Style ss:ID="Currency"><NumberFormat ss:Format="Currency"></NumberFormat></Style><Style ss:ID="Date"><NumberFormat ss:Format="Medium Date"></NumberFormat></Style></Styles><Worksheet ss:Name="General"><Table><Row><Cell><Data ss:Type="String">Reporte: </Data></Cell><Cell><Data ss:Type="String">Acceso a curso</Data></Cell></Row><Row><Cell><Data ss:Type="String">Categoría: </Data></Cell><Cell><Data ss:Type="String">Aulas Curso B (#1319)</Data></Cell></Row><Row><Cell><Data ss:Type="String">Curso: </Data></Cell><Cell><Data ss:Type="String">Plan de formación; Curso B: Organización, catalogación y circulación de recursos de la biblioteca escolar - Aula 8 (#10841)</Data></Cell></Row><Row><Cell><Data ss:Type="String">Fecha de generación: </Data></Cell><Cell><Data ss:Type="String">15/12/2021</Data></Cell></Row><Row></Row><Row><Cell><Data ss:Type="String">Fecha</Data></Cell><Cell><Data ss:Type="String">Cantidad</Data></Cell><Cell><Data ss:Type="String"></Data></Cell><Cell><Data ss:Type="String">Usuarios</Data></Cell><Cell><Data ss:Type="String">Cantidad</Data></Cell></Row><Row><Cell><Data ss:Type="String">25-10-2021</Data></Cell><Cell><Data ss:Type="String">8</Data></Cell><Cell><Data ss:Type="String"></Data></Cell><Cell><Data ss:Type="String">Con acceso </Data></Cell><Cell><Data ss:Type="String">163</Data></Cell></Row><Row><Cell><Data ss:Type="String">26-10-2021</Data></Cell><Cell><Data ss:Type="String">17</Data></Cell><Cell><Data ss:Type="String"></Data></Cell><Cell><Data ss:Type="String">Sin acceso </Data></Cell><Cell><Data ss:Type="String">24</Data></Cell></Row><Row><Cell><Data ss:Type="String">27-10-2021</Data></Cell><Cell><Data ss:Type="String">21</Data></Cell><Cell><Data ss:Type="String"></Data></Cell><Cell><Data ss:Type="String">Total </Data></Cell><Cell><Data ss:Type="String">187</Data></Cell></Row><Row><Cell><Data ss:Type="String">28-10-2021</Data></Cell><Cell><Data ss:Type="String">16</Data></Cell><Cell><Data ss:Type="String"></Data></Cell><Cell><Data ss:Type="String"></Data></Cell><Cell><Data ss:Type="String"></Data></Cell></Row><Row><Cell><Data ss:Type="String">29-10-2021</Data></Cell><Cell><Data ss:Type="String">20</Data></Cell><Cell><Data ss:Type="String"></Data></Cell><Cell><Data ss:Type="String"></Data></Cell><Cell><Data ss:Type="String"></Data></Cell></Row><Row><Cell><Data ss:Type="String">30-10-2021</Data></Cell><Cell><Data ss:Type="String">8</Data></Cell><Cell><Data ss:Type="String"></Data></Cell><Cell><Data ss:Type="String"></Data></Cell><Cell><Data ss:Type="String"></Data></Cell></Row><Row><Cell><Data ss:Type="String">31-10-2021</Data></Cell><Cell><Data ss:Type="String">7</Data></Cell><Cell><Data ss:Type="String"></Data></Cell><Cell><Data ss:Type="String"></Data></Cell><Cell><Data ss:Type="String"></Data></Cell></Row><Row><Cell><Data ss:Type="String">01-11-2021</Data></Cell><Cell><Data ss:Type="String">7</Data></Cell><Cell><Data ss:Type="String"></Data></Cell><Cell><Data ss:Type="String"></Data></Cell><Cell><Data ss:Type="String"></Data></Cell></Row><Row><Cell><Data ss:Type="String">02-11-2021</Data></Cell><Cell><Data ss:Type="String">34</Data></Cell><Cell><Data ss:Type="String"></Data></Cell><Cell><Data ss:Type="String"></Data></Cell><Cell><Data ss:Type="String"></Data></Cell></Row><Row><Cell><Data ss:Type="String">03-11-2021</Data></Cell><Cell><Data ss:Type="String">31</Data></Cell><Cell><Data ss:Type="String"></Data></Cell><Cell><Data ss:Type="String"></Data></Cell><Cell><Data ss:Type="String"></Data></Cell></Row><Row><Cell><Data ss:Type="String">04-11-2021</Data></Cell><Cell><Data ss:Type="String">36</Data></Cell><Cell><Data ss:Type="String"></Data></Cell><Cell><Data ss:Type="String"></Data></Cell><Cell><Data ss:Type="String"></Data></Cell></Row><Row><Cell><Data ss:Type="String">05-11-2021</Data></Cell><Cell><Data ss:Type="String">25</Data></Cell><Cell><Data ss:Type="String"></Data></Cell><Cell><Data ss:Type="String"></Data></Cell><Cell><Data ss:Type="String"></Data></Cell></Row><Row><Cell><Data ss:Type="String">06-11-2021</Data></Cell><Cell><Data ss:Type="String">10</Data></Cell><Cell><Data ss:Type="String"></Data></Cell><Cell><Data ss:Type="String"></Data></Cell><Cell><Data ss:Type="String"></Data></Cell></Row><Row><Cell><Data ss:Type="String">07-11-2021</Data></Cell><Cell><Data ss:Type="String">15</Data></Cell><Cell><Data ss:Type="String"></Data></Cell><Cell><Data ss:Type="String"></Data></Cell><Cell><Data ss:Type="String"></Data></Cell></Row><Row><Cell><Data ss:Type="String">08-11-2021</Data></Cell><Cell><Data ss:Type="String">71</Data></Cell><Cell><Data ss:Type="String"></Data></Cell><Cell><Data ss:Type="String"></Data></Cell><Cell><Data ss:Type="String"></Data></Cell></Row><Row><Cell><Data ss:Type="String">09-11-2021</Data></Cell><Cell><Data ss:Type="String">59</Data></Cell><Cell><Data ss:Type="String"></Data></Cell><Cell><Data ss:Type="String"></Data></Cell><Cell><Data ss:Type="String"></Data></Cell></Row><Row><Cell><Data ss:Type="String">10-11-2021</Data></Cell><Cell><Data ss:Type="String">61</Data></Cell><Cell><Data ss:Type="String"></Data></Cell><Cell><Data ss:Type="String"></Data></Cell><Cell><Data ss:Type="String"></Data></Cell></Row><Row><Cell><Data ss:Type="String">11-11-2021</Data></Cell><Cell><Data ss:Type="String">46</Data></Cell><Cell><Data ss:Type="String"></Data></Cell><Cell><Data ss:Type="String"></Data></Cell><Cell><Data ss:Type="String"></Data></Cell></Row><Row><Cell><Data ss:Type="String">12-11-2021</Data></Cell><Cell><Data ss:Type="String">36</Data></Cell><Cell><Data ss:Type="String"></Data></Cell><Cell><Data ss:Type="String"></Data></Cell><Cell><Data ss:Type="String"></Data></Cell></Row><Row><Cell><Data ss:Type="String">13-11-2021</Data></Cell><Cell><Data ss:Type="String">9</Data></Cell><Cell><Data ss:Type="String"></Data></Cell><Cell><Data ss:Type="String"></Data></Cell><Cell><Data ss:Type="String"></Data></Cell></Row><Row><Cell><Data ss:Type="String">14-11-2021</Data></Cell><Cell><Data ss:Type="String">13</Data></Cell><Cell><Data ss:Type="String"></Data></Cell><Cell><Data ss:Type="String"></Data></Cell><Cell><Data ss:Type="String"></Data></Cell></Row><Row><Cell><Data ss:Type="String">15-11-2021</Data></Cell><Cell><Data ss:Type="String">50</Data></Cell><Cell><Data ss:Type="String"></Data></Cell><Cell><Data ss:Type="String"></Data></Cell><Cell><Data ss:Type="String"></Data></Cell></Row><Row><Cell><Data ss:Type="String">16-11-2021</Data></Cell><Cell><Data ss:Type="String">42</Data></Cell><Cell><Data ss:Type="String"></Data></Cell><Cell><Data ss:Type="String"></Data></Cell><Cell><Data ss:Type="String"></Data></Cell></Row><Row><Cell><Data ss:Type="String">17-11-2021</Data></Cell><Cell><Data ss:Type="String">48</Data></Cell><Cell><Data ss:Type="String"></Data></Cell><Cell><Data ss:Type="String"></Data></Cell><Cell><Data ss:Type="String"></Data></Cell></Row><Row><Cell><Data ss:Type="String">18-11-2021</Data></Cell><Cell><Data ss:Type="String">33</Data></Cell><Cell><Data ss:Type="String"></Data></Cell><Cell><Data ss:Type="String"></Data></Cell><Cell><Data ss:Type="String"></Data></Cell></Row><Row><Cell><Data ss:Type="String">19-11-2021</Data></Cell><Cell><Data ss:Type="String">34</Data></Cell><Cell><Data ss:Type="String"></Data></Cell><Cell><Data ss:Type="String"></Data></Cell><Cell><Data ss:Type="String"></Data></Cell></Row><Row><Cell><Data ss:Type="String">20-11-2021</Data></Cell><Cell><Data ss:Type="String">14</Data></Cell><Cell><Data ss:Type="String"></Data></Cell><Cell><Data ss:Type="String"></Data></Cell><Cell><Data ss:Type="String"></Data></Cell></Row><Row><Cell><Data ss:Type="String">21-11-2021</Data></Cell><Cell><Data ss:Type="String">11</Data></Cell><Cell><Data ss:Type="String"></Data></Cell><Cell><Data ss:Type="String"></Data></Cell><Cell><Data ss:Type="String"></Data></Cell></Row><Row><Cell><Data ss:Type="String">22-11-2021</Data></Cell><Cell><Data ss:Type="String">44</Data></Cell><Cell><Data ss:Type="String"></Data></Cell><Cell><Data ss:Type="String"></Data></Cell><Cell><Data ss:Type="String"></Data></Cell></Row><Row><Cell><Data ss:Type="String">23-11-2021</Data></Cell><Cell><Data ss:Type="String">47</Data></Cell><Cell><Data ss:Type="String"></Data></Cell><Cell><Data ss:Type="String"></Data></Cell><Cell><Data ss:Type="String"></Data></Cell></Row><Row><Cell><Data ss:Type="String">24-11-2021</Data></Cell><Cell><Data ss:Type="String">46</Data></Cell><Cell><Data ss:Type="String"></Data></Cell><Cell><Data ss:Type="String"></Data></Cell><Cell><Data ss:Type="String"></Data></Cell></Row><Row><Cell><Data ss:Type="String">25-11-2021</Data></Cell><Cell><Data ss:Type="String">38</Data></Cell><Cell><Data ss:Type="String"></Data></Cell><Cell><Data ss:Type="String"></Data></Cell><Cell><Data ss:Type="String"></Data></Cell></Row><Row><Cell><Data ss:Type="String">26-11-2021</Data></Cell><Cell><Data ss:Type="String">38</Data></Cell><Cell><Data ss:Type="String"></Data></Cell><Cell><Data ss:Type="String"></Data></Cell><Cell><Data ss:Type="String"></Data></Cell></Row><Row><Cell><Data ss:Type="String">27-11-2021</Data></Cell><Cell><Data ss:Type="String">9</Data></Cell><Cell><Data ss:Type="String"></Data></Cell><Cell><Data ss:Type="String"></Data></Cell><Cell><Data ss:Type="String"></Data></Cell></Row><Row><Cell><Data ss:Type="String">28-11-2021</Data></Cell><Cell><Data ss:Type="String">14</Data></Cell><Cell><Data ss:Type="String"></Data></Cell><Cell><Data ss:Type="String"></Data></Cell><Cell><Data ss:Type="String"></Data></Cell></Row><Row><Cell><Data ss:Type="String">29-11-2021</Data></Cell><Cell><Data ss:Type="String">41</Data></Cell><Cell><Data ss:Type="String"></Data></Cell><Cell><Data ss:Type="String"></Data></Cell><Cell><Data ss:Type="String"></Data></Cell></Row><Row><Cell><Data ss:Type="String">30-11-2021</Data></Cell><Cell><Data ss:Type="String">41</Data></Cell><Cell><Data ss:Type="String"></Data></Cell><Cell><Data ss:Type="String"></Data></Cell><Cell><Data ss:Type="String"></Data></Cell></Row><Row><Cell><Data ss:Type="String">01-12-2021</Data></Cell><Cell><Data ss:Type="String">29</Data></Cell><Cell><Data ss:Type="String"></Data></Cell><Cell><Data ss:Type="String"></Data></Cell><Cell><Data ss:Type="String"></Data></Cell></Row><Row><Cell><Data ss:Type="String">02-12-2021</Data></Cell><Cell><Data ss:Type="String">28</Data></Cell><Cell><Data ss:Type="String"></Data></Cell><Cell><Data ss:Type="String"></Data></Cell><Cell><Data ss:Type="String"></Data></Cell></Row><Row><Cell><Data ss:Type="String">03-12-2021</Data></Cell><Cell><Data ss:Type="String">21</Data></Cell><Cell><Data ss:Type="String"></Data></Cell><Cell><Data ss:Type="String"></Data></Cell><Cell><Data ss:Type="String"></Data></Cell></Row><Row><Cell><Data ss:Type="String">04-12-2021</Data></Cell><Cell><Data ss:Type="String">5</Data></Cell><Cell><Data ss:Type="String"></Data></Cell><Cell><Data ss:Type="String"></Data></Cell><Cell><Data ss:Type="String"></Data></Cell></Row><Row><Cell><Data ss:Type="String">05-12-2021</Data></Cell><Cell><Data ss:Type="String">7</Data></Cell><Cell><Data ss:Type="String"></Data></Cell><Cell><Data ss:Type="String"></Data></Cell><Cell><Data ss:Type="String"></Data></Cell></Row><Row><Cell><Data ss:Type="String">06-12-2021</Data></Cell><Cell><Data ss:Type="String">36</Data></Cell><Cell><Data ss:Type="String"></Data></Cell><Cell><Data ss:Type="String"></Data></Cell><Cell><Data ss:Type="String"></Data></Cell></Row><Row><Cell><Data ss:Type="String">07-12-2021</Data></Cell><Cell><Data ss:Type="String">31</Data></Cell><Cell><Data ss:Type="String"></Data></Cell><Cell><Data ss:Type="String"></Data></Cell><Cell><Data ss:Type="String"></Data></Cell></Row><Row><Cell><Data ss:Type="String">08-12-2021</Data></Cell><Cell><Data ss:Type="String">9</Data></Cell><Cell><Data ss:Type="String"></Data></Cell><Cell><Data ss:Type="String"></Data></Cell><Cell><Data ss:Type="String"></Data></Cell></Row><Row><Cell><Data ss:Type="String">09-12-2021</Data></Cell><Cell><Data ss:Type="String">27</Data></Cell><Cell><Data ss:Type="String"></Data></Cell><Cell><Data ss:Type="String"></Data></Cell><Cell><Data ss:Type="String"></Data></Cell></Row><Row><Cell><Data ss:Type="String">10-12-2021</Data></Cell><Cell><Data ss:Type="String">33</Data></Cell><Cell><Data ss:Type="String"></Data></Cell><Cell><Data ss:Type="String"></Data></Cell><Cell><Data ss:Type="String"></Data></Cell></Row><Row><Cell><Data ss:Type="String">11-12-2021</Data></Cell><Cell><Data ss:Type="String">16</Data></Cell><Cell><Data ss:Type="String"></Data></Cell><Cell><Data ss:Type="String"></Data></Cell><Cell><Data ss:Type="String"></Data></Cell></Row><Row><Cell><Data ss:Type="String">12-12-2021</Data></Cell><Cell><Data ss:Type="String">20</Data></Cell><Cell><Data ss:Type="String"></Data></Cell><Cell><Data ss:Type="String"></Data></Cell><Cell><Data ss:Type="String"></Data></Cell></Row><Row><Cell><Data ss:Type="String">13-12-2021</Data></Cell><Cell><Data ss:Type="String">55</Data></Cell><Cell><Data ss:Type="String"></Data></Cell><Cell><Data ss:Type="String"></Data></Cell><Cell><Data ss:Type="String"></Data></Cell></Row><Row><Cell><Data ss:Type="String">14-12-2021</Data></Cell><Cell><Data ss:Type="String">49</Data></Cell><Cell><Data ss:Type="String"></Data></Cell><Cell><Data ss:Type="String"></Data></Cell><Cell><Data ss:Type="String"></Data></Cell></Row><Row><Cell><Data ss:Type="String">15-12-2021</Data></Cell><Cell><Data ss:Type="String">31</Data></Cell><Cell><Data ss:Type="String"></Data></Cell><Cell><Data ss:Type="String"></Data></Cell><Cell><Data ss:Type="String"></Data></Cell></Row><Row><Cell><Data ss:Type="String">Total</Data></Cell><Cell><Data ss:Type="String">1497</Data></Cell><Cell><Data ss:Type="String"></Data></Cell><Cell><Data ss:Type="String"></Data></Cell><Cell><Data ss:Type="String"></Data></Cell></Row></Table></Worksheet><Worksheet ss:Name="Detalle"><Table><Row><Cell><Data ss:Type="String">Rut</Data></Cell><Cell><Data ss:Type="String">Nombre</Data></Cell><Cell><Data ss:Type="String">Apellido</Data></Cell><Cell><Data ss:Type="String">Correo</Data></Cell><Cell><Data ss:Type="String">Grupo</Data></Cell><Cell><Data ss:Type="String">Fecha útimo acceso</Data></Cell><Cell><Data ss:Type="String">Hora útimo acceso</Data></Cell><Cell><Data ss:Type="String">Estado</Data></Cell></Row><Row><Cell><Data ss:Type="String">8.048.872-6</Data></Cell><Cell><Data ss:Type="String">MIREYA </Data></Cell><Cell><Data ss:Type="String">GUERRA MARTINEZ</Data></Cell><Cell><Data ss:Type="String">YAREMIGCL@YAHOO.ES</Data></Cell><Cell><Data ss:Type="String">Sin grupo</Data></Cell><Cell><Data ss:Type="String">13-12-2021</Data></Cell><Cell><Data ss:Type="String">23:32</Data></Cell><Cell><Data ss:Type="String">Activo</Data></Cell></Row><Row><Cell><Data ss:Type="String">6.703.357-4</Data></Cell><Cell><Data ss:Type="String">CLARA</Data></Cell><Cell><Data ss:Type="String">GARCÍA O`RYAN - 7026</Data></Cell><Cell><Data ss:Type="String">ESCUELACHAIHUIN@HOTMAIL.COM</Data></Cell><Cell><Data ss:Type="String">Sin grupo</Data></Cell><Cell><Data ss:Type="String">Sin acceso</Data></Cell><Cell><Data ss:Type="String">Sin acceso</Data></Cell><Cell><Data ss:Type="String">Activo</Data></Cell></Row><Row><Cell><Data ss:Type="String">10.264.837-4</Data></Cell><Cell><Data ss:Type="String">Nuria Alejandra</Data></Cell><Cell><Data ss:Type="String">Ferrada González</Data></Cell><Cell><Data ss:Type="String">naferrada@hotmail.com</Data></Cell><Cell><Data ss:Type="String">Sin grupo</Data></Cell><Cell><Data ss:Type="String">28-11-2021</Data></Cell><Cell><Data ss:Type="String">19:4</Data></Cell><Cell><Data ss:Type="String">Activo</Data></Cell></Row><Row><Cell><Data ss:Type="String">10.267.538-k</Data></Cell><Cell><Data ss:Type="String">ESTER DE LOURDES</Data></Cell><Cell><Data ss:Type="String">SALDIVIA ARTEAGA</Data></Cell><Cell><Data ss:Type="String">ESTERSALDI@HOTMAIL.COM</Data></Cell><Cell><Data ss:Type="String">Sin grupo</Data></Cell><Cell><Data ss:Type="String">29-11-2021</Data></Cell><Cell><Data ss:Type="String">10:53</Data></Cell><Cell><Data ss:Type="String">Activo</Data></Cell></Row><Row><Cell><Data ss:Type="String">16.654.840-3</Data></Cell><Cell><Data ss:Type="String">PAZ</Data></Cell><Cell><Data ss:Type="String">SANDROCK SOLSONA</Data></Cell><Cell><Data ss:Type="String">PAZ.SANDROCK@GMAIL.COM</Data></Cell><Cell><Data ss:Type="String">Sin grupo</Data></Cell><Cell><Data ss:Type="String">15-12-2021</Data></Cell><Cell><Data ss:Type="String">9:44</Data></Cell><Cell><Data ss:Type="String">Activo</Data></Cell></Row><Row><Cell><Data ss:Type="String">10.187.446-k</Data></Cell><Cell><Data ss:Type="String">PATRICIA MATILDE</Data></Cell><Cell><Data ss:Type="String">ORTEGA ROJAS</Data></Cell><Cell><Data ss:Type="String">PATTOR64@YAHOO.ES</Data></Cell><Cell><Data ss:Type="String">Sin grupo</Data></Cell><Cell><Data ss:Type="String">14-12-2021</Data></Cell><Cell><Data ss:Type="String">21:56</Data></Cell><Cell><Data ss:Type="String">Activo</Data></Cell></Row><Row><Cell><Data ss:Type="String">12.200.032-k</Data></Cell><Cell><Data ss:Type="String">ERIKA</Data></Cell><Cell><Data ss:Type="String">SANTANA ALTAMIRANO</Data></Cell><Cell><Data ss:Type="String">IKASANTANA.A@GMAIL.COM</Data></Cell><Cell><Data ss:Type="String">Sin grupo</Data></Cell><Cell><Data ss:Type="String">1-12-2021</Data></Cell><Cell><Data ss:Type="String">11:30</Data></Cell><Cell><Data ss:Type="String">Activo</Data></Cell></Row><Row><Cell><Data ss:Type="String">10.460.109-k</Data></Cell><Cell><Data ss:Type="String">PATRICIA ELIANA</Data></Cell><Cell><Data ss:Type="String">LOPEZ PEZOA</Data></Cell><Cell><Data ss:Type="String">PACHYTA2009@HOTMAIL.COM</Data></Cell><Cell><Data ss:Type="String">Sin grupo</Data></Cell><Cell><Data ss:Type="String">15-12-2021</Data></Cell><Cell><Data ss:Type="String">8:50</Data></Cell><Cell><Data ss:Type="String">Activo</Data></Cell></Row><Row><Cell><Data ss:Type="String">10.988.105-8</Data></Cell><Cell><Data ss:Type="String">MARIA  ISABEL</Data></Cell><Cell><Data ss:Type="String">DE  LA  CRUZ BAHAMONDE</Data></Cell><Cell><Data ss:Type="String">MARIAISABEL.DELACRUZ@GMAIL.COM</Data></Cell><Cell><Data ss:Type="String">Sin grupo</Data></Cell><Cell><Data ss:Type="String">20-11-2021</Data></Cell><Cell><Data ss:Type="String">14:4</Data></Cell><Cell><Data ss:Type="String">Activo</Data></Cell></Row><Row><Cell><Data ss:Type="String">15.069.616-k</Data></Cell><Cell><Data ss:Type="String">Francisca</Data></Cell><Cell><Data ss:Type="String">Valenzuela</Data></Cell><Cell><Data ss:Type="String">FRANCISCA_BIBLIO@YAHOO.ES</Data></Cell><Cell><Data ss:Type="String">Sin grupo</Data></Cell><Cell><Data ss:Type="String">23-11-2021</Data></Cell><Cell><Data ss:Type="String">9:59</Data></Cell><Cell><Data ss:Type="String">Activo</Data></Cell></Row><Row><Cell><Data ss:Type="String">7.852.461-8</Data></Cell><Cell><Data ss:Type="String">EDITH DEL CARMEN</Data></Cell><Cell><Data ss:Type="String">VERA CAMPOS</Data></Cell><Cell><Data ss:Type="String">ECAVECAM@GMAIL.COM</Data></Cell><Cell><Data ss:Type="String">Sin grupo</Data></Cell><Cell><Data ss:Type="String">Sin acceso</Data></Cell><Cell><Data ss:Type="String">Sin acceso</Data></Cell><Cell><Data ss:Type="String">Activo</Data></Cell></Row><Row><Cell><Data ss:Type="String">7.690.309-3</Data></Cell><Cell><Data ss:Type="String">Mónica</Data></Cell><Cell><Data ss:Type="String">Carreño Carrasco</Data></Cell><Cell><Data ss:Type="String">alexmona3@gmail.com</Data></Cell><Cell><Data ss:Type="String">Sin grupo</Data></Cell><Cell><Data ss:Type="String">14-12-2021</Data></Cell><Cell><Data ss:Type="String">10:23</Data></Cell><Cell><Data ss:Type="String">Activo</Data></Cell></Row><Row><Cell><Data ss:Type="String">12.795.738-k</Data></Cell><Cell><Data ss:Type="String">Susana</Data></Cell><Cell><Data ss:Type="String">Becerra Lara</Data></Cell><Cell><Data ss:Type="String">sucy24@gmail.com</Data></Cell><Cell><Data ss:Type="String">Sin grupo</Data></Cell><Cell><Data ss:Type="String">10-11-2021</Data></Cell><Cell><Data ss:Type="String">12:40</Data></Cell><Cell><Data ss:Type="String">Activo</Data></Cell></Row><Row><Cell><Data ss:Type="String">10.413.191-3</Data></Cell><Cell><Data ss:Type="String">ANGÉLICA</Data></Cell><Cell><Data ss:Type="String">PORTILLA CAMPILLAY</Data></Cell><Cell><Data ss:Type="String">ANGEPORTILLA@YAHOO.ES</Data></Cell><Cell><Data ss:Type="String">Sin grupo</Data></Cell><Cell><Data ss:Type="String">13-12-2021</Data></Cell><Cell><Data ss:Type="String">9:11</Data></Cell><Cell><Data ss:Type="String">Activo</Data></Cell></Row><Row><Cell><Data ss:Type="String">10.587.735-8</Data></Cell><Cell><Data ss:Type="String">BLANCA AURORA</Data></Cell><Cell><Data ss:Type="String">CHAVEZ JARA</Data></Cell><Cell><Data ss:Type="String">BLANQUICHAVEZ@HOTMAIL.COM</Data></Cell><Cell><Data ss:Type="String">Sin grupo</Data></Cell><Cell><Data ss:Type="String">18-11-2021</Data></Cell><Cell><Data ss:Type="String">22:45</Data></Cell><Cell><Data ss:Type="String">Activo</Data></Cell></Row><Row><Cell><Data ss:Type="String">13.180.654-k</Data></Cell><Cell><Data ss:Type="String">Erika Petronila</Data></Cell><Cell><Data ss:Type="String">Alfaro Guerrero</Data></Cell><Cell><Data ss:Type="String">ERIKA.ALFARO@LIVE.CL</Data></Cell><Cell><Data ss:Type="String">Sin grupo</Data></Cell><Cell><Data ss:Type="String">13-12-2021</Data></Cell><Cell><Data ss:Type="String">23:24</Data></Cell><Cell><Data ss:Type="String">Activo</Data></Cell></Row><Row><Cell><Data ss:Type="String">15.894.563-0</Data></Cell><Cell><Data ss:Type="String">CAROLINA ALEJANDRA</Data></Cell><Cell><Data ss:Type="String">ARMSTRONG CACERES</Data></Cell><Cell><Data ss:Type="String">KRITOARMSTRONG@HOTMAIL.COM</Data></Cell><Cell><Data ss:Type="String">Sin grupo</Data></Cell><Cell><Data ss:Type="String">15-12-2021</Data></Cell><Cell><Data ss:Type="String">11:38</Data></Cell><Cell><Data ss:Type="String">Activo</Data></Cell></Row><Row><Cell><Data ss:Type="String">9.757.518-5</Data></Cell><Cell><Data ss:Type="String">LIDIA SONIA</Data></Cell><Cell><Data ss:Type="String">CERDA REYES</Data></Cell><Cell><Data ss:Type="String">LIDIA.CERDA.R@GMAIL.COM</Data></Cell><Cell><Data ss:Type="String">Sin grupo</Data></Cell><Cell><Data ss:Type="String">10-12-2021</Data></Cell><Cell><Data ss:Type="String">15:13</Data></Cell><Cell><Data ss:Type="String">Activo</Data></Cell></Row><Row><Cell><Data ss:Type="String">13.573.270-2</Data></Cell><Cell><Data ss:Type="String">MARGARITA ALEJANDRA</Data></Cell><Cell><Data ss:Type="String">GAMBOA CALQUÍN - 2820</Data></Cell><Cell><Data ss:Type="String">MAYLL_78@HOTMAIL.COM</Data></Cell><Cell><Data ss:Type="String">Sin grupo</Data></Cell><Cell><Data ss:Type="String">11-11-2021</Data></Cell><Cell><Data ss:Type="String">15:24</Data></Cell><Cell><Data ss:Type="String">Activo</Data></Cell></Row><Row><Cell><Data ss:Type="String">12.233.844-4</Data></Cell><Cell><Data ss:Type="String">GLADYS SOLEDAD</Data></Cell><Cell><Data ss:Type="String">LÓPEZ HORMAZÁBAL</Data></Cell><Cell><Data ss:Type="String">yogsoledadlopezh@gmail.com</Data></Cell><Cell><Data ss:Type="String">Sin grupo</Data></Cell><Cell><Data ss:Type="String">10-12-2021</Data></Cell><Cell><Data ss:Type="String">12:42</Data></Cell><Cell><Data ss:Type="String">Activo</Data></Cell></Row><Row><Cell><Data ss:Type="String">14.614.681-3</Data></Cell><Cell><Data ss:Type="String">CAROLINA DEL ROSARIO</Data></Cell><Cell><Data ss:Type="String">ESPINOZA CUADROS</Data></Cell><Cell><Data ss:Type="String">CATTA.CUADROS@GMAIL.COM</Data></Cell><Cell><Data ss:Type="String">Sin grupo</Data></Cell><Cell><Data ss:Type="String">14-12-2021</Data></Cell><Cell><Data ss:Type="String">23:0</Data></Cell><Cell><Data ss:Type="String">Activo</Data></Cell></Row><Row><Cell><Data ss:Type="String">8.734.938-1</Data></Cell><Cell><Data ss:Type="String">GABRIELA MALVINA</Data></Cell><Cell><Data ss:Type="String">AGUIRRE CHACON</Data></Cell><Cell><Data ss:Type="String">GABACH5@HOTMAIL.COM</Data></Cell><Cell><Data ss:Type="String">Sin grupo</Data></Cell><Cell><Data ss:Type="String">30-11-2021</Data></Cell><Cell><Data ss:Type="String">19:24</Data></Cell><Cell><Data ss:Type="String">Activo</Data></Cell></Row><Row><Cell><Data ss:Type="String">12.062.449-0</Data></Cell><Cell><Data ss:Type="String">JESSICA XIMENA</Data></Cell><Cell><Data ss:Type="String">CABEZA QUEVEDO</Data></Cell><Cell><Data ss:Type="String">JCABEZAQUEVEDO.13@GMAIL.COM</Data></Cell><Cell><Data ss:Type="String">Sin grupo</Data></Cell><Cell><Data ss:Type="String">2-12-2021</Data></Cell><Cell><Data ss:Type="String">10:59</Data></Cell><Cell><Data ss:Type="String">Activo</Data></Cell></Row><Row><Cell><Data ss:Type="String">16.577.100-1</Data></Cell><Cell><Data ss:Type="String">ELIZABETH FERNANDA</Data></Cell><Cell><Data ss:Type="String">CHAMIZO MÉNDEZ</Data></Cell><Cell><Data ss:Type="String">ELIZABETHCHAMIZO@GMAIL.COM</Data></Cell><Cell><Data ss:Type="String">Sin grupo</Data></Cell><Cell><Data ss:Type="String">23-11-2021</Data></Cell><Cell><Data ss:Type="String">8:22</Data></Cell><Cell><Data ss:Type="String">Activo</Data></Cell></Row><Row><Cell><Data ss:Type="String">12.005.012-5</Data></Cell><Cell><Data ss:Type="String">MELITA DEL CARMEN</Data></Cell><Cell><Data ss:Type="String">MANCILLA TURRA</Data></Cell><Cell><Data ss:Type="String">MELITAMANSILLA@HOTMAIL.COM</Data></Cell><Cell><Data ss:Type="String">Sin grupo</Data></Cell><Cell><Data ss:Type="String">17-11-2021</Data></Cell><Cell><Data ss:Type="String">21:14</Data></Cell><Cell><Data ss:Type="String">Activo</Data></Cell></Row><Row><Cell><Data ss:Type="String">15.549.281-3</Data></Cell><Cell><Data ss:Type="String">INGRID SERALLA</Data></Cell><Cell><Data ss:Type="String">LOPEZ CARRERA</Data></Cell><Cell><Data ss:Type="String">ilopez@fmachile.org</Data></Cell><Cell><Data ss:Type="String">Sin grupo</Data></Cell><Cell><Data ss:Type="String">23-11-2021</Data></Cell><Cell><Data ss:Type="String">15:56</Data></Cell><Cell><Data ss:Type="String">Activo</Data></Cell></Row><Row><Cell><Data ss:Type="String">8.068.297-2</Data></Cell><Cell><Data ss:Type="String">ELIANA</Data></Cell><Cell><Data ss:Type="String">TELLO CABELLO</Data></Cell><Cell><Data ss:Type="String">ELIANATELLO.C@GMAIL.COM</Data></Cell><Cell><Data ss:Type="String">Sin grupo</Data></Cell><Cell><Data ss:Type="String">15-12-2021</Data></Cell><Cell><Data ss:Type="String">10:29</Data></Cell><Cell><Data ss:Type="String">Activo</Data></Cell></Row><Row><Cell><Data ss:Type="String">9.946.195-0</Data></Cell><Cell><Data ss:Type="String">Leticia</Data></Cell><Cell><Data ss:Type="String">Roa Roa</Data></Cell><Cell><Data ss:Type="String">ambar154@gmail.com</Data></Cell><Cell><Data ss:Type="String">Sin grupo</Data></Cell><Cell><Data ss:Type="String">28-10-2021</Data></Cell><Cell><Data ss:Type="String">15:14</Data></Cell><Cell><Data ss:Type="String">Activo</Data></Cell></Row><Row><Cell><Data ss:Type="String">14.088.412-k</Data></Cell><Cell><Data ss:Type="String">Maria Edith</Data></Cell><Cell><Data ss:Type="String">Gerding Sotomayor</Data></Cell><Cell><Data ss:Type="String">MERY_GERDING@HOTMAIL.COM</Data></Cell><Cell><Data ss:Type="String">Sin grupo</Data></Cell><Cell><Data ss:Type="String">10-11-2021</Data></Cell><Cell><Data ss:Type="String">11:7</Data></Cell><Cell><Data ss:Type="String">Activo</Data></Cell></Row><Row><Cell><Data ss:Type="String">9.346.094-4</Data></Cell><Cell><Data ss:Type="String">ROSA</Data></Cell><Cell><Data ss:Type="String">CACERES OLIVARES</Data></Cell><Cell><Data ss:Type="String">rossyvic@hotmail.com</Data></Cell><Cell><Data ss:Type="String">Sin grupo</Data></Cell><Cell><Data ss:Type="String">15-12-2021</Data></Cell><Cell><Data ss:Type="String">10:20</Data></Cell><Cell><Data ss:Type="String">Activo</Data></Cell></Row><Row><Cell><Data ss:Type="String">14.025.035-k</Data></Cell><Cell><Data ss:Type="String">ELENA ESTER</Data></Cell><Cell><Data ss:Type="String">LABRIN LOPEZ</Data></Cell><Cell><Data ss:Type="String">ELENALAB_9@HOTMAIL.COM</Data></Cell><Cell><Data ss:Type="String">Sin grupo</Data></Cell><Cell><Data ss:Type="String">14-12-2021</Data></Cell><Cell><Data ss:Type="String">22:55</Data></Cell><Cell><Data ss:Type="String">Activo</Data></Cell></Row><Row><Cell><Data ss:Type="String">13.560.114-4</Data></Cell><Cell><Data ss:Type="String">GABRIELA</Data></Cell><Cell><Data ss:Type="String">CALDERON FRIAS</Data></Cell><Cell><Data ss:Type="String">gabrielacalderonfrias01@gmail.com</Data></Cell><Cell><Data ss:Type="String">Sin grupo</Data></Cell><Cell><Data ss:Type="String">15-12-2021</Data></Cell><Cell><Data ss:Type="String">11:33</Data></Cell><Cell><Data ss:Type="String">Activo</Data></Cell></Row><Row><Cell><Data ss:Type="String">9.518.801-k</Data></Cell><Cell><Data ss:Type="String">Marcela Del Carmen</Data></Cell><Cell><Data ss:Type="String">Saavedra Manríquez</Data></Cell><Cell><Data ss:Type="String">molyvidalzuniga@gmail.com</Data></Cell><Cell><Data ss:Type="String">Sin grupo</Data></Cell><Cell><Data ss:Type="String">Sin acceso</Data></Cell><Cell><Data ss:Type="String">Sin acceso</Data></Cell><Cell><Data ss:Type="String">Activo</Data></Cell></Row><Row><Cell><Data ss:Type="String">11.789.844-k</Data></Cell><Cell><Data ss:Type="String">ROXANA</Data></Cell><Cell><Data ss:Type="String">CARO ESCOBAR</Data></Cell><Cell><Data ss:Type="String">ROXANACARO1994@GMAIL.COM</Data></Cell><Cell><Data ss:Type="String">Sin grupo</Data></Cell><Cell><Data ss:Type="String">30-11-2021</Data></Cell><Cell><Data ss:Type="String">17:2</Data></Cell><Cell><Data ss:Type="String">Activo</Data></Cell></Row><Row><Cell><Data ss:Type="String">10.116.442-k</Data></Cell><Cell><Data ss:Type="String">NELLY JEANNETTE</Data></Cell><Cell><Data ss:Type="String">BELLO CONTRERAS</Data></Cell><Cell><Data ss:Type="String">nellyjea9@yahoo.es</Data></Cell><Cell><Data ss:Type="String">Sin grupo</Data></Cell><Cell><Data ss:Type="String">14-12-2021</Data></Cell><Cell><Data ss:Type="String">14:35</Data></Cell><Cell><Data ss:Type="String">Activo</Data></Cell></Row><Row><Cell><Data ss:Type="String">12.729.903-k</Data></Cell><Cell><Data ss:Type="String">DANIELA</Data></Cell><Cell><Data ss:Type="String">NOVOA CONCHA</Data></Cell><Cell><Data ss:Type="String">NOVOACONCHADANIELA@GMAIL.COM</Data></Cell><Cell><Data ss:Type="String">Sin grupo</Data></Cell><Cell><Data ss:Type="String">11-12-2021</Data></Cell><Cell><Data ss:Type="String">0:22</Data></Cell><Cell><Data ss:Type="String">Activo</Data></Cell></Row><Row><Cell><Data ss:Type="String">15.962.682-2</Data></Cell><Cell><Data ss:Type="String">Felipe</Data></Cell><Cell><Data ss:Type="String">Cisneros</Data></Cell><Cell><Data ss:Type="String">FELIPE.CISNEROSG@GMAIL.COM</Data></Cell><Cell><Data ss:Type="String">Sin grupo</Data></Cell><Cell><Data ss:Type="String">7-12-2021</Data></Cell><Cell><Data ss:Type="String">9:36</Data></Cell><Cell><Data ss:Type="String">Activo</Data></Cell></Row><Row><Cell><Data ss:Type="String">8.544.574-k</Data></Cell><Cell><Data ss:Type="String">MARISOL</Data></Cell><Cell><Data ss:Type="String">SOTO MORALES</Data></Cell><Cell><Data ss:Type="String">msoto.morales@reduca.cl</Data></Cell><Cell><Data ss:Type="String">Sin grupo</Data></Cell><Cell><Data ss:Type="String">15-12-2021</Data></Cell><Cell><Data ss:Type="String">11:4</Data></Cell><Cell><Data ss:Type="String">Activo</Data></Cell></Row><Row><Cell><Data ss:Type="String">14.132.984-7</Data></Cell><Cell><Data ss:Type="String">Claudia Cecilia</Data></Cell><Cell><Data ss:Type="String">Alegrìa Palma</Data></Cell><Cell><Data ss:Type="String">cdiazg@live.com</Data></Cell><Cell><Data ss:Type="String">Sin grupo</Data></Cell><Cell><Data ss:Type="String">14-12-2021</Data></Cell><Cell><Data ss:Type="String">9:56</Data></Cell><Cell><Data ss:Type="String">Activo</Data></Cell></Row><Row><Cell><Data ss:Type="String">18.418.785-k</Data></Cell><Cell><Data ss:Type="String">Leslie</Data></Cell><Cell><Data ss:Type="String">Acuña Moreno</Data></Cell><Cell><Data ss:Type="String">leslieacumoreno@gmail.com</Data></Cell><Cell><Data ss:Type="String">Sin grupo</Data></Cell><Cell><Data ss:Type="String">17-11-2021</Data></Cell><Cell><Data ss:Type="String">12:30</Data></Cell><Cell><Data ss:Type="String">Activo</Data></Cell></Row><Row><Cell><Data ss:Type="String">10.292.324-3</Data></Cell><Cell><Data ss:Type="String">Susana</Data></Cell><Cell><Data ss:Type="String">Vargas Miranda</Data></Cell><Cell><Data ss:Type="String">PEPACHARITO@GMAIL.COM</Data></Cell><Cell><Data ss:Type="String">Sin grupo</Data></Cell><Cell><Data ss:Type="String">15-12-2021</Data></Cell><Cell><Data ss:Type="String">11:15</Data></Cell><Cell><Data ss:Type="String">Activo</Data></Cell></Row><Row><Cell><Data ss:Type="String">11.727.427-6</Data></Cell><Cell><Data ss:Type="String">Verónica Cecilia</Data></Cell><Cell><Data ss:Type="String">Navea Huenche</Data></Cell><Cell><Data ss:Type="String">vnaveah@hotmail.com</Data></Cell><Cell><Data ss:Type="String">Sin grupo</Data></Cell><Cell><Data ss:Type="String">6-12-2021</Data></Cell><Cell><Data ss:Type="String">8:39</Data></Cell><Cell><Data ss:Type="String">Activo</Data></Cell></Row><Row><Cell><Data ss:Type="String">13.460.901-k</Data></Cell><Cell><Data ss:Type="String">FABIOLA</Data></Cell><Cell><Data ss:Type="String">IBARRA GALLARDO</Data></Cell><Cell><Data ss:Type="String">FABIBARRA08@GMAIL.COM</Data></Cell><Cell><Data ss:Type="String">Sin grupo</Data></Cell><Cell><Data ss:Type="String">11-12-2021</Data></Cell><Cell><Data ss:Type="String">18:12</Data></Cell><Cell><Data ss:Type="String">Activo</Data></Cell></Row><Row><Cell><Data ss:Type="String">10.381.315-8</Data></Cell><Cell><Data ss:Type="String">Ruth Marina</Data></Cell><Cell><Data ss:Type="String">Escobar Jara</Data></Cell><Cell><Data ss:Type="String">ERUTHMARINA@GMAIL.COM</Data></Cell><Cell><Data ss:Type="String">Sin grupo</Data></Cell><Cell><Data ss:Type="String">15-12-2021</Data></Cell><Cell><Data ss:Type="String">7:23</Data></Cell><Cell><Data ss:Type="String">Activo</Data></Cell></Row><Row><Cell><Data ss:Type="String">12.492.609-2</Data></Cell><Cell><Data ss:Type="String">Claudia Pilar</Data></Cell><Cell><Data ss:Type="String">Diaz Gallegos</Data></Cell><Cell><Data ss:Type="String">ivonne_alejandra_ramos@gmail.com</Data></Cell><Cell><Data ss:Type="String">Sin grupo</Data></Cell><Cell><Data ss:Type="String">Sin acceso</Data></Cell><Cell><Data ss:Type="String">Sin acceso</Data></Cell><Cell><Data ss:Type="String">Activo</Data></Cell></Row><Row><Cell><Data ss:Type="String">10.008.526-7</Data></Cell><Cell><Data ss:Type="String">KATIA SIBONEY</Data></Cell><Cell><Data ss:Type="String">ARCOS ARAVENA</Data></Cell><Cell><Data ss:Type="String">KATIARCOS@LIVE.CL</Data></Cell><Cell><Data ss:Type="String">Sin grupo</Data></Cell><Cell><Data ss:Type="String">26-11-2021</Data></Cell><Cell><Data ss:Type="String">0:6</Data></Cell><Cell><Data ss:Type="String">Activo</Data></Cell></Row><Row><Cell><Data ss:Type="String">12.079.663-1</Data></Cell><Cell><Data ss:Type="String">JULIA MARCELA</Data></Cell><Cell><Data ss:Type="String">SOTO GARAY</Data></Cell><Cell><Data ss:Type="String">IMPRESION.ERCILLA@GMAIL.COM</Data></Cell><Cell><Data ss:Type="String">Sin grupo</Data></Cell><Cell><Data ss:Type="String">8-12-2021</Data></Cell><Cell><Data ss:Type="String">9:51</Data></Cell><Cell><Data ss:Type="String">Activo</Data></Cell></Row><Row><Cell><Data ss:Type="String">16.531.131-0</Data></Cell><Cell><Data ss:Type="String">Leticia Alejandra</Data></Cell><Cell><Data ss:Type="String">Muñoz Suazo</Data></Cell><Cell><Data ss:Type="String">leticia.munoz@edupelluhue.cl</Data></Cell><Cell><Data ss:Type="String">Sin grupo</Data></Cell><Cell><Data ss:Type="String">1-12-2021</Data></Cell><Cell><Data ss:Type="String">10:27</Data></Cell><Cell><Data ss:Type="String">Activo</Data></Cell></Row><Row><Cell><Data ss:Type="String">11.745.432-0</Data></Cell><Cell><Data ss:Type="String">Mónica Ester</Data></Cell><Cell><Data ss:Type="String">Escobar Corvalán</Data></Cell><Cell><Data ss:Type="String">ESCOBARCRAMAITENES@HOTMAIL.COM</Data></Cell><Cell><Data ss:Type="String">Sin grupo</Data></Cell><Cell><Data ss:Type="String">15-12-2021</Data></Cell><Cell><Data ss:Type="String">9:17</Data></Cell><Cell><Data ss:Type="String">Activo</Data></Cell></Row><Row><Cell><Data ss:Type="String">9.737.420-1</Data></Cell><Cell><Data ss:Type="String">VERONICA DEL CARMEN</Data></Cell><Cell><Data ss:Type="String">PIZARRO RIVERA</Data></Cell><Cell><Data ss:Type="String">VERONICAPIZARRO@LIVE.COM</Data></Cell><Cell><Data ss:Type="String">Sin grupo</Data></Cell><Cell><Data ss:Type="String">Sin acceso</Data></Cell><Cell><Data ss:Type="String">Sin acceso</Data></Cell><Cell><Data ss:Type="String">Activo</Data></Cell></Row><Row><Cell><Data ss:Type="String">17.490.086-8</Data></Cell><Cell><Data ss:Type="String">PATRICIA</Data></Cell><Cell><Data ss:Type="String">PANTOJA MUNOZ</Data></Cell><Cell><Data ss:Type="String">PATRICIA.PANTOJA6@GMAIL.COM</Data></Cell><Cell><Data ss:Type="String">Sin grupo</Data></Cell><Cell><Data ss:Type="String">10-12-2021</Data></Cell><Cell><Data ss:Type="String">21:5</Data></Cell><Cell><Data ss:Type="String">Activo</Data></Cell></Row><Row><Cell><Data ss:Type="String">14.298.854-2</Data></Cell><Cell><Data ss:Type="String">SANDRA VERONICA</Data></Cell><Cell><Data ss:Type="String">VILLABLANCA YANEZ</Data></Cell><Cell><Data ss:Type="String">SANDRA.VILLABLANCA.Y@GMAIL.COM</Data></Cell><Cell><Data ss:Type="String">Sin grupo</Data></Cell><Cell><Data ss:Type="String">13-12-2021</Data></Cell><Cell><Data ss:Type="String">10:12</Data></Cell><Cell><Data ss:Type="String">Activo</Data></Cell></Row><Row><Cell><Data ss:Type="String">11.364.350-1</Data></Cell><Cell><Data ss:Type="String">SUSANA</Data></Cell><Cell><Data ss:Type="String">MAGRO PEREZ</Data></Cell><Cell><Data ss:Type="String">smagro@colegiolospensamientos.cl</Data></Cell><Cell><Data ss:Type="String">Sin grupo</Data></Cell><Cell><Data ss:Type="String">11-12-2021</Data></Cell><Cell><Data ss:Type="String">19:29</Data></Cell><Cell><Data ss:Type="String">Activo</Data></Cell></Row><Row><Cell><Data ss:Type="String">17.261.625-9</Data></Cell><Cell><Data ss:Type="String">PAMELA</Data></Cell><Cell><Data ss:Type="String">CUEVAS POBLETE</Data></Cell><Cell><Data ss:Type="String">PAMELA.CUEVASP@GMAIL.COM</Data></Cell><Cell><Data ss:Type="String">Sin grupo</Data></Cell><Cell><Data ss:Type="String">15-12-2021</Data></Cell><Cell><Data ss:Type="String">11:32</Data></Cell><Cell><Data ss:Type="String">Activo</Data></Cell></Row><Row><Cell><Data ss:Type="String">13.618.635-3</Data></Cell><Cell><Data ss:Type="String">VIRGINIA ISABEL</Data></Cell><Cell><Data ss:Type="String">PARRA LARA</Data></Cell><Cell><Data ss:Type="String">VICKYPARRALARA@GMAIL.COM</Data></Cell><Cell><Data ss:Type="String">Sin grupo</Data></Cell><Cell><Data ss:Type="String">10-12-2021</Data></Cell><Cell><Data ss:Type="String">19:13</Data></Cell><Cell><Data ss:Type="String">Activo</Data></Cell></Row><Row><Cell><Data ss:Type="String">13.902.731-0</Data></Cell><Cell><Data ss:Type="String">Karina</Data></Cell><Cell><Data ss:Type="String">Soto Olivera</Data></Cell><Cell><Data ss:Type="String">cra.iccp.2018@gmail.com</Data></Cell><Cell><Data ss:Type="String">Sin grupo</Data></Cell><Cell><Data ss:Type="String">15-12-2021</Data></Cell><Cell><Data ss:Type="String">11:38</Data></Cell><Cell><Data ss:Type="String">Activo</Data></Cell></Row><Row><Cell><Data ss:Type="String">15.183.688-7</Data></Cell><Cell><Data ss:Type="String">María Soledad</Data></Cell><Cell><Data ss:Type="String">Pérez Contreras</Data></Cell><Cell><Data ss:Type="String">SOLEPEREZCONTRERAS@GMAIL.COM</Data></Cell><Cell><Data ss:Type="String">Sin grupo</Data></Cell><Cell><Data ss:Type="String">14-12-2021</Data></Cell><Cell><Data ss:Type="String">9:5</Data></Cell><Cell><Data ss:Type="String">Activo</Data></Cell></Row><Row><Cell><Data ss:Type="String">8.969.768-9</Data></Cell><Cell><Data ss:Type="String">PATRICIA</Data></Cell><Cell><Data ss:Type="String">NAPOLITANO RISPOLI</Data></Cell><Cell><Data ss:Type="String">PATITANAPOLITANO@YAHOO.ES</Data></Cell><Cell><Data ss:Type="String">Sin grupo</Data></Cell><Cell><Data ss:Type="String">Sin acceso</Data></Cell><Cell><Data ss:Type="String">Sin acceso</Data></Cell><Cell><Data ss:Type="String">Activo</Data></Cell></Row><Row><Cell><Data ss:Type="String">17.828.052-k</Data></Cell><Cell><Data ss:Type="String">LEYLA NICOLE</Data></Cell><Cell><Data ss:Type="String">RAMOS ORTIZ</Data></Cell><Cell><Data ss:Type="String">LEYLA.NICOLE2210@GMAIL.COM</Data></Cell><Cell><Data ss:Type="String">Sin grupo</Data></Cell><Cell><Data ss:Type="String">15-12-2021</Data></Cell><Cell><Data ss:Type="String">8:39</Data></Cell><Cell><Data ss:Type="String">Activo</Data></Cell></Row><Row><Cell><Data ss:Type="String">7.615.718-9</Data></Cell><Cell><Data ss:Type="String">SONIA</Data></Cell><Cell><Data ss:Type="String">AGUAYO PEREZ</Data></Cell><Cell><Data ss:Type="String">SONIA.AGUAYO.PEREZ@GMAIL.COM</Data></Cell><Cell><Data ss:Type="String">Sin grupo</Data></Cell><Cell><Data ss:Type="String">Sin acceso</Data></Cell><Cell><Data ss:Type="String">Sin acceso</Data></Cell><Cell><Data ss:Type="String">Activo</Data></Cell></Row><Row><Cell><Data ss:Type="String">9.970.221-4</Data></Cell><Cell><Data ss:Type="String">Zulema del Carmen</Data></Cell><Cell><Data ss:Type="String">Guarda Arcos</Data></Cell><Cell><Data ss:Type="String">ZGUARDA@HOTMAIL.COM</Data></Cell><Cell><Data ss:Type="String">Sin grupo</Data></Cell><Cell><Data ss:Type="String">14-12-2021</Data></Cell><Cell><Data ss:Type="String">14:16</Data></Cell><Cell><Data ss:Type="String">Activo</Data></Cell></Row><Row><Cell><Data ss:Type="String">16.428.496-4</Data></Cell><Cell><Data ss:Type="String">PAULINA</Data></Cell><Cell><Data ss:Type="String">CASTILLO VARAS</Data></Cell><Cell><Data ss:Type="String">PAULINACASTILLOVARAS@GMAIL.COM</Data></Cell><Cell><Data ss:Type="String">Sin grupo</Data></Cell><Cell><Data ss:Type="String">Sin acceso</Data></Cell><Cell><Data ss:Type="String">Sin acceso</Data></Cell><Cell><Data ss:Type="String">Activo</Data></Cell></Row><Row><Cell><Data ss:Type="String">12.189.552-8</Data></Cell><Cell><Data ss:Type="String">Mirtha Maritza</Data></Cell><Cell><Data ss:Type="String">Guzmán Valderrama</Data></Cell><Cell><Data ss:Type="String">MMGUZVAL@GMAIL.COM</Data></Cell><Cell><Data ss:Type="String">Sin grupo</Data></Cell><Cell><Data ss:Type="String">30-11-2021</Data></Cell><Cell><Data ss:Type="String">13:0</Data></Cell><Cell><Data ss:Type="String">Activo</Data></Cell></Row><Row><Cell><Data ss:Type="String">11.090.893-8</Data></Cell><Cell><Data ss:Type="String">Maritza Cecilia</Data></Cell><Cell><Data ss:Type="String">Martínez Cortes</Data></Cell><Cell><Data ss:Type="String">MAMARTINEZCORTES@GMAIL.COM</Data></Cell><Cell><Data ss:Type="String">Sin grupo</Data></Cell><Cell><Data ss:Type="String">1-12-2021</Data></Cell><Cell><Data ss:Type="String">13:7</Data></Cell><Cell><Data ss:Type="String">Activo</Data></Cell></Row><Row><Cell><Data ss:Type="String">8.206.980-1</Data></Cell><Cell><Data ss:Type="String">JOSE</Data></Cell><Cell><Data ss:Type="String">ASTETE SAEZ</Data></Cell><Cell><Data ss:Type="String">JOSE_ASTETE@HOTMAIL.ES</Data></Cell><Cell><Data ss:Type="String">Sin grupo</Data></Cell><Cell><Data ss:Type="String">Sin acceso</Data></Cell><Cell><Data ss:Type="String">Sin acceso</Data></Cell><Cell><Data ss:Type="String">Activo</Data></Cell></Row><Row><Cell><Data ss:Type="String">15.631.035-2</Data></Cell><Cell><Data ss:Type="String">CLAUDIA</Data></Cell><Cell><Data ss:Type="String">LOPEZ LOPEZ</Data></Cell><Cell><Data ss:Type="String">CLAUDYTA.LOP@GMAIL.COM</Data></Cell><Cell><Data ss:Type="String">Sin grupo</Data></Cell><Cell><Data ss:Type="String">12-12-2021</Data></Cell><Cell><Data ss:Type="String">0:0</Data></Cell><Cell><Data ss:Type="String">Activo</Data></Cell></Row><Row><Cell><Data ss:Type="String">15.928.980-k</Data></Cell><Cell><Data ss:Type="String">NATALIA</Data></Cell><Cell><Data ss:Type="String">SENOCEAIN MARTINEZ</Data></Cell><Cell><Data ss:Type="String">N.SECOCEAIN@GMAIL.COM</Data></Cell><Cell><Data ss:Type="String">Sin grupo</Data></Cell><Cell><Data ss:Type="String">11-12-2021</Data></Cell><Cell><Data ss:Type="String">19:46</Data></Cell><Cell><Data ss:Type="String">Activo</Data></Cell></Row><Row><Cell><Data ss:Type="String">16.144.219-4</Data></Cell><Cell><Data ss:Type="String">SINGRI JACQUELINE</Data></Cell><Cell><Data ss:Type="String">ROCUANT ACEVEDO</Data></Cell><Cell><Data ss:Type="String">SINGRIR@GMAIL.COM</Data></Cell><Cell><Data ss:Type="String">Sin grupo</Data></Cell><Cell><Data ss:Type="String">15-12-2021</Data></Cell><Cell><Data ss:Type="String">11:26</Data></Cell><Cell><Data ss:Type="String">Activo</Data></Cell></Row><Row><Cell><Data ss:Type="String">13.102.789-3</Data></Cell><Cell><Data ss:Type="String">KAREM PAMELA</Data></Cell><Cell><Data ss:Type="String">SANTANA ARRIAGADA</Data></Cell><Cell><Data ss:Type="String">KAREMPAMELA@GMAIL.COM</Data></Cell><Cell><Data ss:Type="String">Sin grupo</Data></Cell><Cell><Data ss:Type="String">22-11-2021</Data></Cell><Cell><Data ss:Type="String">19:38</Data></Cell><Cell><Data ss:Type="String">Activo</Data></Cell></Row><Row><Cell><Data ss:Type="String">9.348.968-3</Data></Cell><Cell><Data ss:Type="String">VIVIANA</Data></Cell><Cell><Data ss:Type="String">CARTAGENA MOLINA</Data></Cell><Cell><Data ss:Type="String">VACMOLINA@GMAIL.COM</Data></Cell><Cell><Data ss:Type="String">Sin grupo</Data></Cell><Cell><Data ss:Type="String">15-12-2021</Data></Cell><Cell><Data ss:Type="String">8:19</Data></Cell><Cell><Data ss:Type="String">Activo</Data></Cell></Row><Row><Cell><Data ss:Type="String">13.784.827-9</Data></Cell><Cell><Data ss:Type="String">MARIA CECILIA</Data></Cell><Cell><Data ss:Type="String">ALARCON  SALGADO</Data></Cell><Cell><Data ss:Type="String">cecylyta_09@hotmail.com</Data></Cell><Cell><Data ss:Type="String">Sin grupo</Data></Cell><Cell><Data ss:Type="String">10-12-2021</Data></Cell><Cell><Data ss:Type="String">9:22</Data></Cell><Cell><Data ss:Type="String">Activo</Data></Cell></Row><Row><Cell><Data ss:Type="String">16.157.830-4</Data></Cell><Cell><Data ss:Type="String">Brijida María</Data></Cell><Cell><Data ss:Type="String">Pino Peña</Data></Cell><Cell><Data ss:Type="String">brijidamariapinopena@gmail.com</Data></Cell><Cell><Data ss:Type="String">Sin grupo</Data></Cell><Cell><Data ss:Type="String">13-12-2021</Data></Cell><Cell><Data ss:Type="String">12:51</Data></Cell><Cell><Data ss:Type="String">Activo</Data></Cell></Row><Row><Cell><Data ss:Type="String">14.096.519-7</Data></Cell><Cell><Data ss:Type="String">Carlos Mauricio</Data></Cell><Cell><Data ss:Type="String">Álvarez Gómez</Data></Cell><Cell><Data ss:Type="String">cramedia@liceogabrielamistral-temuco.cl</Data></Cell><Cell><Data ss:Type="String">Sin grupo</Data></Cell><Cell><Data ss:Type="String">13-12-2021</Data></Cell><Cell><Data ss:Type="String">12:27</Data></Cell><Cell><Data ss:Type="String">Activo</Data></Cell></Row><Row><Cell><Data ss:Type="String">18.258.997-7</Data></Cell><Cell><Data ss:Type="String">VALENTINA ALEJANDRA</Data></Cell><Cell><Data ss:Type="String">CATALDO  BRIONES</Data></Cell><Cell><Data ss:Type="String">VALE.CATALDO182@GMAIL.COM</Data></Cell><Cell><Data ss:Type="String">Sin grupo</Data></Cell><Cell><Data ss:Type="String">21-11-2021</Data></Cell><Cell><Data ss:Type="String">21:59</Data></Cell><Cell><Data ss:Type="String">Activo</Data></Cell></Row><Row><Cell><Data ss:Type="String">11.965.943-4</Data></Cell><Cell><Data ss:Type="String">ERIKA</Data></Cell><Cell><Data ss:Type="String">MORALES VALLEJOS</Data></Cell><Cell><Data ss:Type="String">erikayolandamv@gmail.com</Data></Cell><Cell><Data ss:Type="String">Sin grupo</Data></Cell><Cell><Data ss:Type="String">13-12-2021</Data></Cell><Cell><Data ss:Type="String">20:52</Data></Cell><Cell><Data ss:Type="String">Activo</Data></Cell></Row><Row><Cell><Data ss:Type="String">13.338.177-5</Data></Cell><Cell><Data ss:Type="String">Carolina</Data></Cell><Cell><Data ss:Type="String">Moraga Aguilera</Data></Cell><Cell><Data ss:Type="String">carolinamoraga@comeduc.cl</Data></Cell><Cell><Data ss:Type="String">Sin grupo</Data></Cell><Cell><Data ss:Type="String">30-11-2021</Data></Cell><Cell><Data ss:Type="String">20:4</Data></Cell><Cell><Data ss:Type="String">Activo</Data></Cell></Row><Row><Cell><Data ss:Type="String">17.240.641-6</Data></Cell><Cell><Data ss:Type="String">Carla Stephani</Data></Cell><Cell><Data ss:Type="String">Villarroel Mayorga</Data></Cell><Cell><Data ss:Type="String">carla.villarroelmayorga@gmail.com</Data></Cell><Cell><Data ss:Type="String">Sin grupo</Data></Cell><Cell><Data ss:Type="String">15-12-2021</Data></Cell><Cell><Data ss:Type="String">10:17</Data></Cell><Cell><Data ss:Type="String">Activo</Data></Cell></Row><Row><Cell><Data ss:Type="String">25.919.706-6</Data></Cell><Cell><Data ss:Type="String">Yasneilis</Data></Cell><Cell><Data ss:Type="String">Alpizar Arrieta</Data></Cell><Cell><Data ss:Type="String">yasneilisalpizar@hotmail.com</Data></Cell><Cell><Data ss:Type="String">Sin grupo</Data></Cell><Cell><Data ss:Type="String">29-11-2021</Data></Cell><Cell><Data ss:Type="String">8:32</Data></Cell><Cell><Data ss:Type="String">Activo</Data></Cell></Row><Row><Cell><Data ss:Type="String">14.303.599-9</Data></Cell><Cell><Data ss:Type="String">MARGARITA</Data></Cell><Cell><Data ss:Type="String">GUAJARDO CARRASCO</Data></Cell><Cell><Data ss:Type="String">CRACOMPOLINDO@GMAIL.COM</Data></Cell><Cell><Data ss:Type="String">Sin grupo</Data></Cell><Cell><Data ss:Type="String">14-12-2021</Data></Cell><Cell><Data ss:Type="String">15:47</Data></Cell><Cell><Data ss:Type="String">Activo</Data></Cell></Row><Row><Cell><Data ss:Type="String">10.725.955-4</Data></Cell><Cell><Data ss:Type="String">María Fernanda</Data></Cell><Cell><Data ss:Type="String">González</Data></Cell><Cell><Data ss:Type="String">fgonzalez1@outlook.com</Data></Cell><Cell><Data ss:Type="String">Sin grupo</Data></Cell><Cell><Data ss:Type="String">22-11-2021</Data></Cell><Cell><Data ss:Type="String">17:33</Data></Cell><Cell><Data ss:Type="String">Activo</Data></Cell></Row><Row><Cell><Data ss:Type="String">8.724.500-4</Data></Cell><Cell><Data ss:Type="String">MARIA TELESFORA</Data></Cell><Cell><Data ss:Type="String">PIZARRO</Data></Cell><Cell><Data ss:Type="String">mariali.pizarro@gmail.com</Data></Cell><Cell><Data ss:Type="String">Sin grupo</Data></Cell><Cell><Data ss:Type="String">Sin acceso</Data></Cell><Cell><Data ss:Type="String">Sin acceso</Data></Cell><Cell><Data ss:Type="String">Activo</Data></Cell></Row><Row><Cell><Data ss:Type="String">12.475.362-7</Data></Cell><Cell><Data ss:Type="String">María Francisca</Data></Cell><Cell><Data ss:Type="String">Ojeda</Data></Cell><Cell><Data ss:Type="String">mfranciscaojeda@gmail.com</Data></Cell><Cell><Data ss:Type="String">Sin grupo</Data></Cell><Cell><Data ss:Type="String">13-12-2021</Data></Cell><Cell><Data ss:Type="String">13:19</Data></Cell><Cell><Data ss:Type="String">Activo</Data></Cell></Row><Row><Cell><Data ss:Type="String">13.045.517-4</Data></Cell><Cell><Data ss:Type="String">maria teresa</Data></Cell><Cell><Data ss:Type="String">gutierrez</Data></Cell><Cell><Data ss:Type="String">MARI.ANDRADE.83@GMAIL.COM</Data></Cell><Cell><Data ss:Type="String">Sin grupo</Data></Cell><Cell><Data ss:Type="String">6-12-2021</Data></Cell><Cell><Data ss:Type="String">10:53</Data></Cell><Cell><Data ss:Type="String">Activo</Data></Cell></Row><Row><Cell><Data ss:Type="String">9.137.694-6</Data></Cell><Cell><Data ss:Type="String">Juana Estela</Data></Cell><Cell><Data ss:Type="String">Torres Riveros</Data></Cell><Cell><Data ss:Type="String">jtorres@espiritusanto.cl</Data></Cell><Cell><Data ss:Type="String">Sin grupo</Data></Cell><Cell><Data ss:Type="String">14-12-2021</Data></Cell><Cell><Data ss:Type="String">17:6</Data></Cell><Cell><Data ss:Type="String">Activo</Data></Cell></Row><Row><Cell><Data ss:Type="String">15.774.219-1</Data></Cell><Cell><Data ss:Type="String">Paulina</Data></Cell><Cell><Data ss:Type="String">Alcaino</Data></Cell><Cell><Data ss:Type="String">paulinalcaino@gmail.com</Data></Cell><Cell><Data ss:Type="String">Sin grupo</Data></Cell><Cell><Data ss:Type="String">14-12-2021</Data></Cell><Cell><Data ss:Type="String">19:1</Data></Cell><Cell><Data ss:Type="String">Activo</Data></Cell></Row><Row><Cell><Data ss:Type="String">11.235.422-0</Data></Cell><Cell><Data ss:Type="String">BERTA</Data></Cell><Cell><Data ss:Type="String">BAEZA GOMEZ</Data></Cell><Cell><Data ss:Type="String">BETTYBAEZAGOMEZ6@GMAIL.COM</Data></Cell><Cell><Data ss:Type="String">Sin grupo</Data></Cell><Cell><Data ss:Type="String">15-12-2021</Data></Cell><Cell><Data ss:Type="String">10:25</Data></Cell><Cell><Data ss:Type="String">Activo</Data></Cell></Row><Row><Cell><Data ss:Type="String">15.673.007-6</Data></Cell><Cell><Data ss:Type="String">EMILIA</Data></Cell><Cell><Data ss:Type="String">ARAYA GALLEGUILLOS</Data></Cell><Cell><Data ss:Type="String">EMILIA.ARAYA@SALESIANOSLASERENA.CL</Data></Cell><Cell><Data ss:Type="String">Sin grupo</Data></Cell><Cell><Data ss:Type="String">16-11-2021</Data></Cell><Cell><Data ss:Type="String">12:34</Data></Cell><Cell><Data ss:Type="String">Activo</Data></Cell></Row><Row><Cell><Data ss:Type="String">8.590.899-5</Data></Cell><Cell><Data ss:Type="String">Antonio Andrés</Data></Cell><Cell><Data ss:Type="String">Pinto Fuentes</Data></Cell><Cell><Data ss:Type="String">ANDRESPIN@GMAIL.COM</Data></Cell><Cell><Data ss:Type="String">Sin grupo</Data></Cell><Cell><Data ss:Type="String">9-11-2021</Data></Cell><Cell><Data ss:Type="String">21:11</Data></Cell><Cell><Data ss:Type="String">Activo</Data></Cell></Row><Row><Cell><Data ss:Type="String">13.344.485-8</Data></Cell><Cell><Data ss:Type="String">María</Data></Cell><Cell><Data ss:Type="String">Valenzuela</Data></Cell><Cell><Data ss:Type="String">HETAUA@GMAIL.COM</Data></Cell><Cell><Data ss:Type="String">Sin grupo</Data></Cell><Cell><Data ss:Type="String">15-12-2021</Data></Cell><Cell><Data ss:Type="String">9:33</Data></Cell><Cell><Data ss:Type="String">Activo</Data></Cell></Row><Row><Cell><Data ss:Type="String">18.679.423-0</Data></Cell><Cell><Data ss:Type="String">MARIA JOSÉ</Data></Cell><Cell><Data ss:Type="String">CARROZA GUERRA</Data></Cell><Cell><Data ss:Type="String">MARIAJOSECARROZA09@GMAIL.COM</Data></Cell><Cell><Data ss:Type="String">Sin grupo</Data></Cell><Cell><Data ss:Type="String">15-12-2021</Data></Cell><Cell><Data ss:Type="String">10:35</Data></Cell><Cell><Data ss:Type="String">Activo</Data></Cell></Row><Row><Cell><Data ss:Type="String">12.027.783-9</Data></Cell><Cell><Data ss:Type="String">Ines Jacqueline</Data></Cell><Cell><Data ss:Type="String">Jimenez Cisternas</Data></Cell><Cell><Data ss:Type="String">JACKY.JC@HOTMAIL.ES</Data></Cell><Cell><Data ss:Type="String">Sin grupo</Data></Cell><Cell><Data ss:Type="String">20-11-2021</Data></Cell><Cell><Data ss:Type="String">23:24</Data></Cell><Cell><Data ss:Type="String">Activo</Data></Cell></Row><Row><Cell><Data ss:Type="String">13.292.905-k</Data></Cell><Cell><Data ss:Type="String">Gloria Elizabeth</Data></Cell><Cell><Data ss:Type="String">González González</Data></Cell><Cell><Data ss:Type="String">GLORIA30_77@HOTMAIL.COM</Data></Cell><Cell><Data ss:Type="String">Sin grupo</Data></Cell><Cell><Data ss:Type="String">14-12-2021</Data></Cell><Cell><Data ss:Type="String">16:35</Data></Cell><Cell><Data ss:Type="String">Activo</Data></Cell></Row><Row><Cell><Data ss:Type="String">16.190.459-7</Data></Cell><Cell><Data ss:Type="String">PAULA</Data></Cell><Cell><Data ss:Type="String">IBARRA BARRERA</Data></Cell><Cell><Data ss:Type="String">PANCHITITA@GMAIL.COM</Data></Cell><Cell><Data ss:Type="String">Sin grupo</Data></Cell><Cell><Data ss:Type="String">Sin acceso</Data></Cell><Cell><Data ss:Type="String">Sin acceso</Data></Cell><Cell><Data ss:Type="String">Activo</Data></Cell></Row><Row><Cell><Data ss:Type="String">25.883.509-3</Data></Cell><Cell><Data ss:Type="String">Idaliana</Data></Cell><Cell><Data ss:Type="String">Rivillas Ortiz - 5211</Data></Cell><Cell><Data ss:Type="String">IDASIG@HOTMAIL.COM</Data></Cell><Cell><Data ss:Type="String">Sin grupo</Data></Cell><Cell><Data ss:Type="String">13-12-2021</Data></Cell><Cell><Data ss:Type="String">23:12</Data></Cell><Cell><Data ss:Type="String">Activo</Data></Cell></Row><Row><Cell><Data ss:Type="String">16.141.546-4</Data></Cell><Cell><Data ss:Type="String">GERMAN</Data></Cell><Cell><Data ss:Type="String">GAUTIER VERGARA</Data></Cell><Cell><Data ss:Type="String">GERMANGAUTIER@GMAIL.COM</Data></Cell><Cell><Data ss:Type="String">Sin grupo</Data></Cell><Cell><Data ss:Type="String">8-11-2021</Data></Cell><Cell><Data ss:Type="String">15:45</Data></Cell><Cell><Data ss:Type="String">Activo</Data></Cell></Row><Row><Cell><Data ss:Type="String">9.366.633-k</Data></Cell><Cell><Data ss:Type="String">Elia de las Rosas</Data></Cell><Cell><Data ss:Type="String">Leyton Henriquez</Data></Cell><Cell><Data ss:Type="String">elia.leyton@educacionelbosque.cl</Data></Cell><Cell><Data ss:Type="String">Sin grupo</Data></Cell><Cell><Data ss:Type="String">14-12-2021</Data></Cell><Cell><Data ss:Type="String">16:50</Data></Cell><Cell><Data ss:Type="String">Activo</Data></Cell></Row><Row><Cell><Data ss:Type="String">11.268.320-8</Data></Cell><Cell><Data ss:Type="String">Marisol Del Carmen</Data></Cell><Cell><Data ss:Type="String">Ramírez Venegas</Data></Cell><Cell><Data ss:Type="String">m.ramirez@colegiosantajoaquina.cl</Data></Cell><Cell><Data ss:Type="String">Sin grupo</Data></Cell><Cell><Data ss:Type="String">29-11-2021</Data></Cell><Cell><Data ss:Type="String">9:6</Data></Cell><Cell><Data ss:Type="String">Activo</Data></Cell></Row><Row><Cell><Data ss:Type="String">10.921.389-6</Data></Cell><Cell><Data ss:Type="String">Yohanna Carmen</Data></Cell><Cell><Data ss:Type="String">Alba Saavedra</Data></Cell><Cell><Data ss:Type="String">yohanna.alba.f@hotmail.com</Data></Cell><Cell><Data ss:Type="String">Sin grupo</Data></Cell><Cell><Data ss:Type="String">19-11-2021</Data></Cell><Cell><Data ss:Type="String">17:38</Data></Cell><Cell><Data ss:Type="String">Activo</Data></Cell></Row><Row><Cell><Data ss:Type="String">17.806.121-6</Data></Cell><Cell><Data ss:Type="String">Gloria</Data></Cell><Cell><Data ss:Type="String">Álvarez Rodríguez</Data></Cell><Cell><Data ss:Type="String">paola.al.ro@gmail.com</Data></Cell><Cell><Data ss:Type="String">Sin grupo</Data></Cell><Cell><Data ss:Type="String">13-12-2021</Data></Cell><Cell><Data ss:Type="String">12:50</Data></Cell><Cell><Data ss:Type="String">Activo</Data></Cell></Row><Row><Cell><Data ss:Type="String">14.547.739-5</Data></Cell><Cell><Data ss:Type="String">Carolina</Data></Cell><Cell><Data ss:Type="String">Diaz Martinez</Data></Cell><Cell><Data ss:Type="String">CAROLINADM1976@GMAIL.COM</Data></Cell><Cell><Data ss:Type="String">Sin grupo</Data></Cell><Cell><Data ss:Type="String">Sin acceso</Data></Cell><Cell><Data ss:Type="String">Sin acceso</Data></Cell><Cell><Data ss:Type="String">Activo</Data></Cell></Row><Row><Cell><Data ss:Type="String">11.347.547-1</Data></Cell><Cell><Data ss:Type="String">daniela</Data></Cell><Cell><Data ss:Type="String">mardones azócar</Data></Cell><Cell><Data ss:Type="String">danielamardones7@hotmail.com</Data></Cell><Cell><Data ss:Type="String">Sin grupo</Data></Cell><Cell><Data ss:Type="String">15-12-2021</Data></Cell><Cell><Data ss:Type="String">9:20</Data></Cell><Cell><Data ss:Type="String">Activo</Data></Cell></Row><Row><Cell><Data ss:Type="String">15.847.739-4</Data></Cell><Cell><Data ss:Type="String">ERNESTO ALONSO</Data></Cell><Cell><Data ss:Type="String">RUIZ OLAVARRIA</Data></Cell><Cell><Data ss:Type="String">ERNESTO.A.RUIZ.O@HOTMAIL.COM</Data></Cell><Cell><Data ss:Type="String">Sin grupo</Data></Cell><Cell><Data ss:Type="String">5-12-2021</Data></Cell><Cell><Data ss:Type="String">15:59</Data></Cell><Cell><Data ss:Type="String">Activo</Data></Cell></Row><Row><Cell><Data ss:Type="String">13.685.724-k</Data></Cell><Cell><Data ss:Type="String">KATHERINE ELIZABETH</Data></Cell><Cell><Data ss:Type="String">BUSTAMANTE</Data></Cell><Cell><Data ss:Type="String">BIBLIOTECAMEDIATM@GMAIL.COM</Data></Cell><Cell><Data ss:Type="String">Sin grupo</Data></Cell><Cell><Data ss:Type="String">15-12-2021</Data></Cell><Cell><Data ss:Type="String">11:20</Data></Cell><Cell><Data ss:Type="String">Activo</Data></Cell></Row><Row><Cell><Data ss:Type="String">8.572.404-5</Data></Cell><Cell><Data ss:Type="String">RUTH</Data></Cell><Cell><Data ss:Type="String">QUILODRÁN ROZAS</Data></Cell><Cell><Data ss:Type="String">LUTTY16862@HOTMAIL.COM</Data></Cell><Cell><Data ss:Type="String">Sin grupo</Data></Cell><Cell><Data ss:Type="String">14-12-2021</Data></Cell><Cell><Data ss:Type="String">23:15</Data></Cell><Cell><Data ss:Type="String">Activo</Data></Cell></Row><Row><Cell><Data ss:Type="String">14.498.351-3</Data></Cell><Cell><Data ss:Type="String">SELMA</Data></Cell><Cell><Data ss:Type="String">MONTOYA HASBUN</Data></Cell><Cell><Data ss:Type="String">SMONTOYA_30@HOTMAIL.COM</Data></Cell><Cell><Data ss:Type="String">Sin grupo</Data></Cell><Cell><Data ss:Type="String">15-12-2021</Data></Cell><Cell><Data ss:Type="String">10:7</Data></Cell><Cell><Data ss:Type="String">Activo</Data></Cell></Row><Row><Cell><Data ss:Type="String">8.761.082-9</Data></Cell><Cell><Data ss:Type="String">Rosalia del Pilar</Data></Cell><Cell><Data ss:Type="String">Cisterna</Data></Cell><Cell><Data ss:Type="String">cisterna.rossi@gmail.com</Data></Cell><Cell><Data ss:Type="String">Sin grupo</Data></Cell><Cell><Data ss:Type="String">14-12-2021</Data></Cell><Cell><Data ss:Type="String">19:54</Data></Cell><Cell><Data ss:Type="String">Activo</Data></Cell></Row><Row><Cell><Data ss:Type="String">18.671.569-1</Data></Cell><Cell><Data ss:Type="String">CONSTANZA</Data></Cell><Cell><Data ss:Type="String">RIFFO SALAZAR - 5143</Data></Cell><Cell><Data ss:Type="String">CONSTANZA.RIFFOSALAZAR@GMAIL.COM</Data></Cell><Cell><Data ss:Type="String">Sin grupo</Data></Cell><Cell><Data ss:Type="String">29-11-2021</Data></Cell><Cell><Data ss:Type="String">13:40</Data></Cell><Cell><Data ss:Type="String">Activo</Data></Cell></Row><Row><Cell><Data ss:Type="String">16.587.923-6</Data></Cell><Cell><Data ss:Type="String">NATALIA ANDREA ELIZABETH</Data></Cell><Cell><Data ss:Type="String">LARA RIVAS</Data></Cell><Cell><Data ss:Type="String">NATALIA.LARARIVAS@GMAIL.COM</Data></Cell><Cell><Data ss:Type="String">Sin grupo</Data></Cell><Cell><Data ss:Type="String">17-11-2021</Data></Cell><Cell><Data ss:Type="String">19:7</Data></Cell><Cell><Data ss:Type="String">Activo</Data></Cell></Row><Row><Cell><Data ss:Type="String">18.028.524-5</Data></Cell><Cell><Data ss:Type="String">Eduardo Camilo</Data></Cell><Cell><Data ss:Type="String">Durán González</Data></Cell><Cell><Data ss:Type="String">phistocamiloduran@gmail.com</Data></Cell><Cell><Data ss:Type="String">Sin grupo</Data></Cell><Cell><Data ss:Type="String">14-11-2021</Data></Cell><Cell><Data ss:Type="String">11:3</Data></Cell><Cell><Data ss:Type="String">Activo</Data></Cell></Row><Row><Cell><Data ss:Type="String">18.353.733-4</Data></Cell><Cell><Data ss:Type="String">Francisca Javiera</Data></Cell><Cell><Data ss:Type="String">Medalla Rivera</Data></Cell><Cell><Data ss:Type="String">francisca.medalla@gmail.com</Data></Cell><Cell><Data ss:Type="String">Sin grupo</Data></Cell><Cell><Data ss:Type="String">14-12-2021</Data></Cell><Cell><Data ss:Type="String">10:25</Data></Cell><Cell><Data ss:Type="String">Activo</Data></Cell></Row><Row><Cell><Data ss:Type="String">13.158.581-0</Data></Cell><Cell><Data ss:Type="String">Marilena Maritza</Data></Cell><Cell><Data ss:Type="String">Torres Muñoz</Data></Cell><Cell><Data ss:Type="String">marilena_torres@hotmail.com</Data></Cell><Cell><Data ss:Type="String">Sin grupo</Data></Cell><Cell><Data ss:Type="String">15-12-2021</Data></Cell><Cell><Data ss:Type="String">9:29</Data></Cell><Cell><Data ss:Type="String">Activo</Data></Cell></Row><Row><Cell><Data ss:Type="String">16.137.601-9</Data></Cell><Cell><Data ss:Type="String">JULIO EDUARDO</Data></Cell><Cell><Data ss:Type="String">ESCOBAR AGUAYO</Data></Cell><Cell><Data ss:Type="String">julioescobaraguayo@gmail.com</Data></Cell><Cell><Data ss:Type="String">Sin grupo</Data></Cell><Cell><Data ss:Type="String">11-11-2021</Data></Cell><Cell><Data ss:Type="String">10:52</Data></Cell><Cell><Data ss:Type="String">Activo</Data></Cell></Row><Row><Cell><Data ss:Type="String">17.229.304-2</Data></Cell><Cell><Data ss:Type="String">Felipe</Data></Cell><Cell><Data ss:Type="String">Reyes Silva</Data></Cell><Cell><Data ss:Type="String">FELIPE.REYSIL@GMAIL.COM</Data></Cell><Cell><Data ss:Type="String">Sin grupo</Data></Cell><Cell><Data ss:Type="String">15-12-2021</Data></Cell><Cell><Data ss:Type="String">10:21</Data></Cell><Cell><Data ss:Type="String">Activo</Data></Cell></Row><Row><Cell><Data ss:Type="String">18.062.490-2</Data></Cell><Cell><Data ss:Type="String">ANA DELFINA</Data></Cell><Cell><Data ss:Type="String">CURIHUENTRO LINCOQUEO</Data></Cell><Cell><Data ss:Type="String">A.CURIHUENTRO.L@GMAIL.COM</Data></Cell><Cell><Data ss:Type="String">Sin grupo</Data></Cell><Cell><Data ss:Type="String">Sin acceso</Data></Cell><Cell><Data ss:Type="String">Sin acceso</Data></Cell><Cell><Data ss:Type="String">Activo</Data></Cell></Row><Row><Cell><Data ss:Type="String">15.974.971-1</Data></Cell><Cell><Data ss:Type="String">Alexis Manuel</Data></Cell><Cell><Data ss:Type="String">Arias Brizuela</Data></Cell><Cell><Data ss:Type="String">alexis.arias@colegiosantaemilia.cl</Data></Cell><Cell><Data ss:Type="String">Sin grupo</Data></Cell><Cell><Data ss:Type="String">30-11-2021</Data></Cell><Cell><Data ss:Type="String">21:49</Data></Cell><Cell><Data ss:Type="String">Activo</Data></Cell></Row><Row><Cell><Data ss:Type="String">13.082.248-7</Data></Cell><Cell><Data ss:Type="String">Pamela</Data></Cell><Cell><Data ss:Type="String">Castillo Peña</Data></Cell><Cell><Data ss:Type="String">p.carmencas@gmail.com</Data></Cell><Cell><Data ss:Type="String">Sin grupo</Data></Cell><Cell><Data ss:Type="String">14-12-2021</Data></Cell><Cell><Data ss:Type="String">14:41</Data></Cell><Cell><Data ss:Type="String">Activo</Data></Cell></Row><Row><Cell><Data ss:Type="String">15.711.852-8</Data></Cell><Cell><Data ss:Type="String">Carolina Andrea</Data></Cell><Cell><Data ss:Type="String">Paillacar Carrillanca</Data></Cell><Cell><Data ss:Type="String">Karola.paillacar@gmail.com</Data></Cell><Cell><Data ss:Type="String">Sin grupo</Data></Cell><Cell><Data ss:Type="String">30-11-2021</Data></Cell><Cell><Data ss:Type="String">10:59</Data></Cell><Cell><Data ss:Type="String">Activo</Data></Cell></Row><Row><Cell><Data ss:Type="String">17.175.079-2</Data></Cell><Cell><Data ss:Type="String">Enrique Eleazar</Data></Cell><Cell><Data ss:Type="String">Godoy Pastén</Data></Cell><Cell><Data ss:Type="String">Enrique.godoy@sscclaserena.cl</Data></Cell><Cell><Data ss:Type="String">Sin grupo</Data></Cell><Cell><Data ss:Type="String">9-11-2021</Data></Cell><Cell><Data ss:Type="String">18:13</Data></Cell><Cell><Data ss:Type="String">Activo</Data></Cell></Row><Row><Cell><Data ss:Type="String">9.555.283-8</Data></Cell><Cell><Data ss:Type="String">Aurora Del Carmen</Data></Cell><Cell><Data ss:Type="String">Alfaro Valle</Data></Cell><Cell><Data ss:Type="String">aalfaro.2838@educacionpublica.cl</Data></Cell><Cell><Data ss:Type="String">Sin grupo</Data></Cell><Cell><Data ss:Type="String">12-12-2021</Data></Cell><Cell><Data ss:Type="String">22:55</Data></Cell><Cell><Data ss:Type="String">Activo</Data></Cell></Row><Row><Cell><Data ss:Type="String">15.039.626-3</Data></Cell><Cell><Data ss:Type="String">Paulina Alejandra</Data></Cell><Cell><Data ss:Type="String">Olivares Matamoros</Data></Cell><Cell><Data ss:Type="String">paulinaolivaresmatamoros@demmontepatria.cl</Data></Cell><Cell><Data ss:Type="String">Sin grupo</Data></Cell><Cell><Data ss:Type="String">9-12-2021</Data></Cell><Cell><Data ss:Type="String">8:54</Data></Cell><Cell><Data ss:Type="String">Activo</Data></Cell></Row><Row><Cell><Data ss:Type="String">10.486.587-9</Data></Cell><Cell><Data ss:Type="String">Pedro Juan</Data></Cell><Cell><Data ss:Type="String">Muñoz Gallardo</Data></Cell><Cell><Data ss:Type="String">pmunoz985@gmail.com</Data></Cell><Cell><Data ss:Type="String">Sin grupo</Data></Cell><Cell><Data ss:Type="String">Sin acceso</Data></Cell><Cell><Data ss:Type="String">Sin acceso</Data></Cell><Cell><Data ss:Type="String">Activo</Data></Cell></Row><Row><Cell><Data ss:Type="String">18.385.991-9</Data></Cell><Cell><Data ss:Type="String">Rodrigo Misael</Data></Cell><Cell><Data ss:Type="String">Guerrero Riquelme</Data></Cell><Cell><Data ss:Type="String">biblioteca@iapb.cl</Data></Cell><Cell><Data ss:Type="String">Sin grupo</Data></Cell><Cell><Data ss:Type="String">13-12-2021</Data></Cell><Cell><Data ss:Type="String">17:36</Data></Cell><Cell><Data ss:Type="String">Activo</Data></Cell></Row><Row><Cell><Data ss:Type="String">17.356.087-7</Data></Cell><Cell><Data ss:Type="String">Melitza Estefani</Data></Cell><Cell><Data ss:Type="String">Tapia Rojas</Data></Cell><Cell><Data ss:Type="String">melitza.tapia.rojas@educacionsanfelipe.cl</Data></Cell><Cell><Data ss:Type="String">Sin grupo</Data></Cell><Cell><Data ss:Type="String">15-12-2021</Data></Cell><Cell><Data ss:Type="String">11:7</Data></Cell><Cell><Data ss:Type="String">Activo</Data></Cell></Row><Row><Cell><Data ss:Type="String">7.661.028-2</Data></Cell><Cell><Data ss:Type="String">Erika Ivonne</Data></Cell><Cell><Data ss:Type="String">Carrasco Farías</Data></Cell><Cell><Data ss:Type="String">erika.profesora@gmail.com</Data></Cell><Cell><Data ss:Type="String">Sin grupo</Data></Cell><Cell><Data ss:Type="String">10-11-2021</Data></Cell><Cell><Data ss:Type="String">12:4</Data></Cell><Cell><Data ss:Type="String">Activo</Data></Cell></Row><Row><Cell><Data ss:Type="String">18.782.755-8</Data></Cell><Cell><Data ss:Type="String">Yondre Valentina</Data></Cell><Cell><Data ss:Type="String">Soto Ahumada</Data></Cell><Cell><Data ss:Type="String">ysoto.ljcb.d@fodec.cl</Data></Cell><Cell><Data ss:Type="String">Sin grupo</Data></Cell><Cell><Data ss:Type="String">29-11-2021</Data></Cell><Cell><Data ss:Type="String">12:23</Data></Cell><Cell><Data ss:Type="String">Activo</Data></Cell></Row><Row><Cell><Data ss:Type="String">8.196.082-8</Data></Cell><Cell><Data ss:Type="String">Dora Ibet</Data></Cell><Cell><Data ss:Type="String">Catalán Epuñan</Data></Cell><Cell><Data ss:Type="String">encargadacra@lpvh.cl</Data></Cell><Cell><Data ss:Type="String">Sin grupo</Data></Cell><Cell><Data ss:Type="String">3-12-2021</Data></Cell><Cell><Data ss:Type="String">12:48</Data></Cell><Cell><Data ss:Type="String">Activo</Data></Cell></Row><Row><Cell><Data ss:Type="String">8.218.544-5</Data></Cell><Cell><Data ss:Type="String">Naldo Rodolfo</Data></Cell><Cell><Data ss:Type="String">Arenas Pino</Data></Cell><Cell><Data ss:Type="String">naldo.arenas@liceosantacruz.cl</Data></Cell><Cell><Data ss:Type="String">Sin grupo</Data></Cell><Cell><Data ss:Type="String">Sin acceso</Data></Cell><Cell><Data ss:Type="String">Sin acceso</Data></Cell><Cell><Data ss:Type="String">Activo</Data></Cell></Row><Row><Cell><Data ss:Type="String">10.060.879-0</Data></Cell><Cell><Data ss:Type="String">Teresa Magdalena</Data></Cell><Cell><Data ss:Type="String">Quiroga García</Data></Cell><Cell><Data ss:Type="String">quirogateresa50@gmail.com</Data></Cell><Cell><Data ss:Type="String">Sin grupo</Data></Cell><Cell><Data ss:Type="String">2-11-2021</Data></Cell><Cell><Data ss:Type="String">16:13</Data></Cell><Cell><Data ss:Type="String">Activo</Data></Cell></Row><Row><Cell><Data ss:Type="String">19.043.773-6</Data></Cell><Cell><Data ss:Type="String">Consuelo Paz</Data></Cell><Cell><Data ss:Type="String">Suarez Sepulveda</Data></Cell><Cell><Data ss:Type="String">CONSUEPAZ95@HOTMAIL.COM</Data></Cell><Cell><Data ss:Type="String">Sin grupo</Data></Cell><Cell><Data ss:Type="String">9-12-2021</Data></Cell><Cell><Data ss:Type="String">18:20</Data></Cell><Cell><Data ss:Type="String">Activo</Data></Cell></Row><Row><Cell><Data ss:Type="String">9.189.446-7</Data></Cell><Cell><Data ss:Type="String">Angélica</Data></Cell><Cell><Data ss:Type="String">Muñoz González</Data></Cell><Cell><Data ss:Type="String">angelisole@hotmail.es</Data></Cell><Cell><Data ss:Type="String">Sin grupo</Data></Cell><Cell><Data ss:Type="String">11-12-2021</Data></Cell><Cell><Data ss:Type="String">21:18</Data></Cell><Cell><Data ss:Type="String">Activo</Data></Cell></Row><Row><Cell><Data ss:Type="String">8.057.478-9</Data></Cell><Cell><Data ss:Type="String">Fresia Del Carmen</Data></Cell><Cell><Data ss:Type="String">Muñoz Bustamante</Data></Cell><Cell><Data ss:Type="String">felca2009@hotmail.com</Data></Cell><Cell><Data ss:Type="String">Sin grupo</Data></Cell><Cell><Data ss:Type="String">13-12-2021</Data></Cell><Cell><Data ss:Type="String">21:8</Data></Cell><Cell><Data ss:Type="String">Activo</Data></Cell></Row><Row><Cell><Data ss:Type="String">6.718.787-3</Data></Cell><Cell><Data ss:Type="String">Wilma Gladys</Data></Cell><Cell><Data ss:Type="String">Inzunza Fuentes</Data></Cell><Cell><Data ss:Type="String">wilmainzunza@gmail.com</Data></Cell><Cell><Data ss:Type="String">Sin grupo</Data></Cell><Cell><Data ss:Type="String">6-12-2021</Data></Cell><Cell><Data ss:Type="String">8:58</Data></Cell><Cell><Data ss:Type="String">Activo</Data></Cell></Row><Row><Cell><Data ss:Type="String">10.804.721-6</Data></Cell><Cell><Data ss:Type="String">Benedicta Del Rosario</Data></Cell><Cell><Data ss:Type="String">Troncoso Franco</Data></Cell><Cell><Data ss:Type="String">benedictatroncoso@Gmail.com</Data></Cell><Cell><Data ss:Type="String">Sin grupo</Data></Cell><Cell><Data ss:Type="String">Sin acceso</Data></Cell><Cell><Data ss:Type="String">Sin acceso</Data></Cell><Cell><Data ss:Type="String">Activo</Data></Cell></Row><Row><Cell><Data ss:Type="String">13.619.348-1</Data></Cell><Cell><Data ss:Type="String">Maria Cristina Aida</Data></Cell><Cell><Data ss:Type="String">Vasquez Navarrete</Data></Cell><Cell><Data ss:Type="String">mariacristina62@gmail.com</Data></Cell><Cell><Data ss:Type="String">Sin grupo</Data></Cell><Cell><Data ss:Type="String">26-10-2021</Data></Cell><Cell><Data ss:Type="String">9:32</Data></Cell><Cell><Data ss:Type="String">Activo</Data></Cell></Row><Row><Cell><Data ss:Type="String">12.080.617-3</Data></Cell><Cell><Data ss:Type="String">Isolda Macarena</Data></Cell><Cell><Data ss:Type="String">Poblete Espinoza</Data></Cell><Cell><Data ss:Type="String">macarena1981.mp@gmail.com</Data></Cell><Cell><Data ss:Type="String">Sin grupo</Data></Cell><Cell><Data ss:Type="String">13-12-2021</Data></Cell><Cell><Data ss:Type="String">10:7</Data></Cell><Cell><Data ss:Type="String">Activo</Data></Cell></Row><Row><Cell><Data ss:Type="String">9.800.603-6</Data></Cell><Cell><Data ss:Type="String">Hortensia Elena</Data></Cell><Cell><Data ss:Type="String">Cruzat Lavin</Data></Cell><Cell><Data ss:Type="String">hcruzat@cosl.cl</Data></Cell><Cell><Data ss:Type="String">Sin grupo</Data></Cell><Cell><Data ss:Type="String">14-12-2021</Data></Cell><Cell><Data ss:Type="String">11:39</Data></Cell><Cell><Data ss:Type="String">Activo</Data></Cell></Row><Row><Cell><Data ss:Type="String">11.782.165-k</Data></Cell><Cell><Data ss:Type="String">Cristina Elizabeth</Data></Cell><Cell><Data ss:Type="String">Jara Campos</Data></Cell><Cell><Data ss:Type="String">cristinajaracampos@gmail.com</Data></Cell><Cell><Data ss:Type="String">Sin grupo</Data></Cell><Cell><Data ss:Type="String">14-12-2021</Data></Cell><Cell><Data ss:Type="String">8:41</Data></Cell><Cell><Data ss:Type="String">Activo</Data></Cell></Row><Row><Cell><Data ss:Type="String">13.436.821-7</Data></Cell><Cell><Data ss:Type="String">Marisol Valeska</Data></Cell><Cell><Data ss:Type="String">Epul Huenuqueo</Data></Cell><Cell><Data ss:Type="String">marisolepul344@gmail.com</Data></Cell><Cell><Data ss:Type="String">Sin grupo</Data></Cell><Cell><Data ss:Type="String">14-12-2021</Data></Cell><Cell><Data ss:Type="String">9:36</Data></Cell><Cell><Data ss:Type="String">Activo</Data></Cell></Row><Row><Cell><Data ss:Type="String">17.068.836-8</Data></Cell><Cell><Data ss:Type="String">Fabian Octavio Alejandro</Data></Cell><Cell><Data ss:Type="String">Gallardo Ferreira</Data></Cell><Cell><Data ss:Type="String">fgallardo.ferreira@gmail.com</Data></Cell><Cell><Data ss:Type="String">Sin grupo</Data></Cell><Cell><Data ss:Type="String">10-12-2021</Data></Cell><Cell><Data ss:Type="String">12:40</Data></Cell><Cell><Data ss:Type="String">Activo</Data></Cell></Row><Row><Cell><Data ss:Type="String">12.338.212-9</Data></Cell><Cell><Data ss:Type="String">Luis Fabián</Data></Cell><Cell><Data ss:Type="String">Ojeda Sanhueza</Data></Cell><Cell><Data ss:Type="String">fabianojeda@gmail.com</Data></Cell><Cell><Data ss:Type="String">Sin grupo</Data></Cell><Cell><Data ss:Type="String">14-12-2021</Data></Cell><Cell><Data ss:Type="String">16:53</Data></Cell><Cell><Data ss:Type="String">Activo</Data></Cell></Row><Row><Cell><Data ss:Type="String">25.840.694-k</Data></Cell><Cell><Data ss:Type="String">Galia</Data></Cell><Cell><Data ss:Type="String">Jerez González</Data></Cell><Cell><Data ss:Type="String">galiajg87@gmail.com</Data></Cell><Cell><Data ss:Type="String">Sin grupo</Data></Cell><Cell><Data ss:Type="String">Sin acceso</Data></Cell><Cell><Data ss:Type="String">Sin acceso</Data></Cell><Cell><Data ss:Type="String">Activo</Data></Cell></Row><Row><Cell><Data ss:Type="String">12.713.449-9</Data></Cell><Cell><Data ss:Type="String">Karina Andrea</Data></Cell><Cell><Data ss:Type="String">Diaz Soto</Data></Cell><Cell><Data ss:Type="String">Biblioteca.melipulli@gmail.com</Data></Cell><Cell><Data ss:Type="String">Sin grupo</Data></Cell><Cell><Data ss:Type="String">7-12-2021</Data></Cell><Cell><Data ss:Type="String">9:7</Data></Cell><Cell><Data ss:Type="String">Activo</Data></Cell></Row><Row><Cell><Data ss:Type="String">9.346.135-5</Data></Cell><Cell><Data ss:Type="String">Claudia Lidia</Data></Cell><Cell><Data ss:Type="String">Cáceres Olivares</Data></Cell><Cell><Data ss:Type="String">claudyly@gmail.com</Data></Cell><Cell><Data ss:Type="String">Sin grupo</Data></Cell><Cell><Data ss:Type="String">15-12-2021</Data></Cell><Cell><Data ss:Type="String">11:31</Data></Cell><Cell><Data ss:Type="String">Activo</Data></Cell></Row><Row><Cell><Data ss:Type="String">15.307.741-k</Data></Cell><Cell><Data ss:Type="String">Yasna Pamela</Data></Cell><Cell><Data ss:Type="String">O Jeda Hernández</Data></Cell><Cell><Data ss:Type="String">Yasnahernandez1981@gmail.com</Data></Cell><Cell><Data ss:Type="String">Sin grupo</Data></Cell><Cell><Data ss:Type="String">15-12-2021</Data></Cell><Cell><Data ss:Type="String">9:59</Data></Cell><Cell><Data ss:Type="String">Activo</Data></Cell></Row><Row><Cell><Data ss:Type="String">8.054.463-4</Data></Cell><Cell><Data ss:Type="String">Pedro Orlando</Data></Cell><Cell><Data ss:Type="String">Barría Barría</Data></Cell><Cell><Data ss:Type="String">pedrorlanbb@gmail.com</Data></Cell><Cell><Data ss:Type="String">Sin grupo</Data></Cell><Cell><Data ss:Type="String">Sin acceso</Data></Cell><Cell><Data ss:Type="String">Sin acceso</Data></Cell><Cell><Data ss:Type="String">Activo</Data></Cell></Row><Row><Cell><Data ss:Type="String">12.892.734-4</Data></Cell><Cell><Data ss:Type="String">Patricio Alberto</Data></Cell><Cell><Data ss:Type="String">Campos Lagos</Data></Cell><Cell><Data ss:Type="String">bibliotecologocampos@gmail.com</Data></Cell><Cell><Data ss:Type="String">Sin grupo</Data></Cell><Cell><Data ss:Type="String">12-12-2021</Data></Cell><Cell><Data ss:Type="String">22:34</Data></Cell><Cell><Data ss:Type="String">Activo</Data></Cell></Row><Row><Cell><Data ss:Type="String">7.979.450-3</Data></Cell><Cell><Data ss:Type="String">Jaime Alejandro</Data></Cell><Cell><Data ss:Type="String">Pizarro Araya</Data></Cell><Cell><Data ss:Type="String">Jpizarro1497@yahoo.com</Data></Cell><Cell><Data ss:Type="String">Sin grupo</Data></Cell><Cell><Data ss:Type="String">Sin acceso</Data></Cell><Cell><Data ss:Type="String">Sin acceso</Data></Cell><Cell><Data ss:Type="String">Activo</Data></Cell></Row><Row><Cell><Data ss:Type="String">13.302.642-8</Data></Cell><Cell><Data ss:Type="String">Carolina</Data></Cell><Cell><Data ss:Type="String">Oscariz Gatica</Data></Cell><Cell><Data ss:Type="String">carolina.oscariz@sip.cl</Data></Cell><Cell><Data ss:Type="String">Sin grupo</Data></Cell><Cell><Data ss:Type="String">17-11-2021</Data></Cell><Cell><Data ss:Type="String">10:22</Data></Cell><Cell><Data ss:Type="String">Activo</Data></Cell></Row><Row><Cell><Data ss:Type="String">16.425.140-3</Data></Cell><Cell><Data ss:Type="String">Natalia Belén</Data></Cell><Cell><Data ss:Type="String">Ormeño Espinoza</Data></Cell><Cell><Data ss:Type="String">nataliabelenoe@gmail.com</Data></Cell><Cell><Data ss:Type="String">Sin grupo</Data></Cell><Cell><Data ss:Type="String">14-12-2021</Data></Cell><Cell><Data ss:Type="String">1:38</Data></Cell><Cell><Data ss:Type="String">Activo</Data></Cell></Row><Row><Cell><Data ss:Type="String">17.225.704-6</Data></Cell><Cell><Data ss:Type="String">Sergio Antonio</Data></Cell><Cell><Data ss:Type="String">Silva Pizarro</Data></Cell><Cell><Data ss:Type="String">sergio.silva.pizarro@gmail.com</Data></Cell><Cell><Data ss:Type="String">Sin grupo</Data></Cell><Cell><Data ss:Type="String">30-11-2021</Data></Cell><Cell><Data ss:Type="String">10:23</Data></Cell><Cell><Data ss:Type="String">Activo</Data></Cell></Row><Row><Cell><Data ss:Type="String">13.514.997-7</Data></Cell><Cell><Data ss:Type="String">Carmen Honoria</Data></Cell><Cell><Data ss:Type="String">Muñoz Morales</Data></Cell><Cell><Data ss:Type="String">c.munozm@liceolcsd.com</Data></Cell><Cell><Data ss:Type="String">Sin grupo</Data></Cell><Cell><Data ss:Type="String">Sin acceso</Data></Cell><Cell><Data ss:Type="String">Sin acceso</Data></Cell><Cell><Data ss:Type="String">Activo</Data></Cell></Row><Row><Cell><Data ss:Type="String">12.038.850-9</Data></Cell><Cell><Data ss:Type="String">Claudio Alex</Data></Cell><Cell><Data ss:Type="String">Mariqueo Martinez</Data></Cell><Cell><Data ss:Type="String">cmariqueo.martinez@reduca.cl</Data></Cell><Cell><Data ss:Type="String">Sin grupo</Data></Cell><Cell><Data ss:Type="String">12-12-2021</Data></Cell><Cell><Data ss:Type="String">17:3</Data></Cell><Cell><Data ss:Type="String">Activo</Data></Cell></Row><Row><Cell><Data ss:Type="String">15.891.267-8</Data></Cell><Cell><Data ss:Type="String">Francesca</Data></Cell><Cell><Data ss:Type="String">Gonzalez</Data></Cell><Cell><Data ss:Type="String">francescagonz@gmail.com</Data></Cell><Cell><Data ss:Type="String">Sin grupo</Data></Cell><Cell><Data ss:Type="String">6-12-2021</Data></Cell><Cell><Data ss:Type="String">20:18</Data></Cell><Cell><Data ss:Type="String">Activo</Data></Cell></Row><Row><Cell><Data ss:Type="String">17.390.262-k</Data></Cell><Cell><Data ss:Type="String">Enrique Alfredo</Data></Cell><Cell><Data ss:Type="String">White Bahamondes</Data></Cell><Cell><Data ss:Type="String">t.white_22@hotmail.com</Data></Cell><Cell><Data ss:Type="String">Sin grupo</Data></Cell><Cell><Data ss:Type="String">Sin acceso</Data></Cell><Cell><Data ss:Type="String">Sin acceso</Data></Cell><Cell><Data ss:Type="String">Activo</Data></Cell></Row><Row><Cell><Data ss:Type="String">10.540.025-k</Data></Cell><Cell><Data ss:Type="String">Sofía Leonor</Data></Cell><Cell><Data ss:Type="String">Manríquez Figueroa</Data></Cell><Cell><Data ss:Type="String">smanriquez@ceas.cl</Data></Cell><Cell><Data ss:Type="String">Sin grupo</Data></Cell><Cell><Data ss:Type="String">11-11-2021</Data></Cell><Cell><Data ss:Type="String">14:36</Data></Cell><Cell><Data ss:Type="String">Activo</Data></Cell></Row><Row><Cell><Data ss:Type="String">13.460.119-1</Data></Cell><Cell><Data ss:Type="String">Ximena Carolina</Data></Cell><Cell><Data ss:Type="String">Alcérreca Olguín</Data></Cell><Cell><Data ss:Type="String">xalcerreca@liceosofofa.cl</Data></Cell><Cell><Data ss:Type="String">Sin grupo</Data></Cell><Cell><Data ss:Type="String">15-12-2021</Data></Cell><Cell><Data ss:Type="String">8:35</Data></Cell><Cell><Data ss:Type="String">Activo</Data></Cell></Row><Row><Cell><Data ss:Type="String">7.810.995-5</Data></Cell><Cell><Data ss:Type="String">Marcela</Data></Cell><Cell><Data ss:Type="String">Francisco Martinez</Data></Cell><Cell><Data ss:Type="String">catrala.fco@gmail.com</Data></Cell><Cell><Data ss:Type="String">Sin grupo</Data></Cell><Cell><Data ss:Type="String">Sin acceso</Data></Cell><Cell><Data ss:Type="String">Sin acceso</Data></Cell><Cell><Data ss:Type="String">Activo</Data></Cell></Row><Row><Cell><Data ss:Type="String">8.006.334-2</Data></Cell><Cell><Data ss:Type="String">Miledy María</Data></Cell><Cell><Data ss:Type="String">Marolla Burgos</Data></Cell><Cell><Data ss:Type="String">miledy.marolla@escuelaelcarmen.cl</Data></Cell><Cell><Data ss:Type="String">Sin grupo</Data></Cell><Cell><Data ss:Type="String">11-12-2021</Data></Cell><Cell><Data ss:Type="String">3:31</Data></Cell><Cell><Data ss:Type="String">Activo</Data></Cell></Row><Row><Cell><Data ss:Type="String">6.531.983-7</Data></Cell><Cell><Data ss:Type="String">Sergio Dario</Data></Cell><Cell><Data ss:Type="String">Trujillo Sepulveda</Data></Cell><Cell><Data ss:Type="String">trujilloser@gmail.com</Data></Cell><Cell><Data ss:Type="String">Sin grupo</Data></Cell><Cell><Data ss:Type="String">9-12-2021</Data></Cell><Cell><Data ss:Type="String">19:1</Data></Cell><Cell><Data ss:Type="String">Activo</Data></Cell></Row><Row><Cell><Data ss:Type="String">7.692.850-9</Data></Cell><Cell><Data ss:Type="String">María Del Pilar</Data></Cell><Cell><Data ss:Type="String">Parada Corzo</Data></Cell><Cell><Data ss:Type="String">pilarparadacorzo@gmail.com</Data></Cell><Cell><Data ss:Type="String">Sin grupo</Data></Cell><Cell><Data ss:Type="String">10-12-2021</Data></Cell><Cell><Data ss:Type="String">9:7</Data></Cell><Cell><Data ss:Type="String">Activo</Data></Cell></Row><Row><Cell><Data ss:Type="String">8.880.976-9</Data></Cell><Cell><Data ss:Type="String">Ramón Humberto</Data></Cell><Cell><Data ss:Type="String">Navarrete Ramos</Data></Cell><Cell><Data ss:Type="String">ramonnavarra@yahoo.com</Data></Cell><Cell><Data ss:Type="String">Sin grupo</Data></Cell><Cell><Data ss:Type="String">15-12-2021</Data></Cell><Cell><Data ss:Type="String">10:57</Data></Cell><Cell><Data ss:Type="String">Activo</Data></Cell></Row><Row><Cell><Data ss:Type="String">12.940.661-5</Data></Cell><Cell><Data ss:Type="String">Yessica Carola</Data></Cell><Cell><Data ss:Type="String">Díaz Matamala</Data></Cell><Cell><Data ss:Type="String">cdm.26@hotmail.com</Data></Cell><Cell><Data ss:Type="String">Sin grupo</Data></Cell><Cell><Data ss:Type="String">12-12-2021</Data></Cell><Cell><Data ss:Type="String">14:27</Data></Cell><Cell><Data ss:Type="String">Activo</Data></Cell></Row><Row><Cell><Data ss:Type="String">10.815.592-2</Data></Cell><Cell><Data ss:Type="String">Maria Susana</Data></Cell><Cell><Data ss:Type="String">Gonzalez Compos</Data></Cell><Cell><Data ss:Type="String">masu.glez@gmail.com</Data></Cell><Cell><Data ss:Type="String">Sin grupo</Data></Cell><Cell><Data ss:Type="String">5-11-2021</Data></Cell><Cell><Data ss:Type="String">18:2</Data></Cell><Cell><Data ss:Type="String">Activo</Data></Cell></Row><Row><Cell><Data ss:Type="String">4.210.401-9</Data></Cell><Cell><Data ss:Type="String">Luis Alberto</Data></Cell><Cell><Data ss:Type="String">Darby Mülchi</Data></Cell><Cell><Data ss:Type="String">luisdarbymct@gmail.com</Data></Cell><Cell><Data ss:Type="String">Sin grupo</Data></Cell><Cell><Data ss:Type="String">14-12-2021</Data></Cell><Cell><Data ss:Type="String">18:37</Data></Cell><Cell><Data ss:Type="String">Activo</Data></Cell></Row><Row><Cell><Data ss:Type="String">9.813.455-7</Data></Cell><Cell><Data ss:Type="String">Teresa Susana</Data></Cell><Cell><Data ss:Type="String">Guerrero Toro</Data></Cell><Cell><Data ss:Type="String">TGUERRERO@COLEGIOCERROGRANDE.CL</Data></Cell><Cell><Data ss:Type="String">Sin grupo</Data></Cell><Cell><Data ss:Type="String">13-12-2021</Data></Cell><Cell><Data ss:Type="String">10:34</Data></Cell><Cell><Data ss:Type="String">Activo</Data></Cell></Row><Row><Cell><Data ss:Type="String">16.596.629-5</Data></Cell><Cell><Data ss:Type="String">Maria Fernanda</Data></Cell><Cell><Data ss:Type="String">Lemus Molina</Data></Cell><Cell><Data ss:Type="String">mariafernandalemus@gmail.com</Data></Cell><Cell><Data ss:Type="String">Sin grupo</Data></Cell><Cell><Data ss:Type="String">12-12-2021</Data></Cell><Cell><Data ss:Type="String">23:53</Data></Cell><Cell><Data ss:Type="String">Activo</Data></Cell></Row><Row><Cell><Data ss:Type="String">7.598.626-2</Data></Cell><Cell><Data ss:Type="String">Virginia Isabel</Data></Cell><Cell><Data ss:Type="String">Rodríguez Villegas</Data></Cell><Cell><Data ss:Type="String">v.rodriguez330@gmail.com</Data></Cell><Cell><Data ss:Type="String">Sin grupo</Data></Cell><Cell><Data ss:Type="String">13-12-2021</Data></Cell><Cell><Data ss:Type="String">9:8</Data></Cell><Cell><Data ss:Type="String">Activo</Data></Cell></Row><Row><Cell><Data ss:Type="String">10.608.233-2</Data></Cell><Cell><Data ss:Type="String">Marcelo Humberto</Data></Cell><Cell><Data ss:Type="String">Cari Cáceres</Data></Cell><Cell><Data ss:Type="String">mcaricaceres@gmail.com</Data></Cell><Cell><Data ss:Type="String">Sin grupo</Data></Cell><Cell><Data ss:Type="String">19-11-2021</Data></Cell><Cell><Data ss:Type="String">10:12</Data></Cell><Cell><Data ss:Type="String">Activo</Data></Cell></Row><Row><Cell><Data ss:Type="String">18.468.010-6</Data></Cell><Cell><Data ss:Type="String">Tamara Bernardita</Data></Cell><Cell><Data ss:Type="String">Luengo Araya</Data></Cell><Cell><Data ss:Type="String">tamaraluengo@colegiogardencollege.cl</Data></Cell><Cell><Data ss:Type="String">Sin grupo</Data></Cell><Cell><Data ss:Type="String">14-12-2021</Data></Cell><Cell><Data ss:Type="String">17:46</Data></Cell><Cell><Data ss:Type="String">Activo</Data></Cell></Row><Row><Cell><Data ss:Type="String">14.330.017-k</Data></Cell><Cell><Data ss:Type="String">Fabiola Del Pilar</Data></Cell><Cell><Data ss:Type="String">Gutiérrez Castro</Data></Cell><Cell><Data ss:Type="String">fabita_gutierrez@hotmail.cl</Data></Cell><Cell><Data ss:Type="String">Sin grupo</Data></Cell><Cell><Data ss:Type="String">13-12-2021</Data></Cell><Cell><Data ss:Type="String">23:6</Data></Cell><Cell><Data ss:Type="String">Activo</Data></Cell></Row><Row><Cell><Data ss:Type="String">15.739.264-6</Data></Cell><Cell><Data ss:Type="String">Alejandro Antonio</Data></Cell><Cell><Data ss:Type="String">Faundez Flores</Data></Cell><Cell><Data ss:Type="String">alejandro.faundez@colegiomelian.org</Data></Cell><Cell><Data ss:Type="String">Sin grupo</Data></Cell><Cell><Data ss:Type="String">13-12-2021</Data></Cell><Cell><Data ss:Type="String">16:27</Data></Cell><Cell><Data ss:Type="String">Activo</Data></Cell></Row><Row><Cell><Data ss:Type="String">13.124.797-4</Data></Cell><Cell><Data ss:Type="String">Alejandra Marianela</Data></Cell><Cell><Data ss:Type="String">Mori Pérez</Data></Cell><Cell><Data ss:Type="String">amori@inmacthno.cl</Data></Cell><Cell><Data ss:Type="String">Sin grupo</Data></Cell><Cell><Data ss:Type="String">14-12-2021</Data></Cell><Cell><Data ss:Type="String">8:46</Data></Cell><Cell><Data ss:Type="String">Activo</Data></Cell></Row><Row><Cell><Data ss:Type="String">9.361.166-7</Data></Cell><Cell><Data ss:Type="String">Lucy Aida</Data></Cell><Cell><Data ss:Type="String">Morales Bustos</Data></Cell><Cell><Data ss:Type="String">lucy.aida11@gmail.com</Data></Cell><Cell><Data ss:Type="String">Sin grupo</Data></Cell><Cell><Data ss:Type="String">22-11-2021</Data></Cell><Cell><Data ss:Type="String">19:48</Data></Cell><Cell><Data ss:Type="String">Activo</Data></Cell></Row><Row><Cell><Data ss:Type="String">15.742.038-0</Data></Cell><Cell><Data ss:Type="String">Cristian Luciano</Data></Cell><Cell><Data ss:Type="String">Ramírez Jofré</Data></Cell><Cell><Data ss:Type="String">cristian.ramirez@sansebastianmelipilla.cl</Data></Cell><Cell><Data ss:Type="String">Sin grupo</Data></Cell><Cell><Data ss:Type="String">14-12-2021</Data></Cell><Cell><Data ss:Type="String">15:54</Data></Cell><Cell><Data ss:Type="String">Activo</Data></Cell></Row><Row><Cell><Data ss:Type="String">6.535.391-1</Data></Cell><Cell><Data ss:Type="String">Gladys Teresita De Jesús</Data></Cell><Cell><Data ss:Type="String">Espinoza O'Quinghtons</Data></Cell><Cell><Data ss:Type="String">gladys.espinoza.460@gmail.com</Data></Cell><Cell><Data ss:Type="String">Sin grupo</Data></Cell><Cell><Data ss:Type="String">14-12-2021</Data></Cell><Cell><Data ss:Type="String">9:11</Data></Cell><Cell><Data ss:Type="String">Activo</Data></Cell></Row><Row><Cell><Data ss:Type="String">11.486.811-6</Data></Cell><Cell><Data ss:Type="String">Carolina Esmeralda</Data></Cell><Cell><Data ss:Type="String">Flores Trujillo</Data></Cell><Cell><Data ss:Type="String">cetrujillo.3@gmail.com</Data></Cell><Cell><Data ss:Type="String">Sin grupo</Data></Cell><Cell><Data ss:Type="String">17-11-2021</Data></Cell><Cell><Data ss:Type="String">9:51</Data></Cell><Cell><Data ss:Type="String">Activo</Data></Cell></Row><Row><Cell><Data ss:Type="String">13.340.676-k</Data></Cell><Cell><Data ss:Type="String">Karim Margarita</Data></Cell><Cell><Data ss:Type="String">Silva González</Data></Cell><Cell><Data ss:Type="String">ksilva@colegioohiggins.cl</Data></Cell><Cell><Data ss:Type="String">Sin grupo</Data></Cell><Cell><Data ss:Type="String">15-12-2021</Data></Cell><Cell><Data ss:Type="String">10:5</Data></Cell><Cell><Data ss:Type="String">Activo</Data></Cell></Row><Row><Cell><Data ss:Type="String">10.851.902-9</Data></Cell><Cell><Data ss:Type="String">Héctor A.</Data></Cell><Cell><Data ss:Type="String">Torres Llafquén</Data></Cell><Cell><Data ss:Type="String">htorres@ssb.coreduc.cl</Data></Cell><Cell><Data ss:Type="String">Sin grupo</Data></Cell><Cell><Data ss:Type="String">15-12-2021</Data></Cell><Cell><Data ss:Type="String">10:52</Data></Cell><Cell><Data ss:Type="String">Activo</Data></Cell></Row><Row><Cell><Data ss:Type="String">17.841.654-5</Data></Cell><Cell><Data ss:Type="String">Constanza Beatriz</Data></Cell><Cell><Data ss:Type="String">Bravo Toro</Data></Cell><Cell><Data ss:Type="String">Constanza.toro@jan.cl</Data></Cell><Cell><Data ss:Type="String">Sin grupo</Data></Cell><Cell><Data ss:Type="String">Sin acceso</Data></Cell><Cell><Data ss:Type="String">Sin acceso</Data></Cell><Cell><Data ss:Type="String">Activo</Data></Cell></Row><Row><Cell><Data ss:Type="String">17.484.470-4</Data></Cell><Cell><Data ss:Type="String">Constanza Andrea</Data></Cell><Cell><Data ss:Type="String">Alvarez Leiva</Data></Cell><Cell><Data ss:Type="String">biblioteca.cpfa@escuelasefectivas.cl</Data></Cell><Cell><Data ss:Type="String">Sin grupo</Data></Cell><Cell><Data ss:Type="String">11-12-2021</Data></Cell><Cell><Data ss:Type="String">19:57</Data></Cell><Cell><Data ss:Type="String">Activo</Data></Cell></Row><Row><Cell><Data ss:Type="String">16.507.164-6</Data></Cell><Cell><Data ss:Type="String">Maribel Alejandra</Data></Cell><Cell><Data ss:Type="String">Ramírez Oyarzo</Data></Cell><Cell><Data ss:Type="String">mramirez@colegiobosquemar.cl</Data></Cell><Cell><Data ss:Type="String">Sin grupo</Data></Cell><Cell><Data ss:Type="String">24-11-2021</Data></Cell><Cell><Data ss:Type="String">10:41</Data></Cell><Cell><Data ss:Type="String">Activo</Data></Cell></Row><Row><Cell><Data ss:Type="String">19.041.055-2</Data></Cell><Cell><Data ss:Type="String">Areli Yazmín</Data></Cell><Cell><Data ss:Type="String">Molina López</Data></Cell><Cell><Data ss:Type="String">areliyazmin.molina@gmail.com</Data></Cell><Cell><Data ss:Type="String">Sin grupo</Data></Cell><Cell><Data ss:Type="String">14-12-2021</Data></Cell><Cell><Data ss:Type="String">17:23</Data></Cell><Cell><Data ss:Type="String">Activo</Data></Cell></Row><Row><Cell><Data ss:Type="String">6.359.595-0</Data></Cell><Cell><Data ss:Type="String">Viviana Del Carmen</Data></Cell><Cell><Data ss:Type="String">Hermosilla Buon</Data></Cell><Cell><Data ss:Type="String">verito_navarro@hotmail.cl</Data></Cell><Cell><Data ss:Type="String">Sin grupo</Data></Cell><Cell><Data ss:Type="String">Sin acceso</Data></Cell><Cell><Data ss:Type="String">Sin acceso</Data></Cell><Cell><Data ss:Type="String">Activo</Data></Cell></Row><Row><Cell><Data ss:Type="String">12.018.505-5</Data></Cell><Cell><Data ss:Type="String">Carmen Gloria</Data></Cell><Cell><Data ss:Type="String">Morales Fernandez</Data></Cell><Cell><Data ss:Type="String">carmenmorales@outlook.cl</Data></Cell><Cell><Data ss:Type="String">Sin grupo</Data></Cell><Cell><Data ss:Type="String">3-12-2021</Data></Cell><Cell><Data ss:Type="String">14:58</Data></Cell><Cell><Data ss:Type="String">Activo</Data></Cell></Row><Row><Cell><Data ss:Type="String">9.021.981-2</Data></Cell><Cell><Data ss:Type="String">Marco Esteban</Data></Cell><Cell><Data ss:Type="String">Leiva Báez</Data></Cell><Cell><Data ss:Type="String">marco.leiva214@gmail.com</Data></Cell><Cell><Data ss:Type="String">Sin grupo</Data></Cell><Cell><Data ss:Type="String">23-11-2021</Data></Cell><Cell><Data ss:Type="String">1:42</Data></Cell><Cell><Data ss:Type="String">Activo</Data></Cell></Row><Row><Cell><Data ss:Type="String">19.411.296-3</Data></Cell><Cell><Data ss:Type="String">Andrea Magdalena</Data></Cell><Cell><Data ss:Type="String">Vera Hidalgo</Data></Cell><Cell><Data ss:Type="String">veraandrea596@gmail.com</Data></Cell><Cell><Data ss:Type="String">Sin grupo</Data></Cell><Cell><Data ss:Type="String">12-12-2021</Data></Cell><Cell><Data ss:Type="String">17:26</Data></Cell><Cell><Data ss:Type="String">Activo</Data></Cell></Row><Row><Cell><Data ss:Type="String">7.857.940-4</Data></Cell><Cell><Data ss:Type="String">Olga Guillermina</Data></Cell><Cell><Data ss:Type="String">Bustos Carrillo</Data></Cell><Cell><Data ss:Type="String">olga.bustos@colegiostarosa.cl</Data></Cell><Cell><Data ss:Type="String">Sin grupo</Data></Cell><Cell><Data ss:Type="String">7-12-2021</Data></Cell><Cell><Data ss:Type="String">15:3</Data></Cell><Cell><Data ss:Type="String">Activo</Data></Cell></Row></Table></Worksheet></Workbook>