<?xml version="1.0"?><?mso-application progid="Excel.Sheet"?><Workbook xmlns="urn:schemas-microsoft-com:office:spreadsheet" xmlns:ss="urn:schemas-microsoft-com:office:spreadsheet"><DocumentProperties xmlns="urn:schemas-microsoft-com:office:office"><Author>Axel Richter</Author><Created>1639579189476</Created></DocumentProperties><Styles><Style ss:ID="Currency"><NumberFormat ss:Format="Currency"></NumberFormat></Style><Style ss:ID="Date"><NumberFormat ss:Format="Medium Date"></NumberFormat></Style></Styles><Worksheet ss:Name="General"><Table><Row><Cell><Data ss:Type="String">Reporte: </Data></Cell><Cell><Data ss:Type="String">Acceso a curso</Data></Cell></Row><Row><Cell><Data ss:Type="String">Categoría: </Data></Cell><Cell><Data ss:Type="String">Aulas Curso B (#1319)</Data></Cell></Row><Row><Cell><Data ss:Type="String">Curso: </Data></Cell><Cell><Data ss:Type="String">Plan de formación; Curso B: Organización, catalogación y circulación de recursos de la biblioteca escolar - Aula 9 (#10842)</Data></Cell></Row><Row><Cell><Data ss:Type="String">Fecha de generación: </Data></Cell><Cell><Data ss:Type="String">15/12/2021</Data></Cell></Row><Row></Row><Row><Cell><Data ss:Type="String">Fecha</Data></Cell><Cell><Data ss:Type="String">Cantidad</Data></Cell><Cell><Data ss:Type="String"></Data></Cell><Cell><Data ss:Type="String">Usuarios</Data></Cell><Cell><Data ss:Type="String">Cantidad</Data></Cell></Row><Row><Cell><Data ss:Type="String">26-10-2021</Data></Cell><Cell><Data ss:Type="String">1</Data></Cell><Cell><Data ss:Type="String"></Data></Cell><Cell><Data ss:Type="String">Con acceso </Data></Cell><Cell><Data ss:Type="String">18</Data></Cell></Row><Row><Cell><Data ss:Type="String">27-10-2021</Data></Cell><Cell><Data ss:Type="String">1</Data></Cell><Cell><Data ss:Type="String"></Data></Cell><Cell><Data ss:Type="String">Sin acceso </Data></Cell><Cell><Data ss:Type="String">3</Data></Cell></Row><Row><Cell><Data ss:Type="String">28-10-2021</Data></Cell><Cell><Data ss:Type="String">1</Data></Cell><Cell><Data ss:Type="String"></Data></Cell><Cell><Data ss:Type="String">Total </Data></Cell><Cell><Data ss:Type="String">21</Data></Cell></Row><Row><Cell><Data ss:Type="String">29-10-2021</Data></Cell><Cell><Data ss:Type="String">1</Data></Cell><Cell><Data ss:Type="String"></Data></Cell><Cell><Data ss:Type="String"></Data></Cell><Cell><Data ss:Type="String"></Data></Cell></Row><Row><Cell><Data ss:Type="String">30-10-2021</Data></Cell><Cell><Data ss:Type="String">1</Data></Cell><Cell><Data ss:Type="String"></Data></Cell><Cell><Data ss:Type="String"></Data></Cell><Cell><Data ss:Type="String"></Data></Cell></Row><Row><Cell><Data ss:Type="String">01-11-2021</Data></Cell><Cell><Data ss:Type="String">1</Data></Cell><Cell><Data ss:Type="String"></Data></Cell><Cell><Data ss:Type="String"></Data></Cell><Cell><Data ss:Type="String"></Data></Cell></Row><Row><Cell><Data ss:Type="String">02-11-2021</Data></Cell><Cell><Data ss:Type="String">3</Data></Cell><Cell><Data ss:Type="String"></Data></Cell><Cell><Data ss:Type="String"></Data></Cell><Cell><Data ss:Type="String"></Data></Cell></Row><Row><Cell><Data ss:Type="String">03-11-2021</Data></Cell><Cell><Data ss:Type="String">7</Data></Cell><Cell><Data ss:Type="String"></Data></Cell><Cell><Data ss:Type="String"></Data></Cell><Cell><Data ss:Type="String"></Data></Cell></Row><Row><Cell><Data ss:Type="String">04-11-2021</Data></Cell><Cell><Data ss:Type="String">4</Data></Cell><Cell><Data ss:Type="String"></Data></Cell><Cell><Data ss:Type="String"></Data></Cell><Cell><Data ss:Type="String"></Data></Cell></Row><Row><Cell><Data ss:Type="String">05-11-2021</Data></Cell><Cell><Data ss:Type="String">3</Data></Cell><Cell><Data ss:Type="String"></Data></Cell><Cell><Data ss:Type="String"></Data></Cell><Cell><Data ss:Type="String"></Data></Cell></Row><Row><Cell><Data ss:Type="String">06-11-2021</Data></Cell><Cell><Data ss:Type="String">3</Data></Cell><Cell><Data ss:Type="String"></Data></Cell><Cell><Data ss:Type="String"></Data></Cell><Cell><Data ss:Type="String"></Data></Cell></Row><Row><Cell><Data ss:Type="String">08-11-2021</Data></Cell><Cell><Data ss:Type="String">8</Data></Cell><Cell><Data ss:Type="String"></Data></Cell><Cell><Data ss:Type="String"></Data></Cell><Cell><Data ss:Type="String"></Data></Cell></Row><Row><Cell><Data ss:Type="String">09-11-2021</Data></Cell><Cell><Data ss:Type="String">6</Data></Cell><Cell><Data ss:Type="String"></Data></Cell><Cell><Data ss:Type="String"></Data></Cell><Cell><Data ss:Type="String"></Data></Cell></Row><Row><Cell><Data ss:Type="String">10-11-2021</Data></Cell><Cell><Data ss:Type="String">5</Data></Cell><Cell><Data ss:Type="String"></Data></Cell><Cell><Data ss:Type="String"></Data></Cell><Cell><Data ss:Type="String"></Data></Cell></Row><Row><Cell><Data ss:Type="String">11-11-2021</Data></Cell><Cell><Data ss:Type="String">5</Data></Cell><Cell><Data ss:Type="String"></Data></Cell><Cell><Data ss:Type="String"></Data></Cell><Cell><Data ss:Type="String"></Data></Cell></Row><Row><Cell><Data ss:Type="String">12-11-2021</Data></Cell><Cell><Data ss:Type="String">3</Data></Cell><Cell><Data ss:Type="String"></Data></Cell><Cell><Data ss:Type="String"></Data></Cell><Cell><Data ss:Type="String"></Data></Cell></Row><Row><Cell><Data ss:Type="String">13-11-2021</Data></Cell><Cell><Data ss:Type="String">1</Data></Cell><Cell><Data ss:Type="String"></Data></Cell><Cell><Data ss:Type="String"></Data></Cell><Cell><Data ss:Type="String"></Data></Cell></Row><Row><Cell><Data ss:Type="String">14-11-2021</Data></Cell><Cell><Data ss:Type="String">1</Data></Cell><Cell><Data ss:Type="String"></Data></Cell><Cell><Data ss:Type="String"></Data></Cell><Cell><Data ss:Type="String"></Data></Cell></Row><Row><Cell><Data ss:Type="String">15-11-2021</Data></Cell><Cell><Data ss:Type="String">5</Data></Cell><Cell><Data ss:Type="String"></Data></Cell><Cell><Data ss:Type="String"></Data></Cell><Cell><Data ss:Type="String"></Data></Cell></Row><Row><Cell><Data ss:Type="String">16-11-2021</Data></Cell><Cell><Data ss:Type="String">4</Data></Cell><Cell><Data ss:Type="String"></Data></Cell><Cell><Data ss:Type="String"></Data></Cell><Cell><Data ss:Type="String"></Data></Cell></Row><Row><Cell><Data ss:Type="String">17-11-2021</Data></Cell><Cell><Data ss:Type="String">5</Data></Cell><Cell><Data ss:Type="String"></Data></Cell><Cell><Data ss:Type="String"></Data></Cell><Cell><Data ss:Type="String"></Data></Cell></Row><Row><Cell><Data ss:Type="String">18-11-2021</Data></Cell><Cell><Data ss:Type="String">2</Data></Cell><Cell><Data ss:Type="String"></Data></Cell><Cell><Data ss:Type="String"></Data></Cell><Cell><Data ss:Type="String"></Data></Cell></Row><Row><Cell><Data ss:Type="String">19-11-2021</Data></Cell><Cell><Data ss:Type="String">2</Data></Cell><Cell><Data ss:Type="String"></Data></Cell><Cell><Data ss:Type="String"></Data></Cell><Cell><Data ss:Type="String"></Data></Cell></Row><Row><Cell><Data ss:Type="String">20-11-2021</Data></Cell><Cell><Data ss:Type="String">1</Data></Cell><Cell><Data ss:Type="String"></Data></Cell><Cell><Data ss:Type="String"></Data></Cell><Cell><Data ss:Type="String"></Data></Cell></Row><Row><Cell><Data ss:Type="String">21-11-2021</Data></Cell><Cell><Data ss:Type="String">1</Data></Cell><Cell><Data ss:Type="String"></Data></Cell><Cell><Data ss:Type="String"></Data></Cell><Cell><Data ss:Type="String"></Data></Cell></Row><Row><Cell><Data ss:Type="String">22-11-2021</Data></Cell><Cell><Data ss:Type="String">2</Data></Cell><Cell><Data ss:Type="String"></Data></Cell><Cell><Data ss:Type="String"></Data></Cell><Cell><Data ss:Type="String"></Data></Cell></Row><Row><Cell><Data ss:Type="String">23-11-2021</Data></Cell><Cell><Data ss:Type="String">2</Data></Cell><Cell><Data ss:Type="String"></Data></Cell><Cell><Data ss:Type="String"></Data></Cell><Cell><Data ss:Type="String"></Data></Cell></Row><Row><Cell><Data ss:Type="String">24-11-2021</Data></Cell><Cell><Data ss:Type="String">2</Data></Cell><Cell><Data ss:Type="String"></Data></Cell><Cell><Data ss:Type="String"></Data></Cell><Cell><Data ss:Type="String"></Data></Cell></Row><Row><Cell><Data ss:Type="String">25-11-2021</Data></Cell><Cell><Data ss:Type="String">2</Data></Cell><Cell><Data ss:Type="String"></Data></Cell><Cell><Data ss:Type="String"></Data></Cell><Cell><Data ss:Type="String"></Data></Cell></Row><Row><Cell><Data ss:Type="String">26-11-2021</Data></Cell><Cell><Data ss:Type="String">2</Data></Cell><Cell><Data ss:Type="String"></Data></Cell><Cell><Data ss:Type="String"></Data></Cell><Cell><Data ss:Type="String"></Data></Cell></Row><Row><Cell><Data ss:Type="String">27-11-2021</Data></Cell><Cell><Data ss:Type="String">1</Data></Cell><Cell><Data ss:Type="String"></Data></Cell><Cell><Data ss:Type="String"></Data></Cell><Cell><Data ss:Type="String"></Data></Cell></Row><Row><Cell><Data ss:Type="String">28-11-2021</Data></Cell><Cell><Data ss:Type="String">2</Data></Cell><Cell><Data ss:Type="String"></Data></Cell><Cell><Data ss:Type="String"></Data></Cell><Cell><Data ss:Type="String"></Data></Cell></Row><Row><Cell><Data ss:Type="String">29-11-2021</Data></Cell><Cell><Data ss:Type="String">4</Data></Cell><Cell><Data ss:Type="String"></Data></Cell><Cell><Data ss:Type="String"></Data></Cell><Cell><Data ss:Type="String"></Data></Cell></Row><Row><Cell><Data ss:Type="String">30-11-2021</Data></Cell><Cell><Data ss:Type="String">3</Data></Cell><Cell><Data ss:Type="String"></Data></Cell><Cell><Data ss:Type="String"></Data></Cell><Cell><Data ss:Type="String"></Data></Cell></Row><Row><Cell><Data ss:Type="String">01-12-2021</Data></Cell><Cell><Data ss:Type="String">4</Data></Cell><Cell><Data ss:Type="String"></Data></Cell><Cell><Data ss:Type="String"></Data></Cell><Cell><Data ss:Type="String"></Data></Cell></Row><Row><Cell><Data ss:Type="String">02-12-2021</Data></Cell><Cell><Data ss:Type="String">6</Data></Cell><Cell><Data ss:Type="String"></Data></Cell><Cell><Data ss:Type="String"></Data></Cell><Cell><Data ss:Type="String"></Data></Cell></Row><Row><Cell><Data ss:Type="String">03-12-2021</Data></Cell><Cell><Data ss:Type="String">1</Data></Cell><Cell><Data ss:Type="String"></Data></Cell><Cell><Data ss:Type="String"></Data></Cell><Cell><Data ss:Type="String"></Data></Cell></Row><Row><Cell><Data ss:Type="String">04-12-2021</Data></Cell><Cell><Data ss:Type="String">2</Data></Cell><Cell><Data ss:Type="String"></Data></Cell><Cell><Data ss:Type="String"></Data></Cell><Cell><Data ss:Type="String"></Data></Cell></Row><Row><Cell><Data ss:Type="String">05-12-2021</Data></Cell><Cell><Data ss:Type="String">2</Data></Cell><Cell><Data ss:Type="String"></Data></Cell><Cell><Data ss:Type="String"></Data></Cell><Cell><Data ss:Type="String"></Data></Cell></Row><Row><Cell><Data ss:Type="String">06-12-2021</Data></Cell><Cell><Data ss:Type="String">4</Data></Cell><Cell><Data ss:Type="String"></Data></Cell><Cell><Data ss:Type="String"></Data></Cell><Cell><Data ss:Type="String"></Data></Cell></Row><Row><Cell><Data ss:Type="String">07-12-2021</Data></Cell><Cell><Data ss:Type="String">3</Data></Cell><Cell><Data ss:Type="String"></Data></Cell><Cell><Data ss:Type="String"></Data></Cell><Cell><Data ss:Type="String"></Data></Cell></Row><Row><Cell><Data ss:Type="String">08-12-2021</Data></Cell><Cell><Data ss:Type="String">3</Data></Cell><Cell><Data ss:Type="String"></Data></Cell><Cell><Data ss:Type="String"></Data></Cell><Cell><Data ss:Type="String"></Data></Cell></Row><Row><Cell><Data ss:Type="String">09-12-2021</Data></Cell><Cell><Data ss:Type="String">6</Data></Cell><Cell><Data ss:Type="String"></Data></Cell><Cell><Data ss:Type="String"></Data></Cell><Cell><Data ss:Type="String"></Data></Cell></Row><Row><Cell><Data ss:Type="String">10-12-2021</Data></Cell><Cell><Data ss:Type="String">6</Data></Cell><Cell><Data ss:Type="String"></Data></Cell><Cell><Data ss:Type="String"></Data></Cell><Cell><Data ss:Type="String"></Data></Cell></Row><Row><Cell><Data ss:Type="String">12-12-2021</Data></Cell><Cell><Data ss:Type="String">2</Data></Cell><Cell><Data ss:Type="String"></Data></Cell><Cell><Data ss:Type="String"></Data></Cell><Cell><Data ss:Type="String"></Data></Cell></Row><Row><Cell><Data ss:Type="String">13-12-2021</Data></Cell><Cell><Data ss:Type="String">9</Data></Cell><Cell><Data ss:Type="String"></Data></Cell><Cell><Data ss:Type="String"></Data></Cell><Cell><Data ss:Type="String"></Data></Cell></Row><Row><Cell><Data ss:Type="String">14-12-2021</Data></Cell><Cell><Data ss:Type="String">7</Data></Cell><Cell><Data ss:Type="String"></Data></Cell><Cell><Data ss:Type="String"></Data></Cell><Cell><Data ss:Type="String"></Data></Cell></Row><Row><Cell><Data ss:Type="String">15-12-2021</Data></Cell><Cell><Data ss:Type="String">6</Data></Cell><Cell><Data ss:Type="String"></Data></Cell><Cell><Data ss:Type="String"></Data></Cell><Cell><Data ss:Type="String"></Data></Cell></Row><Row><Cell><Data ss:Type="String">Total</Data></Cell><Cell><Data ss:Type="String">156</Data></Cell><Cell><Data ss:Type="String"></Data></Cell><Cell><Data ss:Type="String"></Data></Cell><Cell><Data ss:Type="String"></Data></Cell></Row></Table></Worksheet><Worksheet ss:Name="Detalle"><Table><Row><Cell><Data ss:Type="String">Rut</Data></Cell><Cell><Data ss:Type="String">Nombre</Data></Cell><Cell><Data ss:Type="String">Apellido</Data></Cell><Cell><Data ss:Type="String">Correo</Data></Cell><Cell><Data ss:Type="String">Grupo</Data></Cell><Cell><Data ss:Type="String">Fecha útimo acceso</Data></Cell><Cell><Data ss:Type="String">Hora útimo acceso</Data></Cell><Cell><Data ss:Type="String">Estado</Data></Cell></Row><Row><Cell><Data ss:Type="String">8.773.171-5</Data></Cell><Cell><Data ss:Type="String">JEANNETTE DEL PILAR</Data></Cell><Cell><Data ss:Type="String">URETA CARIZ</Data></Cell><Cell><Data ss:Type="String">JEANNETTE_U.C@HOTMAIL.COM</Data></Cell><Cell><Data ss:Type="String">Sin grupo</Data></Cell><Cell><Data ss:Type="String">15-12-2021</Data></Cell><Cell><Data ss:Type="String">8:39</Data></Cell><Cell><Data ss:Type="String">Activo</Data></Cell></Row><Row><Cell><Data ss:Type="String">15.660.630-8</Data></Cell><Cell><Data ss:Type="String">Maria Florentina</Data></Cell><Cell><Data ss:Type="String">Baeza Moreno</Data></Cell><Cell><Data ss:Type="String">Srta_mariflo2@hotmail.com</Data></Cell><Cell><Data ss:Type="String">Sin grupo</Data></Cell><Cell><Data ss:Type="String">9-12-2021</Data></Cell><Cell><Data ss:Type="String">16:22</Data></Cell><Cell><Data ss:Type="String">Activo</Data></Cell></Row><Row><Cell><Data ss:Type="String">9.004.462-1</Data></Cell><Cell><Data ss:Type="String">Ana Del Rosario</Data></Cell><Cell><Data ss:Type="String">González Vera</Data></Cell><Cell><Data ss:Type="String">marepesot@gmail.com</Data></Cell><Cell><Data ss:Type="String">Sin grupo</Data></Cell><Cell><Data ss:Type="String">Sin acceso</Data></Cell><Cell><Data ss:Type="String">Sin acceso</Data></Cell><Cell><Data ss:Type="String">Activo</Data></Cell></Row><Row><Cell><Data ss:Type="String">13.622.341-0</Data></Cell><Cell><Data ss:Type="String">MAGDALENA</Data></Cell><Cell><Data ss:Type="String">BRIONES CRUCES</Data></Cell><Cell><Data ss:Type="String">MAGDALENABRIONESCRUCES9@GMAIL.COM</Data></Cell><Cell><Data ss:Type="String">Sin grupo</Data></Cell><Cell><Data ss:Type="String">1-12-2021</Data></Cell><Cell><Data ss:Type="String">16:13</Data></Cell><Cell><Data ss:Type="String">Activo</Data></Cell></Row><Row><Cell><Data ss:Type="String">15.786.665-6</Data></Cell><Cell><Data ss:Type="String">Cristian</Data></Cell><Cell><Data ss:Type="String">Otarola Saavedra</Data></Cell><Cell><Data ss:Type="String">CRISTIAN.OTAROLA2010@GMAIL.COM</Data></Cell><Cell><Data ss:Type="String">Sin grupo</Data></Cell><Cell><Data ss:Type="String">15-12-2021</Data></Cell><Cell><Data ss:Type="String">10:22</Data></Cell><Cell><Data ss:Type="String">Activo</Data></Cell></Row><Row><Cell><Data ss:Type="String">13.024.301-0</Data></Cell><Cell><Data ss:Type="String">ELENA</Data></Cell><Cell><Data ss:Type="String">MARÍN ORDENES</Data></Cell><Cell><Data ss:Type="String">BELEN2100@YAHOO.ES</Data></Cell><Cell><Data ss:Type="String">Sin grupo</Data></Cell><Cell><Data ss:Type="String">15-12-2021</Data></Cell><Cell><Data ss:Type="String">0:28</Data></Cell><Cell><Data ss:Type="String">Activo</Data></Cell></Row><Row><Cell><Data ss:Type="String">10.995.858-1</Data></Cell><Cell><Data ss:Type="String">MARGARITA</Data></Cell><Cell><Data ss:Type="String">GALLARDO VERA</Data></Cell><Cell><Data ss:Type="String">GALLARDOMARGARITA10@GMAIL.COM</Data></Cell><Cell><Data ss:Type="String">Sin grupo</Data></Cell><Cell><Data ss:Type="String">10-12-2021</Data></Cell><Cell><Data ss:Type="String">10:41</Data></Cell><Cell><Data ss:Type="String">Activo</Data></Cell></Row><Row><Cell><Data ss:Type="String">17.131.403-8</Data></Cell><Cell><Data ss:Type="String">NATALY</Data></Cell><Cell><Data ss:Type="String">MARQUEZ RIVERA</Data></Cell><Cell><Data ss:Type="String">NATALYMARQUEZ88@GMAIL.COM</Data></Cell><Cell><Data ss:Type="String">Sin grupo</Data></Cell><Cell><Data ss:Type="String">14-12-2021</Data></Cell><Cell><Data ss:Type="String">21:2</Data></Cell><Cell><Data ss:Type="String">Activo</Data></Cell></Row><Row><Cell><Data ss:Type="String">13.487.945-9</Data></Cell><Cell><Data ss:Type="String">XIMENA DEL CARMEN</Data></Cell><Cell><Data ss:Type="String">GAJARDO MUÑOZ</Data></Cell><Cell><Data ss:Type="String">XIMENAGAJARDO@HOTMAIL.COM</Data></Cell><Cell><Data ss:Type="String">Sin grupo</Data></Cell><Cell><Data ss:Type="String">15-12-2021</Data></Cell><Cell><Data ss:Type="String">8:50</Data></Cell><Cell><Data ss:Type="String">Activo</Data></Cell></Row><Row><Cell><Data ss:Type="String">11.237.645-3</Data></Cell><Cell><Data ss:Type="String">Sandra</Data></Cell><Cell><Data ss:Type="String">Yevenes Navarrete</Data></Cell><Cell><Data ss:Type="String">SANDRA.YEVENES.28@GMAIL.COM</Data></Cell><Cell><Data ss:Type="String">Sin grupo</Data></Cell><Cell><Data ss:Type="String">15-12-2021</Data></Cell><Cell><Data ss:Type="String">11:29</Data></Cell><Cell><Data ss:Type="String">Activo</Data></Cell></Row><Row><Cell><Data ss:Type="String">17.184.484-3</Data></Cell><Cell><Data ss:Type="String">MARTA</Data></Cell><Cell><Data ss:Type="String">GARCIA URRUTIA</Data></Cell><Cell><Data ss:Type="String">MARTAGARCIAU@GMAIL.COM</Data></Cell><Cell><Data ss:Type="String">Sin grupo</Data></Cell><Cell><Data ss:Type="String">15-12-2021</Data></Cell><Cell><Data ss:Type="String">8:36</Data></Cell><Cell><Data ss:Type="String">Activo</Data></Cell></Row><Row><Cell><Data ss:Type="String">16.907.874-2</Data></Cell><Cell><Data ss:Type="String">CAROLINA</Data></Cell><Cell><Data ss:Type="String">VARGAS SANCHEZ</Data></Cell><Cell><Data ss:Type="String">CAVARGAS7@GMAIL.COM</Data></Cell><Cell><Data ss:Type="String">Sin grupo</Data></Cell><Cell><Data ss:Type="String">14-12-2021</Data></Cell><Cell><Data ss:Type="String">13:22</Data></Cell><Cell><Data ss:Type="String">Activo</Data></Cell></Row><Row><Cell><Data ss:Type="String">16.044.968-3</Data></Cell><Cell><Data ss:Type="String">Andrea</Data></Cell><Cell><Data ss:Type="String">Jabre Orozco</Data></Cell><Cell><Data ss:Type="String">andreaaliciajabreorozco45@gmail.com</Data></Cell><Cell><Data ss:Type="String">Sin grupo</Data></Cell><Cell><Data ss:Type="String">3-11-2021</Data></Cell><Cell><Data ss:Type="String">16:15</Data></Cell><Cell><Data ss:Type="String">Activo</Data></Cell></Row><Row><Cell><Data ss:Type="String">9.348.305-7</Data></Cell><Cell><Data ss:Type="String">Beatriz Matilde</Data></Cell><Cell><Data ss:Type="String">González De La Hoz</Data></Cell><Cell><Data ss:Type="String">bea.gonzalezdh@gmail.com</Data></Cell><Cell><Data ss:Type="String">Sin grupo</Data></Cell><Cell><Data ss:Type="String">Sin acceso</Data></Cell><Cell><Data ss:Type="String">Sin acceso</Data></Cell><Cell><Data ss:Type="String">Activo</Data></Cell></Row><Row><Cell><Data ss:Type="String">10.114.994-3</Data></Cell><Cell><Data ss:Type="String">Marcela Eliana</Data></Cell><Cell><Data ss:Type="String">Venegas Vargas</Data></Cell><Cell><Data ss:Type="String">marcela.venegas@isc-rancagua.cl</Data></Cell><Cell><Data ss:Type="String">Sin grupo</Data></Cell><Cell><Data ss:Type="String">14-12-2021</Data></Cell><Cell><Data ss:Type="String">17:3</Data></Cell><Cell><Data ss:Type="String">Activo</Data></Cell></Row><Row><Cell><Data ss:Type="String">15.907.236-3</Data></Cell><Cell><Data ss:Type="String">Carolina Andrea</Data></Cell><Cell><Data ss:Type="String">Ulloa Arancibia</Data></Cell><Cell><Data ss:Type="String">CULLOA.CULTURA@GMAIL.COM</Data></Cell><Cell><Data ss:Type="String">Sin grupo</Data></Cell><Cell><Data ss:Type="String">9-11-2021</Data></Cell><Cell><Data ss:Type="String">9:40</Data></Cell><Cell><Data ss:Type="String">Activo</Data></Cell></Row><Row><Cell><Data ss:Type="String">13.903.586-0</Data></Cell><Cell><Data ss:Type="String">Gloria Marisol</Data></Cell><Cell><Data ss:Type="String">Vent Maita</Data></Cell><Cell><Data ss:Type="String">marisol.vent@industrialchillan.cl</Data></Cell><Cell><Data ss:Type="String">Sin grupo</Data></Cell><Cell><Data ss:Type="String">2-12-2021</Data></Cell><Cell><Data ss:Type="String">9:20</Data></Cell><Cell><Data ss:Type="String">Activo</Data></Cell></Row><Row><Cell><Data ss:Type="String">6.069.950-k</Data></Cell><Cell><Data ss:Type="String">Ivonne Adriana</Data></Cell><Cell><Data ss:Type="String">Nicolai Orellana</Data></Cell><Cell><Data ss:Type="String">ivonnenicolai@gmail.com</Data></Cell><Cell><Data ss:Type="String">Sin grupo</Data></Cell><Cell><Data ss:Type="String">13-12-2021</Data></Cell><Cell><Data ss:Type="String">12:28</Data></Cell><Cell><Data ss:Type="String">Activo</Data></Cell></Row><Row><Cell><Data ss:Type="String">17.452.275-8</Data></Cell><Cell><Data ss:Type="String">Pablo Antonio</Data></Cell><Cell><Data ss:Type="String">Alcayaga Zuñiga</Data></Cell><Cell><Data ss:Type="String">pablo.alcayaga@kidsworldschool.cl</Data></Cell><Cell><Data ss:Type="String">Sin grupo</Data></Cell><Cell><Data ss:Type="String">10-11-2021</Data></Cell><Cell><Data ss:Type="String">9:27</Data></Cell><Cell><Data ss:Type="String">Activo</Data></Cell></Row><Row><Cell><Data ss:Type="String">15.672.126-3</Data></Cell><Cell><Data ss:Type="String">Silvia Carmen</Data></Cell><Cell><Data ss:Type="String">Bugueño Andrades</Data></Cell><Cell><Data ss:Type="String">ALICAINA@GMAIL.COM</Data></Cell><Cell><Data ss:Type="String">Sin grupo</Data></Cell><Cell><Data ss:Type="String">Sin acceso</Data></Cell><Cell><Data ss:Type="String">Sin acceso</Data></Cell><Cell><Data ss:Type="String">Activo</Data></Cell></Row><Row><Cell><Data ss:Type="String">14.906.033-2</Data></Cell><Cell><Data ss:Type="String">Daniela Andrea</Data></Cell><Cell><Data ss:Type="String">Carrazana Cisternas</Data></Cell><Cell><Data ss:Type="String">danielaandreacarrazanacisterna@gmail.com</Data></Cell><Cell><Data ss:Type="String">Sin grupo</Data></Cell><Cell><Data ss:Type="String">13-12-2021</Data></Cell><Cell><Data ss:Type="String">15:15</Data></Cell><Cell><Data ss:Type="String">Activo</Data></Cell></Row></Table></Worksheet></Workbook>