﻿"Respuesta número","En general, ¿cuál es su nivel de satisfacción con el curso que acaba de terminar?","¿Recomendaría este curso a otro encargado de biblioteca?                       ","¿Volvería a realizar un curso de estas mismas características?          ","¿Eran coherentes las actividades de aprendizaje propuestas para el curso?","Según la percepción de su proceso de aprendizaje y las características de este curso, ¿cuánto considera que aprendió?","¿Cuántas horas cronológicas semanales dedicó a este curso?","¿Qué tan familiares son para usted los contenidos tratados en el curso?","Claridad de los contenidos del curso (temas, definiciones, términos conceptuales, etc.).","Contextualización de los contenidos a su realidad laboral.","La progresión de la secuencia de aprendizaje para ir tratando los contenidos del curso.","Claridad del diseño gráfico de las pantallas de la plataforma.","Facilidad de navegación en la plataforma.","El funcionamiento de la mesa de ayuda para estudiantes (mediante contacto por correo electrónico).","Claridad de las actividades de aprendizaje propuestas.","Consistencia de las actividades de aprendizaje propuestas con los aprendizajes del curso.","Coherencia de las actividades de aprendizaje propuestas.","Cantidad de información aportada por el curso.","Profundidad en el tratamiento de los aprendizajes esperados.","Claridad de las instrucciones de las actividades.","Claridad de las instrucciones y preguntas en las evaluaciones.","Calidad de las orientaciones para retroalimentar las actividades y evaluaciones.","El apoyo del tutor para responder preguntas en el foro.","¿Cómo evaluaría el nivel de transferencia de los aprendizajes a su contexto laboral?","¿Qué es lo que más valora del curso que acaba de terminar?              ","¿Qué es lo que menos le gustó del curso que acaba de terminar?          ","¿Qué sugerencias haría para mejorar el curso en el futuro?"
1,Satisfecho,Sí,Sí,Sí,"Más de lo esperado","6-8 horas","Los conozco y me son familiares, pero no los manejo en profundidad.","3 (Bueno)","3 (Bueno)","3 (Bueno)","4 (Muy bueno)","3 (Bueno)","3 (Bueno)","4 (Muy bueno)","4 (Muy bueno)","4 (Muy bueno)","4 (Muy bueno)","4 (Muy bueno)","4 (Muy bueno)","4 (Muy bueno)","3 (Bueno)","3 (Bueno)",Alto,"Me proporciono mas ideas para llevar a cabo y complementar otras","Que no me dejaba contestar los cuestionarios del modulo 1","Que siempre sean hechos en un lenguaje claro y simple, para poder comprender mejor y no complicar el aprendizaje"
2,"Muy Satisfecho",Sí,Sí,Sí,"Más de lo esperado","6-8 horas","No los conocía; no había escuchado de estos.","4 (Muy bueno)","4 (Muy bueno)","4 (Muy bueno)","4 (Muy bueno)","4 (Muy bueno)","2 (Malo)","4 (Muy bueno)","4 (Muy bueno)","4 (Muy bueno)","3 (Bueno)","4 (Muy bueno)","4 (Muy bueno)","4 (Muy bueno)","2 (Malo)","2 (Malo)",Alto,"trabajo muy acorde a la unidad","La plataforma muy mala, problemas con las pruebas y el soporte no funciona","Cambiar o modificar soporte"
3,Insatisfecho,No,No,Sí,"Menos de lo esperado","6-8 horas","Los conozco y me son familiares, pero no los manejo en profundidad.","2 (Malo)","2 (Malo)","2 (Malo)","2 (Malo)","2 (Malo)","2 (Malo)","2 (Malo)","3 (Bueno)","3 (Bueno)","3 (Bueno)","3 (Bueno)","2 (Malo)","2 (Malo)","2 (Malo)","2 (Malo)",Alto,"Videos, material de lectura","Funcionamiento mesa de ayuda
forma de interacción","Mejorar estructura de participación en evaluaciones e interacciones"
4,Insatisfecho,Sí,No,Sí,"Más de lo esperado","2-3 horas","He escuchado de los contenidos, pero no los conocía.","3 (Bueno)","2 (Malo)","3 (Bueno)","3 (Bueno)","2 (Malo)","1 (Muy malo)","3 (Bueno)","3 (Bueno)","3 (Bueno)","3 (Bueno)","3 (Bueno)","2 (Malo)","3 (Bueno)","3 (Bueno)","1 (Muy malo)",Alto,"Contenidos y actividades para implementar en el CRA","Las nulas respuestas de la tutora.","Cambio de tutora y extender plazos, no siempre hay dedicación exclusiva la trabajo del Cra."
5,"Muy Satisfecho",Sí,Sí,Sí,"Más de lo esperado","2-3 horas","He escuchado de los contenidos, pero no los conocía.","4 (Muy bueno)","3 (Bueno)","3 (Bueno)","3 (Bueno)","3 (Bueno)","4 (Muy bueno)","3 (Bueno)","3 (Bueno)","3 (Bueno)","3 (Bueno)","3 (Bueno)","4 (Muy bueno)","4 (Muy bueno)","3 (Bueno)","3 (Bueno)",Alto,"valoro cada conocimiento adquirido, dado que va en ayuda de mi crecimiento personal para poder desenvolverme de una mejor manera en mi trabajo","me era poco familiar navegar en la plataforma.","un mejor manejo secuencial"
6,Satisfecho,Sí,Sí,Sí,"Lo esperado","6-8 horas","He escuchado de los contenidos, pero no los conocía.","3 (Bueno)","3 (Bueno)","3 (Bueno)","4 (Muy bueno)","2 (Malo)","3 (Bueno)","3 (Bueno)","3 (Bueno)","3 (Bueno)","3 (Bueno)","3 (Bueno)","3 (Bueno)","3 (Bueno)","3 (Bueno)","3 (Bueno)","Muy alto","Curso con bastante información relevante al contenido expresado, es claro y con actividades motivadoras.","Lo que no me gustó del curso es que tenía mucha lectura que de por sí acarrea tener más tiempo de lo estimado en las actividades, las actividades de aplicación y las evaluaciones por lo general se terminaban antes del tiempo estimado automáticamente sin dar chance a completarlas.","mejorar la calidad en la plataforma en cuanto a las evaluaciones tanto para aplicación y sumativas"
7,"Muy Satisfecho",Sí,Sí,Sí,"Mucho más de lo esperado","6-8 horas","He escuchado de los contenidos, pero no los conocía.","3 (Bueno)","3 (Bueno)","3 (Bueno)","3 (Bueno)","3 (Bueno)","3 (Bueno)","3 (Bueno)","3 (Bueno)","3 (Bueno)","3 (Bueno)","3 (Bueno)","3 (Bueno)","3 (Bueno)","3 (Bueno)","3 (Bueno)",Alto,"la claridad la secuencia de los contenidos los pdf, videos","fue corto el tiempo par responder","1)mas tiempo 20 minutos para mi fue poco"
8,Satisfecho,Sí,Sí,Sí,"Más de lo esperado","2-3 horas","Los conozco y me son familiares, pero no los manejo en profundidad.","3 (Bueno)","3 (Bueno)","3 (Bueno)","3 (Bueno)","3 (Bueno)","3 (Bueno)","3 (Bueno)","3 (Bueno)","3 (Bueno)","3 (Bueno)","3 (Bueno)","3 (Bueno)","3 (Bueno)","3 (Bueno)","3 (Bueno)",Bajo,"La claridad de los conceptos, si bien se manejan ciertas actividades no se tiene mucho dominio de los conceptos mas teóricos de las funciones que realiza un encargado.","los ingresos a los foros, la verdad tuve problemas para ingresar, los enlaces y las instrucciones no eran claras.","en general el curso esta bien desarrollado, vuelvo a repetir, solo el ingreso a los foros"
9,Satisfecho,Sí,Sí,Sí,"Más de lo esperado","Más de 8 horas","Los conozco y me son familiares, pero no los manejo en profundidad.","3 (Bueno)","2 (Malo)","3 (Bueno)","3 (Bueno)","2 (Malo)","3 (Bueno)","3 (Bueno)","3 (Bueno)","3 (Bueno)","4 (Muy bueno)","3 (Bueno)","3 (Bueno)","3 (Bueno)","2 (Malo)","3 (Bueno)",Alto,"Estoy muy agradecida de haber participado de este curso, sé que tengo muchas falencias, y me di cuenta que me puedo superar todavía, nunca es tarde. Feliz de haber aprendido a usar la plataforma, me costó demasiado, pero finalmente lo logré.","Como se comportó la plataforma, al momento de rendir evaluaciones. En cuanto al curso rescato todo, aprendí muchísimo.","Me gustaría que hubiese alguna tutora siempre en los foros, para que vaya corrigiendo lo que está mal, yo di mi opinión, pero nunca supe si estaba retroalimentado bien o no."
10,Satisfecho,Sí,Sí,Sí,"Lo esperado","2-3 horas","Los conozco y me son familiares, pero no los manejo en profundidad.","3 (Bueno)","3 (Bueno)","3 (Bueno)","3 (Bueno)","3 (Bueno)","2 (Malo)","3 (Bueno)","3 (Bueno)","3 (Bueno)","3 (Bueno)","3 (Bueno)","3 (Bueno)","3 (Bueno)","3 (Bueno)","3 (Bueno)",Alto,"Se valoran los aprendizajes y la información entregada . El intercambio de ideas e información por parte de los demás integrantes del curso","Lo menos que influye es el tiempo de dedicación, ya que a uno le exigen metas en el trabajo, y debe cumplirlas antes  de hacer el curso.","Se sugiere que entreguen más tiempo a los curso, ya que enviaron todos los curso en una misma fecha"
11,Insatisfecho,No,No,Sí,"Menos de lo esperado","Más de 8 horas","He escuchado de los contenidos, pero no los conocía.","2 (Malo)","2 (Malo)","2 (Malo)","3 (Bueno)","3 (Bueno)","1 (Muy malo)","2 (Malo)","2 (Malo)","2 (Malo)","1 (Muy malo)","2 (Malo)","2 (Malo)","2 (Malo)","1 (Muy malo)","2 (Malo)",Bajo,"que es gratis","La plataforma tuvo problemas para poder realizar las evaluaciones y las respuestas de todos eran llenas de excusas y sin soluciones, tardé mas de dos semanas en poder avanzar en el primer modulo por sus problemas.","mas información, más clara, hubo un modulo que estuvo lleno de actividades y al final entregaron la información relevante y relacionada al contexto tratado en las actividades. No es suficiente la información, complemente mucho mejor investigando por mi parte."
12,Satisfecho,Sí,Sí,Sí,"Más de lo esperado","6-8 horas","Los conozco y me son familiares, pero no los manejo en profundidad.","3 (Bueno)","3 (Bueno)","3 (Bueno)","4 (Muy bueno)","3 (Bueno)","3 (Bueno)",,"3 (Bueno)","3 (Bueno)","3 (Bueno)","3 (Bueno)","3 (Bueno)","3 (Bueno)","3 (Bueno)","3 (Bueno)",Alto,"los conocimientos entregados para así tener un mejor desarrollo y gestión en la biblioteca.","el tener que desempeñarse por uno mismo","que sea con un mejor acompañamiento de los tutores ya sea de manera online en clases o videos explicativos."
13,"Muy Satisfecho",Sí,Sí,Sí,"Más de lo esperado","Más de 8 horas","He escuchado de los contenidos, pero no los conocía.","3 (Bueno)","3 (Bueno)","3 (Bueno)","2 (Malo)","3 (Bueno)","2 (Malo)","4 (Muy bueno)","4 (Muy bueno)","4 (Muy bueno)","4 (Muy bueno)","4 (Muy bueno)","4 (Muy bueno)","4 (Muy bueno)","4 (Muy bueno)","3 (Bueno)",Alto,"La claridad que entrega en cuanto a las funciones.","La Plataforma, en especial la participación en los foros, lo encontré poco claro, me costo entender los procedimientos.","Una plataforma mas amigable."
14,"Muy Satisfecho",Sí,Sí,Sí,"Mucho más de lo esperado","6-8 horas","Los conozco y me son familiares, pero no los manejo en profundidad.","4 (Muy bueno)","3 (Bueno)","3 (Bueno)","4 (Muy bueno)","3 (Bueno)","2 (Malo)","3 (Bueno)","3 (Bueno)","3 (Bueno)","4 (Muy bueno)","3 (Bueno)","3 (Bueno)","4 (Muy bueno)","4 (Muy bueno)","2 (Malo)",Alto,"el haber aprendido y mejorar práctica",intenso,"claridad en fechas
cronograma de fechas amigable en plataforma"
15,"Muy Satisfecho",Sí,Sí,Sí,"Más de lo esperado","2-3 horas","Los conozco y me son familiares, pero no los manejo en profundidad.","4 (Muy bueno)","3 (Bueno)","3 (Bueno)","4 (Muy bueno)","3 (Bueno)","4 (Muy bueno)","4 (Muy bueno)","4 (Muy bueno)","4 (Muy bueno)","4 (Muy bueno)","3 (Bueno)","2 (Malo)","3 (Bueno)","3 (Bueno)","4 (Muy bueno)",Alto,"Toda la información suministrada para el mejoramiento de nuestra labor","Tuve mucha confusión a la hora de realizar las evaluaciones, ya que no especificaban que ´punto especifico se debía tratar.","Mejorar el  orden  de las evaluaciones."
16,"Muy Satisfecho",Sí,Sí,Sí,"Mucho más de lo esperado","Más de 8 horas","Los conozco y me son familiares, pero no los manejo en profundidad.","4 (Muy bueno)","4 (Muy bueno)","4 (Muy bueno)","4 (Muy bueno)","4 (Muy bueno)","4 (Muy bueno)","4 (Muy bueno)","4 (Muy bueno)","4 (Muy bueno)","4 (Muy bueno)","4 (Muy bueno)","4 (Muy bueno)","4 (Muy bueno)","4 (Muy bueno)","4 (Muy bueno)","Muy alto","Aprender nuevas competencias para mi labor en el CRA.","El tiempo empleado es muy amplio, aun que en las evaluaciones estuvo muy adecuado al contexto de desarrollo de las misma.","Trabajos más facilitadores."
17,Satisfecho,Sí,Sí,No,"Lo esperado","2-3 horas","Los conozco y me son familiares, pero no los manejo en profundidad.","3 (Bueno)","3 (Bueno)","3 (Bueno)","2 (Malo)","2 (Malo)","2 (Malo)","2 (Malo)","2 (Malo)","2 (Malo)","3 (Bueno)","3 (Bueno)","2 (Malo)","2 (Malo)","3 (Bueno)","3 (Bueno)",Alto,"Los temas tratados. Son de mucha ayuda en mi labor diaria.","Los cuestionarios y actividades.","Mejorar la redacción de los cuestionarios en las preguntas y respuestas para tener una mayor comprensión y así responder adecuadamente."
18,Satisfecho,Sí,Sí,Sí,"Lo esperado","2-3 horas","He escuchado de los contenidos, pero no los conocía.","3 (Bueno)","3 (Bueno)","3 (Bueno)","4 (Muy bueno)","3 (Bueno)","3 (Bueno)","3 (Bueno)","3 (Bueno)","4 (Muy bueno)","3 (Bueno)","3 (Bueno)","3 (Bueno)","3 (Bueno)","3 (Bueno)","4 (Muy bueno)",Alto,"Aprendizaje obtenidos","Me perdía en las actividades, no sabia cual realice y cual no.","Mayor información del progreso del curso"
19,Satisfecho,Sí,Sí,Sí,"Más de lo esperado","Más de 8 horas","No los conocía; no había escuchado de estos.","3 (Bueno)","3 (Bueno)","3 (Bueno)","3 (Bueno)","3 (Bueno)","2 (Malo)","3 (Bueno)","3 (Bueno)","3 (Bueno)","3 (Bueno)","3 (Bueno)","3 (Bueno)","3 (Bueno)","3 (Bueno)","2 (Malo)",Alto,"He comprendido con claridad mi labor en la Biblioteca CRA, ES primera vez que estoy a cargo de ella y para mi todo es nuevo.",Nada,"Actividades calendarizadas."
20,Insatisfecho,Sí,No,Sí,"Lo esperado","2-3 horas","Los conozco y me son familiares, pero no los manejo en profundidad.","2 (Malo)","2 (Malo)","2 (Malo)","3 (Bueno)","2 (Malo)","2 (Malo)",,"2 (Malo)","3 (Bueno)","3 (Bueno)","3 (Bueno)","2 (Malo)","2 (Malo)","2 (Malo)","3 (Bueno)",Bajo,"Valoro la instancia de perfeccionamiento para los encargados de biblioteca que no habían tenido esta oportunidad.","Lo complicado que resulta el uso de la plataforma y lo extenso de los contenidos de cada módulo.","Como sugerencia, acotar más la información y contenidos presentados en los módulos, debido a que el tiempo disponible para estudiarlos es escaso."
21,Satisfecho,Sí,Sí,Sí,"Más de lo esperado","2-3 horas","He escuchado de los contenidos, pero no los conocía.","3 (Bueno)","3 (Bueno)","3 (Bueno)","3 (Bueno)","2 (Malo)","2 (Malo)","3 (Bueno)","3 (Bueno)","3 (Bueno)","4 (Muy bueno)","3 (Bueno)","3 (Bueno)","3 (Bueno)","3 (Bueno)","2 (Malo)",Bajo,"Lo que más valoro del curso es que logré mediante la información aportada conocer mas sobre las bibliotecas en todo sentido, entregándome herramientas para poder trabajar y aplicarlas en mi biblioteca, la información de actividades entregadas por los colegas del curso también fue de gran aporte para mi  trabajo en este espacio.","Lo que menos me gusto del curso es que fue  muy extenso, las actividades me resultaron muy complicadas al comienzo, me tomaban mucho tiempo  ya que quería hacerlo bien y no sabia si lo que estaba realizando era lo correcto, los canales de información de primera funcionaban luego te enviaban correo automáticos  donde no lograbas resolver las dudas que iban apareciendo.","mas claridad en la plataforma del curso ya que de primera anduve muy perdida"
22,Satisfecho,Sí,No,Sí,"Lo esperado","2-3 horas","Los conozco y me son familiares, pero no los manejo en profundidad.","3 (Bueno)","3 (Bueno)","3 (Bueno)","3 (Bueno)","3 (Bueno)","1 (Muy malo)","3 (Bueno)","3 (Bueno)","3 (Bueno)","3 (Bueno)","3 (Bueno)","3 (Bueno)","3 (Bueno)","3 (Bueno)","1 (Muy malo)",Alto,"complementar los que ya sabía.","el estres que me provocó pues estoy a punto de mi retiro y son tres cursos muy seguidos en relación a fechas",ninguna
23,Satisfecho,Sí,Sí,Sí,"Más de lo esperado","4-6 horas","Los conozco y me son familiares, pero no los manejo en profundidad.","4 (Muy bueno)","4 (Muy bueno)","4 (Muy bueno)","4 (Muy bueno)","4 (Muy bueno)","4 (Muy bueno)","4 (Muy bueno)","4 (Muy bueno)","4 (Muy bueno)","4 (Muy bueno)","4 (Muy bueno)","4 (Muy bueno)","4 (Muy bueno)","4 (Muy bueno)","4 (Muy bueno)",Alto,"ls videos",nada,"esta bien"
24,"Muy Insatisfecho",No,No,No,"Menos de lo esperado","4-6 horas","Los conozco y me son familiares, pero no los manejo en profundidad.","1 (Muy malo)","1 (Muy malo)","1 (Muy malo)","1 (Muy malo)","1 (Muy malo)","1 (Muy malo)","1 (Muy malo)","1 (Muy malo)","1 (Muy malo)","1 (Muy malo)","1 (Muy malo)","1 (Muy malo)","1 (Muy malo)","1 (Muy malo)","1 (Muy malo)","Muy bajo","El material para descargar.",Todo,"Agilizar el proceso de respuestas y trabajar con la realidad de los trabajos en CRA."
25,Insatisfecho,No,No,Sí,"Menos de lo esperado","4-6 horas","He escuchado de los contenidos, pero no los conocía.","2 (Malo)","2 (Malo)","2 (Malo)","3 (Bueno)","2 (Malo)","3 (Bueno)","2 (Malo)","2 (Malo)","2 (Malo)","3 (Bueno)","2 (Malo)","3 (Bueno)","2 (Malo)","3 (Bueno)","3 (Bueno)",Bajo,"La cantidad de información entregada","La dificultad para encontrar la información que necesitaba  para el curso en que fui clasificada.","que se enviara la información y contenidos del curso al cual se clasifique al alumno (a) , pues no queda claro si es el A o B o C o D etc"
26,Satisfecho,Sí,No,Sí,"Menos de lo esperado","Más de 8 horas","No los conocía; no había escuchado de estos.","3 (Bueno)","2 (Malo)","3 (Bueno)","1 (Muy malo)","1 (Muy malo)","2 (Malo)","2 (Malo)","3 (Bueno)","3 (Bueno)","3 (Bueno)","3 (Bueno)","2 (Malo)","2 (Malo)","2 (Malo)","3 (Bueno)",Bajo,"Información que no manejaba sobre algunos temas más técnicos","El formato","Mayor claridad de las actividades de los cursos y las actividades por caducar que aparecían en el perfil de cada encargado"
27,Satisfecho,Sí,Sí,Sí,"Más de lo esperado","4-6 horas","Los conozco y me son familiares, pero no los manejo en profundidad.","3 (Bueno)","3 (Bueno)","3 (Bueno)","3 (Bueno)","3 (Bueno)","3 (Bueno)","3 (Bueno)","3 (Bueno)","3 (Bueno)","3 (Bueno)","3 (Bueno)","3 (Bueno)","3 (Bueno)","3 (Bueno)","3 (Bueno)",Alto,"Los aprendizajes adquiridos","La complejidad al usar la plataforma en los foros, se demoraba en activar las opción la retroalimentar","Dejar activo los foros durante todo el proceso formativo, para exista retroalimentación constante"
28,Insatisfecho,No,No,Sí,"Lo esperado","2-3 horas","Los conozco y me son familiares, pero no los manejo en profundidad.","3 (Bueno)","3 (Bueno)","3 (Bueno)","1 (Muy malo)","2 (Malo)","1 (Muy malo)","3 (Bueno)","3 (Bueno)","3 (Bueno)","3 (Bueno)","2 (Malo)","1 (Muy malo)","3 (Bueno)","2 (Malo)","2 (Malo)",Bajo,"los contenidos muy buenos clarismos y las evaluaciones y trabajos eran presisos segun los temas","pero lo que menos me gusto fue el desarrollo de nuestras actividades como usuarios o estudiantes, plataforma engorrosa, instrucciones generales no exactas de lo que hay que hacer, o definitivamente uno cargaba las actividades y despues verificaba y no estaba y se perdia todo lo realizado, por mi parte nunca pude trabajar la actividad con el foro siempre me rechazaba o no me dejaba entrar o no aparecian botones, y la mesa de ayuda era como muy general  lo ideal que fuese presencial",PRESENCIALIDAD
29,Satisfecho,No,No,Sí,"Lo esperado","Más de 8 horas","Los conozco y me son familiares, pero no los manejo en profundidad.","3 (Bueno)","2 (Malo)","3 (Bueno)","3 (Bueno)","1 (Muy malo)","3 (Bueno)","2 (Malo)","2 (Malo)","2 (Malo)","3 (Bueno)","2 (Malo)","2 (Malo)","2 (Malo)","2 (Malo)","2 (Malo)",Bajo,"El estudio de material de biblioteca","La cantidad de actividades","Optaría por menos productos y no tanta actividad corta"
30,Insatisfecho,No,Sí,Sí,"Lo esperado","6-8 horas","He escuchado de los contenidos, pero no los conocía.","3 (Bueno)","2 (Malo)","3 (Bueno)","2 (Malo)","2 (Malo)","3 (Bueno)","3 (Bueno)","3 (Bueno)","3 (Bueno)","3 (Bueno)","3 (Bueno)","2 (Malo)","2 (Malo)","3 (Bueno)","3 (Bueno)",Alto,"valoro los contenidos tratados y la participación de mis colegas","la falta de claridad con el sistema, los errores en los cuestionarios e implementación de los formatos que son confusos al ingresar al sistema sobre todo en la información y calendarización de cada clase.","Mejorar el sistema, aplicar un curso por mes, por el tiempo y por la confusión entre cursos, implementar las clases por   webinar los días sábados o más tarde  para  poder asistir. 
En mi caso por falta de conexión al trabajar en una zona rural. espero tomen en cuenta mis sugerencias por favor."
31,Satisfecho,Sí,Sí,Sí,"Más de lo esperado","Más de 8 horas","Los conozco y me son familiares, pero no los manejo en profundidad.","3 (Bueno)","3 (Bueno)","3 (Bueno)","3 (Bueno)","2 (Malo)","2 (Malo)","3 (Bueno)","3 (Bueno)","3 (Bueno)","3 (Bueno)","3 (Bueno)","3 (Bueno)","2 (Malo)","3 (Bueno)","1 (Muy malo)",Alto,"Las materias entregadas sirvieron de refuerzo y reafirman mi labor diaria.","La plataforma y sus evaluaciones, ya que se cerraron todas mis evaluaciones y no me permitieron contestarlas. La mesa de ayuda apenas me contestó una vez.","Más preocupación por los usuarios al curso, ya que su plataforma, evidentemente presenta muchas errores que perjudican al usuario, por ejemplo, la evaluaciones, ya que en mi caso y reitero, se cerraron todas antes de que ni siquiera pudiera tener la oportunidad de contestar la primera pregunta."
32,"Muy Insatisfecho",Sí,Sí,Sí,"Lo esperado","2-3 horas","Los conozco y me son familiares, pero no los manejo en profundidad.","3 (Bueno)","3 (Bueno)","3 (Bueno)","3 (Bueno)","3 (Bueno)","3 (Bueno)","3 (Bueno)","3 (Bueno)","3 (Bueno)","4 (Muy bueno)","3 (Bueno)","3 (Bueno)","3 (Bueno)","3 (Bueno)","3 (Bueno)",Alto,"Valoro todo el aprendizaje ya que para mí es algo nuevo el ser encarga de biblioteca escolar","Me  pareció todo acordé a lo que debemos aprender para ser parte integral de nuestros colegios","Me parece super bien todo lo entregado en el curso ,habían cosas que me costaron pero con los tutoriales se aprenden."
33,"Muy Insatisfecho",Sí,Sí,Sí,"Más de lo esperado","4-6 horas","No los conocía; no había escuchado de estos.","3 (Bueno)","3 (Bueno)","3 (Bueno)","3 (Bueno)","2 (Malo)","3 (Bueno)","3 (Bueno)","3 (Bueno)","3 (Bueno)","3 (Bueno)","3 (Bueno)","3 (Bueno)","3 (Bueno)","3 (Bueno)","3 (Bueno)",Alto,CONTENTIDO,PLATAFORMA,"MAYOR TIEMPO"
34,Insatisfecho,Sí,Sí,Sí,"Menos de lo esperado","2-3 horas","No los conocía; no había escuchado de estos.","3 (Bueno)","3 (Bueno)","3 (Bueno)","3 (Bueno)","3 (Bueno)","3 (Bueno)","3 (Bueno)","3 (Bueno)","3 (Bueno)","4 (Muy bueno)","3 (Bueno)","3 (Bueno)","3 (Bueno)","3 (Bueno)","3 (Bueno)",Bajo,"aprendiendo dentro del mismo espacio del CRA","TUVE MUCHAS COMPLICACIONES PARA PODER CONECTARME","QUE HUBIERAN MAS ENCUENTROS ONLINE DONDE PODER PREGUNTAR DIRECTAMENTE LAS DUDAS QUE UNO TIENE"
35,"Muy Insatisfecho",Sí,Sí,Sí,"Mucho más de lo esperado","Más de 8 horas","Los conozco y me son familiares, pero no los manejo en profundidad.","4 (Muy bueno)","4 (Muy bueno)","4 (Muy bueno)","4 (Muy bueno)","4 (Muy bueno)","4 (Muy bueno)","4 (Muy bueno)","4 (Muy bueno)","4 (Muy bueno)","4 (Muy bueno)","4 (Muy bueno)","4 (Muy bueno)","4 (Muy bueno)","4 (Muy bueno)","4 (Muy bueno)","Muy alto","Muy buena información entregada para el plan de formación para Encargadas CRA.","Me habría gustado contar con más material audiovisual.","Agregar más fuente bibliográfica y audiovisual."
36,Satisfecho,Sí,Sí,No,"Lo esperado","2-3 horas","He escuchado de los contenidos, pero no los conocía.","3 (Bueno)","3 (Bueno)","3 (Bueno)","3 (Bueno)","2 (Malo)","3 (Bueno)","3 (Bueno)","3 (Bueno)","3 (Bueno)","3 (Bueno)","3 (Bueno)","3 (Bueno)","3 (Bueno)","3 (Bueno)","3 (Bueno)",Alto,"Valoro que tengan buena información , guías y videos de aprendizaje.",nada,"Ojala fueran las clases presenciales"
37,"Muy Satisfecho",Sí,Sí,Sí,"Mucho más de lo esperado","4-6 horas","He escuchado de los contenidos, pero no los conocía.","4 (Muy bueno)","4 (Muy bueno)","4 (Muy bueno)","4 (Muy bueno)","4 (Muy bueno)","3 (Bueno)","3 (Bueno)","4 (Muy bueno)","4 (Muy bueno)","4 (Muy bueno)","4 (Muy bueno)","3 (Bueno)","4 (Muy bueno)","3 (Bueno)","3 (Bueno)","Muy alto","fue un curso de mucha ayuda para aprender sobre biblioteca, desconocía muchas cosas y términos,  las cuales aprendí gracias al curso. me va a ayudar en mi trabajo para lograr fortalecer la biblioteca de mi escuela.","no tengo nada qye decir, todo lo que eprendi en el curso me gusto y me ayudara en mi trabajo.","tal vez podria ser tener mas videos explicativos."
38,Satisfecho,Sí,Sí,Sí,"Más de lo esperado","4-6 horas","Los conozco y me son familiares, pero no los manejo en profundidad.","3 (Bueno)","2 (Malo)","3 (Bueno)","1 (Muy malo)","2 (Malo)","3 (Bueno)","3 (Bueno)","3 (Bueno)","3 (Bueno)","2 (Malo)","3 (Bueno)","2 (Malo)","2 (Malo)","3 (Bueno)","3 (Bueno)",Bajo,"QUE HAY MUCHA INFORMACIÓN PARA EL AUTOAPRENDIZAJE","LA PLATAFORMA NO ERA TAN CLARA, ME COSTÓ MUCHO ENTENDERLA, POCO AMIGABLE","ME GUSTARÍA QUE FUERA ACTIVIDADES MAS CONCRETAS Y LÚDICAS"
39,Insatisfecho,Sí,No,No,"Menos de lo esperado","6-8 horas","Los conozco y me son familiares, pero no los manejo en profundidad.","3 (Bueno)","3 (Bueno)","3 (Bueno)","3 (Bueno)","2 (Malo)","3 (Bueno)","3 (Bueno)","3 (Bueno)","3 (Bueno)","3 (Bueno)","3 (Bueno)","2 (Malo)","3 (Bueno)","3 (Bueno)","2 (Malo)",Bajo,"La retroalimentación , que me sirvió para aclarar dudas","Que tuviéramos que realizar 3 cursos a la vez, en mi caso estaba realizando un diplomado , y eso significó estresarme.","Una plataforma más amigable,
Módulos con menos actividades"
40,Satisfecho,Sí,Sí,Sí,"Más de lo esperado","4-6 horas","Los conozco y me son familiares, pero no los manejo en profundidad.","3 (Bueno)","3 (Bueno)","3 (Bueno)","3 (Bueno)","3 (Bueno)","3 (Bueno)","3 (Bueno)","3 (Bueno)","3 (Bueno)","3 (Bueno)","3 (Bueno)","3 (Bueno)","3 (Bueno)","4 (Muy bueno)","4 (Muy bueno)",Alto,"El aprendizaje y la profundización de los contenidos.","El poco tiempo que dan para cada curso, es necesario estudiar en profundidad algunos contenidos y no siempre se dispone de tiempo, debido al quehacer laboral y personal.","Dar un poco más de tiempo para profundizar los contenidos."
41,Insatisfecho,Sí,No,Sí,"Lo esperado","6-8 horas","Los conozco y me son familiares, pero no los manejo en profundidad.","4 (Muy bueno)","3 (Bueno)","3 (Bueno)","3 (Bueno)","3 (Bueno)","3 (Bueno)","3 (Bueno)","3 (Bueno)","3 (Bueno)","3 (Bueno)","3 (Bueno)","3 (Bueno)","3 (Bueno)","3 (Bueno)","3 (Bueno)","Muy alto","La información",nada,"no tengo sugerencias"
42,Satisfecho,Sí,Sí,Sí,"Más de lo esperado","4-6 horas","Los conozco y me son familiares, pero no los manejo en profundidad.","3 (Bueno)","3 (Bueno)","3 (Bueno)","3 (Bueno)","3 (Bueno)","4 (Muy bueno)","4 (Muy bueno)","4 (Muy bueno)","3 (Bueno)","3 (Bueno)","3 (Bueno)","3 (Bueno)","3 (Bueno)","3 (Bueno)","4 (Muy bueno)",Alto,"colegas coordinadores muy apasionados con su labor.La experiencia de compartir con otros encargados de bibliotecas.","Todo bien.Por mejorar mas bibliografia en temas de inventarios.","complementar con videos .experiencias de encargados con años de coordinación en bibliotecas para comparar similitudes y diferencias."
43,Satisfecho,Sí,Sí,Sí,"Menos de lo esperado","4-6 horas","Los conozco y me son familiares, pero no los manejo en profundidad.","3 (Bueno)","4 (Muy bueno)","3 (Bueno)","3 (Bueno)","2 (Malo)","3 (Bueno)","3 (Bueno)","2 (Malo)","3 (Bueno)","3 (Bueno)","2 (Malo)","2 (Malo)","3 (Bueno)","3 (Bueno)","3 (Bueno)",Alto,"Su pertinencia","costaba entender donde ingresar para los pasos a seguir.","Que haya menos link y se acceda más rápido"
44,"Muy Insatisfecho",No,No,Sí,"Menos de lo esperado","2-3 horas","Los conozco y los manejo con profundidad.","2 (Malo)","2 (Malo)","2 (Malo)","1 (Muy malo)","1 (Muy malo)","1 (Muy malo)","2 (Malo)","2 (Malo)","3 (Bueno)","2 (Malo)","2 (Malo)","2 (Malo)","2 (Malo)","2 (Malo)","2 (Malo)",Bajo,"no hay nada que valorar con la plataforma tan mala, no se puede responder bien las actividades.","no me gusto la plataforma, no deja responder las actividades y no hay solución a estos problemas, no da responder o te saca cuando estas respondiendo o solo te deja responder una pregunta. muy mala la plataforma... no deberían considerarse este tipo de capacitaciones donde el recurso a utilizar es un fiasco. todo mal.","mejorar la plataforma en cuanto a sus evaluaciones. que se cumplan los tiempos de evaluación y que se pueda realizar las actividades de forma oportuna. nada se puede hacer bien con una plataforma tan mala. muy mala pésima."
45,Satisfecho,Sí,Sí,Sí,"Lo esperado","2-3 horas","Los conozco y me son familiares, pero no los manejo en profundidad.","3 (Bueno)","3 (Bueno)","3 (Bueno)","3 (Bueno)","3 (Bueno)","3 (Bueno)","3 (Bueno)","3 (Bueno)","3 (Bueno)","3 (Bueno)","3 (Bueno)","3 (Bueno)","3 (Bueno)","4 (Muy bueno)","4 (Muy bueno)",Alto,"Los contenidos me parecieron los adecuados, la claridad en que fueron expuestos.","solo a modo personal, la falta de tiempo, además de ser a fin de año donde es aún mayor la cantidad de trabajo que hay.","que comenzarán en marzo para así tener más tiempo para dedicarle a estos cursos que son de gran ayuda y aprendizaje a nuestro trabajo."
46,Satisfecho,Sí,Sí,Sí,"Más de lo esperado","4-6 horas","Los conozco y me son familiares, pero no los manejo en profundidad.","3 (Bueno)","3 (Bueno)","3 (Bueno)","3 (Bueno)","3 (Bueno)","3 (Bueno)","3 (Bueno)","3 (Bueno)","3 (Bueno)","3 (Bueno)","3 (Bueno)","3 (Bueno)","3 (Bueno)","3 (Bueno)","3 (Bueno)",Alto,"La profundidad y claridad en los contenidos a tratar en el curso, valoro la información entregada, gracias a  la información adquirida facilitara significativamente mi labor como encargada de biblioteca escolar CRA.","Me gusto mucho el curso, por tanto no tengo grandes reparos en el.","Como sugerencia considero que el exceso de actividades hace menos expedito el avance del curso."
47,Insatisfecho,No,No,Sí,"Menos de lo esperado","2-3 horas","Los conozco y me son familiares, pero no los manejo en profundidad.","3 (Bueno)","3 (Bueno)","3 (Bueno)","4 (Muy bueno)","3 (Bueno)","1 (Muy malo)","2 (Malo)","3 (Bueno)","3 (Bueno)","2 (Malo)","2 (Malo)","1 (Muy malo)","2 (Malo)","2 (Malo)","1 (Muy malo)","Muy bajo","Valoro que tenía mucho contenido, del cual es necesario, muy bien escogido los temas, pero en lo personal sentí que las realidades no eran las mismas en cada unidad educativa, por lo tanto sentí discriminación para los establecimientos que no contamos con un software de ingreso de recursos. A demás el tiempo para nosotros los trabajadores es muy acotado aunque nos brinden tiempo, también no podemos dejar de lado nuestro trabajo personal en el colegio. Finalmente como sugerencia, deberían realizar un curso a la vez y con un profesor guiando a nosotros los estudiantes. Mucho desorden sigo encontrando.","mucho en tan podo tiempo...creo que fueron demasiados contenidos, se activaron dos cursos, creo que se debía ir de uno en uno.","ir de un curso en uno, y nada de autoaprendizaje, siempre con tutor o profesor que explique"
48,Satisfecho,Sí,Sí,Sí,"Más de lo esperado","6-8 horas","No los conocía; no había escuchado de estos.","3 (Bueno)","3 (Bueno)","3 (Bueno)","3 (Bueno)","3 (Bueno)","3 (Bueno)","3 (Bueno)","3 (Bueno)","3 (Bueno)","3 (Bueno)","4 (Muy bueno)","3 (Bueno)","3 (Bueno)","4 (Muy bueno)","3 (Bueno)",Alto,"Aprender, aunque tarde , el uso de ésta plataforma","No saber contestar o compartir en el foro.Lo aprendí con mucha dificultad","Más tiempo para responder cada curso. El A y el B ,me resultaron muy difíciles  por no saber responder. El C fue mucho mejor."
49,Satisfecho,Sí,Sí,Sí,"Más de lo esperado","2-3 horas","Los conozco y me son familiares, pero no los manejo en profundidad.","3 (Bueno)","3 (Bueno)","3 (Bueno)","3 (Bueno)","3 (Bueno)","3 (Bueno)","3 (Bueno)","3 (Bueno)","3 (Bueno)","3 (Bueno)","4 (Muy bueno)","3 (Bueno)","3 (Bueno)","3 (Bueno)","3 (Bueno)",Alto,"Valoro el que los contenidos entregados en este curso me son de mucha utilidad ya que con estos puedo lograr generar mas actividades que sean complementarias al currículo .","Lo que no me gusto es la poca conexión con el tutor que me toco. Otra coso es que algunas veces cuesta encontrar algunas áreas de la plataforma.","Algo que podría sugerir seria que, la conexión con los tutores sea más fluida y que la plataforma sea mas intuitiva y dinámica."
50,"Muy Satisfecho",Sí,Sí,Sí,"Más de lo esperado","4-6 horas","Los conozco y me son familiares, pero no los manejo en profundidad.","3 (Bueno)","3 (Bueno)","3 (Bueno)","3 (Bueno)","3 (Bueno)","3 (Bueno)","3 (Bueno)","3 (Bueno)","3 (Bueno)","3 (Bueno)","3 (Bueno)","3 (Bueno)","3 (Bueno)","3 (Bueno)","3 (Bueno)",Alto,"La claridad con que se explica los contenidos tratados y la ejemplificación.","El uso de foros, porque no me dejo participar, subí el material, pero no lo reconocía.","Que el desarrollo del curso se de un período mayor de tiempo, ya que no es lo único que se debe hacer y en mi caso lo realice los fines de semana."
51,Satisfecho,Sí,No,Sí,"Lo esperado","2-3 horas","He escuchado de los contenidos, pero no los conocía.","4 (Muy bueno)","3 (Bueno)","3 (Bueno)","4 (Muy bueno)","3 (Bueno)","3 (Bueno)","3 (Bueno)","3 (Bueno)","3 (Bueno)","3 (Bueno)","3 (Bueno)","4 (Muy bueno)","4 (Muy bueno)","3 (Bueno)","3 (Bueno)",Alto,.,.,.
52,Insatisfecho,No,No,No,"Menos de lo esperado","6-8 horas","Los conozco y me son familiares, pero no los manejo en profundidad.","3 (Bueno)","3 (Bueno)","3 (Bueno)","2 (Malo)","2 (Malo)","2 (Malo)","2 (Malo)","2 (Malo)","3 (Bueno)","3 (Bueno)","2 (Malo)","2 (Malo)","3 (Bueno)","3 (Bueno)","2 (Malo)",Alto,"sin comentarios","que la pagina presento demasiados problemas y no hay respuestas a las dudas d tutores","que hubiera mas apoyo y la mejorar la plataforma"
53,Satisfecho,Sí,Sí,Sí,"Más de lo esperado","4-6 horas","He escuchado de los contenidos, pero no los conocía.","4 (Muy bueno)","4 (Muy bueno)","4 (Muy bueno)","4 (Muy bueno)","4 (Muy bueno)","4 (Muy bueno)",,"3 (Bueno)","3 (Bueno)","3 (Bueno)","3 (Bueno)","4 (Muy bueno)","4 (Muy bueno)","4 (Muy bueno)","3 (Bueno)",Alto,"Valoro la información entregada.","Me falto tiempo para realzarlo. No le dedique el tiempo necesario.","Considero que todos los cursos deberían informarte de los tiempos para realizarlos, ya que por el trabajo diario uno se olvida del curso."
54,"Muy Satisfecho",Sí,Sí,Sí,"Más de lo esperado","4-6 horas","Los conozco y me son familiares, pero no los manejo en profundidad.","3 (Bueno)","3 (Bueno)","3 (Bueno)","3 (Bueno)","3 (Bueno)","3 (Bueno)","3 (Bueno)","3 (Bueno)","3 (Bueno)","3 (Bueno)","3 (Bueno)","3 (Bueno)","3 (Bueno)","3 (Bueno)","3 (Bueno)",Alto,"la claridad de los temas","los tiempos para realizar actividades y evaluaciones","mejorar los tiempos"
55,Satisfecho,Sí,Sí,No,"Más de lo esperado","Más de 8 horas","He escuchado de los contenidos, pero no los conocía.","3 (Bueno)","3 (Bueno)","3 (Bueno)","3 (Bueno)","3 (Bueno)","3 (Bueno)","3 (Bueno)","3 (Bueno)","3 (Bueno)","3 (Bueno)","3 (Bueno)","2 (Malo)","2 (Malo)","3 (Bueno)","3 (Bueno)",Bajo,"Conocer en profundidad la labor multidisciplinar que realiza en el encargo de la biblioteca","La reiteración innecesaria de elementos revisados dentro del curso.","Realizar mayor cantidad de actividades dinámicas parecidas a unir rompecabezas"
56,Satisfecho,Sí,Sí,Sí,"Lo esperado","6-8 horas","He escuchado de los contenidos, pero no los conocía.","3 (Bueno)","3 (Bueno)","3 (Bueno)","4 (Muy bueno)","3 (Bueno)","3 (Bueno)","4 (Muy bueno)","2 (Malo)","3 (Bueno)","3 (Bueno)","3 (Bueno)","3 (Bueno)","3 (Bueno)","4 (Muy bueno)","4 (Muy bueno)","Muy alto","Los puzzles visuales, aprendí harto con ellos.","No me gustaron las preguntas abiertas, demasiado en que poder ahondar.","Los puzzles estaban geniales, como los videos, más de ellos harían mas digerible el curso,"
57,Satisfecho,Sí,Sí,Sí,"Más de lo esperado","4-6 horas","Los conozco y me son familiares, pero no los manejo en profundidad.","3 (Bueno)","3 (Bueno)","3 (Bueno)","3 (Bueno)","3 (Bueno)","3 (Bueno)","3 (Bueno)","3 (Bueno)","3 (Bueno)","3 (Bueno)","3 (Bueno)","3 (Bueno)","3 (Bueno)","3 (Bueno)","3 (Bueno)",Alto,"Contenidos y estrategias muy claras para ejercer las actividades.","En mi caso hubieron 2 cuestionarios que no pude terminar, porque el sistema me saco de este, diciendo que había terminado el tiempo de 20 minutos.  
Poco retroalimentación de los compañeros con sus pares.","Que los cursos fueran ser presenciales."
58,Satisfecho,Sí,Sí,Sí,"Más de lo esperado","4-6 horas","Los conozco y me son familiares, pero no los manejo en profundidad.","4 (Muy bueno)","3 (Bueno)","3 (Bueno)","3 (Bueno)","2 (Malo)","3 (Bueno)","3 (Bueno)","3 (Bueno)","3 (Bueno)","3 (Bueno)","3 (Bueno)","3 (Bueno)","2 (Malo)","3 (Bueno)","3 (Bueno)",Alto,"LOS CONSEJOS CON RESPECTO A LAS ACTIVIDADES QUE SE PODRIAN REALIZAR EN LA BIBLIOTECA PARA AUMENTAR LA CANTIDAD DE USUARIOS Y ADEMAS DE LA OPORTUNIDAD DE CONOCER MAS OPINIONES ,UTILIZANDO EL FORO","LA CALIDAD DEL MANEJO DEL SISTEMA, (CON RESPECTO A LAS EVALUACIONES SUMATIVAS :TE DAN SOLO 20 MINUTOS LO QUE ES MUY POCO ) Y ADEMAS APENAS RESPONDES LA PRIMERA PREGUNTA , PASAS A LA SIGUIENTE Y TE LA FINALIZA , LO CUAL ENCUENTRO FRUSTRANTE E INJUSTO, YA QUE EN MI CASO CUENTO CON MUY POCO TIEMPO PARA REALIZAR EL CURSO DEBIDO A MI TRABAJO.

ESPERO MEJOREN ESE ASPECTO.","TENER MAS CUIDADO EN EL MEJO DEL SISTEMA RESPECTO A LAS EVALUACIONES Y LOS TIEMPOS ASIGNADOS."
59,"Muy Satisfecho",Sí,Sí,Sí,"Más de lo esperado","2-3 horas","Los conozco y me son familiares, pero no los manejo en profundidad.","4 (Muy bueno)","3 (Bueno)","4 (Muy bueno)","4 (Muy bueno)","3 (Bueno)","3 (Bueno)","4 (Muy bueno)","3 (Bueno)","4 (Muy bueno)","4 (Muy bueno)","4 (Muy bueno)","4 (Muy bueno)","3 (Bueno)","4 (Muy bueno)","2 (Malo)",Alto,"que todos los contenidos estaban claros y con una secuencia.","no pude nunca conectarme con el tutor a cargo para aclarar dudas y seguí avanzando porque debo hacer otros cursos.  debería existir un tutor que retroalimente a los participantes.","deben considerar que habemos personas que no nos manejamos muy bien con la tecnología por eso la ayuda de un tutor era indispensable.  entiendo que habemos muchos, pero la verdad nunca pude aclarar mis dudas cuando las necesite."
60,Satisfecho,Sí,Sí,Sí,"Lo esperado","4-6 horas","He escuchado de los contenidos, pero no los conocía.","3 (Bueno)","3 (Bueno)","3 (Bueno)","3 (Bueno)","3 (Bueno)","2 (Malo)","3 (Bueno)","3 (Bueno)","3 (Bueno)","3 (Bueno)","3 (Bueno)","3 (Bueno)","3 (Bueno)","3 (Bueno)","3 (Bueno)",Alto,"Poder seguir  aprendiendo.","Las evaluaciones sumativas en algunos casos no me permitieron realizarlas, y no tuve respuesta de soporte.","Que tengamos respuesta a los problemas técnicos."
61,Satisfecho,No,No,Sí,"Menos de lo esperado","2-3 horas","Los conozco y me son familiares, pero no los manejo en profundidad.","4 (Muy bueno)","3 (Bueno)","1 (Muy malo)","1 (Muy malo)","1 (Muy malo)","2 (Malo)","3 (Bueno)","3 (Bueno)","2 (Malo)","3 (Bueno)","3 (Bueno)","1 (Muy malo)","3 (Bueno)","2 (Malo)","2 (Malo)",Alto,nada.,"Participar en foros.","No hacer una prioridad participar en foros, creo que lo mejor es tener una comunicación directa con el tutor"
62,"Muy Satisfecho",Sí,Sí,Sí,"Mucho más de lo esperado","Más de 8 horas","Los conozco y me son familiares, pero no los manejo en profundidad.","4 (Muy bueno)","4 (Muy bueno)","4 (Muy bueno)","4 (Muy bueno)","4 (Muy bueno)","4 (Muy bueno)","4 (Muy bueno)","4 (Muy bueno)","4 (Muy bueno)","4 (Muy bueno)","4 (Muy bueno)","4 (Muy bueno)","4 (Muy bueno)","4 (Muy bueno)","4 (Muy bueno)","Muy alto","Actividades de foros","el tiempo, se podría optimizar quizás","Trabajos más expeditos"
63,Satisfecho,Sí,Sí,Sí,"Más de lo esperado","2-3 horas","He escuchado de los contenidos, pero no los conocía.","3 (Bueno)","3 (Bueno)","3 (Bueno)","2 (Malo)","3 (Bueno)","2 (Malo)","3 (Bueno)","2 (Malo)","3 (Bueno)","3 (Bueno)","3 (Bueno)","2 (Malo)","3 (Bueno)","3 (Bueno)","2 (Malo)",Alto,"La calidad de nivel que se puede profesionalizar una biblioteca en un establecimiento, y lo que este curso ayuda y presenta como referente para lograrlo.","Los horarios son super poco compatibles para estar al 100 con los foros y webinar, eso impide compartir conocimientos con los demás.","nivelar desde una base, y desde ahí comenzar a trabajar.. y contextualizar un poco lo que se espera de cada biblioteca, por que el ideal esta un poco lejanos de las realidades."
64,Satisfecho,Sí,Sí,Sí,"Lo esperado","Más de 8 horas","He escuchado de los contenidos, pero no los conocía.","3 (Bueno)","3 (Bueno)","3 (Bueno)","3 (Bueno)","4 (Muy bueno)","3 (Bueno)","3 (Bueno)","3 (Bueno)","3 (Bueno)","3 (Bueno)","3 (Bueno)","3 (Bueno)","3 (Bueno)","3 (Bueno)","3 (Bueno)","Muy alto","LOS CONTENIDOS Y LOS RECUERSOS ENTREGADOS.","MUY EXTENSO EL CURSO Y CON BASTANTES MODULOS PARA TRABAJAR.","REDUCIR LA CANTIDAD DE MODULOS Y DE PREFERENCIA REALIZAR PREGUNTAS CERRADAS."
65,Satisfecho,No,No,No,"Lo esperado","6-8 horas","He escuchado de los contenidos, pero no los conocía.","3 (Bueno)","3 (Bueno)","3 (Bueno)","3 (Bueno)","3 (Bueno)","3 (Bueno)","3 (Bueno)","3 (Bueno)","3 (Bueno)","3 (Bueno)","3 (Bueno)","3 (Bueno)","3 (Bueno)","3 (Bueno)","3 (Bueno)",Alto,"Que adquirí muchas herramientas que no tenía, las que me permitirán mejorar mi labor como encargada CRA","Que las preguntas de las evaluaciones son demasiado textuales las respuestas y deberían ser más de aplicación.","Que el servicio técnico no se demorará tanto en responder las preguntas con las dificultades que van surgiendo"
66,"Muy Satisfecho",Sí,Sí,Sí,"Mucho más de lo esperado","6-8 horas","Los conozco y me son familiares, pero no los manejo en profundidad.","4 (Muy bueno)","4 (Muy bueno)","4 (Muy bueno)","4 (Muy bueno)","3 (Bueno)","4 (Muy bueno)","4 (Muy bueno)","4 (Muy bueno)","4 (Muy bueno)","4 (Muy bueno)","4 (Muy bueno)","3 (Bueno)","3 (Bueno)","4 (Muy bueno)","4 (Muy bueno)","Muy alto","La información y retroalimentación","No encuentro nada que me haya gustado todo lo encuentro excelente","Que tenga clases presenciales."
67,Satisfecho,Sí,Sí,Sí,"Lo esperado","2-3 horas","He escuchado de los contenidos, pero no los conocía.","4 (Muy bueno)","4 (Muy bueno)","3 (Bueno)","4 (Muy bueno)","3 (Bueno)","3 (Bueno)","3 (Bueno)","3 (Bueno)","3 (Bueno)","4 (Muy bueno)","3 (Bueno)","3 (Bueno)","3 (Bueno)","3 (Bueno)","3 (Bueno)",Alto,"la calidad del material entregado en la plataforma.","muy poco tiempo","que otorgue más tiempo para responder los cuestionarios y más tiempo para poder dar lectura a todo el material."
68,Satisfecho,Sí,No,Sí,"Más de lo esperado","2-3 horas","Los conozco y me son familiares, pero no los manejo en profundidad.","4 (Muy bueno)","3 (Bueno)","3 (Bueno)","1 (Muy malo)","1 (Muy malo)","3 (Bueno)","3 (Bueno)","3 (Bueno)","3 (Bueno)","4 (Muy bueno)","4 (Muy bueno)","4 (Muy bueno)","4 (Muy bueno)","4 (Muy bueno)","3 (Bueno)","Muy alto","los aprendizajes adquiridos","los problemas de plataforma para presentar las evaluaciones","mejor soporte técnico"
69,"Muy Satisfecho",Sí,Sí,Sí,"Más de lo esperado","4-6 horas","Los conozco y me son familiares, pero no los manejo en profundidad.","4 (Muy bueno)","3 (Bueno)","4 (Muy bueno)","4 (Muy bueno)","4 (Muy bueno)","4 (Muy bueno)","4 (Muy bueno)","4 (Muy bueno)","4 (Muy bueno)","4 (Muy bueno)","3 (Bueno)","4 (Muy bueno)","4 (Muy bueno)","3 (Bueno)","4 (Muy bueno)","Muy alto","Darme una segunda oportunidad porque ya lo había perdido. Agradezco mucho","Algunas actividades no me funcionó a lo mejor por estar fuera de tiempo, no se.","Ampliar la cantidad de cuestionarios de argumentación y que tengan notas."
70,Satisfecho,Sí,No,Sí,"Más de lo esperado","2-3 horas","No los conocía; no había escuchado de estos.","2 (Malo)","2 (Malo)","2 (Malo)","1 (Muy malo)","1 (Muy malo)","3 (Bueno)","2 (Malo)","3 (Bueno)","3 (Bueno)","3 (Bueno)","3 (Bueno)","3 (Bueno)","3 (Bueno)","1 (Muy malo)","2 (Malo)",Alto,"aprendí palabras nuevas y actividades que puedo realizar en mi biblioteca","el desorden en la plataforma, es difícil navegar en ella","las preguntas estén luego del texto o video, y no tener que salir de la página para entrar a otra a responder"
71,Satisfecho,Sí,Sí,Sí,"Lo esperado","6-8 horas","Los conozco y me son familiares, pero no los manejo en profundidad.","3 (Bueno)","3 (Bueno)","3 (Bueno)","3 (Bueno)","4 (Muy bueno)","3 (Bueno)",,"3 (Bueno)","3 (Bueno)","3 (Bueno)","3 (Bueno)","3 (Bueno)","3 (Bueno)","3 (Bueno)","3 (Bueno)",Alto,"bueno en general estuvo bastante bueno, estoy sola trabajando quizás necesite una ayuda de algún profesional, en realidad me ha costado un poco he aprendido bastante, lo que significa  incluir a toda la comunidad escolar a ser participe de la biblioteca que es un lugar de satisfacción y relajo .","! muchas tareas jiji, me hubiese gustado contestar todo pero realmente me costo un poco, pero es lo adecuado para un curso de esta calidad.","ninguna, esta hasta ahora todo perfecto, la tecnología se va dando sola según pasa el tiempo yo empezó mi trabajo como encargada cuando no había tecnología y ahora estamos totalmente tecnológicos ."
72,Insatisfecho,Sí,No,Sí,"Lo esperado","6-8 horas","Los conozco y me son familiares, pero no los manejo en profundidad.","2 (Malo)","2 (Malo)","2 (Malo)","1 (Muy malo)","2 (Malo)","1 (Muy malo)","2 (Malo)","2 (Malo)","3 (Bueno)","3 (Bueno)","2 (Malo)","3 (Bueno)","2 (Malo)","2 (Malo)","1 (Muy malo)","Muy bajo","Lo que mas valoro es que comprendo que mi biblioteca pudiera lograr llegar a nivel mas alto de integración con un personal adecuado.","el saber que hay algunas cosas que pueden cambiar o mejorar.","Lamentablemente, el curso para mi es demasiado avanzado en conocimientos pedagógicos. y no cuento con Coordinador."
73,Satisfecho,Sí,No,Sí,"Mucho más de lo esperado","Más de 8 horas","He escuchado de los contenidos, pero no los conocía.","3 (Bueno)","3 (Bueno)","3 (Bueno)","3 (Bueno)","3 (Bueno)","2 (Malo)","3 (Bueno)","3 (Bueno)","3 (Bueno)","3 (Bueno)","3 (Bueno)","2 (Malo)","3 (Bueno)","3 (Bueno)","2 (Malo)",Alto,"Aclarar conceptos que aprendí de manera personal ,ordenar mis conocimientos ,usar conceptos técnicos, organizar mejor  mi trabajo .","Las actividades relacionadas con los foros, me costo mucho trabajar en ellos, era una herramienta que no conocía ,nunca había trabajado en ella y no se si lo hice bien.","Quizás ,no partir de la base que todos conocemos el uso de herramientas tecnológicas, en el computador. Dar explicaciones sencillas. Yo dedique mucho tiempo a aprender a usar las estrategias tecnológicas para desarrollar las actividades."
74,Satisfecho,Sí,No,Sí,"Lo esperado","2-3 horas","Los conozco y me son familiares, pero no los manejo en profundidad.","3 (Bueno)","3 (Bueno)","3 (Bueno)","1 (Muy malo)","1 (Muy malo)","3 (Bueno)","3 (Bueno)","3 (Bueno)","3 (Bueno)","3 (Bueno)","3 (Bueno)","3 (Bueno)","2 (Malo)","1 (Muy malo)","1 (Muy malo)",Alto,"Aprendizaje de cada modulo","Las plataformas de evaluacion, todas se cerraraban al realizarlas","Mejor acompañamiento del tutor( plataforma) 
Contenidos poco claro"
75,Satisfecho,Sí,No,Sí,"Más de lo esperado","Más de 8 horas","Los conozco y me son familiares, pero no los manejo en profundidad.","3 (Bueno)","3 (Bueno)","3 (Bueno)","1 (Muy malo)","3 (Bueno)","3 (Bueno)","3 (Bueno)","3 (Bueno)","3 (Bueno)","3 (Bueno)","3 (Bueno)","3 (Bueno)","3 (Bueno)","3 (Bueno)","3 (Bueno)",Alto,"el funcionamiento total del CRA","que sea por internet,personalmente me cuesta","que se pase toda la materia y al final se realice una prueba total de la materia"
76,"Muy Satisfecho",Sí,Sí,Sí,"Mucho más de lo esperado","6-8 horas","Los conozco y me son familiares, pero no los manejo en profundidad.","4 (Muy bueno)","3 (Bueno)","4 (Muy bueno)","4 (Muy bueno)","4 (Muy bueno)","4 (Muy bueno)","4 (Muy bueno)","4 (Muy bueno)","4 (Muy bueno)","4 (Muy bueno)","4 (Muy bueno)","4 (Muy bueno)","3 (Bueno)","3 (Bueno)","3 (Bueno)",Alto,"El aporte que realiza a mi experiencia laboral y personal, dado que me ha permitido profundizar los conocimientos adquiridos por antigüedad laboral, pero no tenía la formación técnica al respecto, además de entregarme formación digital.","Los foros me resultaron complicados, ya que en casi ninguno pude participar ya que me costaba entender las instrucciones de como hacerlo.","En términos generales, el curso es excelente como herramienta de aprendizaje, sólo me dificultó el tema de los foros."
77,"Muy Satisfecho",Sí,Sí,Sí,"Mucho más de lo esperado","Más de 8 horas","No los conocía; no había escuchado de estos.","4 (Muy bueno)","4 (Muy bueno)","4 (Muy bueno)","4 (Muy bueno)","4 (Muy bueno)","4 (Muy bueno)","4 (Muy bueno)","3 (Bueno)","3 (Bueno)","4 (Muy bueno)","4 (Muy bueno)","4 (Muy bueno)","4 (Muy bueno)","4 (Muy bueno)","4 (Muy bueno)","Muy alto","La calidad y actividades","Mucho contenido","Dejar los contenidos más relevantes"
78,Satisfecho,Sí,Sí,Sí,"Más de lo esperado","Más de 8 horas","He escuchado de los contenidos, pero no los conocía.","3 (Bueno)","3 (Bueno)","3 (Bueno)","3 (Bueno)","3 (Bueno)","3 (Bueno)","3 (Bueno)","3 (Bueno)","3 (Bueno)","3 (Bueno)","3 (Bueno)","2 (Malo)","2 (Malo)","3 (Bueno)","3 (Bueno)",Alto,"Valoro lo aprendido, ya que soy nueva en el área de biblioteca, y de verdad me fue muy difícil realizar este curso, eran cosas nuevas para mi. Agradezco lo que aprendí aunque no apruebe el curso.","No me gusto personalmente lo amplio de los temas, ya que me da la impresión que era  para encargados de bibliotecas que ya manejan el área, y no para mi, que estoy recién aprendiendo e insertandome en esta área o trabajo.","Como sugerencia, si se pudiera, ir corrigiendo los errores al momento.
Porque si hago algo mal, y no tengo una corrección de inmediato, seguiré equivocándome a lo largo del curso."
79,Satisfecho,Sí,No,Sí,"Lo esperado","6-8 horas","Los conozco y me son familiares, pero no los manejo en profundidad.","3 (Bueno)","3 (Bueno)","3 (Bueno)","3 (Bueno)","3 (Bueno)","3 (Bueno)","2 (Malo)","3 (Bueno)","3 (Bueno)","3 (Bueno)","3 (Bueno)","2 (Malo)","2 (Malo)","2 (Malo)","3 (Bueno)",Alto,"Lo aprendido","la descoordinación que hay en el envió de los trabajos realizados","Menos material bibliográfico ya que por tiempo es difícil leerlo todo.
Mas tutores."
80,Satisfecho,Sí,Sí,Sí,"Más de lo esperado","6-8 horas","Los conozco y me son familiares, pero no los manejo en profundidad.","4 (Muy bueno)","4 (Muy bueno)","4 (Muy bueno)","2 (Malo)","4 (Muy bueno)","4 (Muy bueno)","4 (Muy bueno)","4 (Muy bueno)","4 (Muy bueno)","4 (Muy bueno)","4 (Muy bueno)","4 (Muy bueno)","4 (Muy bueno)","4 (Muy bueno)","3 (Bueno)","Muy alto","Lo mejor del curso fue la conexión con otros encargados del CRA a través del Foro, eso me permitió darme cuenta de otras realidades y también enriquecerme con las ideas planteadas. También valoro la cantidad y calidad de la información entregada.","Lo que menos me gustó es que no hay un módulo introductorio claro, la mayoría eran videos que no resolvían ciertas dudas y problemas. Me costó mucho entrar por primera vez al foro. Estuve casi tres horas intentándolo, hasta que con el ensayo y error, lo logré. 
Otra cosa es que en la pregunta dos del módulo 2 del curso A, se pregunta por el perfil del encargado y en los escritos que debimos leer se usan parámetros laborales y académicos, sin embargo, en la pregunta se habla del aspecto psicológico del encargado, lo cual no fue desarrollado en ninguna parte. Por ejemplo, para Carl G. Jung existen dos actitudes psicológicas (extravertido - introvertido) y cuatro funciones y, aunque cualquier encargado va a entrar a una de esas categorías, no eran parte del perfil.","Creo que lo primero que haría sería un instructivo general en un formato escrito explicando como funciona el curso y la manera de abordarlo, tal vez, sería de mucha ayuda el tener una capacitación vía zoom. El resto estaba bastante bien."
81,Satisfecho,Sí,No,Sí,"Lo esperado","6-8 horas","Los conozco y me son familiares, pero no los manejo en profundidad.","3 (Bueno)","3 (Bueno)","3 (Bueno)","3 (Bueno)","1 (Muy malo)","2 (Malo)","3 (Bueno)","3 (Bueno)","3 (Bueno)","3 (Bueno)","3 (Bueno)","3 (Bueno)","2 (Malo)","3 (Bueno)","3 (Bueno)",Alto,"los aprendizajes alcanzados","Los problemas en la plataforma 
La excesiva cantidad de actividades a realizar","Bajar la cantidad de actividades y tareas que hay que realizar ojalá a la mitad. les pongo por ejemplo el curso SAE se entregan toda la información de la unidad y al final se realiza solo una evaluación con 2 intentos."
82,Satisfecho,Sí,Sí,Sí,"Lo esperado","Más de 8 horas","No los conocía; no había escuchado de estos.","3 (Bueno)","3 (Bueno)","3 (Bueno)","3 (Bueno)","3 (Bueno)","3 (Bueno)","3 (Bueno)","3 (Bueno)","3 (Bueno)","3 (Bueno)","3 (Bueno)","3 (Bueno)","3 (Bueno)","3 (Bueno)","3 (Bueno)",Alto,"Poder entender los más  claro posible.","Menos foros","Menos materia."
83,"Muy Insatisfecho",No,No,No,"Menos de lo esperado","6-8 horas","He escuchado de los contenidos, pero no los conocía.","2 (Malo)","4 (Muy bueno)","2 (Malo)","3 (Bueno)","1 (Muy malo)","1 (Muy malo)","2 (Malo)","3 (Bueno)","3 (Bueno)","4 (Muy bueno)","3 (Bueno)","3 (Bueno)","2 (Malo)","2 (Malo)","2 (Malo)",Bajo,"EEl material entregado","lo que menos me gusto fue lo engorroso para subir las tareas, creo que no corresponde tener que comentar una tarea de algún compañero para poder subir la tarea","me gustaria que los cuestionarios no tuvieran tiempo para ser respondidos, y no tener que depender de comentar una tarea para poder ser evaluada mi tarea"
84,Satisfecho,Sí,Sí,Sí,"Más de lo esperado","2-3 horas","Los conozco y me son familiares, pero no los manejo en profundidad.","3 (Bueno)","4 (Muy bueno)","4 (Muy bueno)","4 (Muy bueno)","3 (Bueno)","3 (Bueno)","3 (Bueno)","4 (Muy bueno)","4 (Muy bueno)","2 (Malo)","4 (Muy bueno)","2 (Malo)","3 (Bueno)","2 (Malo)","3 (Bueno)","Muy alto","claridad, apoyo, y fortalecimiento de contenidos para aplicar en biblioteca 
VIDEOS: muy concretos y motivadores.","EL TIEMPO, me refiero al curso &quot;A&quot;.es mucho material, mucha información, y los contenidos son excelentes, para no considerarlos detalladamente. 
POCA ORIENTACIÓN O CLARIAD DETALLADA DEL CURSO.(en el sentidos de los tiempos)","ANTES QUE TODO ESTE CURSO ES BUENÍSIMO. 
Sólo daría las instrucciones del mismo  vía correo a cada alumno."
85,"Muy Insatisfecho",Sí,Sí,Sí,"Más de lo esperado","Más de 8 horas","Los conozco y me son familiares, pero no los manejo en profundidad.","4 (Muy bueno)","3 (Bueno)","3 (Bueno)","3 (Bueno)","4 (Muy bueno)","3 (Bueno)","4 (Muy bueno)","4 (Muy bueno)","4 (Muy bueno)","4 (Muy bueno)","4 (Muy bueno)","4 (Muy bueno)","4 (Muy bueno)","4 (Muy bueno)","4 (Muy bueno)","Muy alto","La incorporación de nuevas herramientas y estrategias que se pueden incorporar en el Centro de Lectura Biblioteca CR","Cuando comenzó el curso hubieron ocasiones en que la página se cayó y no logré terminar las actividades porque se cerraba y al final nunca pude arreglar los errores ya que el sistema no me dio la oportunidad, además eso hizo que me desmotivara","Sería hacer cursos con menos cantidad de personas ya que la tutora debe responder muchos mensajes, si bien la profesional siempre responde, pero considero que en grupos pequeños el aprendizaje es  mejor."
86,Satisfecho,Sí,Sí,Sí,"Más de lo esperado","6-8 horas","Los conozco y me son familiares, pero no los manejo en profundidad.","3 (Bueno)","3 (Bueno)","3 (Bueno)","3 (Bueno)","3 (Bueno)","3 (Bueno)","3 (Bueno)","3 (Bueno)","3 (Bueno)","3 (Bueno)","3 (Bueno)","3 (Bueno)","3 (Bueno)","3 (Bueno)","3 (Bueno)",Alto,"El contenido muy claro del curso","Todo bien","Por la limitancia en tiempos podría acotarse en menos actividades el curso."
87,Insatisfecho,No,No,Sí,"Lo esperado","4-6 horas","Los conozco y me son familiares, pero no los manejo en profundidad.","3 (Bueno)","3 (Bueno)","2 (Malo)","2 (Malo)","1 (Muy malo)","1 (Muy malo)","3 (Bueno)","3 (Bueno)","3 (Bueno)","3 (Bueno)","3 (Bueno)","2 (Malo)","2 (Malo)","3 (Bueno)","2 (Malo)",Alto,"las actividades en los foros","la Plataforma, al realizar las evaluaciones pésima, se bloquea, intentas nuevamente y se bloquea. cada vez que hice una evaluación la hice con miedo ya que no me deja responder bien.","mejorar la plataforma claramente, por que desanima la seguir avanzando el curso."
88,Satisfecho,Sí,Sí,Sí,"Más de lo esperado","2-3 horas","Los conozco y los manejo con profundidad.","3 (Bueno)","3 (Bueno)","3 (Bueno)","3 (Bueno)","3 (Bueno)","3 (Bueno)","3 (Bueno)","3 (Bueno)","3 (Bueno)","3 (Bueno)","3 (Bueno)","3 (Bueno)","3 (Bueno)","3 (Bueno)","3 (Bueno)",Alto,"Las distintas actividades para los alumnos","en realidad que todo me gustó","Tener estadísticas de los avance de los alumnos en sus lecturas"
89,Satisfecho,Sí,No,Sí,"Lo esperado","2-3 horas","Los conozco y me son familiares, pero no los manejo en profundidad.","3 (Bueno)","3 (Bueno)","3 (Bueno)","3 (Bueno)","3 (Bueno)","3 (Bueno)","3 (Bueno)","3 (Bueno)","3 (Bueno)","3 (Bueno)","3 (Bueno)","3 (Bueno)","3 (Bueno)","3 (Bueno)","3 (Bueno)",Alto,"Aprender cosas nuevas en base a la tecnología .","Qué es díficil para mi conectarme a internet y no pude realizar algunas actividades.","Que sea de acuerdo a la realidad de cada establecimiento,porque no todos tenemos las mismas condiciones."
90,Satisfecho,Sí,No,No,"Lo esperado","2-3 horas","He escuchado de los contenidos, pero no los conocía.","3 (Bueno)","2 (Malo)","3 (Bueno)","3 (Bueno)","2 (Malo)","3 (Bueno)","3 (Bueno)","3 (Bueno)","3 (Bueno)","3 (Bueno)","3 (Bueno)","3 (Bueno)","2 (Malo)","3 (Bueno)","3 (Bueno)",Bajo,"Dejar en claro las funciones del CRA","Muchas de las sugerencias resultan poco aplicables a un Liceo Técnico Profesional inserto en un ambiente deprimido socioculturalmente.","Que separasen la orientación hacia educación básica y media"
91,Satisfecho,Sí,Sí,Sí,"Lo esperado","4-6 horas","He escuchado de los contenidos, pero no los conocía.","3 (Bueno)","3 (Bueno)","3 (Bueno)","3 (Bueno)","2 (Malo)","3 (Bueno)","3 (Bueno)","3 (Bueno)","4 (Muy bueno)","3 (Bueno)","3 (Bueno)","2 (Malo)","2 (Malo)","2 (Malo)","3 (Bueno)","Muy alto","El contenido, el cual es importante para desarrollar mi rol como encargada CRA.","La dificultad para realizar las actividades, a veces se hacían confusas las instrucciones, el subir trabajos, y realizar la retroalimentación en el foro. Y aún no tengo claro si realicé el 100% de las actividades, ya que las realice todas pero no aparece reflejado en el porcentaje de avance.","Como suguerencia, habilitar una opción para responder directamente a un compañero en los foros. (sobretodo cuando se realiza una retroalimentación de una actividad)"
92,Satisfecho,Sí,No,Sí,"Más de lo esperado","4-6 horas","Los conozco y me son familiares, pero no los manejo en profundidad.","3 (Bueno)","3 (Bueno)","3 (Bueno)","2 (Malo)","3 (Bueno)","2 (Malo)","3 (Bueno)","3 (Bueno)","3 (Bueno)","3 (Bueno)","3 (Bueno)","3 (Bueno)","3 (Bueno)","2 (Malo)","2 (Malo)",Alto,"Me sirvió como reforzamiento a lo que ya sabía. Aprendí mucho sobre todo del importante rol que cumple el equipo Cra.","La plataforma.... había problemas en las evaluaciones y cuestionarios, ya que se cerraba antes de la hora señalada o sea apenas 6 minutos de comenzar. Se avisó a soporte cra, pero lo que ha había hecho antes no tuvo solución, así que eso no me gustó.","Que hubiera mas contacto con las tutoras asistentes para retroalimentar las tareas y así mejorar en nuestro trabajo."
93,Satisfecho,Sí,No,No,"Lo esperado","4-6 horas","Los conozco y me son familiares, pero no los manejo en profundidad.","2 (Malo)","2 (Malo)","1 (Muy malo)","1 (Muy malo)","1 (Muy malo)","2 (Malo)","1 (Muy malo)","1 (Muy malo)","1 (Muy malo)","3 (Bueno)","3 (Bueno)","1 (Muy malo)","1 (Muy malo)","1 (Muy malo)","2 (Malo)",Alto,"Refrescar información","el planteamiento de las preguntas, poco entendibles. Las actividades no se especifican si son obligatorias en responder o no. Problemas al responder los cuestionarios.","Las preguntas deben ser mas especificas, no se entienden. Las actividades no indican si son obligatorias o no. El diseño de la pagina es poco amigable, no tiene una coherencia o fluidez comparado a otras plataformas eLearning."
94,"Muy Satisfecho",Sí,Sí,Sí,"Mucho más de lo esperado","Más de 8 horas","Los conozco y me son familiares, pero no los manejo en profundidad.","4 (Muy bueno)","4 (Muy bueno)","3 (Bueno)","4 (Muy bueno)","4 (Muy bueno)","4 (Muy bueno)","4 (Muy bueno)","3 (Bueno)","3 (Bueno)","4 (Muy bueno)","4 (Muy bueno)","3 (Bueno)","3 (Bueno)","4 (Muy bueno)","3 (Bueno)","Muy alto","La información proporcionada fue valiosa para mi","me requirió mucho tiempo entender la plataforma","que sea mas intuitivo"
95,Satisfecho,No,No,Sí,"Lo esperado","2-3 horas","Los conozco y me son familiares, pero no los manejo en profundidad.","3 (Bueno)","3 (Bueno)","3 (Bueno)","3 (Bueno)","1 (Muy malo)","2 (Malo)","3 (Bueno)","3 (Bueno)","3 (Bueno)","3 (Bueno)","3 (Bueno)","3 (Bueno)","3 (Bueno)","2 (Malo)","2 (Malo)",Alto,"Los contenidos","La plataforma, los tutores y soporte","Cursos con mayor disponibilidad de tiempo, ya que no todos tenemos tiempo para realizar cursos tan extensos."
96,Satisfecho,Sí,Sí,Sí,"Más de lo esperado","4-6 horas","Los conozco y me son familiares, pero no los manejo en profundidad.","3 (Bueno)","3 (Bueno)","3 (Bueno)","3 (Bueno)","3 (Bueno)","3 (Bueno)","3 (Bueno)","3 (Bueno)","2 (Malo)","3 (Bueno)","3 (Bueno)","3 (Bueno)","3 (Bueno)","3 (Bueno)","3 (Bueno)",Alto,"El compromiso del Ministerio de Educación por integrar programas para los establecimientos y su personal.","Los minutos para responder los cuestionarios, muy poco tiempo.","Que fuera con sesiones en línea y profesor en vivo."
97,Satisfecho,Sí,Sí,Sí,"Más de lo esperado","4-6 horas","No los conocía; no había escuchado de estos.","3 (Bueno)","3 (Bueno)","3 (Bueno)","3 (Bueno)","3 (Bueno)","3 (Bueno)","3 (Bueno)","3 (Bueno)","3 (Bueno)","3 (Bueno)","3 (Bueno)","3 (Bueno)","3 (Bueno)","3 (Bueno)","3 (Bueno)","Muy alto","todo ya que soy nueva en este cargo","todo me gusto ya que todo es nuevo para mi","que haya un profesor guiando los talleres"
98,Satisfecho,Sí,Sí,Sí,"Más de lo esperado","2-3 horas","Los conozco y me son familiares, pero no los manejo en profundidad.","3 (Bueno)","3 (Bueno)","3 (Bueno)","3 (Bueno)","3 (Bueno)","2 (Malo)","3 (Bueno)","3 (Bueno)","3 (Bueno)","3 (Bueno)","3 (Bueno)","3 (Bueno)","3 (Bueno)","3 (Bueno)","2 (Malo)",Alto,"Lo que mas valoro son las herramientas y contenidos que nos entregron ya que son muy necesarios para poder entregar un mejor servicio a los usuarios de mi biblioteca","LO que menos me gusto fue que cuando tube problema para responder una actividad no recibi la ayuda de mi tutora","que las tutoras esten mas al pendiente de las necesidades de sus alumnos"
99,"Muy Insatisfecho",No,No,Sí,"Lo esperado","Más de 8 horas","He escuchado de los contenidos, pero no los conocía.","2 (Malo)","2 (Malo)","2 (Malo)","2 (Malo)","1 (Muy malo)","2 (Malo)","2 (Malo)","2 (Malo)","2 (Malo)","3 (Bueno)","3 (Bueno)","3 (Bueno)","2 (Malo)","3 (Bueno)","1 (Muy malo)",Bajo,"El poder reforzar conocimientos","La plataforma con errores y tiempos que cerraban los intentos de preguntas.","No agreguen tiempo a las las preguntas, No tanto desarrollo y detalle a las preguntas y vincularlas mejor con el contenido de cada modulo, puesto que algunas preguntas no tenían mucha relación con el módulo actual."
100,Satisfecho,Sí,Sí,Sí,"Más de lo esperado","2-3 horas","He escuchado de los contenidos, pero no los conocía.","4 (Muy bueno)","4 (Muy bueno)","4 (Muy bueno)","4 (Muy bueno)","4 (Muy bueno)","4 (Muy bueno)","4 (Muy bueno)","4 (Muy bueno)","4 (Muy bueno)","4 (Muy bueno)","4 (Muy bueno)","4 (Muy bueno)","4 (Muy bueno)","4 (Muy bueno)","4 (Muy bueno)","Muy alto","Los contenidos","Nada, muy satisfecha","la plataforma"
101,Satisfecho,Sí,No,Sí,"Lo esperado","4-6 horas","He escuchado de los contenidos, pero no los conocía.","3 (Bueno)","2 (Malo)","2 (Malo)","3 (Bueno)","2 (Malo)","3 (Bueno)","2 (Malo)","3 (Bueno)","3 (Bueno)","3 (Bueno)","3 (Bueno)","2 (Malo)","3 (Bueno)","2 (Malo)","3 (Bueno)",Bajo,"La información que se puede descargar para hacer uso de ella en otro momento","La poca claridad en las instrucciones de las actividades y la poca claridad en los plazos para realizarlas","Que se desarrollo en otro período del año, porque en el segundo semestre hay muchas más cosas y menos tiempo para realizarlas"
