﻿"Respuesta número","En general, ¿cuál es su nivel de satisfacción con el curso que acaba de terminar?","¿Recomendaría este curso a otro encargado de biblioteca?                       ","¿Volvería a realizar un curso de estas mismas características?          ","¿Eran coherentes las actividades de aprendizaje propuestas para el curso?","Según la percepción de su proceso de aprendizaje y las características de este curso, ¿cuánto considera que aprendió?","¿Cuántas horas cronológicas semanales dedicó a este curso?","¿Qué tan familiares son para usted los contenidos tratados en el curso?","Claridad de los contenidos del curso (temas, definiciones, términos conceptuales, etc.).","Contextualización de los contenidos a su realidad laboral.","La progresión de la secuencia de aprendizaje para ir tratando los contenidos del curso.","Claridad del diseño gráfico de las pantallas de la plataforma.","Facilidad de navegación en la plataforma.","El funcionamiento de la mesa de ayuda para estudiantes (mediante contacto por correo electrónico).","Claridad de las actividades de aprendizaje propuestas.","Consistencia de las actividades de aprendizaje propuestas con los aprendizajes del curso.","Coherencia de las actividades de aprendizaje propuestas.","Cantidad de información aportada por el curso.","Profundidad en el tratamiento de los aprendizajes esperados.","Claridad de las instrucciones de las actividades.","Claridad de las instrucciones y preguntas en las evaluaciones.","Calidad de las orientaciones para retroalimentar las actividades y evaluaciones.","El apoyo del tutor para responder preguntas en el foro.","¿Cómo evaluaría el nivel de transferencia de los aprendizajes a su contexto laboral?","¿Qué es lo que más valora del curso que acaba de terminar?              ","¿Qué es lo que menos le gustó del curso que acaba de terminar?          ","¿Qué sugerencias haría para mejorar el curso en el futuro?"
1,"Muy Satisfecho",Sí,Sí,Sí,"Más de lo esperado","Más de 8 horas","Los conozco y me son familiares, pero no los manejo en profundidad.","3 (Bueno)","3 (Bueno)","3 (Bueno)","3 (Bueno)","4 (Muy bueno)","4 (Muy bueno)","3 (Bueno)","3 (Bueno)","3 (Bueno)","4 (Muy bueno)","4 (Muy bueno)","4 (Muy bueno)","3 (Bueno)","3 (Bueno)","3 (Bueno)",Alto,"La claridad de los contenidos.","Las respuestas aleatorias sobre todo NINGUNA DE LAS ANTERIORES, aparecían en cualquier orden.","hasta el momento Bien, felicitaciones!!"
2,"Muy Satisfecho",Sí,Sí,Sí,"Mucho más de lo esperado","6-8 horas","Los conozco y me son familiares, pero no los manejo en profundidad.","4 (Muy bueno)","4 (Muy bueno)","4 (Muy bueno)","4 (Muy bueno)","3 (Bueno)","4 (Muy bueno)","4 (Muy bueno)","4 (Muy bueno)","4 (Muy bueno)","4 (Muy bueno)","4 (Muy bueno)","4 (Muy bueno)","4 (Muy bueno)","4 (Muy bueno)","4 (Muy bueno)","Muy alto","Que me enseñó a entender bien el rol de la Biblioteca en la comunidad educativa, además de ayudarme a profundizar los conocimientos adquiridos por experiencia.","La fecha en que fue realizado, dado que la carga de trabajo de fin de año muchas veces me impedía dedicarle más tiempo, lo cual me habría gustado.","Implementar ejercicios prácticos y actividades lúdicas ( Ejemplo, Los Rompecabezas)"
3,"Muy Insatisfecho",Sí,Sí,Sí,"Mucho más de lo esperado","4-6 horas","Los conozco y me son familiares, pero no los manejo en profundidad.","4 (Muy bueno)","3 (Bueno)","4 (Muy bueno)","4 (Muy bueno)","4 (Muy bueno)","3 (Bueno)","4 (Muy bueno)","4 (Muy bueno)","4 (Muy bueno)","4 (Muy bueno)","4 (Muy bueno)","4 (Muy bueno)","4 (Muy bueno)","4 (Muy bueno)","4 (Muy bueno)",Alto,"la claridad y la pertinencia de los contenidos","la grafica, actividades","permitir que todos los archivos estén disponibles en diversos formatos, no solamente pdf"
4,Satisfecho,Sí,Sí,Sí,"Más de lo esperado","4-6 horas","Los conozco y me son familiares, pero no los manejo en profundidad.","3 (Bueno)","3 (Bueno)","3 (Bueno)","3 (Bueno)","3 (Bueno)","3 (Bueno)","3 (Bueno)","3 (Bueno)","3 (Bueno)","3 (Bueno)","3 (Bueno)","3 (Bueno)","3 (Bueno)","3 (Bueno)","3 (Bueno)",Alto,"Valoro, lo aprendido","El tiempo que tenemos, para desarrollar las actividades.","Tener más tiempo para desarrollar las actividades."
5,Insatisfecho,Sí,No,Sí,"Lo esperado","2-3 horas","He escuchado de los contenidos, pero no los conocía.","3 (Bueno)","3 (Bueno)","2 (Malo)","2 (Malo)","2 (Malo)","2 (Malo)","3 (Bueno)","3 (Bueno)","3 (Bueno)","2 (Malo)","3 (Bueno)","2 (Malo)","2 (Malo)","3 (Bueno)","2 (Malo)",Alto,"Lo aprendido, pero muy enredada la plataforma, no se si lo conteste todo o algo me falto. Espero haber hecho las cosas bien.","La plataforma, demasiado complicada difícil de comprender los pasos","una plataforma más amigable y clara"
6,"Muy Satisfecho",Sí,Sí,Sí,"Más de lo esperado","6-8 horas","Los conozco y me son familiares, pero no los manejo en profundidad.","4 (Muy bueno)","3 (Bueno)","3 (Bueno)","4 (Muy bueno)","3 (Bueno)","2 (Malo)","3 (Bueno)","3 (Bueno)","3 (Bueno)","3 (Bueno)","3 (Bueno)","3 (Bueno)","3 (Bueno)","3 (Bueno)","3 (Bueno)",Alto,"ls

cuanto ,he aprendido ,en cuanto a las herramientas , redes  de apoyo la utilizacion de la tecnología que ayudan a enriquecer   nuestra labor.
 de apoyo","las actividades un poco extensas  y  la premura del tiempo para realizarla ya que hay que leer .","para aquellos que no  somos muy diestro en la tecnología nos cuesta un poco mas el llenado de formatos  
y  llevarlos a otro lugar ,seria posible creación de un curso didáctico para manejar estos sistemas."
7,Satisfecho,Sí,Sí,Sí,"Más de lo esperado","4-6 horas","Los conozco y me son familiares, pero no los manejo en profundidad.","3 (Bueno)","3 (Bueno)","3 (Bueno)","3 (Bueno)","3 (Bueno)","2 (Malo)","3 (Bueno)","3 (Bueno)","3 (Bueno)","3 (Bueno)","3 (Bueno)","3 (Bueno)","3 (Bueno)","3 (Bueno)","3 (Bueno)",Alto,"los temas que se ha visto en el curso.","La plataforma ya que tuve dificultades, muchas veces no me carga las actividades avanzadas","Que todo sea presencial"
8,Satisfecho,No,No,Sí,"Lo esperado","4-6 horas","He escuchado de los contenidos, pero no los conocía.","2 (Malo)","2 (Malo)","2 (Malo)","2 (Malo)","2 (Malo)","3 (Bueno)","2 (Malo)","2 (Malo)","2 (Malo)","2 (Malo)","2 (Malo)","2 (Malo)","2 (Malo)","2 (Malo)","2 (Malo)",Bajo,"A PESAR DE LO DIFICIL QUE FUE PARA MI, DEBO RECONOCER QUE ALGO HE APRENDIDO, PARA PONERLO EN PRÁCTICA.","LA PARTE TECNOLOGIA, YA QUE NO ME MANEJO Y LAS TAREAS QUE ERAN INTERMINABLES.","ANTES DE EMPEZAR UN CURSO, DEBERIAN DARNOS UN CURSO TECNOLOGICO."
9,Satisfecho,Sí,Sí,Sí,"Mucho más de lo esperado","4-6 horas","Los conozco y me son familiares, pero no los manejo en profundidad.","4 (Muy bueno)","3 (Bueno)","3 (Bueno)","3 (Bueno)","3 (Bueno)","3 (Bueno)","3 (Bueno)","4 (Muy bueno)","4 (Muy bueno)","4 (Muy bueno)","4 (Muy bueno)","4 (Muy bueno)","4 (Muy bueno)","3 (Bueno)","4 (Muy bueno)",Alto,"entrega claridad de los aspectos más importantes  de un plan de trabajo, planificación e informe de gestión  entregando herramientas que se complementan con los video.","estaba todos perfecto","continuar con la misma dinámica"
10,Satisfecho,Sí,No,Sí,"Lo esperado","2-3 horas","Los conozco y me son familiares, pero no los manejo en profundidad.","3 (Bueno)","3 (Bueno)","3 (Bueno)","2 (Malo)","1 (Muy malo)","3 (Bueno)","3 (Bueno)","3 (Bueno)","3 (Bueno)","3 (Bueno)","3 (Bueno)","3 (Bueno)","3 (Bueno)","3 (Bueno)","3 (Bueno)",Alto,"logre comprender los contenidos pasados","la plataforma no era fácil de entender",ninguna
11,Satisfecho,Sí,Sí,Sí,"Lo esperado","2-3 horas","Los conozco y me son familiares, pero no los manejo en profundidad.","3 (Bueno)","3 (Bueno)","3 (Bueno)","2 (Malo)","2 (Malo)","3 (Bueno)","3 (Bueno)","3 (Bueno)","3 (Bueno)","3 (Bueno)","3 (Bueno)","3 (Bueno)","2 (Malo)","3 (Bueno)","3 (Bueno)",Alto,"valoro los contenidos e indicaciones para realizar de mejor manera mi trabajo dentro de la biblioteca .","las dificultades para trabajar en la plataforma , porqué no es muy coherente y cuesta seguir la secuencia entre contenidos y trabajos .","sugiero mas claridad para trabajar en la plataforma especialmente cuando hay muchos cursos cargados ."
12,"Muy Satisfecho",Sí,Sí,Sí,"Más de lo esperado","2-3 horas","Los conozco y me son familiares, pero no los manejo en profundidad.","4 (Muy bueno)","4 (Muy bueno)","3 (Bueno)","4 (Muy bueno)","4 (Muy bueno)","3 (Bueno)","4 (Muy bueno)","3 (Bueno)","3 (Bueno)","4 (Muy bueno)","4 (Muy bueno)","4 (Muy bueno)","4 (Muy bueno)","4 (Muy bueno)","3 (Bueno)",Alto,"valoro la metodología muy clara","en lo personal no me gustan los foros",nada
13,Satisfecho,Sí,Sí,Sí,"Lo esperado","2-3 horas","He escuchado de los contenidos, pero no los conocía.","3 (Bueno)","3 (Bueno)","3 (Bueno)","3 (Bueno)","3 (Bueno)","3 (Bueno)","3 (Bueno)","3 (Bueno)","3 (Bueno)","3 (Bueno)","3 (Bueno)","3 (Bueno)","3 (Bueno)","3 (Bueno)","3 (Bueno)",Alto,"Temas muy importantes en nuestro trabajo.","Las fechas en que se realizan los cursos, coincidió con el regreso a clases presenciales de estudiantes.  Estamos como todos sabemos tiempos difíciles y complejos.","Pienso los cursos debieran comenzar en marzo y con más plazo, así podemos dedicar más y tiempo a todo el proceso del curso."
14,"Muy Satisfecho",Sí,Sí,Sí,"Mucho más de lo esperado","Más de 8 horas","He escuchado de los contenidos, pero no los conocía.","4 (Muy bueno)","4 (Muy bueno)","4 (Muy bueno)","4 (Muy bueno)","4 (Muy bueno)","4 (Muy bueno)","4 (Muy bueno)","4 (Muy bueno)","4 (Muy bueno)","4 (Muy bueno)","4 (Muy bueno)","4 (Muy bueno)","3 (Bueno)","4 (Muy bueno)","4 (Muy bueno)","Muy alto","La posibilidad de aportar a mi biblioteca, con todo lo que aprendí.
Muchas gracias.","Muchas actividades, para tan poco tiempo. Se me vino el cierre de año, que no es fácil de sortear. Pero sigo adelante, con mucho ánimo y ganas de aprender más.","Que fuera en otro periodo, no a final de año."
15,"Muy Satisfecho",Sí,Sí,Sí,"Más de lo esperado","2-3 horas","Los conozco y me son familiares, pero no los manejo en profundidad.","4 (Muy bueno)","3 (Bueno)","3 (Bueno)","4 (Muy bueno)","4 (Muy bueno)","3 (Bueno)","4 (Muy bueno)","3 (Bueno)","4 (Muy bueno)","4 (Muy bueno)","4 (Muy bueno)","4 (Muy bueno)","4 (Muy bueno)","4 (Muy bueno)","3 (Bueno)",Alto,"Lo que más valoro, es que reforcé algunos conocimientos que creí manejar, pero yo no estaba actualizada.","No hay nada que no me haya gustado.","Como sugerencia, podría ser que hagan más webinar."
16,"Muy Insatisfecho",Sí,Sí,Sí,"Más de lo esperado","2-3 horas","Los conozco y me son familiares, pero no los manejo en profundidad.","3 (Bueno)","3 (Bueno)","4 (Muy bueno)","4 (Muy bueno)","3 (Bueno)","4 (Muy bueno)","3 (Bueno)","3 (Bueno)","3 (Bueno)","4 (Muy bueno)","4 (Muy bueno)","3 (Bueno)","3 (Bueno)","3 (Bueno)","3 (Bueno)",Alto,"Que reforzó lo que ya sabia, me gusta aprender .","la repetición de contenido , en ocasiones solo cambiaba el nombre.","Este curso le falto actualizarlo a la educacion actual ,en pandemia ya casi 2 años."
17,Satisfecho,Sí,No,Sí,"Lo esperado","Más de 8 horas","He escuchado de los contenidos, pero no los conocía.","3 (Bueno)","2 (Malo)","3 (Bueno)","3 (Bueno)","1 (Muy malo)","3 (Bueno)","3 (Bueno)","3 (Bueno)","3 (Bueno)","3 (Bueno)","2 (Malo)","3 (Bueno)","2 (Malo)","3 (Bueno)","3 (Bueno)",Alto,"las clases Webinar","La plataforma","Comenzar primero con el curso 0
para tener claridad , para luego no tener complicaciones con la plataforma"
18,Satisfecho,Sí,No,Sí,"Lo esperado","4-6 horas","Los conozco y me son familiares, pero no los manejo en profundidad.","3 (Bueno)","3 (Bueno)","3 (Bueno)","1 (Muy malo)","1 (Muy malo)","3 (Bueno)","2 (Malo)","3 (Bueno)","3 (Bueno)","3 (Bueno)","3 (Bueno)","2 (Malo)","3 (Bueno)","2 (Malo)","3 (Bueno)","Muy alto","Los contenidos","El diseño de la plataforma ya que es poco amigable con el usuario. Link poco visibles, letra pequeña.
Ademàs las instrucciones de las actividades eran confusas.","Mejorar redacciòn de actividades e instrucciones de esta."
19,Satisfecho,Sí,Sí,Sí,"Lo esperado","2-3 horas","Los conozco y los manejo con profundidad.","3 (Bueno)","3 (Bueno)","3 (Bueno)","3 (Bueno)","3 (Bueno)","3 (Bueno)","3 (Bueno)","3 (Bueno)","3 (Bueno)","3 (Bueno)","3 (Bueno)","3 (Bueno)","3 (Bueno)","1 (Muy malo)","1 (Muy malo)",Alto,"LA ACTUALIZACION DE LOS CONTENIDOS","CERO RETROALIMENTACION , NULA RESPUESTA DE LOS TUTORES O PROFESORES","RESPUESTA POR PARTE DE LOS PROFESORES , PARECE QUE ENVIABAN MENSAJES GENERICOS RANDOM Y DE BIENVENIDA , PERO SOLO SE QUEDARON EN ESO ."
20,Satisfecho,Sí,Sí,Sí,"Lo esperado","6-8 horas","He escuchado de los contenidos, pero no los conocía.","3 (Bueno)","3 (Bueno)","3 (Bueno)","3 (Bueno)","3 (Bueno)","3 (Bueno)","3 (Bueno)","3 (Bueno)","3 (Bueno)","3 (Bueno)","3 (Bueno)","3 (Bueno)","3 (Bueno)","3 (Bueno)","3 (Bueno)",Alto,"Todo claro","Nada que decir","Esta todo correcto, nada que decir"
21,Satisfecho,Sí,Sí,Sí,"Lo esperado","2-3 horas","He escuchado de los contenidos, pero no los conocía.","3 (Bueno)","3 (Bueno)","3 (Bueno)","3 (Bueno)","3 (Bueno)","3 (Bueno)","3 (Bueno)","3 (Bueno)","3 (Bueno)","3 (Bueno)","3 (Bueno)","3 (Bueno)","3 (Bueno)","3 (Bueno)","3 (Bueno)",Bajo,"los conceptos que aprendí ya que s primer año que estoy de encargada cra y a sido difícil ya que además de cra tengo como 4 funciones mas","que si hubiera sido presencial hubiera aprendido el doble","que sean presenciales"
22,Satisfecho,Sí,Sí,Sí,"Más de lo esperado","4-6 horas","Los conozco y me son familiares, pero no los manejo en profundidad.","3 (Bueno)","3 (Bueno)","3 (Bueno)","3 (Bueno)","3 (Bueno)","3 (Bueno)","3 (Bueno)","3 (Bueno)","3 (Bueno)","3 (Bueno)","3 (Bueno)","3 (Bueno)","3 (Bueno)","3 (Bueno)","3 (Bueno)",Alto,"el aprendizaje adquirido","el tiempo",ninguna
23,"Muy Satisfecho",Sí,Sí,Sí,"Más de lo esperado","6-8 horas","He escuchado de los contenidos, pero no los conocía.","4 (Muy bueno)","3 (Bueno)","4 (Muy bueno)","4 (Muy bueno)","4 (Muy bueno)","4 (Muy bueno)","3 (Bueno)","4 (Muy bueno)","4 (Muy bueno)","4 (Muy bueno)","3 (Bueno)","4 (Muy bueno)","4 (Muy bueno)","3 (Bueno)","4 (Muy bueno)",Alto,"que adquiri mayores conocimientos","nada que no me guste","no tengo sugerencias"
24,"Muy Satisfecho",Sí,Sí,Sí,"Mucho más de lo esperado","Más de 8 horas","He escuchado de los contenidos, pero no los conocía.","4 (Muy bueno)","4 (Muy bueno)","4 (Muy bueno)","4 (Muy bueno)","4 (Muy bueno)","4 (Muy bueno)","4 (Muy bueno)","4 (Muy bueno)","4 (Muy bueno)","4 (Muy bueno)","4 (Muy bueno)","4 (Muy bueno)","4 (Muy bueno)","4 (Muy bueno)","4 (Muy bueno)","Muy alto","Los nuevos aprendizajes obtenidos.","Que el curso se realizará casi finalizando el año escolar por la gran carga de trabajo que tenemos.","Mi sugerencia es poder implementarlos en los inicios del año escolar."
25,"Muy Satisfecho",Sí,Sí,Sí,"Mucho más de lo esperado","6-8 horas","Los conozco y me son familiares, pero no los manejo en profundidad.","4 (Muy bueno)","4 (Muy bueno)","4 (Muy bueno)","3 (Bueno)","4 (Muy bueno)","3 (Bueno)","3 (Bueno)","3 (Bueno)","3 (Bueno)","3 (Bueno)","3 (Bueno)","3 (Bueno)","3 (Bueno)","3 (Bueno)","3 (Bueno)",Alto,"Que me otorga herramientas y  conocimientos para enfrentar los desafíos que mi trabajo y mis funciones me presentan.","Que me aclara mis dudas sobre mi trabajo","Que el soporte técnico sea mas rápido en responder a las necesidades de los estudiantes, debido al poco tiempo que nosotros tenemos para poder cumplir con las diferentes actividades."
26,"Muy Satisfecho",Sí,Sí,Sí,"Mucho más de lo esperado","4-6 horas","He escuchado de los contenidos, pero no los conocía.","3 (Bueno)","3 (Bueno)","4 (Muy bueno)","4 (Muy bueno)","4 (Muy bueno)","3 (Bueno)","4 (Muy bueno)","4 (Muy bueno)","4 (Muy bueno)","3 (Bueno)","4 (Muy bueno)","4 (Muy bueno)","3 (Bueno)","3 (Bueno)","4 (Muy bueno)","Muy alto","Aprender a planificar, a evaluar,  hacer un proyecto con nuevas técnicas, y conocer Instituciones que nos pueden ayudar a hacer realidad los Proyectos","Demasiadas tareas, lo que no permitía mas maduración de los contenidos, por que tenemos poco tiempo. y  hay que hacer otros cursos pendientes.","Falta material adohoc, falta integración pedagógica, Los compañeros de cursos no participan al cien por ciento en las actividades."
27,Satisfecho,Sí,Sí,Sí,"Más de lo esperado","4-6 horas","No los conocía; no había escuchado de estos.","3 (Bueno)","3 (Bueno)","3 (Bueno)","3 (Bueno)","3 (Bueno)","3 (Bueno)","3 (Bueno)","3 (Bueno)","3 (Bueno)","4 (Muy bueno)","3 (Bueno)","3 (Bueno)","3 (Bueno)","3 (Bueno)","3 (Bueno)",Alto,"que aprendí muchas cosas que no conocía ya que soy nueva en esto.","haber aprendido a manejar aprendizajes que he adquirido gracias a este curso.","de repente me costaba para entender algunas actividades por no tener muchas nociones."
28,"Muy Insatisfecho",Sí,Sí,Sí,"Mucho más de lo esperado","4-6 horas","Los conozco y me son familiares, pero no los manejo en profundidad.","4 (Muy bueno)","4 (Muy bueno)","4 (Muy bueno)","4 (Muy bueno)","3 (Bueno)","3 (Bueno)","4 (Muy bueno)","4 (Muy bueno)","3 (Bueno)","4 (Muy bueno)","4 (Muy bueno)","4 (Muy bueno)","3 (Bueno)","4 (Muy bueno)","4 (Muy bueno)",Alto,"La  calidad del contenido fue consistente durante todo el curso y aprendí mucho de los contenidos.","Lo que menos me gustò que habían muchas preguntas para poderlas contestar.","Yo creo que ninguna porque tiene todo un aprendizaje."
29,Satisfecho,No,Sí,Sí,"Más de lo esperado","4-6 horas","Los conozco y me son familiares, pero no los manejo en profundidad.","3 (Bueno)","3 (Bueno)","3 (Bueno)","4 (Muy bueno)","3 (Bueno)","3 (Bueno)","3 (Bueno)","3 (Bueno)","3 (Bueno)","3 (Bueno)","3 (Bueno)","3 (Bueno)","3 (Bueno)","3 (Bueno)","3 (Bueno)",Alto,"El material complementario, me sirvió mucho para el desarrollo de las actividades","Muy extensas las actividades y poco tiempo para desarrollarla.","Cargar solo de un curso, ya que los cursos son buenos pero al ser varios se complica por el poco tiempo que hay para desarrollarlo."
30,"Muy Satisfecho",Sí,Sí,Sí,"Mucho más de lo esperado","2-3 horas","He escuchado de los contenidos, pero no los conocía.","4 (Muy bueno)","4 (Muy bueno)","4 (Muy bueno)","4 (Muy bueno)","2 (Malo)","4 (Muy bueno)","3 (Bueno)","3 (Bueno)","3 (Bueno)","4 (Muy bueno)","3 (Bueno)","4 (Muy bueno)","3 (Bueno)","3 (Bueno)","3 (Bueno)",Alto,"Las clases online con tutoras","Las actividades en su mayoría  son pensadas para encargados que han trabajo en CRA y yo no he tenido la oportunidad de hacerlo.","No realizar todos los cursos a la vez, independiente que tengan distintas fechas de termino, muchas veces confunde tanta información."
31,Satisfecho,Sí,Sí,Sí,"Lo esperado","6-8 horas","He escuchado de los contenidos, pero no los conocía.","3 (Bueno)","3 (Bueno)","3 (Bueno)","3 (Bueno)","2 (Malo)","3 (Bueno)","3 (Bueno)","3 (Bueno)","3 (Bueno)","3 (Bueno)","3 (Bueno)","2 (Malo)","3 (Bueno)","3 (Bueno)","3 (Bueno)",Alto,"Valoro las herramientas  que aportó el curso,  las páginas y links con información.","La plataforma no es muy amigable y  para mí que soy nueva se hizo difícil la navegación y la realización de tareas y foros.-","que a pesar de que sean las clases por este medio, debería haber mucho apoyo personalizado en la realización de las actividades."
32,"Muy Satisfecho",Sí,Sí,Sí,"Más de lo esperado","4-6 horas","Los conozco y me son familiares, pero no los manejo en profundidad.","4 (Muy bueno)","4 (Muy bueno)","4 (Muy bueno)","4 (Muy bueno)","4 (Muy bueno)","4 (Muy bueno)","4 (Muy bueno)","4 (Muy bueno)","4 (Muy bueno)","4 (Muy bueno)","4 (Muy bueno)","4 (Muy bueno)","4 (Muy bueno)","4 (Muy bueno)","4 (Muy bueno)",Alto,"Los contenidos relacionados con el liderazgo y la importancia del CRA enlazados al PEI y PME.","No aplica.","Actividades más acotadas acorde a la carga horaria docente."
33,Satisfecho,Sí,Sí,Sí,"Más de lo esperado","4-6 horas","He escuchado de los contenidos, pero no los conocía.","3 (Bueno)","3 (Bueno)","3 (Bueno)","3 (Bueno)","2 (Malo)","3 (Bueno)","3 (Bueno)","3 (Bueno)","3 (Bueno)","3 (Bueno)","3 (Bueno)","3 (Bueno)","3 (Bueno)","3 (Bueno)","3 (Bueno)",Alto,"LOS  VIDEOS SON MUY INSTRUCTIVOS.","NO SIEMPRE TU PUEDES ELABORAR PROYECTOS.","SOLO LA PLATAFORMA  Y ARREGLAR MAS LAS ACTIVIDADES A LA REALIDAD DEL CRA DE LOS COLEGIOS."
34,Satisfecho,No,No,Sí,"Lo esperado","6-8 horas","Los conozco y me son familiares, pero no los manejo en profundidad.","3 (Bueno)","3 (Bueno)","3 (Bueno)","3 (Bueno)","3 (Bueno)","2 (Malo)","3 (Bueno)","3 (Bueno)","2 (Malo)","3 (Bueno)","2 (Malo)","3 (Bueno)","2 (Malo)","3 (Bueno)","3 (Bueno)",Alto,"los aprendizajes adquiridos","la cantidad de actividades","menos actividades"
35,Satisfecho,Sí,Sí,Sí,"Lo esperado","6-8 horas","Los conozco y me son familiares, pero no los manejo en profundidad.","3 (Bueno)","3 (Bueno)","3 (Bueno)","3 (Bueno)","3 (Bueno)","4 (Muy bueno)","3 (Bueno)","3 (Bueno)","3 (Bueno)","3 (Bueno)","3 (Bueno)","3 (Bueno)","3 (Bueno)","3 (Bueno)","3 (Bueno)",Alto,"En poder aprender conceptos nuevos en mi quehacer de encargado CRA","El uso de la plataforma no estuvo muy bueno","Que la plataforma sea mas amigable o que sea más facil de usar"
36,"Muy Insatisfecho",Sí,Sí,Sí,"Más de lo esperado","6-8 horas","Los conozco y me son familiares, pero no los manejo en profundidad.","3 (Bueno)","3 (Bueno)","4 (Muy bueno)","3 (Bueno)","4 (Muy bueno)","3 (Bueno)","3 (Bueno)","3 (Bueno)","3 (Bueno)","4 (Muy bueno)","3 (Bueno)","3 (Bueno)","3 (Bueno)","3 (Bueno)","3 (Bueno)",Alto,"Reforcé conceptos y temas que tenía conocimiento pero poco aplicados. Pero ahora con el curso me empoderaré más con el conocimiento adquirido, como Ej.: atreverme con proyectos.","Lo tomé cuando más trabajo tenía y me quedé con la sensación de haber podido sacar más provecho, y mis conexiones eran muy tarde en la noche.","Que fueran obligatorios, pues por más expertis que uno tenga en el área siempre aprende algo nuevo, de los 2 cursos G - H asignados aprendí y reforcé mucho más de lo que esperaba, actualizándome."
37,"Muy Satisfecho",Sí,Sí,Sí,"Más de lo esperado","4-6 horas","Los conozco y me son familiares, pero no los manejo en profundidad.","3 (Bueno)","3 (Bueno)","3 (Bueno)","3 (Bueno)","3 (Bueno)","3 (Bueno)","3 (Bueno)","3 (Bueno)","3 (Bueno)","3 (Bueno)","3 (Bueno)","3 (Bueno)","3 (Bueno)","3 (Bueno)","3 (Bueno)",Alto,"el material complementario otorgado y la claridad de los contenidos","el tiempo de espera para participar en los foros","modificaria el uso de los foros quizas buscar otra metodologia de interaccion debido que es mucho el tiempo de espera para participar"
38,"Muy Satisfecho",Sí,Sí,Sí,"Más de lo esperado","Más de 8 horas","Los conozco y me son familiares, pero no los manejo en profundidad.","3 (Bueno)","3 (Bueno)","3 (Bueno)","3 (Bueno)","2 (Malo)","3 (Bueno)","3 (Bueno)","3 (Bueno)","3 (Bueno)","4 (Muy bueno)","4 (Muy bueno)","3 (Bueno)","3 (Bueno)","4 (Muy bueno)","2 (Malo)","Muy alto","Me involucre más con el PEI, y la trascendencia del PME. Me da una visión mucho más amplia y motivante, y la transcendencia que tiene para los usuarios.","Me costó manejar la plataforma","Mayor  tiempo para desarrollar el curso."
39,"Muy Satisfecho",Sí,Sí,Sí,"Más de lo esperado","Más de 8 horas","Los conozco y me son familiares, pero no los manejo en profundidad.","3 (Bueno)","3 (Bueno)","3 (Bueno)","3 (Bueno)","3 (Bueno)","3 (Bueno)","3 (Bueno)","3 (Bueno)","3 (Bueno)","3 (Bueno)","3 (Bueno)","3 (Bueno)","3 (Bueno)","3 (Bueno)","3 (Bueno)",Alto,"Los trabajos realizados para poder llevarlo a la practica","Mas asesores para consultar dudas osugerencias","Que aumenten las horas dedicadas a los estudios"
40,"Muy Satisfecho",Sí,Sí,Sí,"Más de lo esperado","4-6 horas","Los conozco y me son familiares, pero no los manejo en profundidad.","4 (Muy bueno)","4 (Muy bueno)","4 (Muy bueno)","3 (Bueno)","3 (Bueno)","4 (Muy bueno)","4 (Muy bueno)","4 (Muy bueno)","4 (Muy bueno)","4 (Muy bueno)","4 (Muy bueno)","4 (Muy bueno)","4 (Muy bueno)","4 (Muy bueno)","4 (Muy bueno)",Alto,"El poder realizar actividades en tiempo y forma convenientes al alumno. Sentí cierta presión debido a mi bajo manejo de las herramientas digitales.","Tener que realizar tres cursos en forma paralela por lo que este curso entrababa el avance en los demás  ya que era el más exigente","Ahora me atrevo a sugerir que foros y  webinar  tengan una evaluación por participación de no más de un 10%"
41,Satisfecho,Sí,Sí,Sí,"Más de lo esperado","6-8 horas","He escuchado de los contenidos, pero no los conocía.","3 (Bueno)","3 (Bueno)","3 (Bueno)","3 (Bueno)","3 (Bueno)","3 (Bueno)","3 (Bueno)","3 (Bueno)","3 (Bueno)","3 (Bueno)","3 (Bueno)","3 (Bueno)","3 (Bueno)","3 (Bueno)","3 (Bueno)",Alto,"lo aprendido, los contenidos son de mucha ayuda","que son en muy poco tiempo, y todo muy rapido","que sean por mas tiempo y no tantos cursos revueltos, asi todo se mezcla"
42,Satisfecho,Sí,Sí,No,"Lo esperado","6-8 horas","Los conozco y me son familiares, pero no los manejo en profundidad.","3 (Bueno)","3 (Bueno)","3 (Bueno)","3 (Bueno)","3 (Bueno)","3 (Bueno)","3 (Bueno)","3 (Bueno)","3 (Bueno)","3 (Bueno)","3 (Bueno)","3 (Bueno)","3 (Bueno)","3 (Bueno)","3 (Bueno)",Alto,"Lo que mas valoro que aprendí cosas que no sabia y ahora podre aplicarla en mi establecimiento","La verdad encontré que habian muchas preguntas para Docentes y no para la parte de administración de un Cra","Me gustaría que hubieran mas curso para los encargados de Cra, para poder ser mejor mi trabajo"
43,"Muy Satisfecho",Sí,Sí,Sí,"Lo esperado","2-3 horas","No los conocía; no había escuchado de estos.","4 (Muy bueno)","3 (Bueno)","4 (Muy bueno)","4 (Muy bueno)","4 (Muy bueno)","4 (Muy bueno)","3 (Bueno)","3 (Bueno)","3 (Bueno)","4 (Muy bueno)","3 (Bueno)","3 (Bueno)","3 (Bueno)","3 (Bueno)","4 (Muy bueno)",Alto,"la preocupación de los encargados tutores, las clases webinar y el aprender o conocer que hay que realizar informes , proyectos entre otras cosas","que los webinar eran muy cortos, faltaba tiempo para consultas en el momento.","que se preocupen si los establecimientos están dando los tiempos necesarios para que las personas puedan realizar los cursos que se aplican."
44,Satisfecho,Sí,Sí,Sí,"Lo esperado","6-8 horas","Los conozco y me son familiares, pero no los manejo en profundidad.","3 (Bueno)","3 (Bueno)","3 (Bueno)","3 (Bueno)","3 (Bueno)","3 (Bueno)","3 (Bueno)","3 (Bueno)","3 (Bueno)","3 (Bueno)","3 (Bueno)","2 (Malo)","3 (Bueno)","2 (Malo)","2 (Malo)",Alto,"la importancia de trabajar con los docentes","demasiados trabajos considerando el poco tiempo que tenemos","no tantos trabajos"
45,"Muy Satisfecho",Sí,Sí,Sí,"Más de lo esperado","2-3 horas","Los conozco y me son familiares, pero no los manejo en profundidad.","3 (Bueno)","3 (Bueno)","3 (Bueno)","4 (Muy bueno)","4 (Muy bueno)","4 (Muy bueno)","3 (Bueno)","3 (Bueno)","3 (Bueno)","3 (Bueno)","3 (Bueno)","3 (Bueno)","3 (Bueno)","3 (Bueno)","4 (Muy bueno)",Alto,"Lo aprendido en primera instancia, además el apoyo de los tutures y mesa de ayuda","Para mí estuvo bien","Que todos los cursos fuesen con tutores"
46,Satisfecho,Sí,Sí,Sí,"Más de lo esperado","6-8 horas","No los conocía; no había escuchado de estos.","3 (Bueno)","1 (Muy malo)","3 (Bueno)","3 (Bueno)","2 (Malo)","3 (Bueno)","3 (Bueno)","3 (Bueno)","3 (Bueno)","3 (Bueno)","2 (Malo)","3 (Bueno)","3 (Bueno)","3 (Bueno)","3 (Bueno)",Alto,"lo aprendido , los nuevos conocimientos","me gustaría mayor información y ejemplos de los que se esta aprendiendo","que fueran mas profundos en cuanto a la materia"
47,Satisfecho,Sí,Sí,Sí,"Mucho más de lo esperado","4-6 horas","He escuchado de los contenidos, pero no los conocía.","3 (Bueno)","1 (Muy malo)","3 (Bueno)","3 (Bueno)","3 (Bueno)","3 (Bueno)","3 (Bueno)","3 (Bueno)","3 (Bueno)","3 (Bueno)","4 (Muy bueno)","4 (Muy bueno)","3 (Bueno)","4 (Muy bueno)","4 (Muy bueno)","Muy alto","la calidad y cantidad de contenidos tratados.","periodo de fin de año, uno como asistente de educación cumple  otras función fuera de biblioteca  falta tiempo.","considero que los cursos con tutoría son mas  amigables y  fáciles de entender, estoy satisfecha con este curso."
48,"Muy Satisfecho",Sí,Sí,Sí,"Más de lo esperado","4-6 horas","Los conozco y me son familiares, pero no los manejo en profundidad.","4 (Muy bueno)","4 (Muy bueno)","4 (Muy bueno)","4 (Muy bueno)","3 (Bueno)","4 (Muy bueno)","3 (Bueno)","4 (Muy bueno)","4 (Muy bueno)","4 (Muy bueno)","4 (Muy bueno)","4 (Muy bueno)","4 (Muy bueno)","4 (Muy bueno)","4 (Muy bueno)",Alto,"los contenidos y aprendizajes","la plataforma me costo un poco","mas clases explicativas"
49,Satisfecho,Sí,Sí,Sí,"Más de lo esperado","6-8 horas","Los conozco y me son familiares, pero no los manejo en profundidad.","3 (Bueno)","3 (Bueno)","3 (Bueno)","3 (Bueno)","3 (Bueno)","3 (Bueno)","3 (Bueno)","3 (Bueno)","3 (Bueno)","3 (Bueno)","3 (Bueno)","3 (Bueno)","3 (Bueno)","3 (Bueno)","3 (Bueno)",Alto,"aprender como realizar un informe de gestión","que no se pueden ver los comentarios en los foros hasta haber realizado la intervención personal.","mejorar los foros"
50,Satisfecho,Sí,Sí,Sí,"Más de lo esperado","2-3 horas","Los conozco y me son familiares, pero no los manejo en profundidad.","3 (Bueno)","3 (Bueno)","3 (Bueno)","3 (Bueno)","3 (Bueno)","3 (Bueno)","3 (Bueno)","4 (Muy bueno)","3 (Bueno)","4 (Muy bueno)","3 (Bueno)","3 (Bueno)","3 (Bueno)","3 (Bueno)","3 (Bueno)",Alto,"Valoro todo el  material, que esta disponible   para que uno se guie ,","Lo que me costo es en empezar el curso ya que no disponía de mucho tiempo me enredaba en lo que era material y luego no podía encontrar como subir  las actividades","Que fuese mas expedito ,me refiero que se diga con claridad las actividades a realizar  ,porque yo me equivocaba en subir las actividades aun no se si las respondí todas ."
51,Satisfecho,Sí,Sí,No,"Lo esperado","4-6 horas","Los conozco y me son familiares, pero no los manejo en profundidad.","3 (Bueno)","3 (Bueno)","3 (Bueno)","3 (Bueno)","3 (Bueno)","3 (Bueno)","3 (Bueno)","3 (Bueno)","3 (Bueno)","3 (Bueno)","3 (Bueno)","3 (Bueno)","3 (Bueno)","3 (Bueno)","3 (Bueno)","Muy alto","QUE HE APRENDIDO","LAS EVALUACIONES SON MUY COMPLICADAS","QUE DEN MAS TIEMPO Y QUE LAS PREGUNTAS NO SEAN TAN REBUSCADAS"
52,"Muy Insatisfecho",Sí,Sí,Sí,"Más de lo esperado","4-6 horas","He escuchado de los contenidos, pero no los conocía.","4 (Muy bueno)","3 (Bueno)","4 (Muy bueno)","4 (Muy bueno)","3 (Bueno)","4 (Muy bueno)","4 (Muy bueno)","4 (Muy bueno)","4 (Muy bueno)","4 (Muy bueno)","3 (Bueno)","4 (Muy bueno)","3 (Bueno)","4 (Muy bueno)","4 (Muy bueno)",Alto,"Las herramientas entregadas nos permitirán ser lideres eficientes en nuestra comunidad Educativa.",Nada,"El curso  excelente  ninguna sugerencia."
53,"Muy Satisfecho",Sí,Sí,Sí,"Mucho más de lo esperado","4-6 horas","Los conozco y me son familiares, pero no los manejo en profundidad.","4 (Muy bueno)","4 (Muy bueno)","4 (Muy bueno)","4 (Muy bueno)","4 (Muy bueno)","4 (Muy bueno)","4 (Muy bueno)","4 (Muy bueno)","4 (Muy bueno)","4 (Muy bueno)","4 (Muy bueno)","4 (Muy bueno)","4 (Muy bueno)","4 (Muy bueno)","4 (Muy bueno)","Muy alto","QUE UNO MISMO PUEDE ORGANIZAR SU PROPIO TIEMPO PARA REALIZAR EL CURSO","TODO BIEN!","TODO BIEN!"
54,"Muy Satisfecho",Sí,Sí,Sí,"Mucho más de lo esperado","4-6 horas","Los conozco y me son familiares, pero no los manejo en profundidad.","4 (Muy bueno)","4 (Muy bueno)","4 (Muy bueno)","4 (Muy bueno)","4 (Muy bueno)","3 (Bueno)","4 (Muy bueno)","4 (Muy bueno)","4 (Muy bueno)","4 (Muy bueno)","4 (Muy bueno)","4 (Muy bueno)","4 (Muy bueno)","4 (Muy bueno)","3 (Bueno)",Alto,"Toda la información anexa los videos muy buenos.
Muchas gracias","Los tiempos que mayormente","Que todos los años pudieran darnos cursos de esta indole"
55,Satisfecho,Sí,Sí,Sí,"Mucho más de lo esperado","6-8 horas","He escuchado de los contenidos, pero no los conocía.","3 (Bueno)","2 (Malo)","3 (Bueno)","3 (Bueno)","3 (Bueno)","3 (Bueno)","3 (Bueno)","3 (Bueno)","3 (Bueno)","4 (Muy bueno)","3 (Bueno)","3 (Bueno)","3 (Bueno)","3 (Bueno)","3 (Bueno)",Alto,"lo que más valoro es la información que es escrita y visual","lo que menos me gustan es el foro y las actividades, se llenan unas pautas, las lleno y luego quedan en blanco","las actividades ,tareas y foro 
no seria mejor solo preguntas 
LO DIGO POR QUE ME CUESTRA MUCHO ESA PARTE."
56,Satisfecho,Sí,Sí,Sí,"Lo esperado","2-3 horas","Los conozco y me son familiares, pero no los manejo en profundidad.","4 (Muy bueno)","4 (Muy bueno)","4 (Muy bueno)","4 (Muy bueno)","4 (Muy bueno)","3 (Bueno)","4 (Muy bueno)","4 (Muy bueno)","4 (Muy bueno)","4 (Muy bueno)","4 (Muy bueno)","3 (Bueno)","4 (Muy bueno)","4 (Muy bueno)","4 (Muy bueno)","Muy alto","Entregar un adecuado servicio a la comunidad escolar, docentes, asistentes de la educación Apoderados y auxiliares.","Reconozco que tenia un poquito de miedo, ya que primera vez que participo de algo así.
Los foros por mi horario de trabajo, me complica un poco.","Un poco más de claridad de los módulos, Para no confundirse. 
 No comenzar un curso en estas fechas , son de mucho trabajo por finalización del año escolar."
57,Satisfecho,Sí,Sí,Sí,"Más de lo esperado","Más de 8 horas","Los conozco y me son familiares, pero no los manejo en profundidad.","3 (Bueno)","3 (Bueno)","3 (Bueno)","3 (Bueno)","3 (Bueno)","3 (Bueno)","3 (Bueno)","3 (Bueno)","3 (Bueno)","3 (Bueno)","3 (Bueno)","3 (Bueno)","3 (Bueno)","3 (Bueno)","3 (Bueno)",Alto,"Es de gran ayuda por que nos permite aprender muchos conceptos, que nos permite realizar de mejor manera nuestro trabajo.","Muy poco tiempo, además que estaba con licencia medica,, por crisis de pánico, y me falto tiempo.
hay partes que no las realice por lo mismo.","Solo agradecer, la oportunidad, y que se puedan realizar mas cursos de forma presencial en futuro."
58,Satisfecho,Sí,Sí,Sí,"Más de lo esperado","Más de 8 horas","Los conozco y me son familiares, pero no los manejo en profundidad.","4 (Muy bueno)","3 (Bueno)","4 (Muy bueno)","3 (Bueno)","3 (Bueno)","4 (Muy bueno)","4 (Muy bueno)","4 (Muy bueno)","3 (Bueno)","3 (Bueno)","3 (Bueno)","4 (Muy bueno)","4 (Muy bueno)","3 (Bueno)","4 (Muy bueno)","Muy alto","Todos los conocimientos adquiridos, para lograr una buena gestión y contribuir a la comunidad educativa.","El tiempo que lo realice, debido a que final de año uno tiene muchas actividades y responsabilidades que realizar.","Entregar una guía de asistencia técnica, para facilitar el acceso de los usuarios al curso..
Agradecida por todos los conocimientos entregados."
59,"Muy Satisfecho",Sí,Sí,Sí,"Más de lo esperado","4-6 horas","Los conozco y me son familiares, pero no los manejo en profundidad.","4 (Muy bueno)","4 (Muy bueno)","4 (Muy bueno)","4 (Muy bueno)","3 (Bueno)","3 (Bueno)","4 (Muy bueno)","4 (Muy bueno)","4 (Muy bueno)","3 (Bueno)","4 (Muy bueno)","4 (Muy bueno)","4 (Muy bueno)","3 (Bueno)","3 (Bueno)","Muy alto","Los contenidos son muy pertinentes con nuestra labor de encargados CRA","No tengo aspectos negativos","Solo desarrollarlos en otro momento no al cierre de semestre porque se hace muy complejo hacer bien ambas funciones"
60,Satisfecho,Sí,Sí,Sí,"Lo esperado","2-3 horas","He escuchado de los contenidos, pero no los conocía.","3 (Bueno)","3 (Bueno)","3 (Bueno)","2 (Malo)","2 (Malo)","2 (Malo)","2 (Malo)","3 (Bueno)","3 (Bueno)","3 (Bueno)","3 (Bueno)","3 (Bueno)","3 (Bueno)","3 (Bueno)","3 (Bueno)","Muy alto","Valoro todo lo adquirido ya que no sabía nada, aun no he trabajado en CRA.","La pagina poco amigable el diseño, poco practico.","Mejorar el diseño de la pagina, con ello se puede mejorar la navegación  y facilitar  pasar de un modulo a otro sin equivocarse."
61,Satisfecho,Sí,Sí,Sí,"Mucho más de lo esperado","Más de 8 horas","Los conozco y me son familiares, pero no los manejo en profundidad.","4 (Muy bueno)","4 (Muy bueno)","4 (Muy bueno)","4 (Muy bueno)","4 (Muy bueno)","4 (Muy bueno)","3 (Bueno)","4 (Muy bueno)","4 (Muy bueno)","4 (Muy bueno)","4 (Muy bueno)","3 (Bueno)","3 (Bueno)","3 (Bueno)","3 (Bueno)",Alto,"Material complementario","Nada.... me encantó",Presencialidad
