﻿"Respuesta número","En general, ¿cuál es su nivel de satisfacción con el curso que acaba de terminar?","¿Recomendaría este curso a otro encargado de biblioteca?","¿Volvería a realizar un curso de estas mismas características?","¿Eran coherentes las actividades de aprendizaje propuestas para el curso?","Según la percepción de su proceso de aprendizaje y las características de este curso, ¿cuánto considera que aprendió?","¿Cuántas horas cronológicas semanales dedicó a este curso?","¿Qué tan familiares son para usted los contenidos tratados en el curso?","Claridad de los contenidos del curso (temas, definiciones, términos conceptuales, etc.).","Contextualización de los contenidos a su realidad laboral.","La progresión de la secuencia de aprendizaje para ir tratando los contenidos del curso.","Claridad del diseño gráfico de las pantallas de la plataforma.","Facilidad de navegación en la plataforma.","El funcionamiento de la mesa de ayuda para estudiantes (mediante contacto por correo electrónico).","Claridad de las actividades de aprendizaje propuestas.","Consistencia de las actividades de aprendizaje propuestas con los aprendizajes del curso.","Coherencia de las actividades de aprendizaje propuestas.","Cantidad de información aportada por el curso.","Profundidad en el tratamiento de los aprendizajes esperados.","Claridad de las instrucciones de las actividades.","Claridad de las instrucciones y preguntas en las evaluaciones.","Claridad de las instrucciones y preguntas en las evaluaciones.","Calidad de las orientaciones para retroalimentar las actividades y evaluaciones.","El apoyo del tutor para responder preguntas en el foro.","¿Cómo evaluaría el nivel de transferencia de los aprendizajes a su contexto laboral?","¿Qué es lo que más valora del curso que acaba de terminar?              ","¿Qué es lo que menos le gustó del curso que acaba de terminar?          ","¿Qué sugerencias haría para mejorar el curso en el futuro?"
1,Satisfecho,Sí,Sí,Sí,"Lo esperado","4-6 horas","He escuchado de los contenidos, pero no los conocía.","3 (Bueno)","3 (Bueno)","3 (Bueno)","3 (Bueno)","3 (Bueno)","3 (Bueno)","3 (Bueno)","3 (Bueno)","3 (Bueno)","3 (Bueno)","3 (Bueno)","3 (Bueno)","3 (Bueno)","3 (Bueno)","3 (Bueno)","3 (Bueno)",Alto,"la información clara y precisa entregada. y los recursos complementarios descargables que pueden ser utiles en el trabajo dentro de la biblioteca","la demora en la publicación de las respuestas en el foro y que no se podía ver las respuestas de los compañeros ni partipar de forma ordenada","que sea con mayor duración y que exista un poco mas de orientación o mayor facilidades  en el uso o trabajo en foros o se busque otra manera de interactuar con los compañeros"
2,"Muy satisfecho",Sí,Sí,Sí,"Mucho más de lo esperado","6-8 horas","He escuchado de los contenidos, pero no los conocía.","4 (Muy bueno)","4 (Muy bueno)","4 (Muy bueno)","4 (Muy bueno)","4 (Muy bueno)","4 (Muy bueno)","4 (Muy bueno)","4 (Muy bueno)","4 (Muy bueno)","4 (Muy bueno)","4 (Muy bueno)","4 (Muy bueno)","4 (Muy bueno)","4 (Muy bueno)","4 (Muy bueno)","4 (Muy bueno)","Muy alto","Será de gran ayuda para mi trabajo","Las actividades aveces me complicaba un poco por falta de conocimiento","Preferiría que fueran de manera presencial"
3,Satisfecho,Sí,No,Sí,"Más de lo esperado","6-8 horas","Los conozco y me son familiares, pero no los manejo en profundidad.","3 (Bueno)","3 (Bueno)","3 (Bueno)","3 (Bueno)","2 (Malo)","3 (Bueno)","3 (Bueno)","3 (Bueno)","3 (Bueno)","3 (Bueno)","3 (Bueno)","3 (Bueno)","3 (Bueno)","3 (Bueno)","3 (Bueno)","3 (Bueno)",Alto,"los contenidos, estrategias para organizar mejor mi trabajo","la dificultad de los contenidos","nada, todo muy claro y acorde."
4,Satisfecho,Sí,No,Sí,"Lo esperado","4-6 horas","Los conozco y me son familiares, pero no los manejo en profundidad.","3 (Bueno)","3 (Bueno)","3 (Bueno)","2 (Malo)","3 (Bueno)","3 (Bueno)","2 (Malo)","3 (Bueno)","3 (Bueno)","3 (Bueno)","3 (Bueno)","2 (Malo)","3 (Bueno)","3 (Bueno)","3 (Bueno)","3 (Bueno)",Alto,"aprendí muchas cosas que no sabia","la fecha de realización del curso, coincide con una fecha de mucho trabajo en el colegio y queda poco tiempo","hacer este tipo de cursos a mitad de año que hay mas tiempo"
5,"Muy satisfecho",Sí,Sí,Sí,"Mucho más de lo esperado","Más de 8 horas","No los conocía; no había escuchado de estos.","3 (Bueno)","4 (Muy bueno)","4 (Muy bueno)","4 (Muy bueno)","4 (Muy bueno)","4 (Muy bueno)","4 (Muy bueno)","3 (Bueno)","3 (Bueno)","4 (Muy bueno)","3 (Bueno)","3 (Bueno)","3 (Bueno)","3 (Bueno)","3 (Bueno)","4 (Muy bueno)","Muy alto","que al, terminar este curso sé el significado y el manejo de mi rol como encargada del  CRA de mi liceo, ya que gracias a todos estos cursos y la información que recibo de ellos es muy importante en mi labor porque soy nueva en esto.","de repente al ser nueva y no conocer a fondo la labor CRA se me complican algunas actividades pero traté  de resolver lo más que pude.","nooo, todo bien solo la paciencia  de ustedes y comprensión para las que somos nuevas y que tenemos todas las ganas de aprender."
6,Satisfecho,Sí,Sí,Sí,"Lo esperado","2-3 horas","Los conozco y me son familiares, pero no los manejo en profundidad.","3 (Bueno)","4 (Muy bueno)","3 (Bueno)","4 (Muy bueno)","4 (Muy bueno)","3 (Bueno)","3 (Bueno)","4 (Muy bueno)","4 (Muy bueno)","4 (Muy bueno)","3 (Bueno)","2 (Malo)","2 (Malo)","1 (Muy malo)","3 (Bueno)","1 (Muy malo)",Alto,"El material ofrecido.","Algunas preguntas de las evaluaciones que no se lograban entender respecto a la materia entregada.",-
7,Insatisfecho,No,No,Sí,"Lo esperado","2-3 horas","Los conozco y me son familiares, pero no los manejo en profundidad.","3 (Bueno)","3 (Bueno)","3 (Bueno)","2 (Malo)","2 (Malo)","2 (Malo)","3 (Bueno)","3 (Bueno)","3 (Bueno)","3 (Bueno)","3 (Bueno)","1 (Muy malo)","3 (Bueno)","3 (Bueno)","1 (Muy malo)","1 (Muy malo)",Alto,,,
8,Satisfecho,Sí,Sí,Sí,"Más de lo esperado","2-3 horas","No los conocía; no había escuchado de estos.","3 (Bueno)","3 (Bueno)","3 (Bueno)","3 (Bueno)","3 (Bueno)","3 (Bueno)","3 (Bueno)","3 (Bueno)","3 (Bueno)","3 (Bueno)","3 (Bueno)","3 (Bueno)","3 (Bueno)","3 (Bueno)","3 (Bueno)","3 (Bueno)",Alto,"los nuevos conceptos que aprendi","las actividades fueron muy largas ya que no fue considerado que todos en el curso o al menos la mayoria trabaja de forma presencial y los tiempo son muy acotados","que las actividades no fueran tan largas"
9,Satisfecho,Sí,Sí,Sí,"Lo esperado","6-8 horas","Los conozco y me son familiares, pero no los manejo en profundidad.","3 (Bueno)","3 (Bueno)","3 (Bueno)","4 (Muy bueno)","4 (Muy bueno)","3 (Bueno)","3 (Bueno)","3 (Bueno)","3 (Bueno)","4 (Muy bueno)","3 (Bueno)","3 (Bueno)","3 (Bueno)","3 (Bueno)","3 (Bueno)","3 (Bueno)",Alto,"la actualización de los conocimientos entregados en el curso para implementarlos en el CRA","MUCHAS ACTIVIDADES A DESARROLLAR","SIN SUGERENCIAS"
10,"Muy satisfecho",Sí,Sí,Sí,"Más de lo esperado","4-6 horas","He escuchado de los contenidos, pero no los conocía.","4 (Muy bueno)","4 (Muy bueno)","4 (Muy bueno)","4 (Muy bueno)","4 (Muy bueno)","4 (Muy bueno)","4 (Muy bueno)","4 (Muy bueno)","4 (Muy bueno)","4 (Muy bueno)","4 (Muy bueno)","4 (Muy bueno)","4 (Muy bueno)","4 (Muy bueno)","4 (Muy bueno)","4 (Muy bueno)","Muy alto","Muy buenas las tematicas, porque más que ser bibliotecaria es ser un gestor cultural.","Podría haber sido más largo, en cuanto a tiempo, los mismos contenidos pero en más horas.","Que tuviese alguna clase online, no solo sincronico."
11,Insatisfecho,No,No,No,"Lo esperado","Más de 8 horas","Los conozco y me son familiares, pero no los manejo en profundidad.","2 (Malo)","2 (Malo)","2 (Malo)","2 (Malo)","2 (Malo)","3 (Bueno)","3 (Bueno)","3 (Bueno)","3 (Bueno)","3 (Bueno)","3 (Bueno)","2 (Malo)","2 (Malo)","2 (Malo)","2 (Malo)","3 (Bueno)",Alto,"Que en contexto de pandemia es en linea, sin embargo me justaría que fuera presencial por la interactividad que aporta este sistema.","Los formatos para realizar las tareas y la poca interacción que se genera al hacerlo se forma virtual.","Realizar este curso en forma mixta, presencial y virtual."
12,"Muy insatisfecho",Sí,Sí,No,"Menos de lo esperado","2-3 horas","No los conocía; no había escuchado de estos.","2 (Malo)","2 (Malo)","2 (Malo)","3 (Bueno)","3 (Bueno)","3 (Bueno)","2 (Malo)","2 (Malo)","2 (Malo)","3 (Bueno)","2 (Malo)","2 (Malo)","2 (Malo)","2 (Malo)","3 (Bueno)","3 (Bueno)",Bajo,"haberlo terminado","la cantidad de material a leer","no tanto texto"
13,Satisfecho,Sí,Sí,Sí,"Más de lo esperado","4-6 horas","Los conozco y me son familiares, pero no los manejo en profundidad.","3 (Bueno)","4 (Muy bueno)","3 (Bueno)","3 (Bueno)","3 (Bueno)","4 (Muy bueno)","4 (Muy bueno)","3 (Bueno)","4 (Muy bueno)","4 (Muy bueno)","4 (Muy bueno)","4 (Muy bueno)","4 (Muy bueno)","4 (Muy bueno)","3 (Bueno)","4 (Muy bueno)","Muy alto","Lo encontre muy informativo y siento que me sirvio y me va a servis bastante en el futuro","encontre un poco confusas algunas de las actividades y algo repetitivas","intentar mejorar la plataforma, hay cosas que no son muy claras como los comentarios que hay que hacer a los trabajos de nuestros compañeros"
14,"Muy insatisfecho",Sí,Sí,Sí,"Mucho más de lo esperado","2-3 horas","No los conocía; no había escuchado de estos.","4 (Muy bueno)","4 (Muy bueno)","4 (Muy bueno)","4 (Muy bueno)","4 (Muy bueno)","4 (Muy bueno)","4 (Muy bueno)","4 (Muy bueno)","4 (Muy bueno)","4 (Muy bueno)","4 (Muy bueno)","4 (Muy bueno)","4 (Muy bueno)","4 (Muy bueno)","4 (Muy bueno)","4 (Muy bueno)","Muy alto","EL VER LOS APORTES DE LOS COMPAÑEROS DE CADA COLEGIO","TENER POCA DISPOSICIÓN PARA REALIZAR LAS ACTIVIDADES","DAR MAS TIEMPO YA QUE MUCHOS TAMBIÉN TENEMOS  HORAS DE CLASES"
15,Satisfecho,Sí,Sí,Sí,"Lo esperado","4-6 horas","Los conozco y me son familiares, pero no los manejo en profundidad.","3 (Bueno)","3 (Bueno)","3 (Bueno)","3 (Bueno)","3 (Bueno)","3 (Bueno)","2 (Malo)","2 (Malo)","3 (Bueno)","3 (Bueno)","3 (Bueno)","2 (Malo)","2 (Malo)","2 (Malo)","1 (Muy malo)","1 (Muy malo)",Alto,"Los contenidos que son son muy vistos en las bibliotecas.","Algunas partes engorrosas y enredadas.","Hacerlo mas simple"
16,"Muy satisfecho",Sí,Sí,Sí,"Mucho más de lo esperado","2-3 horas","Los conozco y me son familiares, pero no los manejo en profundidad.","4 (Muy bueno)","4 (Muy bueno)","4 (Muy bueno)","4 (Muy bueno)","4 (Muy bueno)","4 (Muy bueno)","4 (Muy bueno)","4 (Muy bueno)","4 (Muy bueno)","4 (Muy bueno)","4 (Muy bueno)","4 (Muy bueno)","4 (Muy bueno)","4 (Muy bueno)","4 (Muy bueno)","4 (Muy bueno)","Muy alto","me encanto ya que me interesa muchísimo la labor social, así que me siento super a gusto con esta actividad","la mediación cultural porque se me ocurrieron muchas actividades para la planificación que teníamos hecha o el plan de trabajo de biblioteca.","no creo que el curso tenga algo malo, nosotros somos los que tenemos que aprender un poco mas de computación nos dejo atrás los medios tecnológicos."
17,Satisfecho,Sí,Sí,Sí,"Más de lo esperado","2-3 horas","Los conozco y me son familiares, pero no los manejo en profundidad.","3 (Bueno)","3 (Bueno)","3 (Bueno)","4 (Muy bueno)","3 (Bueno)","3 (Bueno)","3 (Bueno)","3 (Bueno)","3 (Bueno)","3 (Bueno)","3 (Bueno)","3 (Bueno)","3 (Bueno)","3 (Bueno)","3 (Bueno)","3 (Bueno)","Muy alto","QUE NOS DAN TIEMPO PARA HACERLO AUNQUE A VECES CUESTA","ME GUSTA","PODER PROGRAMAR UN POCO EL FIN DE SEMANA CON LOS WEBINAR Y ESPOSICIONES"
18,Satisfecho,Sí,Sí,Sí,"Lo esperado","4-6 horas","Los conozco y me son familiares, pero no los manejo en profundidad.","3 (Bueno)","3 (Bueno)","3 (Bueno)","3 (Bueno)","4 (Muy bueno)","3 (Bueno)","2 (Malo)","3 (Bueno)","3 (Bueno)","3 (Bueno)","2 (Malo)","2 (Malo)","2 (Malo)","2 (Malo)","3 (Bueno)","3 (Bueno)",Bajo,"La síntesis de los contenidos es muy positiva y la brevedad de los trabajos.","Que las preguntas de las pruebas sumarias no tenían relación con los contenidos del curso","Que exista coherencia entre contenido y prueba."
19,Satisfecho,Sí,Sí,Sí,"Más de lo esperado","Más de 8 horas","Los conozco y me son familiares, pero no los manejo en profundidad.","3 (Bueno)","3 (Bueno)","3 (Bueno)","3 (Bueno)","3 (Bueno)","3 (Bueno)","3 (Bueno)","3 (Bueno)","3 (Bueno)","3 (Bueno)","3 (Bueno)","3 (Bueno)","3 (Bueno)","3 (Bueno)","3 (Bueno)","3 (Bueno)",Alto,,,
20,Insatisfecho,No,Sí,Sí,"Lo esperado","4-6 horas","He escuchado de los contenidos, pero no los conocía.","3 (Bueno)","3 (Bueno)","4 (Muy bueno)","3 (Bueno)","2 (Malo)","3 (Bueno)","3 (Bueno)","3 (Bueno)","3 (Bueno)","3 (Bueno)","3 (Bueno)","3 (Bueno)","3 (Bueno)","3 (Bueno)","3 (Bueno)","3 (Bueno)",Alto,"Su claridad en los conceptos que no conocía y que iban ordenados de menor a mayor complejidad","Que la plataforma es poco amigable","La plataforma sea más amigable y que el curso se contextualice a los momentos que estamos nivel país y las exigencias particulares de cada establecimiento requieren de más tiempo"
21,Satisfecho,Sí,Sí,Sí,"Lo esperado","Más de 8 horas","Los conozco y me son familiares, pero no los manejo en profundidad.","3 (Bueno)","3 (Bueno)","3 (Bueno)","4 (Muy bueno)","4 (Muy bueno)","3 (Bueno)","3 (Bueno)","3 (Bueno)","3 (Bueno)","4 (Muy bueno)","3 (Bueno)","3 (Bueno)","3 (Bueno)","3 (Bueno)","3 (Bueno)","3 (Bueno)",Alto,"La actualización de los conocimientos dados en el curso para aplicar en CRA.","Ustedes propusieron que nos tomáramos una hora la día y al ser tan extensas las tareas esto nos saco de otras actividades propias del CRA","En verdad no sugiero nada."
22,Satisfecho,Sí,Sí,Sí,"Lo esperado","6-8 horas","He escuchado de los contenidos, pero no los conocía.","3 (Bueno)","3 (Bueno)","3 (Bueno)","3 (Bueno)","3 (Bueno)","3 (Bueno)","3 (Bueno)","3 (Bueno)","3 (Bueno)","3 (Bueno)","3 (Bueno)","3 (Bueno)","3 (Bueno)","3 (Bueno)","3 (Bueno)","3 (Bueno)",Alto,"Conocer nuevas metodologías de aprendizaje .","Nada que decir, claro y preciso","Todo correcto"
23,Satisfecho,Sí,Sí,Sí,"Más de lo esperado","4-6 horas","Los conozco y me son familiares, pero no los manejo en profundidad.","3 (Bueno)","3 (Bueno)","3 (Bueno)","3 (Bueno)","3 (Bueno)","3 (Bueno)","3 (Bueno)","3 (Bueno)","3 (Bueno)","3 (Bueno)","3 (Bueno)","3 (Bueno)","3 (Bueno)","3 (Bueno)","3 (Bueno)","3 (Bueno)",Alto,"la oportunidad de capacitarme de mejor manera para un mejor desempeño laboral.","la cantidad de actividades siento que a final de año es masa la carga laboral dentro del establecimiento y compatibilizar el trabajo con el curso y las actividades a realizar  me costo bastante.","que se realice en otras fechas, a principio de año o a mitad pero no a final de año."
24,Insatisfecho,Sí,Sí,Sí,"Más de lo esperado","4-6 horas","Los conozco y me son familiares, pero no los manejo en profundidad.","3 (Bueno)","3 (Bueno)","3 (Bueno)","3 (Bueno)","3 (Bueno)","2 (Malo)","3 (Bueno)","3 (Bueno)","3 (Bueno)","2 (Malo)","3 (Bueno)","3 (Bueno)","3 (Bueno)","3 (Bueno)","3 (Bueno)","2 (Malo)",Alto,"Pude aclarar dudas , con trabajos de los compañeros","El poco apoyo de los tutores","Debe ser con mas tiempo para hacer trabajos o no enviar tanto trabajo. Hay otras responsabilidades que necesitan de tiempo"
25,"Muy satisfecho",Sí,Sí,Sí,"Mucho más de lo esperado","4-6 horas","No los conocía; no había escuchado de estos.","3 (Bueno)","3 (Bueno)","4 (Muy bueno)","3 (Bueno)","3 (Bueno)","3 (Bueno)","3 (Bueno)","3 (Bueno)","3 (Bueno)","4 (Muy bueno)","4 (Muy bueno)","4 (Muy bueno)","3 (Bueno)","4 (Muy bueno)","4 (Muy bueno)","4 (Muy bueno)",Alto,"aprender que se pueden hacer talleres  e diferentes cultura","me gusto todo el curso","que se hagan mas curso"
26,Satisfecho,Sí,Sí,Sí,"Menos de lo esperado","Más de 8 horas","Los conozco y me son familiares, pero no los manejo en profundidad.","3 (Bueno)","2 (Malo)","3 (Bueno)","2 (Malo)","2 (Malo)","2 (Malo)","2 (Malo)","3 (Bueno)","3 (Bueno)","3 (Bueno)","3 (Bueno)","2 (Malo)","1 (Muy malo)","2 (Malo)","3 (Bueno)","1 (Muy malo)",Bajo,"los nuevos aprendizajes","las preguntas pocos claras","lenguaje mas familiar con los participantes, demasiadas palabras técnicas"
27,Satisfecho,Sí,Sí,Sí,"Lo esperado","4-6 horas","He escuchado de los contenidos, pero no los conocía.","3 (Bueno)","3 (Bueno)","3 (Bueno)","3 (Bueno)","3 (Bueno)","3 (Bueno)","3 (Bueno)","3 (Bueno)","3 (Bueno)","3 (Bueno)","3 (Bueno)","3 (Bueno)","3 (Bueno)","3 (Bueno)","3 (Bueno)","3 (Bueno)",Alto,"el aprendizaje","el material de apoyo","entregar material de apoyo mas especifico."
28,Satisfecho,Sí,Sí,Sí,"Lo esperado","6-8 horas","Los conozco y me son familiares, pero no los manejo en profundidad.","4 (Muy bueno)","3 (Bueno)","3 (Bueno)","4 (Muy bueno)","3 (Bueno)","4 (Muy bueno)","3 (Bueno)","3 (Bueno)","4 (Muy bueno)","4 (Muy bueno)","3 (Bueno)","3 (Bueno)","4 (Muy bueno)","4 (Muy bueno)","3 (Bueno)","4 (Muy bueno)",Alto,"la claridad y calidad de los contenidos","Contar con tiempos limitados para desarrollar los contenidos del curso. estamos finalizando el año escolar y tenemos mucho trabajo administrativo y apoyo a otros estamentos.","Más que mejorar el curso, que se impartan en distintas fechas.
Hay mucho que leer, hay trabajos que por tiempo no pudieron ser evaluados por UTP, contar con el apoyo de los docentes fue imposible, mucha carga pedagógica."
29,Satisfecho,Sí,Sí,Sí,"Menos de lo esperado","4-6 horas","Los conozco y me son familiares, pero no los manejo en profundidad.","3 (Bueno)","3 (Bueno)","3 (Bueno)","3 (Bueno)","3 (Bueno)","3 (Bueno)","3 (Bueno)","3 (Bueno)","3 (Bueno)","3 (Bueno)","3 (Bueno)","3 (Bueno)","3 (Bueno)","3 (Bueno)","3 (Bueno)","3 (Bueno)",Alto,"que es claro y no extenso",nada,"información más detallada"
30,Satisfecho,Sí,No,Sí,"Más de lo esperado","4-6 horas","Los conozco y me son familiares, pero no los manejo en profundidad.","4 (Muy bueno)","4 (Muy bueno)","3 (Bueno)","4 (Muy bueno)","4 (Muy bueno)","4 (Muy bueno)","3 (Bueno)","4 (Muy bueno)","3 (Bueno)","4 (Muy bueno)","4 (Muy bueno)","3 (Bueno)","3 (Bueno)","4 (Muy bueno)","4 (Muy bueno)","4 (Muy bueno)",Alto,"Es muy completo y permite reflexionar sobre temas importantes para la biblioteca escolar.","Es un poco extenso, las actividades son muy largas y requieren de otros para terminarlas y eso hace difícil y lento el proceso.","Menos actividades y más ejercicios de reflexión."
31,Satisfecho,Sí,No,Sí,"Lo esperado","6-8 horas","Los conozco y me son familiares, pero no los manejo en profundidad.","3 (Bueno)","3 (Bueno)","3 (Bueno)","3 (Bueno)","3 (Bueno)","3 (Bueno)","3 (Bueno)","3 (Bueno)","3 (Bueno)","3 (Bueno)","3 (Bueno)","3 (Bueno)","3 (Bueno)","3 (Bueno)","3 (Bueno)","3 (Bueno)",Alto,"Los nuevos conocimientos adquiridos.","La plataforma (FORO). Tuve mucho problema, no pude participar en ellos, no pude enviar mis actividades.","La plataforma ,"
32,Satisfecho,Sí,Sí,Sí,"Lo esperado","2-3 horas","Los conozco y me son familiares, pero no los manejo en profundidad.","4 (Muy bueno)","4 (Muy bueno)","3 (Bueno)","4 (Muy bueno)","3 (Bueno)","3 (Bueno)","3 (Bueno)","3 (Bueno)","3 (Bueno)","4 (Muy bueno)","4 (Muy bueno)","3 (Bueno)","3 (Bueno)","3 (Bueno)","3 (Bueno)","3 (Bueno)",Alto,"Las orientaciones , ideas, sugerencias para transformar la biblioteca CRA en un espacio dinámico, abierto e inserto en la comunidad educativa.","Nada, solo en lo personal no tuve el tiempo necesario para desarrollarlo en forma optima por el problema de conectividad del sector.","Mas tiempo y quizás las fechas, se sabe que en estas fechas tenemos mucho trabajo administrativo que completar, quizás a principio de año hubiera sido mejor"
33,Satisfecho,Sí,Sí,Sí,"Lo esperado","4-6 horas","No los conocía; no había escuchado de estos.","3 (Bueno)","3 (Bueno)","3 (Bueno)","3 (Bueno)","3 (Bueno)","3 (Bueno)","3 (Bueno)","3 (Bueno)","3 (Bueno)","3 (Bueno)","3 (Bueno)","3 (Bueno)","3 (Bueno)","3 (Bueno)","3 (Bueno)","3 (Bueno)",Alto,"Lo aprendido","sin observación","Incorporar videos explicativos"
34,Satisfecho,No,Sí,Sí,"Más de lo esperado","Más de 8 horas","Los conozco y me son familiares, pero no los manejo en profundidad.","4 (Muy bueno)","4 (Muy bueno)","4 (Muy bueno)","3 (Bueno)","4 (Muy bueno)","2 (Malo)","4 (Muy bueno)","4 (Muy bueno)","4 (Muy bueno)","4 (Muy bueno)","4 (Muy bueno)","4 (Muy bueno)","4 (Muy bueno)","4 (Muy bueno)","4 (Muy bueno)","4 (Muy bueno)","Muy alto","APRENDIZAJES DECONOCIDOS","HA RATOS LA PALTAFORMA","PLATAFORMA  MAS AMABLE A LA HORA DE COMPARTIR LOS FOROS
RESPUESTA MAS RAPIDA DE TUTORES"
35,Satisfecho,Sí,Sí,No,"Lo esperado","6-8 horas","He escuchado de los contenidos, pero no los conocía.","2 (Malo)","4 (Muy bueno)","3 (Bueno)","4 (Muy bueno)","4 (Muy bueno)","2 (Malo)","3 (Bueno)","2 (Malo)","3 (Bueno)","3 (Bueno)","3 (Bueno)","2 (Malo)","4 (Muy bueno)","4 (Muy bueno)","4 (Muy bueno)","2 (Malo)",Alto,"Las pruebas y la navegación fácil de entender","Lo que menos me gusto fue el modulo dos, creo que debería a ver entregado mas documentación","no evalúen todo con respecto a un video(tuve dificultades en el modulo 2)"
36,Insatisfecho,No,No,No,"Mucho más de lo esperado","Más de 8 horas","He escuchado de los contenidos, pero no los conocía.","3 (Bueno)","3 (Bueno)","2 (Malo)","1 (Muy malo)","1 (Muy malo)","2 (Malo)","3 (Bueno)","3 (Bueno)","3 (Bueno)","3 (Bueno)","3 (Bueno)","3 (Bueno)","1 (Muy malo)","1 (Muy malo)","2 (Malo)","3 (Bueno)","Muy alto",,,
37,Satisfecho,Sí,Sí,Sí,"Mucho más de lo esperado","6-8 horas","Los conozco y me son familiares, pero no los manejo en profundidad.","2 (Malo)","4 (Muy bueno)","3 (Bueno)","2 (Malo)","1 (Muy malo)","3 (Bueno)","3 (Bueno)","3 (Bueno)","3 (Bueno)","4 (Muy bueno)","3 (Bueno)","3 (Bueno)","3 (Bueno)","3 (Bueno)","3 (Bueno)","3 (Bueno)",Alto,,,
38,"Muy satisfecho",Sí,Sí,Sí,"Más de lo esperado","4-6 horas","Los conozco y me son familiares, pero no los manejo en profundidad.","3 (Bueno)","4 (Muy bueno)","4 (Muy bueno)","4 (Muy bueno)","3 (Bueno)","4 (Muy bueno)","3 (Bueno)","3 (Bueno)","3 (Bueno)","3 (Bueno)","3 (Bueno)","3 (Bueno)","3 (Bueno)","3 (Bueno)","3 (Bueno)","3 (Bueno)",Alto,,,
39,Insatisfecho,No,No,Sí,"Lo esperado","Más de 8 horas","He escuchado de los contenidos, pero no los conocía.","3 (Bueno)","2 (Malo)","2 (Malo)","1 (Muy malo)","1 (Muy malo)","1 (Muy malo)","2 (Malo)","2 (Malo)","2 (Malo)","2 (Malo)","2 (Malo)","2 (Malo)","2 (Malo)","2 (Malo)","2 (Malo)","2 (Malo)",Bajo,,,
40,Insatisfecho,No,No,No,"Menos de lo esperado","Más de 8 horas","He escuchado de los contenidos, pero no los conocía.","2 (Malo)","2 (Malo)","2 (Malo)","2 (Malo)","2 (Malo)","1 (Muy malo)","2 (Malo)","2 (Malo)","2 (Malo)","3 (Bueno)","2 (Malo)","2 (Malo)","1 (Muy malo)","1 (Muy malo)","2 (Malo)","1 (Muy malo)",Bajo,"mi perseverancia en continuar","la poca ayuda de los tutores","mas claridad de las materias y preguntas en las actividades
muchas de ellas ni siquiera un docente las entendía porque eran muy abiertas."
41,Satisfecho,Sí,Sí,No,"Lo esperado","Más de 8 horas","Los conozco y me son familiares, pero no los manejo en profundidad.","2 (Malo)","3 (Bueno)","2 (Malo)","2 (Malo)","2 (Malo)","3 (Bueno)","2 (Malo)","2 (Malo)","2 (Malo)","2 (Malo)","2 (Malo)","2 (Malo)","2 (Malo)","2 (Malo)","2 (Malo)","2 (Malo)",Bajo,,,
42,Satisfecho,Sí,Sí,Sí,"Más de lo esperado","4-6 horas","He escuchado de los contenidos, pero no los conocía.","3 (Bueno)","3 (Bueno)","3 (Bueno)","3 (Bueno)","2 (Malo)","3 (Bueno)","3 (Bueno)","3 (Bueno)","3 (Bueno)","3 (Bueno)","3 (Bueno)","4 (Muy bueno)","3 (Bueno)","3 (Bueno)","4 (Muy bueno)","3 (Bueno)",Alto,"El poder hacerlo  en cualquier hora y las  pautas de  Retroalimentación","El Internet. Vivo en un sector rural de Melipilla, donde la 
conectividad es pésima.
 a veces se cae o no hay; lo cual impide hacer mejor las actividades","En el curso mismo nada, pero si en lo comunicacional ,dar otras  formas  de poder conectarse  con el resto de los participantes  del grupo."
43,Satisfecho,Sí,Sí,Sí,"Lo esperado","2-3 horas","No los conocía; no había escuchado de estos.","3 (Bueno)","3 (Bueno)","3 (Bueno)","3 (Bueno)","3 (Bueno)","3 (Bueno)","3 (Bueno)","3 (Bueno)","3 (Bueno)","3 (Bueno)","3 (Bueno)","3 (Bueno)","3 (Bueno)","3 (Bueno)","3 (Bueno)","3 (Bueno)",Alto,"Que pude adquirir nuevos conicimientos para desempeñar mi labor de mejor manera","lo extensas que eran las actividades a realizar en los diversos modulos","que la plataforma sea mas amigable"
44,"Muy satisfecho",Sí,Sí,Sí,"Más de lo esperado","4-6 horas","Los conozco y me son familiares, pero no los manejo en profundidad.","4 (Muy bueno)","4 (Muy bueno)","4 (Muy bueno)","4 (Muy bueno)","4 (Muy bueno)","3 (Bueno)","4 (Muy bueno)","4 (Muy bueno)","4 (Muy bueno)","4 (Muy bueno)","4 (Muy bueno)","3 (Bueno)","3 (Bueno)","3 (Bueno)","3 (Bueno)","3 (Bueno)",Alto,"Los contenidos tratados en cada modulo.
Y el haberme dado la oportunidad de asistir a estos cursos.","Que los cursos están muy juntos uno del otro ya que por disponibilidad de tiempo me veo alcanzada para llevar a termino cada curso y lo otro es que mi conexión me juega en contra muy mala mi señal de internet","Que fuesen mas distanciados os curso pero que se sigan dando ya que son muy buenos."
45,"Muy satisfecho",Sí,Sí,Sí,"Mucho más de lo esperado","2-3 horas","Los conozco y me son familiares, pero no los manejo en profundidad.","4 (Muy bueno)","4 (Muy bueno)","4 (Muy bueno)","4 (Muy bueno)","4 (Muy bueno)","4 (Muy bueno)","4 (Muy bueno)","4 (Muy bueno)","4 (Muy bueno)","4 (Muy bueno)","4 (Muy bueno)","4 (Muy bueno)","4 (Muy bueno)","4 (Muy bueno)","4 (Muy bueno)","4 (Muy bueno)","Muy alto","Lo aprendido","Que no pude por tiempo profundizar en los contenidos",Ninguna
46,Satisfecho,Sí,Sí,Sí,"Más de lo esperado","4-6 horas","No los conocía; no había escuchado de estos.","4 (Muy bueno)","3 (Bueno)","4 (Muy bueno)","4 (Muy bueno)","4 (Muy bueno)","3 (Bueno)","4 (Muy bueno)","3 (Bueno)","4 (Muy bueno)","3 (Bueno)","3 (Bueno)","4 (Muy bueno)","4 (Muy bueno)","4 (Muy bueno)","2 (Malo)","3 (Bueno)",Alto,"Me entregó conocimientos nuevos y amplió mis posibilidades de acción del CRA","Que no tuviera tutor, me gustan más las reuniones.","Que se pueda asignar un tutor/a"
47,Satisfecho,Sí,Sí,Sí,"Mucho más de lo esperado","2-3 horas","He escuchado de los contenidos, pero no los conocía.","4 (Muy bueno)","3 (Bueno)","4 (Muy bueno)","4 (Muy bueno)","4 (Muy bueno)","3 (Bueno)","4 (Muy bueno)","4 (Muy bueno)","4 (Muy bueno)","4 (Muy bueno)","4 (Muy bueno)","3 (Bueno)","4 (Muy bueno)","4 (Muy bueno)","4 (Muy bueno)","4 (Muy bueno)","Muy alto","Su flexibilidad en cuanto a horario","Que se realizara al termino de año. Cuando menos tiempo hay","El curso 0 de información a lo igual de la bienvenida , no podría ser realizada después de inicio del curso.  Se tiende a cometer errores"
48,Satisfecho,Sí,Sí,Sí,"Lo esperado","2-3 horas","He escuchado de los contenidos, pero no los conocía.","3 (Bueno)","3 (Bueno)","3 (Bueno)","3 (Bueno)","3 (Bueno)","3 (Bueno)","2 (Malo)","3 (Bueno)","3 (Bueno)","3 (Bueno)","3 (Bueno)","2 (Malo)","4 (Muy bueno)","3 (Bueno)","3 (Bueno)","3 (Bueno)","Muy alto","Permitió aprender más sobre las funciones que debe desempeñar un encargado del CRA y abrió mi mente a nuevas alternativas de trabajo con otras organizaciones o instituciones de mi comuna","Me resultó un tanto confuso y difícil de comprender algunas actividades","Sugiero que los cursos comiencen antes y con un plazo de extensión mayor , para así disponer de más tiempo en el desarrollo de las actividades y su posterior entrega."
49,Satisfecho,Sí,Sí,Sí,"Más de lo esperado","4-6 horas","He escuchado de los contenidos, pero no los conocía.","3 (Bueno)","3 (Bueno)","3 (Bueno)","2 (Malo)","3 (Bueno)","3 (Bueno)","3 (Bueno)","3 (Bueno)","3 (Bueno)","3 (Bueno)","3 (Bueno)","3 (Bueno)","4 (Muy bueno)","4 (Muy bueno)","3 (Bueno)","3 (Bueno)",Alto,"Me gusto todo lo que estudie porque no lo conocía.","La plataforma no es muy benévola.","Otro tipo de plataforma."
50,Satisfecho,Sí,No,Sí,"Lo esperado","6-8 horas","Los conozco y me son familiares, pero no los manejo en profundidad.","3 (Bueno)","3 (Bueno)","3 (Bueno)","3 (Bueno)","3 (Bueno)","1 (Muy malo)","3 (Bueno)","3 (Bueno)","3 (Bueno)","3 (Bueno)","3 (Bueno)","3 (Bueno)","3 (Bueno)","3 (Bueno)","3 (Bueno)","1 (Muy malo)",Alto,"Conocer en detalle de como realizar y presentar un proyecto. Conocer los tipos de herramientas de apoyo de links culturales, bibliotecas o otras instituciones","El tiempo para realizar el curso es muy limitado. Se me han cargado tres cursos simultaneamente","Que fuera la menos un 80% presencial"
51,Satisfecho,Sí,No,Sí,"Más de lo esperado","6-8 horas","He escuchado de los contenidos, pero no los conocía.","4 (Muy bueno)","4 (Muy bueno)","4 (Muy bueno)","4 (Muy bueno)","4 (Muy bueno)","4 (Muy bueno)","4 (Muy bueno)","4 (Muy bueno)","4 (Muy bueno)","4 (Muy bueno)","4 (Muy bueno)","4 (Muy bueno)","4 (Muy bueno)","4 (Muy bueno)","4 (Muy bueno)","4 (Muy bueno)","Muy alto",,,
52,Satisfecho,Sí,No,No,"Menos de lo esperado","4-6 horas","Los conozco y me son familiares, pero no los manejo en profundidad.","3 (Bueno)","2 (Malo)","3 (Bueno)","3 (Bueno)","2 (Malo)","2 (Malo)","3 (Bueno)","3 (Bueno)","3 (Bueno)","3 (Bueno)","3 (Bueno)","2 (Malo)","2 (Malo)","2 (Malo)","3 (Bueno)","3 (Bueno)",Bajo,,,
53,Insatisfecho,Sí,Sí,No,"Lo esperado","4-6 horas","He escuchado de los contenidos, pero no los conocía.","3 (Bueno)","3 (Bueno)","3 (Bueno)","2 (Malo)","3 (Bueno)","1 (Muy malo)","3 (Bueno)","3 (Bueno)","3 (Bueno)","3 (Bueno)","3 (Bueno)","3 (Bueno)","3 (Bueno)","3 (Bueno)","1 (Muy malo)","1 (Muy malo)",Alto,"Lo que más valoro del curso es la información otorgada y los conceptos adquiridos","Lo que menos me gusto, es que no me llego la información a mi correo sobre las actividades e iniciación del curso.","sugiero claridad del seguimiento del los curso, que la información sea otorgada en la plataforma y correo personal"
54,Satisfecho,Sí,Sí,Sí,"Más de lo esperado","Más de 8 horas","Los conozco y me son familiares, pero no los manejo en profundidad.","4 (Muy bueno)","3 (Bueno)","3 (Bueno)","4 (Muy bueno)","4 (Muy bueno)","3 (Bueno)","4 (Muy bueno)","3 (Bueno)","3 (Bueno)","3 (Bueno)","3 (Bueno)","3 (Bueno)","4 (Muy bueno)","4 (Muy bueno)","3 (Bueno)","3 (Bueno)","Muy alto",,,
55,Satisfecho,Sí,Sí,Sí,"Más de lo esperado","2-3 horas","No los conocía; no había escuchado de estos.","3 (Bueno)","3 (Bueno)","3 (Bueno)","3 (Bueno)","2 (Malo)","2 (Malo)","3 (Bueno)","3 (Bueno)","3 (Bueno)","3 (Bueno)","3 (Bueno)","3 (Bueno)","3 (Bueno)","3 (Bueno)","2 (Malo)","3 (Bueno)",Bajo,"Los aprendizajes adquiridos.","La plataforma no me permitió abrir algunos documentos.",Ninguna
56,Insatisfecho,Sí,No,No,"Lo esperado","4-6 horas","Los conozco y me son familiares, pero no los manejo en profundidad.","3 (Bueno)","3 (Bueno)","3 (Bueno)","3 (Bueno)","2 (Malo)","3 (Bueno)","3 (Bueno)","2 (Malo)","3 (Bueno)","3 (Bueno)","3 (Bueno)","3 (Bueno)","4 (Muy bueno)","4 (Muy bueno)","3 (Bueno)","2 (Malo)",Alto,"Que es contenido ya antes adquiridos pero que siempre es importante recordar.","El poco tiempo que tuve, pues estamos con mucho trabajo paralelo a este curso y en realidad, tenia muchas actividad para realizar....","Subir una actividad por modulo donde se concentrara su totalidad del modulo."
57,Satisfecho,Sí,Sí,Sí,"Lo esperado","6-8 horas","He escuchado de los contenidos, pero no los conocía.","3 (Bueno)","3 (Bueno)","3 (Bueno)","3 (Bueno)","4 (Muy bueno)","3 (Bueno)","3 (Bueno)","3 (Bueno)","3 (Bueno)","3 (Bueno)","3 (Bueno)","3 (Bueno)","3 (Bueno)","3 (Bueno)","3 (Bueno)","3 (Bueno)",Alto,"Valoro la importancia de saber como difundir y abrir nuestra biblioteca a la comunidad tener herramientas que no conocía para realizar actividades y refrescar cosas que no se hacen en nuestra biblioteca escolar.","Que Aprendí estrategias nuevas para acercar a nuestra biblioteca a nuestra comunidad a la cultura.","la verdad que el curso es bastante completo quede muy conforme"
58,Satisfecho,Sí,Sí,Sí,"Lo esperado","2-3 horas","He escuchado de los contenidos, pero no los conocía.","2 (Malo)","3 (Bueno)","3 (Bueno)","3 (Bueno)","3 (Bueno)","3 (Bueno)","3 (Bueno)","3 (Bueno)","3 (Bueno)","3 (Bueno)","3 (Bueno)","2 (Malo)","3 (Bueno)","3 (Bueno)","3 (Bueno)","3 (Bueno)",Alto,"me gustaron muchos los contenidos descargables estaban muy claros y especificos.","aveces se me hizo muy enredado el saber que actividad había realizado o no.","poner como marcas en las paginas o negrita los títulos que ya se han realizado para tener como guía"
59,"Muy satisfecho",Sí,Sí,Sí,"Mucho más de lo esperado","Más de 8 horas","He escuchado de los contenidos, pero no los conocía.","4 (Muy bueno)","4 (Muy bueno)","4 (Muy bueno)","4 (Muy bueno)","3 (Bueno)","2 (Malo)","3 (Bueno)","4 (Muy bueno)","4 (Muy bueno)","4 (Muy bueno)","4 (Muy bueno)","3 (Bueno)","4 (Muy bueno)","4 (Muy bueno)","3 (Bueno)","3 (Bueno)","Muy alto","La información. Guardé además muchas actividades que quisiera implementar en mi contexto.","Fue muy extenso y contundente. Lo que es bueno y malo a la vez.","Rapidez en la respuesta a dudas."
60,Satisfecho,Sí,Sí,Sí,"Más de lo esperado","2-3 horas","Los conozco y me son familiares, pero no los manejo en profundidad.","3 (Bueno)","3 (Bueno)","3 (Bueno)","3 (Bueno)","3 (Bueno)","3 (Bueno)","3 (Bueno)","3 (Bueno)","3 (Bueno)","3 (Bueno)","3 (Bueno)","3 (Bueno)","3 (Bueno)","3 (Bueno)","3 (Bueno)","3 (Bueno)","Muy alto","las experiencias que brinda para crear instancias de participación con los apoderados y comunidad local valorando los términos de mediación y extensión cultural","todo bien","añadir mas videos explicativos en vez de documentos"
61,Satisfecho,Sí,Sí,Sí,"Más de lo esperado","2-3 horas","Los conozco y me son familiares, pero no los manejo en profundidad.","3 (Bueno)","4 (Muy bueno)","3 (Bueno)","3 (Bueno)","4 (Muy bueno)","4 (Muy bueno)","3 (Bueno)","3 (Bueno)","3 (Bueno)","3 (Bueno)","3 (Bueno)","4 (Muy bueno)","3 (Bueno)","3 (Bueno)","3 (Bueno)","3 (Bueno)","Muy alto",,,
62,"Muy satisfecho",Sí,Sí,Sí,"Más de lo esperado","2-3 horas","He escuchado de los contenidos, pero no los conocía.","4 (Muy bueno)","4 (Muy bueno)","3 (Bueno)","3 (Bueno)","4 (Muy bueno)","3 (Bueno)","3 (Bueno)","3 (Bueno)","3 (Bueno)","4 (Muy bueno)","4 (Muy bueno)","3 (Bueno)","3 (Bueno)","3 (Bueno)","3 (Bueno)","3 (Bueno)",Alto,"La cantidad de información y sus temáticas muy interesantes, solo me falta el tiempo para yo profundizarlas leyendo .","Muchos cursos a la vez entonces no alcanzo a terminar uno y comienzo el otro que ya está en curso.","Menos cursos a la vez para trabajar tranquila y dedicarle el tiempo necesario y aprender m,ejor."
63,Satisfecho,Sí,Sí,Sí,"Lo esperado","4-6 horas","No los conocía; no había escuchado de estos.","3 (Bueno)","3 (Bueno)","3 (Bueno)","3 (Bueno)","3 (Bueno)","3 (Bueno)","3 (Bueno)","3 (Bueno)","3 (Bueno)","3 (Bueno)","3 (Bueno)","3 (Bueno)","3 (Bueno)","3 (Bueno)","3 (Bueno)","3 (Bueno)",Alto,"Los aprendizajes obtenidos, ya que facilitará mi trabajo.","La extensión de las actividades, demasiado material para el poco tiempo que dan para trabajarlo.","Que fueran mas cortos y preciso, pensando en el avance del año que estamos y no hay tiempo para realizar todas las actividades."
64,Satisfecho,Sí,Sí,Sí,"Menos de lo esperado","4-6 horas","He escuchado de los contenidos, pero no los conocía.","3 (Bueno)","2 (Malo)","3 (Bueno)","3 (Bueno)","3 (Bueno)","3 (Bueno)","2 (Malo)","2 (Malo)","3 (Bueno)","2 (Malo)","3 (Bueno)","2 (Malo)","3 (Bueno)","3 (Bueno)","3 (Bueno)","3 (Bueno)",Bajo,"Las conexiones que podemos tener con otros estamentos","que no tuviéramos webinar","Creo que este curso es muy importante y debería ser con tutores y webinar"
65,Satisfecho,Sí,Sí,Sí,"Lo esperado","2-3 horas","He escuchado de los contenidos, pero no los conocía.","3 (Bueno)","3 (Bueno)","3 (Bueno)","3 (Bueno)","3 (Bueno)","3 (Bueno)","4 (Muy bueno)","3 (Bueno)","3 (Bueno)","3 (Bueno)","3 (Bueno)","3 (Bueno)","3 (Bueno)","3 (Bueno)","3 (Bueno)","3 (Bueno)",Alto,"La claridad de los aprendizajes y las gráficas","La dificultad de las preguntas","Ninguna, me gusto mucho"
66,Satisfecho,Sí,Sí,Sí,"Más de lo esperado","Más de 8 horas","No los conocía; no había escuchado de estos.","3 (Bueno)","3 (Bueno)","3 (Bueno)","3 (Bueno)","4 (Muy bueno)","2 (Malo)","3 (Bueno)","3 (Bueno)","3 (Bueno)","3 (Bueno)","3 (Bueno)","3 (Bueno)","3 (Bueno)","3 (Bueno)","3 (Bueno)","3 (Bueno)",Alto,"La oportunidad que tuve de ser participe de este curso, que sin duda nos ayudara a mejorar nuestra gestión bibliotecaria. Muchas gracias","Dudas sin resolver, mala fecha de ejecución del curso y no hubo coordinación con la fechas de inicio curso.me asignaron 2 y ambos casi en la misma fecha de ejecución. Como son cursos de formación requieren dedicacion.","El inicio de los cursos es relevante, es estresante al finalizar el año ,se suma todo el proceso termino año escolar. Las tutorías mas efectivas."
67,Satisfecho,Sí,Sí,Sí,"Más de lo esperado","2-3 horas","Los conozco y me son familiares, pero no los manejo en profundidad.","3 (Bueno)","3 (Bueno)","3 (Bueno)","3 (Bueno)","3 (Bueno)","2 (Malo)","3 (Bueno)","3 (Bueno)","3 (Bueno)","3 (Bueno)","3 (Bueno)","3 (Bueno)","3 (Bueno)","3 (Bueno)","3 (Bueno)","3 (Bueno)",Alto,"Aprender en vinculo de la biblioteca con el mundo cultura y su importancia.","actividades demasiado extensas y poca explicación del tema.","Una plata forma de mas facil acceso mas amigable."
68,Satisfecho,Sí,No,Sí,"Lo esperado","4-6 horas","Los conozco y me son familiares, pero no los manejo en profundidad.","2 (Malo)","3 (Bueno)","3 (Bueno)","3 (Bueno)","3 (Bueno)","3 (Bueno)","2 (Malo)","2 (Malo)","3 (Bueno)","3 (Bueno)","3 (Bueno)","2 (Malo)","3 (Bueno)","3 (Bueno)","3 (Bueno)","3 (Bueno)",Bajo,"Que algo se aprende","Las actividades como los foros y las pautas de trabajo","Que no pongan esos pautas de trabajo porque no todo el mundo maneja la tecnología"
69,"Muy satisfecho",Sí,Sí,Sí,"Mucho más de lo esperado","Más de 8 horas","Los conozco y los manejo con profundidad.","3 (Bueno)","4 (Muy bueno)","3 (Bueno)","4 (Muy bueno)","4 (Muy bueno)","4 (Muy bueno)","3 (Bueno)","3 (Bueno)","3 (Bueno)","3 (Bueno)","3 (Bueno)","3 (Bueno)","3 (Bueno)","4 (Muy bueno)","4 (Muy bueno)","4 (Muy bueno)","Muy alto","la información","la plataforma",
70,Satisfecho,No,No,No,"Mucho más de lo esperado","2-3 horas","Los conozco y me son familiares, pero no los manejo en profundidad.","2 (Malo)","2 (Malo)","2 (Malo)","2 (Malo)","2 (Malo)","2 (Malo)","2 (Malo)","2 (Malo)","2 (Malo)","2 (Malo)","2 (Malo)","2 (Malo)","2 (Malo)","2 (Malo)","2 (Malo)","3 (Bueno)",Bajo,"no mucho, prefiero cursos presenciales","falta de mas vídeos explicativos, en vez de tanto texto","no tanto texto escrito y mas vídeos explicativos o con contenido mas dinámico."
71,Satisfecho,Sí,Sí,Sí,"Lo esperado","4-6 horas","He escuchado de los contenidos, pero no los conocía.","3 (Bueno)","3 (Bueno)","3 (Bueno)","3 (Bueno)","3 (Bueno)","3 (Bueno)","3 (Bueno)","3 (Bueno)","3 (Bueno)","3 (Bueno)","3 (Bueno)","3 (Bueno)","3 (Bueno)","3 (Bueno)","3 (Bueno)","3 (Bueno)",Alto,"Obtención de conocimientos","Las preguntas de las pruebas fueron confusas.","Preguntas más claras en su planteamiento."
72,"Muy satisfecho",Sí,Sí,Sí,"Más de lo esperado","4-6 horas","No los conocía; no había escuchado de estos.","3 (Bueno)","3 (Bueno)","4 (Muy bueno)","3 (Bueno)","3 (Bueno)","3 (Bueno)","3 (Bueno)","3 (Bueno)","3 (Bueno)","3 (Bueno)","3 (Bueno)","3 (Bueno)","3 (Bueno)","3 (Bueno)","3 (Bueno)","3 (Bueno)",Alto,"el contenido.","la plataforma para interactuar","que dejaran disponible la plataforma para poder recurrir en cualquier momento, me refiero al curso 0."
73,Satisfecho,Sí,Sí,Sí,"Lo esperado","4-6 horas","Los conozco y me son familiares, pero no los manejo en profundidad.","3 (Bueno)","3 (Bueno)","3 (Bueno)","3 (Bueno)","3 (Bueno)","3 (Bueno)","3 (Bueno)","3 (Bueno)","3 (Bueno)","3 (Bueno)","3 (Bueno)","3 (Bueno)","3 (Bueno)","3 (Bueno)","3 (Bueno)","3 (Bueno)",Alto,"Lo aprendido","El no poder terminar bien el modulo 3, no aprobé el cuestionario con un 60 %","Mas comunicación con el tutor"
74,Satisfecho,Sí,No,No,"Lo esperado","4-6 horas","No los conocía; no había escuchado de estos.","3 (Bueno)","3 (Bueno)","3 (Bueno)","3 (Bueno)","3 (Bueno)","3 (Bueno)","3 (Bueno)","3 (Bueno)","3 (Bueno)","3 (Bueno)","3 (Bueno)","2 (Malo)","3 (Bueno)","3 (Bueno)","2 (Malo)","3 (Bueno)",Alto,"Aprender cosas  que no sabia","muchos ejercicios y no hay mucho tiempo","Era mucha la materia, podría ser un poco menos"
