﻿"Respuesta número","En general, ¿cuál es su nivel de satisfacción con el curso que acaba de terminar?","¿Recomendaría este curso a otro encargado de biblioteca?                       ","¿Volvería a realizar un curso de estas mismas características?          ","¿Eran coherentes las actividades de aprendizaje propuestas para el curso?","Según la percepción de su proceso de aprendizaje y las características de este curso, ¿cuánto considera que aprendió?","¿Cuántas horas cronológicas semanales dedicó a este curso?","¿Qué tan familiares son para usted los contenidos tratados en el curso?","Claridad de los contenidos del curso (temas, definiciones, términos conceptuales, etc.).","Contextualización de los contenidos a su realidad laboral.","La progresión de la secuencia de aprendizaje para ir tratando los contenidos del curso.","Claridad del diseño gráfico de las pantallas de la plataforma.","Facilidad de navegación en la plataforma.","El funcionamiento de la mesa de ayuda para estudiantes (mediante contacto por correo electrónico).","Claridad de las actividades de aprendizaje propuestas.","Consistencia de las actividades de aprendizaje propuestas con los aprendizajes del curso.","Coherencia de las actividades de aprendizaje propuestas.","Cantidad de información aportada por el curso.","Profundidad en el tratamiento de los aprendizajes esperados.","Claridad de las instrucciones de las actividades.","Claridad de las instrucciones y preguntas en las evaluaciones.","Calidad de las orientaciones para retroalimentar las actividades y evaluaciones.","El apoyo del tutor para responder preguntas en el foro.","¿Cómo evaluaría el nivel de transferencia de los aprendizajes a su contexto laboral?","¿Qué es lo que más valora del curso que acaba de terminar?              ","¿Qué es lo que menos le gustó del curso que acaba de terminar?          ","¿Qué sugerencias haría para mejorar el curso en el futuro?"
1,Satisfecho,Sí,Sí,Sí,"Más de lo esperado","4-6 horas","Los conozco y me son familiares, pero no los manejo en profundidad.","3 (Bueno)","3 (Bueno)","3 (Bueno)","3 (Bueno)","3 (Bueno)","3 (Bueno)","3 (Bueno)","3 (Bueno)","3 (Bueno)","3 (Bueno)","3 (Bueno)","3 (Bueno)","3 (Bueno)","3 (Bueno)","3 (Bueno)",Alto,"la cantidad de contenido disponible para trabajar","la cantidad de actividades solo por el echo que a final de año no son compatibles con mi carga laboral","que lo hagan en otras fechas para poder dedicarle mas tiempo"
2,Insatisfecho,Sí,No,Sí,"Lo esperado","4-6 horas","He escuchado de los contenidos, pero no los conocía.","3 (Bueno)","3 (Bueno)","2 (Malo)","1 (Muy malo)","2 (Malo)","3 (Bueno)","2 (Malo)","3 (Bueno)","3 (Bueno)","3 (Bueno)","2 (Malo)","2 (Malo)","1 (Muy malo)","1 (Muy malo)","3 (Bueno)","Muy bajo","Obtener conocimientos.","La plataforma, era de muy difícil acceso, aveces quería realizar las actividades y no se podían hacer y eso lo hacía más difícil aún.","Primero, que realicen una capacitación previa sobre la plataforma o algún curso rápido de computación. Lo segundo más claridad en los contenidos, porque cuando realizábamos las evaluaciones con apuntes en mano, no coincidían las respuestas y uno quedaba marcando ocupado."
3,"Muy Satisfecho",Sí,Sí,Sí,"Menos de lo esperado","6-8 horas","Los conozco y me son familiares, pero no los manejo en profundidad.","4 (Muy bueno)","4 (Muy bueno)","4 (Muy bueno)","4 (Muy bueno)","4 (Muy bueno)","4 (Muy bueno)","4 (Muy bueno)","4 (Muy bueno)","4 (Muy bueno)","4 (Muy bueno)","4 (Muy bueno)","4 (Muy bueno)","4 (Muy bueno)","4 (Muy bueno)","4 (Muy bueno)",Alto,"Aprender nuevos conocimientos para mejor mi desarrollo como encargado.","Muchas actividades a realizar ya que no todos tenemos tiempo para estar en el curso como se debería querer.","Mas actividades lúdicas y implementación de material mas didáctico."
4,Satisfecho,Sí,Sí,Sí,"Más de lo esperado","4-6 horas","Los conozco y los manejo con profundidad.","3 (Bueno)","3 (Bueno)","3 (Bueno)","3 (Bueno)","3 (Bueno)","3 (Bueno)","3 (Bueno)","3 (Bueno)","3 (Bueno)","3 (Bueno)","3 (Bueno)","3 (Bueno)","3 (Bueno)","3 (Bueno)","3 (Bueno)",Alto,"La actualización de varias áreas del uso de la biblioteca escolar","La extensión innecesaria de los módulos","Reducir la extensión de los módulos"
5,Satisfecho,Sí,Sí,Sí,"Lo esperado","2-3 horas","No los conocía; no había escuchado de estos.","4 (Muy bueno)","4 (Muy bueno)","3 (Bueno)","3 (Bueno)","4 (Muy bueno)","4 (Muy bueno)","3 (Bueno)","3 (Bueno)","3 (Bueno)","4 (Muy bueno)","4 (Muy bueno)","4 (Muy bueno)","4 (Muy bueno)","4 (Muy bueno)","3 (Bueno)",Alto,"haber adquiridos conocimientos nuevos de los cuales para mi eran totalmente desconocidos.","muchas actividades","podrían hacer menos actividades pero mas concretas"
6,"Muy Satisfecho",Sí,Sí,Sí,"Más de lo esperado","4-6 horas","No los conocía; no había escuchado de estos.","4 (Muy bueno)","4 (Muy bueno)","4 (Muy bueno)","4 (Muy bueno)","4 (Muy bueno)","4 (Muy bueno)","4 (Muy bueno)","4 (Muy bueno)","4 (Muy bueno)","4 (Muy bueno)","4 (Muy bueno)","4 (Muy bueno)","4 (Muy bueno)","4 (Muy bueno)","4 (Muy bueno)","Muy bajo","lo aprendido","la claridad de los tectos","que sean mas cortos"
7,"Muy Satisfecho",Sí,Sí,Sí,"Mucho más de lo esperado","Más de 8 horas","Los conozco y me son familiares, pero no los manejo en profundidad.","3 (Bueno)","2 (Malo)","4 (Muy bueno)","3 (Bueno)","3 (Bueno)","4 (Muy bueno)","3 (Bueno)","4 (Muy bueno)","3 (Bueno)","4 (Muy bueno)","4 (Muy bueno)","4 (Muy bueno)","4 (Muy bueno)","4 (Muy bueno)","4 (Muy bueno)","Muy alto","Valoro todo lo que aprendí, hay muchas cosas nuevas que hice que jamás las había hecho, como planificar y hacer proyectos.","demasiadas actividades, me fue imposible hacerlas todas, además es fin de año y un mucho trabajo de  en el colegio.","Uno se estresa demasiado con las tareas y actividades, pienso que deberían ser menos, además hay mucha terminología que uno no maneja y nosotros como asistente o encargado de biblioteca no nos había tocado hacer planificaciones ni proyectos."
8,Satisfecho,Sí,No,Sí,"Lo esperado","4-6 horas","No los conocía; no había escuchado de estos.","3 (Bueno)","3 (Bueno)","3 (Bueno)","3 (Bueno)","3 (Bueno)","3 (Bueno)","3 (Bueno)","3 (Bueno)","3 (Bueno)","3 (Bueno)","3 (Bueno)","3 (Bueno)","3 (Bueno)","3 (Bueno)","3 (Bueno)",Alto,"claridad y vigencia de los temas.","demasiada lectura y conceptos en tan poco tiempo. Por ka epoca del año escolar es dificil una mayor concentracion y destinacion de tiempos.","Que sean a mitad de año escolar."
9,Satisfecho,Sí,Sí,Sí,"Más de lo esperado","2-3 horas","Los conozco y me son familiares, pero no los manejo en profundidad.","3 (Bueno)","3 (Bueno)","3 (Bueno)","3 (Bueno)","3 (Bueno)","3 (Bueno)","3 (Bueno)","3 (Bueno)","3 (Bueno)","3 (Bueno)","3 (Bueno)","3 (Bueno)","3 (Bueno)","3 (Bueno)","3 (Bueno)",Alto,"Conocimientos nuevos adquiridos, aunque no participe como hubiera querido, estos cursos merecen tiempo y en este año yo no lo tenia al cien por ciento...me quedo con lo aprendido","mi falta de tiempo para con los cursos","solo un año normal, mejoras en la plataforma"
10,"Muy Satisfecho",Sí,Sí,Sí,"Mucho más de lo esperado","Más de 8 horas","Los conozco y me son familiares, pero no los manejo en profundidad.","4 (Muy bueno)","4 (Muy bueno)","3 (Bueno)","4 (Muy bueno)","4 (Muy bueno)","3 (Bueno)","4 (Muy bueno)","3 (Bueno)","3 (Bueno)","4 (Muy bueno)","4 (Muy bueno)","4 (Muy bueno)","4 (Muy bueno)","4 (Muy bueno)","3 (Bueno)",Alto,"El abordar temas que actualmente nos aqueja y como enfocarlos al aprendizaje de las y los estudiantes.","Mucho contenido para leer, sólo por la falta de tiempo para dedicarle a la lectura.","Más webinar explicativos y menos lecturas"
11,Satisfecho,Sí,Sí,Sí,"Más de lo esperado","2-3 horas","He escuchado de los contenidos, pero no los conocía.","3 (Bueno)","3 (Bueno)","3 (Bueno)","3 (Bueno)","1 (Muy malo)","3 (Bueno)","3 (Bueno)","3 (Bueno)","3 (Bueno)","3 (Bueno)","3 (Bueno)","3 (Bueno)","3 (Bueno)","3 (Bueno)","3 (Bueno)",Alto,...,..,"Separar mejor los módulos"
12,Satisfecho,Sí,Sí,Sí,"Lo esperado","4-6 horas","He escuchado de los contenidos, pero no los conocía.","3 (Bueno)","3 (Bueno)","3 (Bueno)","3 (Bueno)","3 (Bueno)","3 (Bueno)","3 (Bueno)","3 (Bueno)","3 (Bueno)","3 (Bueno)","3 (Bueno)","3 (Bueno)","3 (Bueno)","3 (Bueno)","3 (Bueno)","Muy alto","Los contenidos","Los tiempos de entrega de las actividades","Que fueran mas flexibles las fechas de entrega de las actividades ya que hay semanas que en los colegios no tenemos tiempo para realizar las actividades."
13,Satisfecho,Sí,Sí,Sí,"Lo esperado","6-8 horas","No los conocía; no había escuchado de estos.","3 (Bueno)","3 (Bueno)","3 (Bueno)","3 (Bueno)","4 (Muy bueno)","4 (Muy bueno)","4 (Muy bueno)","3 (Bueno)","3 (Bueno)","3 (Bueno)","3 (Bueno)","3 (Bueno)","3 (Bueno)","3 (Bueno)","3 (Bueno)",Alto,"Los contenido de cada modulo los enontre muy buenos","Las tareas, es mas por tiempo.","mas tiempo, uno en realidad no dispone de mucho tiempo, en el trabajo imposible estudiar, solo se puede en el hogar-"
14,"Muy Satisfecho",Sí,No,Sí,"Más de lo esperado","4-6 horas","Los conozco y me son familiares, pero no los manejo en profundidad.","4 (Muy bueno)","4 (Muy bueno)","4 (Muy bueno)","4 (Muy bueno)","4 (Muy bueno)","3 (Bueno)","4 (Muy bueno)","4 (Muy bueno)","4 (Muy bueno)","4 (Muy bueno)","4 (Muy bueno)","4 (Muy bueno)","4 (Muy bueno)","4 (Muy bueno)","3 (Bueno)",Alto,"Excelente curso aprendí  bastante 
Temas  que conocía pero no manejaba, me sirvió todo  lo que aprendí","Que fuera a fin de año, donde uno tiene muchas labores que hacer. quizás la  menor por la fecha es encargarme de biblioteca ...","Que fuera en otra fecha"
15,"Muy Satisfecho",Sí,Sí,Sí,"Mucho más de lo esperado","2-3 horas","No los conocía; no había escuchado de estos.","4 (Muy bueno)","4 (Muy bueno)","4 (Muy bueno)","4 (Muy bueno)","4 (Muy bueno)","4 (Muy bueno)","4 (Muy bueno)","4 (Muy bueno)","4 (Muy bueno)","4 (Muy bueno)","4 (Muy bueno)","4 (Muy bueno)","4 (Muy bueno)","4 (Muy bueno)","4 (Muy bueno)","Muy alto","La integración del material impreso con el material digital.","La cantidad de material por leer en poco tiempo.","Como le he mencionado antes considerar los tiempos, ya que se hace harta pega y el tiempo a dedicar se acorta."
16,"Muy Insatisfecho",Sí,Sí,Sí,"Mucho más de lo esperado","6-8 horas","No los conocía; no había escuchado de estos.","3 (Bueno)","4 (Muy bueno)","4 (Muy bueno)","4 (Muy bueno)","3 (Bueno)","4 (Muy bueno)","4 (Muy bueno)","4 (Muy bueno)","3 (Bueno)","4 (Muy bueno)","4 (Muy bueno)","3 (Bueno)","4 (Muy bueno)","4 (Muy bueno)","4 (Muy bueno)",Alto,"Todo lo enseñado no lo sabia, jamás me mostraron que es un bibliotecario, acá aprendí cual es el rol.","Tengo problemas de concentración, por la lectura, la molestia de atender gente no me dejaba concentrar.","Me costo entender los vides en ingles, ya que escucho con los ojos cerrados, pero estos tenia que pausar para leer."
17,Insatisfecho,No,No,Sí,"Lo esperado","Más de 8 horas","He escuchado de los contenidos, pero no los conocía.","4 (Muy bueno)","3 (Bueno)","4 (Muy bueno)","2 (Malo)","1 (Muy malo)","1 (Muy malo)","2 (Malo)","4 (Muy bueno)","4 (Muy bueno)","4 (Muy bueno)","4 (Muy bueno)","2 (Malo)","2 (Malo)","3 (Bueno)","1 (Muy malo)",Alto,"Valoro los papers, las noticias, los sitios webs y los distintos documentos que expusieron en el curso. Fueron de gran ayuda, gracias a ellos aprendí mucho durante este curso.","La forma de relacionarse con la página. No es amigable para quien no sabe de tecnología. Además, nunca me respondieron las dudas que tuve ni por correo ni por el curso. Por ejemplo, tuve una respuesta mala en una prueba, que evidentemente estaba buena y no tuve respuesta. Luego, consulte por unas dudas que tenía en una actividad, tampoco me respondieron. Además, tengo todo hecho y los porcentajes no cambian.","Que haya un horario de atención para poder preguntar dudas y preguntas y que te respondan a la brevedad. Además, que no sea tan extenso, ya que trabajamos y es muy poco el tiempo con el que disponemos para realizar el curso."
18,Satisfecho,Sí,Sí,Sí,"Más de lo esperado","2-3 horas","Los conozco y me son familiares, pero no los manejo en profundidad.","3 (Bueno)","3 (Bueno)","3 (Bueno)","4 (Muy bueno)","3 (Bueno)","3 (Bueno)","3 (Bueno)","3 (Bueno)","3 (Bueno)","4 (Muy bueno)","3 (Bueno)","3 (Bueno)","3 (Bueno)","3 (Bueno)","3 (Bueno)",Bajo,"Compartir experiencias con otros bibliotecarios.","No domino muy bien el computador y las clases online por lo cual mucha información no me resulto muy familiar.","Mas tiempo para asimilar cada clase."
19,Satisfecho,Sí,Sí,Sí,"Más de lo esperado","Más de 8 horas","He escuchado de los contenidos, pero no los conocía.","4 (Muy bueno)","4 (Muy bueno)","3 (Bueno)","3 (Bueno)","3 (Bueno)","4 (Muy bueno)","3 (Bueno)","3 (Bueno)","3 (Bueno)","3 (Bueno)","3 (Bueno)","4 (Muy bueno)","3 (Bueno)","4 (Muy bueno)","4 (Muy bueno)",Alto,"LA INFORMACIÓN ACTUALIZADA.","ME GUSTO TODO, NO QUEDE DESCONFORME CON NADA.","NO REALIZAR LOS CURSOS A FIN DE AÑO, YA QUE MUCHOS COLEGAS ESTAMOS CON MUCHO TRABAJO EN ESAS FECHAS."
20,"Muy Satisfecho",Sí,No,No,"Lo esperado","Más de 8 horas","Los conozco y me son familiares, pero no los manejo en profundidad.","1 (Muy malo)","2 (Malo)","3 (Bueno)","2 (Malo)","1 (Muy malo)","1 (Muy malo)","2 (Malo)","3 (Bueno)","3 (Bueno)","2 (Malo)","3 (Bueno)","2 (Malo)","2 (Malo)","2 (Malo)","2 (Malo)",Alto,"Poder haber aprendido a manejar la plataforma. si es mi primer curso online. en mi unidad educativa estoy con varias actividades a causa de la pandemia. y debo realizar clase por el aforo.","Demasiado que leer,(mucha información) en lo personal imposible leer en el trabajo, lo debo hacer de mi casa.","Información resumida, mas didactico. Y sobre  todo las persona s que no nos fue bien en la prueba de diagnóstico. No castigarla con tantos módulos y cursos. Les sugiero de a poco que queden ganas de seguir aprendiendo."
21,"Muy Satisfecho",Sí,Sí,Sí,"Mucho más de lo esperado","6-8 horas","He escuchado de los contenidos, pero no los conocía.","4 (Muy bueno)","4 (Muy bueno)","4 (Muy bueno)","4 (Muy bueno)","4 (Muy bueno)","4 (Muy bueno)","4 (Muy bueno)","4 (Muy bueno)","4 (Muy bueno)","4 (Muy bueno)","4 (Muy bueno)","4 (Muy bueno)","4 (Muy bueno)","4 (Muy bueno)","4 (Muy bueno)",Alto,"su cognivisión y entrega de material apropiado que va de menos a más.","los videos y su estructura de análisis","a todos nos falta tiempo para profundizar el trabajo"
22,Satisfecho,Sí,Sí,Sí,"Lo esperado","Más de 8 horas","Los conozco y me son familiares, pero no los manejo en profundidad.","3 (Bueno)","3 (Bueno)","3 (Bueno)","3 (Bueno)","2 (Malo)","3 (Bueno)","3 (Bueno)","3 (Bueno)","3 (Bueno)","3 (Bueno)","3 (Bueno)","3 (Bueno)","3 (Bueno)","3 (Bueno)","3 (Bueno)",Alto,"valoro que con  todo el esfuerzo logre hacer todas las actividades  que se indican .","pienso que es muy intenso el material de estudio","que sean uno en uno"
23,Satisfecho,Sí,Sí,Sí,"Lo esperado","2-3 horas","Los conozco y me son familiares, pero no los manejo en profundidad.","3 (Bueno)","3 (Bueno)","3 (Bueno)","3 (Bueno)","4 (Muy bueno)","3 (Bueno)","3 (Bueno)","3 (Bueno)","3 (Bueno)","3 (Bueno)","3 (Bueno)","3 (Bueno)","3 (Bueno)","3 (Bueno)","3 (Bueno)",Alto,"La calidad de la información entregada.","Que fueron bastantes las actividades que tuve que realizar.","Que la cantidad de actividades sean acotadas."
24,Satisfecho,Sí,No,Sí,"Más de lo esperado","2-3 horas","Los conozco y me son familiares, pero no los manejo en profundidad.","3 (Bueno)","3 (Bueno)","3 (Bueno)","3 (Bueno)","3 (Bueno)","3 (Bueno)","3 (Bueno)","3 (Bueno)","3 (Bueno)","3 (Bueno)","3 (Bueno)","3 (Bueno)","3 (Bueno)","3 (Bueno)","3 (Bueno)",Alto,"apredi varias cosas mas.","estubo bien",nada
25,"Muy Satisfecho",Sí,Sí,Sí,"Más de lo esperado","4-6 horas","He escuchado de los contenidos, pero no los conocía.","4 (Muy bueno)","4 (Muy bueno)","4 (Muy bueno)","4 (Muy bueno)","4 (Muy bueno)","4 (Muy bueno)","4 (Muy bueno)","4 (Muy bueno)","4 (Muy bueno)","4 (Muy bueno)","4 (Muy bueno)","4 (Muy bueno)","4 (Muy bueno)","4 (Muy bueno)","4 (Muy bueno)","Muy alto","La materia que nos ayuda a ser una biblioteca más globalizada","El tiempo",Nada
26,Satisfecho,Sí,Sí,Sí,"Más de lo esperado","6-8 horas","Los conozco y me son familiares, pero no los manejo en profundidad.","3 (Bueno)","3 (Bueno)","3 (Bueno)","3 (Bueno)","3 (Bueno)","4 (Muy bueno)","3 (Bueno)","3 (Bueno)","3 (Bueno)","4 (Muy bueno)","3 (Bueno)","3 (Bueno)","3 (Bueno)","3 (Bueno)","4 (Muy bueno)",Alto,"Valoro el apoyo entregado por mi tutora, ya que estuvo siempre atenta a resolver mis inquietudes y a orientarme.
También valoro los contenidos tratados a lo largo del curso",nada,"Realizar acompañamientos simultáneos y/o presenciales para poder apoyarnos mas en la realización de las diversas actividades"
27,"Muy Satisfecho",Sí,Sí,Sí,"Más de lo esperado","2-3 horas","He escuchado de los contenidos, pero no los conocía.","4 (Muy bueno)","3 (Bueno)","3 (Bueno)","4 (Muy bueno)","3 (Bueno)","4 (Muy bueno)","4 (Muy bueno)","4 (Muy bueno)","4 (Muy bueno)","4 (Muy bueno)","3 (Bueno)","3 (Bueno)","3 (Bueno)","4 (Muy bueno)","4 (Muy bueno)",Alto,"El comprender mejor la función de la biblioteca Cra","el hecho de tener que hacer dos cursos al mismo tiempo","No dictarlo en diciembre (temino del año escolar y sobre carga de trabajo)"
28,Satisfecho,Sí,Sí,Sí,"Más de lo esperado","4-6 horas","Los conozco y me son familiares, pero no los manejo en profundidad.","4 (Muy bueno)","2 (Malo)","4 (Muy bueno)","4 (Muy bueno)","4 (Muy bueno)","4 (Muy bueno)","3 (Bueno)","3 (Bueno)","3 (Bueno)","4 (Muy bueno)","4 (Muy bueno)","4 (Muy bueno)","4 (Muy bueno)","4 (Muy bueno)","4 (Muy bueno)","Muy alto","La oportunidad de acceder a videos, textos y recursos informativos que amplíen el conocimiento respecto a distintos contenidos.","La cantidad excesiva de actividades, considerando que tengo una jornada laboral de 44 horas y me desempeño como profesora, lo que implica mucho trabajo.","Una cantidad menor de actividades sin restar efectividad al curso."
29,Satisfecho,Sí,Sí,Sí,"Menos de lo esperado","4-6 horas","No los conocía; no había escuchado de estos.","3 (Bueno)","3 (Bueno)","3 (Bueno)","3 (Bueno)","2 (Malo)","2 (Malo)","2 (Malo)","2 (Malo)","2 (Malo)","3 (Bueno)","3 (Bueno)","3 (Bueno)","3 (Bueno)","3 (Bueno)","3 (Bueno)","Muy alto","el material y videos","los foros","no esta bien"
30,Satisfecho,Sí,Sí,Sí,"Más de lo esperado","2-3 horas","He escuchado de los contenidos, pero no los conocía.","3 (Bueno)","3 (Bueno)","3 (Bueno)","4 (Muy bueno)","3 (Bueno)","3 (Bueno)","3 (Bueno)","3 (Bueno)","3 (Bueno)","3 (Bueno)","3 (Bueno)","4 (Muy bueno)","3 (Bueno)","3 (Bueno)","3 (Bueno)","Muy alto","que me enseño mucho","hay cosas que no encontré claras, que en algunas preguntas no pude realizaras porque no salia las respuestas","eso que deben ser un poquito mas clara con la información"
31,Insatisfecho,Sí,Sí,Sí,"Lo esperado","2-3 horas","No los conocía; no había escuchado de estos.","3 (Bueno)","3 (Bueno)","3 (Bueno)","3 (Bueno)","2 (Malo)","3 (Bueno)","3 (Bueno)","3 (Bueno)","3 (Bueno)","3 (Bueno)","3 (Bueno)","3 (Bueno)","3 (Bueno)","3 (Bueno)","3 (Bueno)",Bajo,"conocer el termino ciudadano digital","los videos","mas claridad en la informacion entregada"
32,"Muy Satisfecho",Sí,Sí,Sí,"Mucho más de lo esperado","6-8 horas","Los conozco y me son familiares, pero no los manejo en profundidad.","4 (Muy bueno)","4 (Muy bueno)","4 (Muy bueno)","4 (Muy bueno)","4 (Muy bueno)","4 (Muy bueno)","4 (Muy bueno)","4 (Muy bueno)","4 (Muy bueno)","4 (Muy bueno)","4 (Muy bueno)","4 (Muy bueno)","4 (Muy bueno)","4 (Muy bueno)","4 (Muy bueno)","Muy alto","-En primer lugar la exposición de  los contenidos 
-El material expositivo de los vídeos
-Las estrategias metodológicas las cuales fueron viables y fácil de  aplicar  
-Por ultimo lo motivador y dinámico del curso","-En general  lo único que me cansaba un poco eran los  textos aveces un poco extensos","- Una de las sugerencia seria que fuera a principios de marzo ya que en esta fecha las escuelas están sobrepasadas de trabajo y en general a nosotras se nos piden cumplir varia funciones por lo que no tenemos mucho tiempo para  desarrollar en forma tranquila las actividades"
33,Satisfecho,Sí,Sí,Sí,"Lo esperado","2-3 horas","No los conocía; no había escuchado de estos.","3 (Bueno)","3 (Bueno)","3 (Bueno)","4 (Muy bueno)","3 (Bueno)","3 (Bueno)","3 (Bueno)","3 (Bueno)","3 (Bueno)","4 (Muy bueno)","3 (Bueno)","3 (Bueno)","3 (Bueno)","4 (Muy bueno)","2 (Malo)",Alto,"la oportunidad que se me dio, ya que no tenia ningun conocimiento a cerca del trabajo en biblioteca.","nada, todo bien. solo que yo no me manejo mucho en esto de la tecnologia.","que pudieran ser clases presenciales, se me haria mas facil."
34,Satisfecho,Sí,Sí,Sí,"Más de lo esperado","Más de 8 horas","He escuchado de los contenidos, pero no los conocía.","3 (Bueno)","2 (Malo)","3 (Bueno)","3 (Bueno)","3 (Bueno)","3 (Bueno)","3 (Bueno)","3 (Bueno)","3 (Bueno)","3 (Bueno)","3 (Bueno)","2 (Malo)","3 (Bueno)","3 (Bueno)","3 (Bueno)",Bajo,"Los contenidos aprendidos","Muchas actividades , y lectura , ya que me fue imposible leer todo, por falta de tiempo","Ejemplificar las actividades"
35,Satisfecho,Sí,Sí,Sí,"Más de lo esperado","2-3 horas","Los conozco y me son familiares, pero no los manejo en profundidad.","3 (Bueno)","3 (Bueno)","3 (Bueno)","3 (Bueno)","3 (Bueno)","3 (Bueno)","3 (Bueno)","3 (Bueno)","3 (Bueno)","3 (Bueno)","3 (Bueno)","3 (Bueno)","3 (Bueno)","3 (Bueno)","3 (Bueno)","Muy alto","Conser las opiniones de otras personas sobres sus biblioteca","Que a lo mejor faltaba mas apoyo","Ningún tipo de sugerencias"
36,Satisfecho,Sí,No,No,"Lo esperado","4-6 horas","Los conozco y me son familiares, pero no los manejo en profundidad.","3 (Bueno)","2 (Malo)","2 (Malo)","2 (Malo)","3 (Bueno)","3 (Bueno)","2 (Malo)","2 (Malo)","2 (Malo)","3 (Bueno)","3 (Bueno)","3 (Bueno)","3 (Bueno)","3 (Bueno)","3 (Bueno)",Bajo,"La información entregada","que esta dirigido mayormente a docentes, y habemos asistentes a cargo de los CRA.","Que ojalá los hagan enfocados para UTP y docentes coordinadores, para que entiendan la importancia de las bibliotecas en los establecimiento , ya que los encargados nos llevamos todo el trabajo y mas los cursos, y al fin y al cabo somos los que menos decidimos en las escuelas"
37,"Muy Satisfecho",Sí,Sí,Sí,"Más de lo esperado","4-6 horas","No los conocía; no había escuchado de estos.","3 (Bueno)","2 (Malo)","3 (Bueno)","3 (Bueno)","3 (Bueno)","3 (Bueno)","3 (Bueno)","3 (Bueno)","3 (Bueno)","3 (Bueno)","3 (Bueno)","3 (Bueno)","3 (Bueno)","3 (Bueno)","3 (Bueno)",Bajo,"Conocimiento adquirido.","Nada en especial.","Estoy bastante conforme, no se me ocurre algún cambio."
38,Satisfecho,Sí,Sí,Sí,"Lo esperado","2-3 horas","Los conozco y me son familiares, pero no los manejo en profundidad.","3 (Bueno)","3 (Bueno)","3 (Bueno)","3 (Bueno)","3 (Bueno)","3 (Bueno)","3 (Bueno)","3 (Bueno)","3 (Bueno)","3 (Bueno)","3 (Bueno)","3 (Bueno)","3 (Bueno)","3 (Bueno)","3 (Bueno)","Muy alto","Los conocimientos","El poco tiempo para estudiarlo","Enviarlos cuando no se tengan mas cursos ,ya que se dificulta por falta de tiempo"
39,Satisfecho,Sí,Sí,Sí,"Más de lo esperado","2-3 horas","No los conocía; no había escuchado de estos.","3 (Bueno)","3 (Bueno)","3 (Bueno)","3 (Bueno)","3 (Bueno)","3 (Bueno)","3 (Bueno)","3 (Bueno)","3 (Bueno)","3 (Bueno)","3 (Bueno)","3 (Bueno)","3 (Bueno)","3 (Bueno)","3 (Bueno)",Alto,"habían cosas que no sabia y es bueno a si las podre aplicar en la biblioteca y todo lo que conlleva ella.","solo que  son muy  pocas horas que uno le puede dedicar al curso","que sean mas cortas las actividades como ejemplo video un poco de teoría y prueba"
40,Satisfecho,Sí,Sí,Sí,"Lo esperado","2-3 horas","No los conocía; no había escuchado de estos.","3 (Bueno)","3 (Bueno)","3 (Bueno)","3 (Bueno)","3 (Bueno)","3 (Bueno)","3 (Bueno)","3 (Bueno)","3 (Bueno)","3 (Bueno)","3 (Bueno)","3 (Bueno)","3 (Bueno)","3 (Bueno)","2 (Malo)",Alto,"Saber que mi Biblioteca va por buen camino","El no tener tutor","Mas tutores."
