﻿"Respuesta número","En general, ¿cuál es su nivel de satisfacción con el curso que acaba de terminar?","¿Recomendaría este curso a otro encargado de biblioteca?                       ","¿Volvería a realizar un curso de estas mismas características?          ","¿Eran coherentes las actividades de aprendizaje propuestas para el curso?","Según la percepción de su proceso de aprendizaje y las características de este curso, ¿cuánto considera que aprendió?","¿Cuántas horas cronológicas semanales dedicó a este curso?","¿Qué tan familiares son para usted los contenidos tratados en el curso?","Claridad de los contenidos del curso (temas, definiciones, términos conceptuales, etc.).","Contextualización de los contenidos a su realidad laboral.","La progresión de la secuencia de aprendizaje para ir tratando los contenidos del curso.","Claridad del diseño gráfico de las pantallas de la plataforma.","Facilidad de navegación en la plataforma.","El funcionamiento de la mesa de ayuda para estudiantes (mediante contacto por correo electrónico).","Claridad de las actividades de aprendizaje propuestas.","Consistencia de las actividades de aprendizaje propuestas con los aprendizajes del curso.","Coherencia de las actividades de aprendizaje propuestas.","Cantidad de información aportada por el curso.","Profundidad en el tratamiento de los aprendizajes esperados.","Claridad de las instrucciones de las actividades.","Claridad de las instrucciones y preguntas en las evaluaciones.","Calidad de las orientaciones para retroalimentar las actividades y evaluaciones.","El apoyo del tutor para responder preguntas en el foro.","¿Cómo evaluaría el nivel de transferencia de los aprendizajes a su contexto laboral?","¿Qué es lo que más valora del curso que acaba de terminar?              ","¿Qué es lo que menos le gustó del curso que acaba de terminar?          ","¿Qué sugerencias haría para mejorar el curso en el futuro?"
1,"Muy Satisfecho",Sí,Sí,Sí,"Mucho más de lo esperado","4-6 horas","Los conozco y me son familiares, pero no los manejo en profundidad.","4 (Muy bueno)","4 (Muy bueno)","4 (Muy bueno)","3 (Bueno)","3 (Bueno)","3 (Bueno)","4 (Muy bueno)","4 (Muy bueno)","4 (Muy bueno)","4 (Muy bueno)","4 (Muy bueno)","4 (Muy bueno)","4 (Muy bueno)","4 (Muy bueno)","4 (Muy bueno)",Alto,"El aprendizaje que me dejo.","Muchas preguntas que no alcance de contestar, pero me quedo bien claro y aprendí mucho.","Yo creo que ninguna porque es un curso muy bueno"
2,Satisfecho,Sí,Sí,Sí,"Más de lo esperado","2-3 horas","Los conozco y me son familiares, pero no los manejo en profundidad.","3 (Bueno)","3 (Bueno)","3 (Bueno)","3 (Bueno)","3 (Bueno)","3 (Bueno)","3 (Bueno)","3 (Bueno)","3 (Bueno)","3 (Bueno)","3 (Bueno)","3 (Bueno)","3 (Bueno)","3 (Bueno)","3 (Bueno)",Alto,"DE COMO INGRESAR  A LA PLATAFORMA.","QUE  FUE MUCHA INFORMACION DE COMO INGRESAR A MUCHOS LUGARES .",NINGUNA
3,Satisfecho,Sí,Sí,Sí,"Lo esperado","Más de 8 horas","Los conozco y me son familiares, pero no los manejo en profundidad.","3 (Bueno)","3 (Bueno)","3 (Bueno)","3 (Bueno)","3 (Bueno)","3 (Bueno)","3 (Bueno)","3 (Bueno)","3 (Bueno)","3 (Bueno)","3 (Bueno)","3 (Bueno)","3 (Bueno)","3 (Bueno)","3 (Bueno)",Alto,"Su fácil acceso y material","el tiempo disponible","Aumentar los plazos para realizar las actividades."
4,Satisfecho,Sí,Sí,Sí,"Más de lo esperado","4-6 horas","Los conozco y me son familiares, pero no los manejo en profundidad.","4 (Muy bueno)","4 (Muy bueno)","3 (Bueno)","3 (Bueno)","3 (Bueno)","3 (Bueno)","3 (Bueno)","3 (Bueno)","3 (Bueno)","3 (Bueno)","3 (Bueno)","3 (Bueno)","3 (Bueno)","3 (Bueno)","3 (Bueno)",Alto,"como van abarcando el aprendizaje entre los estudiantes","soporte técnico porque se envian correo y la respuesta es muy lenta","Antes de empezar el curso hagan una inducción"
5,Satisfecho,Sí,No,No,"Más de lo esperado","2-3 horas","Los conozco y me son familiares, pero no los manejo en profundidad.","3 (Bueno)","3 (Bueno)","3 (Bueno)","3 (Bueno)","2 (Malo)","3 (Bueno)","3 (Bueno)","3 (Bueno)","3 (Bueno)","3 (Bueno)","3 (Bueno)","3 (Bueno)","3 (Bueno)","3 (Bueno)","3 (Bueno)",Bajo,"que he aprendido cosas que no tenia en conocimiento","el tiempo de los cursos  ya que por lo menos yo estuve con dificultades para rendir con los cursos ya que por esa misma razón  no tuve un buen rendimiento .","que se hicieran  cursos pero de 1 o 2 cursos  ya que por tiempo es  difícil   dedicarse y concentrarse  por estar pensando que el tiempo que uno tiene no alcanzara 
me  gustaron los cursos pero ese detalle de que son varios cursos  y el tiempo no nos acompaña . la idea es tener un buen rendimiento , el poder aprender y tener claro .pero con poco tiempo y varios cursos es difícil ."
6,Satisfecho,Sí,Sí,Sí,"Más de lo esperado","6-8 horas","He escuchado de los contenidos, pero no los conocía.","4 (Muy bueno)","3 (Bueno)","3 (Bueno)","3 (Bueno)","3 (Bueno)","3 (Bueno)","3 (Bueno)","3 (Bueno)","3 (Bueno)","3 (Bueno)","3 (Bueno)","3 (Bueno)","3 (Bueno)","3 (Bueno)","3 (Bueno)",Alto,"CONOCER QUE ES UNA BIBLIOTECA CRA","LA DURACIÓN DEL CURSO","CONSIDERAR MÁS TIEMPO DE DURACIÓN, YA QUE TENGO QUE REALIZAR MÁS FUNCIONES"
7,Satisfecho,Sí,Sí,Sí,"Más de lo esperado","2-3 horas","Los conozco y me son familiares, pero no los manejo en profundidad.","3 (Bueno)","3 (Bueno)","3 (Bueno)","3 (Bueno)","3 (Bueno)","3 (Bueno)","3 (Bueno)","3 (Bueno)","3 (Bueno)","3 (Bueno)","3 (Bueno)","3 (Bueno)","3 (Bueno)","3 (Bueno)","3 (Bueno)","Muy alto","Poder perfeccionarme","Algunos conceptos confusos","Más Material Audiovisual"
8,"Muy Satisfecho",Sí,Sí,Sí,"Mucho más de lo esperado","Más de 8 horas","He escuchado de los contenidos, pero no los conocía.","4 (Muy bueno)","4 (Muy bueno)","4 (Muy bueno)","4 (Muy bueno)","4 (Muy bueno)","4 (Muy bueno)","4 (Muy bueno)","4 (Muy bueno)","4 (Muy bueno)","4 (Muy bueno)","4 (Muy bueno)","4 (Muy bueno)","4 (Muy bueno)","4 (Muy bueno)","4 (Muy bueno)","Muy alto","muy interesante",jlsk,klsfkdl
9,Insatisfecho,Sí,Sí,Sí,"Lo esperado","2-3 horas","Los conozco y me son familiares, pero no los manejo en profundidad.","2 (Malo)","2 (Malo)","2 (Malo)","1 (Muy malo)","1 (Muy malo)","2 (Malo)","2 (Malo)","2 (Malo)","2 (Malo)","2 (Malo)","2 (Malo)","2 (Malo)","2 (Malo)","2 (Malo)","2 (Malo)",Bajo,"El contenido general del curso","No pude acceder ni realizar las actividades del curso por problemas de recursos interactivos. Luego de comunicarme por diferentes medios con los encargados no pudieron solucionar mi problema.","Mejor soporte técnico para los usuarios, ya que como mencioné anteriormente no pude realizar el curso correctamente por problemas de ejecución de recursos interactivo. Los encargados no  pudieron solucionar el problema, indicando que el problema no era de ellos y que si podían ver correctamente los recursos, sin embargo yo no pude acceder desde diferentes dispositivos, navegadores  y conexiones a internet."
10,Satisfecho,Sí,Sí,Sí,"Más de lo esperado","6-8 horas","Los conozco y me son familiares, pero no los manejo en profundidad.","3 (Bueno)","3 (Bueno)","3 (Bueno)","2 (Malo)","2 (Malo)","2 (Malo)","3 (Bueno)","3 (Bueno)","3 (Bueno)","3 (Bueno)","3 (Bueno)","3 (Bueno)","3 (Bueno)","3 (Bueno)","2 (Malo)",Alto,"lo aprendido de este curso","tenia actividades que no entendia","mas actividades en el foro no en otras paginas"
11,Satisfecho,Sí,Sí,Sí,"Menos de lo esperado","2-3 horas","Los conozco y me son familiares, pero no los manejo en profundidad.","4 (Muy bueno)","2 (Malo)","4 (Muy bueno)","4 (Muy bueno)","4 (Muy bueno)","4 (Muy bueno)","3 (Bueno)","3 (Bueno)","3 (Bueno)","4 (Muy bueno)","4 (Muy bueno)","4 (Muy bueno)","3 (Bueno)","4 (Muy bueno)","3 (Bueno)",Alto,"Los conocimientos entregados que no conocía, la claridad con que se entrega la información.","Para mi un poco extenso.","Considero que está muy bien por lo que creo no habría que hacer mejoras."
12,Satisfecho,No,No,No,"Lo esperado","4-6 horas","No los conocía; no había escuchado de estos.","3 (Bueno)","3 (Bueno)","3 (Bueno)","3 (Bueno)","3 (Bueno)","3 (Bueno)","3 (Bueno)","3 (Bueno)","3 (Bueno)","3 (Bueno)","3 (Bueno)","3 (Bueno)","3 (Bueno)","3 (Bueno)","3 (Bueno)",Alto,"Todo ya que no tenia conciento","la cantidad de cursos cargados.","la mejor distribución de los cursos por los horarios ya que se hace demasiado tedioso."
13,"Muy Insatisfecho",Sí,Sí,Sí,"Mucho más de lo esperado","Más de 8 horas","Los conozco y me son familiares, pero no los manejo en profundidad.","4 (Muy bueno)","2 (Malo)","4 (Muy bueno)","3 (Bueno)","3 (Bueno)","3 (Bueno)","3 (Bueno)","3 (Bueno)","3 (Bueno)","4 (Muy bueno)","4 (Muy bueno)","3 (Bueno)","2 (Malo)","2 (Malo)","3 (Bueno)","Muy alto","la gran cantidad de información que nos entregaron. muy interesante.","El tiempo para el desarrollo  y estudio,  es muy corto, por que es tan lindo e interesante, que no puedo estudiarlo a la ligera, si no profundizarlo y dominarlo, en todo su contexto.","Que fueran con tutorías"
14,Satisfecho,Sí,Sí,Sí,"Más de lo esperado","6-8 horas","Los conozco y me son familiares, pero no los manejo en profundidad.","3 (Bueno)","3 (Bueno)","4 (Muy bueno)","2 (Malo)","2 (Malo)","3 (Bueno)","4 (Muy bueno)","3 (Bueno)","3 (Bueno)","4 (Muy bueno)","4 (Muy bueno)","3 (Bueno)","3 (Bueno)","3 (Bueno)","3 (Bueno)",Alto,"Aprendí más de lo que esperaba, comprendí a fondo la importancia de la biblioteca escolar y el rol del encargado CRA","La plataforma, complicada!!
no así el contenido muy bueno","Mejorar la plataforma, más sencilla para acceder con facilidad y que los cursos no sean todos a la vez, para disfrutar aprendiendo y no sentirse con tanta presión para poder cumplir"
15,Satisfecho,Sí,Sí,Sí,"Más de lo esperado","2-3 horas","Los conozco y me son familiares, pero no los manejo en profundidad.","3 (Bueno)","3 (Bueno)","3 (Bueno)","3 (Bueno)","3 (Bueno)","3 (Bueno)","3 (Bueno)","3 (Bueno)","3 (Bueno)","4 (Muy bueno)","3 (Bueno)","4 (Muy bueno)","4 (Muy bueno)","3 (Bueno)","3 (Bueno)",Bajo,"Los aprendizaje obtenidos",Nada,"Dar más tiempo"
16,Satisfecho,Sí,Sí,Sí,"Mucho más de lo esperado","6-8 horas","Los conozco y me son familiares, pero no los manejo en profundidad.","3 (Bueno)","3 (Bueno)","3 (Bueno)","3 (Bueno)","3 (Bueno)","3 (Bueno)","3 (Bueno)","3 (Bueno)","3 (Bueno)","3 (Bueno)","3 (Bueno)","3 (Bueno)","3 (Bueno)","3 (Bueno)","3 (Bueno)","Muy alto","aprendí bastante, muy buen curso. al principio me costo pero después ya me familiarice con el y me costo mucho menos","era mucha materia. Pero después cada vez me costo menos entrar a la plataforma y ver cada curso .","muchas cosas juntas mucha tecnología ..pero igual me sirvió mucho"
17,Satisfecho,Sí,Sí,Sí,"Más de lo esperado","4-6 horas","He escuchado de los contenidos, pero no los conocía.","3 (Bueno)","3 (Bueno)","3 (Bueno)","3 (Bueno)","3 (Bueno)","3 (Bueno)","3 (Bueno)","3 (Bueno)","3 (Bueno)","3 (Bueno)","3 (Bueno)","3 (Bueno)","3 (Bueno)","3 (Bueno)","3 (Bueno)",Alto,"Me ayuda a contextualizar la labor del en cargado CRA",nada,"Hayan mayor cantidad de ejemplos de situaciones aplicables a la vida cotidiana."
18,"Muy Satisfecho",Sí,Sí,Sí,"Más de lo esperado","2-3 horas","Los conozco y los manejo con profundidad.","4 (Muy bueno)","4 (Muy bueno)","4 (Muy bueno)","4 (Muy bueno)","4 (Muy bueno)","4 (Muy bueno)","4 (Muy bueno)","4 (Muy bueno)","4 (Muy bueno)","4 (Muy bueno)","4 (Muy bueno)","4 (Muy bueno)","4 (Muy bueno)","4 (Muy bueno)","4 (Muy bueno)","Muy alto","todo es muy valioso so para mi","me gusto todo","mas tiempos"
19,"Muy Satisfecho",Sí,Sí,Sí,"Más de lo esperado","2-3 horas","He escuchado de los contenidos, pero no los conocía.","4 (Muy bueno)","4 (Muy bueno)","4 (Muy bueno)","3 (Bueno)","3 (Bueno)","4 (Muy bueno)","4 (Muy bueno)","4 (Muy bueno)","4 (Muy bueno)","4 (Muy bueno)","4 (Muy bueno)","4 (Muy bueno)","3 (Bueno)","3 (Bueno)","4 (Muy bueno)",Alto,"El empoderamiento que le otorga al CRA, la motivación a ser innovadora y creativa y visualizar que estamos en la senda correcta","Que el curso se asignó junto a otros cursos en las mismas fechas, además de ser fin de año, donde los colegios tenemos muchísimo trabajo y eso va en desmedro de un curso tan bueno; pero en lo personal con tan poco tiempo para dedicarle, se deberían coordinar dentro del año.","Coordinar los cursos dentro del año y que sean secuenciales y no a la par, agregaría un encuentro a través de zoom con los pares y realizar alguna actividad en conjunto."
20,"Muy Satisfecho",Sí,Sí,Sí,"Más de lo esperado","Más de 8 horas","Los conozco y me son familiares, pero no los manejo en profundidad.","4 (Muy bueno)","4 (Muy bueno)","4 (Muy bueno)","4 (Muy bueno)","4 (Muy bueno)","3 (Bueno)","4 (Muy bueno)","4 (Muy bueno)","4 (Muy bueno)","4 (Muy bueno)","4 (Muy bueno)","4 (Muy bueno)","4 (Muy bueno)","4 (Muy bueno)","2 (Malo)",Alto,"Que uno aprende cosas que no sabia y puede ir con bases hablar con la comunidad educativa para realizar actividades nuevas.","Que podrían haber dado estos cursos con un libro impreso para que quede registro y poder utilizarlo las veces que tengamos alguna duda","Un libro impreso con toda la información de los cursos y pautas de retroalimentación y enlaces de videos."
21,Insatisfecho,No,No,No,"Más de lo esperado","Más de 8 horas","Los conozco y me son familiares, pero no los manejo en profundidad.","1 (Muy malo)","1 (Muy malo)","1 (Muy malo)","1 (Muy malo)","1 (Muy malo)","1 (Muy malo)","1 (Muy malo)","1 (Muy malo)","1 (Muy malo)","1 (Muy malo)","1 (Muy malo)","1 (Muy malo)","1 (Muy malo)","1 (Muy malo)","1 (Muy malo)",Bajo,"La plataforma","El tiempo que me tomo","No obligarnos a realizar cursos de este tipo"
22,"Muy Insatisfecho",No,No,Sí,"Mucho más de lo esperado","Más de 8 horas","He escuchado de los contenidos, pero no los conocía.","4 (Muy bueno)","4 (Muy bueno)","4 (Muy bueno)","4 (Muy bueno)","3 (Bueno)","1 (Muy malo)","4 (Muy bueno)","4 (Muy bueno)","4 (Muy bueno)","4 (Muy bueno)","4 (Muy bueno)","4 (Muy bueno)","4 (Muy bueno)","3 (Bueno)","1 (Muy malo)",Alto,"Muy interesante, valoro mucho las nuevas estrategias y métodos que nos entregan para poder mejorar nuestras bibliotecas","La respuesta desde el soporte, tuve muchos inconvenientes con respecto a las evaluaciones, se cerraban sin siquiera poder leer la pregunta, ademas se tardan mucho en dar una respuesta al respecto, lo cual desmotiva y atrasa en todo el proceso.","Tener una respuesta mas rápida desde el correo de soporte o implementar un fono llamado para estos casos y tener una respouesta mas rapida"
23,Satisfecho,Sí,Sí,Sí,"Lo esperado","4-6 horas","Los conozco y me son familiares, pero no los manejo en profundidad.","3 (Bueno)","3 (Bueno)","3 (Bueno)","3 (Bueno)","3 (Bueno)","3 (Bueno)","3 (Bueno)","3 (Bueno)","3 (Bueno)","3 (Bueno)","4 (Muy bueno)","3 (Bueno)","3 (Bueno)","3 (Bueno)","2 (Malo)",Alto,"El poder interesarse y profundizar en los temas relativos a la biblioteca como ENCARGADO. Conocer la Funcion Eductiva de la misma y su OA y AE necesarios","Quizas lq extencion y algunos aspectos que hacen dificil la mecanica de ingreso en cada tema","Ser mas concretos, pero en general todo bien
SALUDOS"
24,"Muy Satisfecho",Sí,Sí,Sí,"Mucho más de lo esperado","6-8 horas","Los conozco y me son familiares, pero no los manejo en profundidad.","4 (Muy bueno)","4 (Muy bueno)","4 (Muy bueno)","4 (Muy bueno)","4 (Muy bueno)","3 (Bueno)","3 (Bueno)","4 (Muy bueno)","4 (Muy bueno)","4 (Muy bueno)","4 (Muy bueno)","4 (Muy bueno)","3 (Bueno)","3 (Bueno)","3 (Bueno)","Muy alto","Que presenta a la biblioteca como un punto de encuentro agradable y placentero en que se educa la resolución de problemas y la capacidad investigativa por diversos medios.",nada,"los webinar necesitan más entusiasmo y actividades más lúdicas."
25,Satisfecho,Sí,Sí,Sí,"Lo esperado","4-6 horas","Los conozco y me son familiares, pero no los manejo en profundidad.","3 (Bueno)","3 (Bueno)","3 (Bueno)","3 (Bueno)","4 (Muy bueno)","3 (Bueno)","3 (Bueno)","3 (Bueno)","3 (Bueno)","3 (Bueno)","3 (Bueno)","3 (Bueno)","4 (Muy bueno)","3 (Bueno)","3 (Bueno)",Alto,"CREO QUE TODO ESTUVO MUY BUENO, BUENA LA INFORMACIÓN.","TODO BIEN.","EL TIEMPO DEBIERA SER MÁS EXTENSO, CREO QUE MEJOR SERÍA SI A NIVEL GENERAL SE HICIERAN LOS CURSOS POR ORDEN, TODOS EL A, SE TERMINA ESE Y COMIENZA EL B Y ASÍ SUCESIVAMENTE.  MUCHOS CURSOS JUNTOS EN POCO TIEMPO, ES MÁS QUE COMPLICADO. FIN DE AÑO EN LOS COLEGIOS ES TRABAJO EXTRA, LICENCIATURAS, REVISIÓN DE PRUEBAS Y NUESTROS QUEHACERES EN EL HOGAR.  REALMENTE CREO QUE DEBIERAN HACERSE LOS CURSOS DE A UNO, NO TODOS JUNTOS.  ESPERO PUEDAN CONSIDERAR MI HUMILDE PETICIÓN."
26,Satisfecho,Sí,Sí,Sí,"Lo esperado","4-6 horas","He escuchado de los contenidos, pero no los conocía.","3 (Bueno)","3 (Bueno)","3 (Bueno)","4 (Muy bueno)","4 (Muy bueno)","3 (Bueno)","3 (Bueno)","3 (Bueno)","3 (Bueno)","4 (Muy bueno)","4 (Muy bueno)","3 (Bueno)","3 (Bueno)","3 (Bueno)","3 (Bueno)",Alto,"Haber conocido algunos conceptos de los cuales había escuchado, pero no tenía mayor conocimiento.","Acceder a link de aplicación Menti, ya que está en inglés.","Que los link sean en aplicaciones que podamos entender."
27,Satisfecho,Sí,Sí,Sí,"Más de lo esperado","6-8 horas","Los conozco y me son familiares, pero no los manejo en profundidad.","3 (Bueno)","3 (Bueno)","3 (Bueno)","3 (Bueno)","3 (Bueno)","3 (Bueno)","3 (Bueno)","3 (Bueno)","3 (Bueno)","3 (Bueno)","3 (Bueno)","3 (Bueno)","3 (Bueno)","3 (Bueno)","3 (Bueno)",Alto,"la información recibida","la falta de comunicación más directa","tener un numero de contacto más directo para comunicación"
28,Satisfecho,Sí,No,Sí,"Lo esperado","6-8 horas","He escuchado de los contenidos, pero no los conocía.","3 (Bueno)","3 (Bueno)","3 (Bueno)","3 (Bueno)","3 (Bueno)","3 (Bueno)","3 (Bueno)","3 (Bueno)","3 (Bueno)","3 (Bueno)","3 (Bueno)","3 (Bueno)","3 (Bueno)","3 (Bueno)","3 (Bueno)",Alto,"los contenidos","en la evaluación , nunca supe que estaba malo","que respondan por  fono  , seria mas rápido"
