﻿"Respuesta número","En general, ¿cuál es su nivel de satisfacción con el curso que acaba de terminar?","¿Recomendaría este curso a otro encargado de biblioteca?                       ","¿Volvería a realizar un curso de estas mismas características?          ","¿Eran coherentes las actividades de aprendizaje propuestas para el curso?","Según la percepción de su proceso de aprendizaje y las características de este curso, ¿cuánto considera que aprendió?","¿Cuántas horas cronológicas semanales dedicó a este curso?","¿Qué tan familiares son para usted los contenidos tratados en el curso?","Claridad de los contenidos del curso (temas, definiciones, términos conceptuales, etc.).","Contextualización de los contenidos a su realidad laboral.","La progresión de la secuencia de aprendizaje para ir tratando los contenidos del curso.","Claridad del diseño gráfico de las pantallas de la plataforma.","Facilidad de navegación en la plataforma.","El funcionamiento de la mesa de ayuda para estudiantes (mediante contacto por correo electrónico).","Claridad de las actividades de aprendizaje propuestas.","Consistencia de las actividades de aprendizaje propuestas con los aprendizajes del curso.","Coherencia de las actividades de aprendizaje propuestas.","Cantidad de información aportada por el curso.","Profundidad en el tratamiento de los aprendizajes esperados.","Claridad de las instrucciones de las actividades.","Claridad de las instrucciones y preguntas en las evaluaciones.","Calidad de las orientaciones para retroalimentar las actividades y evaluaciones.","El apoyo del tutor para responder preguntas en el foro.","¿Cómo evaluaría el nivel de transferencia de los aprendizajes a su contexto laboral?","¿Qué es lo que más valora del curso que acaba de terminar?              ","¿Qué es lo que menos le gustó del curso que acaba de terminar?          ","¿Qué sugerencias haría para mejorar el curso en el futuro?"
1,Satisfecho,Sí,Sí,Sí,"Lo esperado","4-6 horas","He escuchado de los contenidos, pero no los conocía.","3 (Bueno)","3 (Bueno)","3 (Bueno)","3 (Bueno)","3 (Bueno)","3 (Bueno)","3 (Bueno)","3 (Bueno)","3 (Bueno)","3 (Bueno)","3 (Bueno)","3 (Bueno)","3 (Bueno)","3 (Bueno)","3 (Bueno)","Muy alto","que había muchas cosas que no conocía","mucha información en tan poco tiempo",ninguna
2,"Muy Insatisfecho",Sí,Sí,Sí,"Más de lo esperado","4-6 horas","Los conozco y me son familiares, pero no los manejo en profundidad.","4 (Muy bueno)","3 (Bueno)","3 (Bueno)","3 (Bueno)","3 (Bueno)","3 (Bueno)","4 (Muy bueno)","3 (Bueno)","3 (Bueno)","3 (Bueno)","3 (Bueno)","3 (Bueno)","3 (Bueno)","3 (Bueno)","3 (Bueno)",Alto,"Aprender cosas nuevas, y que se entregan buenas herramientas, difícil de entender algunas, por lo mismo las he pasado con un puntaje bajo.","Encuentro que hay términos que uno no maneja y pedir ayuda a un docente es difícil, por qué no se ha realizado un","Que sean presenciales."
3,Satisfecho,Sí,Sí,Sí,"Menos de lo esperado","2-3 horas","Los conozco y me son familiares, pero no los manejo en profundidad.","3 (Bueno)","3 (Bueno)","3 (Bueno)","3 (Bueno)","3 (Bueno)","2 (Malo)","2 (Malo)","3 (Bueno)","3 (Bueno)","3 (Bueno)","3 (Bueno)","3 (Bueno)","3 (Bueno)","3 (Bueno)","3 (Bueno)","Muy alto","Siempre es bueno aprender no quita espacio.","Muy extenso en conceptos en tiempos de trabajo.","menos extenso"
4,Satisfecho,Sí,Sí,Sí,"Más de lo esperado","Más de 8 horas","No los conocía; no había escuchado de estos.","3 (Bueno)","3 (Bueno)","3 (Bueno)","2 (Malo)","2 (Malo)","3 (Bueno)","3 (Bueno)","3 (Bueno)","3 (Bueno)","3 (Bueno)","3 (Bueno)","3 (Bueno)","3 (Bueno)","3 (Bueno)","3 (Bueno)",Alto,"todo lo que se trato sobre la colección, para mi todo es nuevo y cada paso es un avance","los autores nunca los encontré de los textos, deberían ser más notorios","no tan largo, preferiría más cursos pero más cortos"
5,Satisfecho,Sí,Sí,Sí,"Lo esperado","2-3 horas","Los conozco y me son familiares, pero no los manejo en profundidad.","3 (Bueno)","3 (Bueno)","3 (Bueno)","3 (Bueno)","3 (Bueno)","3 (Bueno)","3 (Bueno)","3 (Bueno)","3 (Bueno)","3 (Bueno)","3 (Bueno)","3 (Bueno)","3 (Bueno)","3 (Bueno)","3 (Bueno)",Alto,"Los materiales complementarios","La forma de entregar los contenidos","Tal vez algo más dinámico"
6,Satisfecho,Sí,Sí,Sí,"Más de lo esperado","6-8 horas","Los conozco y me son familiares, pero no los manejo en profundidad.","3 (Bueno)","3 (Bueno)","3 (Bueno)","4 (Muy bueno)","4 (Muy bueno)","4 (Muy bueno)","3 (Bueno)","3 (Bueno)","3 (Bueno)","3 (Bueno)","3 (Bueno)","4 (Muy bueno)","4 (Muy bueno)","4 (Muy bueno)","4 (Muy bueno)","Muy alto","Los conocimientos que me aporta para mi trabajo como encargada del CRA.","Que requiere de mucho tiempo para su dedicación y por el trabajo no se puede dar al 100%","Un poco menos intenso."
7,Insatisfecho,Sí,No,Sí,"Lo esperado","4-6 horas","He escuchado de los contenidos, pero no los conocía.","3 (Bueno)","2 (Malo)","2 (Malo)","3 (Bueno)","3 (Bueno)","3 (Bueno)","3 (Bueno)","3 (Bueno)","3 (Bueno)","3 (Bueno)","2 (Malo)","3 (Bueno)","2 (Malo)","2 (Malo)","3 (Bueno)","Muy bajo","No quede satisfecha ,porque encuentro que no se ajusta a mi realidad laboral.","los tiempos y contenidos que en mi realidad laboral no son muy aplicables.","Adecuar los contenidos a todas las realidades educativas ,me refiero a mi realidad, alumnos con necesidades especiales."
8,Satisfecho,No,No,Sí,"Lo esperado","4-6 horas","Los conozco y me son familiares, pero no los manejo en profundidad.","3 (Bueno)","3 (Bueno)","3 (Bueno)","3 (Bueno)","2 (Malo)","3 (Bueno)","2 (Malo)","3 (Bueno)","3 (Bueno)","3 (Bueno)","3 (Bueno)","2 (Malo)","2 (Malo)","2 (Malo)","2 (Malo)",Bajo,"Recibir orientaciones que pueden ser aplicadas en nuestra biblioteca CRA","Primeramente la fecha del curso, falto material de apoyo descargable como un libro.","Entregar un libro de apoyo con los contenidos del curso para poder realizar claramente las evaluaciones."
9,Satisfecho,Sí,Sí,Sí,"Más de lo esperado","2-3 horas","He escuchado de los contenidos, pero no los conocía.","3 (Bueno)","3 (Bueno)","3 (Bueno)","3 (Bueno)","2 (Malo)","3 (Bueno)","3 (Bueno)","3 (Bueno)","3 (Bueno)","4 (Muy bueno)","4 (Muy bueno)","3 (Bueno)","4 (Muy bueno)","4 (Muy bueno)","3 (Bueno)",Alto,"EL SEGUIR APRENDIENDO NUEVOS TERMINOS Y ACTIVIDADES PARA DESARROLLAR EN MI TRABAJO .","LA REALIZACION DE ACTIVIDADES.","POR EL MOMENTO NO TENGO SUGERENCIAS"
10,Satisfecho,Sí,Sí,Sí,"Más de lo esperado","2-3 horas","He escuchado de los contenidos, pero no los conocía.","3 (Bueno)","4 (Muy bueno)","3 (Bueno)","4 (Muy bueno)","4 (Muy bueno)","3 (Bueno)","3 (Bueno)","3 (Bueno)","3 (Bueno)","4 (Muy bueno)","3 (Bueno)","3 (Bueno)","3 (Bueno)","3 (Bueno)","3 (Bueno)","Muy alto","Me orientó bastante en cuanto a todas las labores y acciones que debo realizar en mi biblioteca y que no se hacían por años.","Que algunas de las preguntas de la última evaluación me resultaron confusas.","Me gustó mucho el apoyo con videos sobre todo aquellos que mostraban bibliotecas exitosas. Sería bueno compartir más ejemplos de bibliotecas de calidad."
11,Satisfecho,Sí,Sí,Sí,"Más de lo esperado","Más de 8 horas","Los conozco y me son familiares, pero no los manejo en profundidad.","4 (Muy bueno)","4 (Muy bueno)","3 (Bueno)","4 (Muy bueno)","4 (Muy bueno)","3 (Bueno)","3 (Bueno)","3 (Bueno)","3 (Bueno)","4 (Muy bueno)","4 (Muy bueno)","3 (Bueno)","3 (Bueno)","3 (Bueno)","3 (Bueno)",Alto,"Que me permitió ampliar mis conocimientos en relación al buen funcionamiento de la biblioteca escolar CRA.","La poca claridad en la explicación de algunas actividades. Tuve que leer muchas veces para lograr entender lo que se pedía.","Menos actividades de aplicación y explicaciones más claras."
12,"Muy Satisfecho",Sí,Sí,Sí,"Mucho más de lo esperado","Más de 8 horas","Los conozco y me son familiares, pero no los manejo en profundidad.","4 (Muy bueno)","3 (Bueno)","4 (Muy bueno)","4 (Muy bueno)","4 (Muy bueno)","3 (Bueno)","3 (Bueno)","3 (Bueno)","4 (Muy bueno)","4 (Muy bueno)","4 (Muy bueno)","3 (Bueno)","3 (Bueno)","3 (Bueno)","3 (Bueno)",Alto,"La forma en que se entregaron los módulos, muy claros y precisos. Salí fortalecida en las diferentes dimensiones, ya que llevó muy poco tiempo como coordinadora del Cra.","La aplicación de los tutoriales fueron excelentes, pero demandaban bastante tiempo en entenderlo y aplicarlos.","Que hubieran algunas clases con profesor presente, porque no es lo mismo consulta en linea , que consultarlo en forma directa con la persona indicada. Me paso con los tutoriales."
13,"Muy Satisfecho",Sí,Sí,Sí,"Mucho más de lo esperado","6-8 horas","Los conozco y me son familiares, pero no los manejo en profundidad.","4 (Muy bueno)","3 (Bueno)","4 (Muy bueno)","3 (Bueno)","4 (Muy bueno)","3 (Bueno)","3 (Bueno)","4 (Muy bueno)","3 (Bueno)","4 (Muy bueno)","3 (Bueno)","3 (Bueno)","3 (Bueno)","3 (Bueno)","3 (Bueno)",Alto,"la entrega de herramientas para mejorar la gestión del CRA","La falta de material digital, pdf, ejemplos mas prácticos, etc","Mayor información digital, pdf u otros que nos permitan mejorar nuestra experiencia."
14,"Muy Satisfecho",Sí,Sí,Sí,"Más de lo esperado","Más de 8 horas","No los conocía; no había escuchado de estos.","4 (Muy bueno)","4 (Muy bueno)","4 (Muy bueno)","4 (Muy bueno)","4 (Muy bueno)","2 (Malo)","3 (Bueno)","4 (Muy bueno)","4 (Muy bueno)","4 (Muy bueno)","4 (Muy bueno)","4 (Muy bueno)","4 (Muy bueno)","4 (Muy bueno)","4 (Muy bueno)",Alto,"los conceptos y técnicas para trabajar con estos  y dar importancia a las bibliotecas lo mejor de todo es las herramientas que nos entregaron","al realizar tres cursos a la vez donde se tenia que leer mucho no me alcazaba el tiempo acostándome como las tres de la mañana para entender ciertos temas mi colegio a  estado funcionado desde marzo por lo tanto a esta altura del año escolar me se me realizo difícil el trabajo","que continúen realizando se estas acciones pero con mas tiempo y no dejar de hacerlas y podrían hacerse presencial  a futuro ,el material de los estándares deberían estar  impresos en nuestra bibliotecas"
15,"Muy Satisfecho",Sí,Sí,Sí,"Más de lo esperado","6-8 horas","Los conozco y me son familiares, pero no los manejo en profundidad.","3 (Bueno)","3 (Bueno)","3 (Bueno)","3 (Bueno)","3 (Bueno)","3 (Bueno)","3 (Bueno)","3 (Bueno)","3 (Bueno)","4 (Muy bueno)","3 (Bueno)","2 (Malo)","3 (Bueno)","2 (Malo)","3 (Bueno)",Alto,"Conocer más a profundidad sobre los sistemas de informes de gestión de biblioteca y la aplicación de formularios para las encuestas","Nop poder leer los comentarios de los compañeros del curso antes de dar una respuesta en los foros, muchas veces no pude ver en el momento de responder un foro las respuestas de los demás compañeros, las cuales se ven pasado el tiempo y ya en ese momento uno pierde la conexión de lo que se estaba tratando .","Mejorar los foros y las preguntas de las actividades."
16,Satisfecho,Sí,Sí,Sí,"Más de lo esperado","Más de 8 horas","Los conozco y me son familiares, pero no los manejo en profundidad.","4 (Muy bueno)","3 (Bueno)","3 (Bueno)","2 (Malo)","2 (Malo)","3 (Bueno)","3 (Bueno)","3 (Bueno)","3 (Bueno)","4 (Muy bueno)","3 (Bueno)","3 (Bueno)","3 (Bueno)","3 (Bueno)","3 (Bueno)",Alto,"Fue muy aclarador de dudas y satisfactorio  personalmente.","la pagina en si es complicada ya que los colores en cada item no aclaran si ya realice el trabajo.","debiesen ir marcando ticket o ir apareciendo al lado de cada tarea ya realizada en la parte del inicio."
17,Satisfecho,Sí,Sí,Sí,"Mucho más de lo esperado","6-8 horas","Los conozco y me son familiares, pero no los manejo en profundidad.","3 (Bueno)","4 (Muy bueno)","4 (Muy bueno)","3 (Bueno)","3 (Bueno)","2 (Malo)","3 (Bueno)","3 (Bueno)","4 (Muy bueno)","3 (Bueno)","3 (Bueno)","3 (Bueno)","4 (Muy bueno)","4 (Muy bueno)","2 (Malo)","Muy alto","Aprendí bastante, aunque al principio me costó entender la dinámica del curso. Pero se agradece todos los conocimientos adquiridos Gracias0","Mucho contenido y poco tiempo","Un poco mas de orientación, cuesta empezar
Pero me gustó mucho"
18,Satisfecho,Sí,No,No,"Menos de lo esperado","2-3 horas","Los conozco y me son familiares, pero no los manejo en profundidad.","3 (Bueno)","3 (Bueno)","2 (Malo)","3 (Bueno)","2 (Malo)","2 (Malo)","3 (Bueno)","3 (Bueno)","3 (Bueno)","2 (Malo)","3 (Bueno)","3 (Bueno)","2 (Malo)","2 (Malo)","2 (Malo)",Bajo,"La verdad es una pérdida de tiempo, no significó ningún aporte a la actividad diaria. Las actividades desordenadas, preguntas que se repiten, y lo peor de todo es que los cursos comienzan al mismo tiempo, como si nos sobrara el tiempo para realizarlos.","No me gustó.","Uff hay bastante que mejorar, desde saber de un principio quién es el tutor o tutora, el que no se repitan preguntas, que las actividades tengan relación con el material entregado en una plataforma agradable y de fácil acceso. Y definitivamente lo más importante que inicien de manera diferida, así dan el tiempo suficiente para apropiarse de los aprendizajes y no se genera un enredo entre los cursos. En fin, espero que alguien lea esto.
Gracias!!"
19,Satisfecho,Sí,No,Sí,"Lo esperado","6-8 horas","Los conozco y me son familiares, pero no los manejo en profundidad.","3 (Bueno)","3 (Bueno)","3 (Bueno)","4 (Muy bueno)","4 (Muy bueno)","3 (Bueno)","3 (Bueno)","3 (Bueno)","3 (Bueno)","3 (Bueno)","3 (Bueno)","2 (Malo)","3 (Bueno)","3 (Bueno)","3 (Bueno)",Alto,"No sabría que responder porque no los trabajé en profundidad","lo extenso de los módulos, en lo personal no me dieron los tiempos para profundizarlos.","realizar los cursos de a uno"
20,"Muy Satisfecho",Sí,Sí,No,"Lo esperado","2-3 horas","Los conozco y me son familiares, pero no los manejo en profundidad.","4 (Muy bueno)","4 (Muy bueno)","4 (Muy bueno)","4 (Muy bueno)","2 (Malo)","2 (Malo)","4 (Muy bueno)","3 (Bueno)","4 (Muy bueno)","4 (Muy bueno)","4 (Muy bueno)","4 (Muy bueno)","2 (Malo)","2 (Malo)","2 (Malo)",Alto,"la cantidad de contenidos","lo que menos valoro es la dificultad para trabajar en la plataforma, no es clara  y es poco amigable","poder tener un tutor vía telefónica para fuese orientando cuando necesitarnos, ya que por correo solo nos envían al servicio técnico y no dan respuestas ."
21,Satisfecho,Sí,Sí,Sí,"Lo esperado","2-3 horas","Los conozco y me son familiares, pero no los manejo en profundidad.","3 (Bueno)","3 (Bueno)","3 (Bueno)","3 (Bueno)","4 (Muy bueno)","4 (Muy bueno)","3 (Bueno)","3 (Bueno)","3 (Bueno)","3 (Bueno)","3 (Bueno)","3 (Bueno)","3 (Bueno)","3 (Bueno)","2 (Malo)",Alto,"Evidentemente lo aprendido, la importancia de un plan de trabajo, pues no lo realizamos, de ahora en adelante es una buena herramienta","Que no tenga tutores como en el curso H","Tiempo, pues este curso se me asignó después del H y con menos tiempo, además sería bueno contar con todos los cursos con tutores para aclarar dudas"
22,Satisfecho,Sí,No,Sí,"Más de lo esperado","2-3 horas","Los conozco y me son familiares, pero no los manejo en profundidad.","4 (Muy bueno)","3 (Bueno)","3 (Bueno)","3 (Bueno)","3 (Bueno)","4 (Muy bueno)","3 (Bueno)","3 (Bueno)","3 (Bueno)","4 (Muy bueno)","4 (Muy bueno)","3 (Bueno)","3 (Bueno)","3 (Bueno)","4 (Muy bueno)","Muy alto","Me sirvio para ordenar mis conocimientos.","Habian temas muy repetidos.","El 2022 el escenario CRA sera muy distinto y debemos adaptar todo a un nuevo estilo incluso el CRA."
