﻿"Respuesta número","En general, ¿cuál es su nivel de satisfacción con el curso que acaba de terminar?","¿Recomendaría este curso a otro encargado de biblioteca?                       ","¿Volvería a realizar un curso de estas mismas características?          ","¿Eran coherentes las actividades de aprendizaje propuestas para el curso?","Según la percepción de su proceso de aprendizaje y las características de este curso, ¿cuánto considera que aprendió?","¿Cuántas horas cronológicas semanales dedicó a este curso?","¿Qué tan familiares son para usted los contenidos tratados en el curso?","Claridad de los contenidos del curso (temas, definiciones, términos conceptuales, etc.).","Contextualización de los contenidos a su realidad laboral.","La progresión de la secuencia de aprendizaje para ir tratando los contenidos del curso.","Claridad del diseño gráfico de las pantallas de la plataforma.","Facilidad de navegación en la plataforma.","El funcionamiento de la mesa de ayuda para estudiantes (mediante contacto por correo electrónico).","Claridad de las actividades de aprendizaje propuestas.","Consistencia de las actividades de aprendizaje propuestas con los aprendizajes del curso.","Coherencia de las actividades de aprendizaje propuestas.","Cantidad de información aportada por el curso.","Profundidad en el tratamiento de los aprendizajes esperados.","Claridad de las instrucciones de las actividades.","Claridad de las instrucciones y preguntas en las evaluaciones.","Calidad de las orientaciones para retroalimentar las actividades y evaluaciones.","El apoyo del tutor para responder preguntas en el foro.","¿Cómo evaluaría el nivel de transferencia de los aprendizajes a su contexto laboral?","¿Cómo evaluaría el nivel de transferencia de los aprendizajes a su contexto laboral?","¿Qué es lo que más valora del curso que acaba de terminar?              ","¿Qué es lo que menos le gustó del curso que acaba de terminar?          ","¿Qué sugerencias haría para mejorar el curso en el futuro?"
1,"Muy Satisfecho",Sí,Sí,Sí,"Más de lo esperado","2-3 horas","Los conozco y me son familiares, pero no los manejo en profundidad.","3 (Bueno)","4 (Muy bueno)","3 (Bueno)","4 (Muy bueno)","4 (Muy bueno)","3 (Bueno)","3 (Bueno)","3 (Bueno)","3 (Bueno)","3 (Bueno)","3 (Bueno)","4 (Muy bueno)","4 (Muy bueno)","4 (Muy bueno)","3 (Bueno)",Alto,"Es muy positivo, me permitira realizar un trabajo mas adecuado a la realidad de mi comunidad educativa","Lo que valoro es que es muy pertinente al trabajo que tengo que realizar","El curso me llego bastante tarde a mi plataforma, solo hoy me percate que lo tenia disponible y conteste solo las pruebas , ya que las actividades es imposible en tan poco tiempo que tuve disponible.","Que este se encuentre disponible para todos , en el tiempo dispuesto para realizarlo.
Imagino que en mi  situacion  fui un caso aislado. GRACIAS"
2,Satisfecho,Sí,Sí,Sí,"Lo esperado","2-3 horas","Los conozco y los manejo con profundidad.","3 (Bueno)","4 (Muy bueno)","3 (Bueno)","3 (Bueno)","3 (Bueno)","3 (Bueno)","3 (Bueno)","3 (Bueno)","3 (Bueno)","4 (Muy bueno)","3 (Bueno)","2 (Malo)","3 (Bueno)","3 (Bueno)","3 (Bueno)",Alto,"Es bastante aplicable a la cotidianidad del trabajo.","Los link de las páginas web sugeridas y la información en pdf, que  era factible de descargar.","Poca claridad en las instrucciones de las actividades, muy ambiguas a veces y al comparar con los compañeros, las interpretaciones eran diversas.
Poca intervención del  tutor.","Acotar bien las instrucciones de las actividades, para que no haya interpretaciones erróneas, que el rol de la tutora sea más activo, especialmente a la hora de retroalimentar, tanto en las  actividades, como en la participación."
3,Satisfecho,Sí,Sí,Sí,"Lo esperado","2-3 horas","Los conozco y me son familiares, pero no los manejo en profundidad.","3 (Bueno)","3 (Bueno)","3 (Bueno)","3 (Bueno)","3 (Bueno)","3 (Bueno)","3 (Bueno)","3 (Bueno)","3 (Bueno)","3 (Bueno)","3 (Bueno)","3 (Bueno)","3 (Bueno)","3 (Bueno)","3 (Bueno)",Alto,"Considero que son altamente transferibles y posibles de realizar al menos en mi contexto laboral.","Lo pertinente y concreto de los contenidos del curso","Me resultó, al menos en un comienzo, poco amigable la navegación en la plataforma.","Mejorar la plataforma"
4,Satisfecho,Sí,Sí,Sí,"Lo esperado","4-6 horas","Los conozco y me son familiares, pero no los manejo en profundidad.","3 (Bueno)","3 (Bueno)","3 (Bueno)","3 (Bueno)","3 (Bueno)","3 (Bueno)","3 (Bueno)","3 (Bueno)","3 (Bueno)","3 (Bueno)","3 (Bueno)","3 (Bueno)","3 (Bueno)","3 (Bueno)","3 (Bueno)",Alto,"muy bueno","los contenidos atingentes a nuestra labor","la participacion en los foros","no hacerlos tan extensos"
5,Satisfecho,Sí,Sí,Sí,"Más de lo esperado","2-3 horas","Los conozco y me son familiares, pero no los manejo en profundidad.","4 (Muy bueno)","2 (Malo)","4 (Muy bueno)","4 (Muy bueno)","3 (Bueno)","3 (Bueno)","3 (Bueno)","3 (Bueno)","3 (Bueno)","3 (Bueno)","3 (Bueno)","3 (Bueno)","3 (Bueno)","3 (Bueno)","3 (Bueno)",Alto,"Creo que la trasferencia de aprendizajes fue buena justamente  lo que necesitaba  para llevarlas a cabo en nuestra biblioteca, tomando en cuenta que se debe mejorar  y aplicar lo aprendido.","valore lo que pude aprender y lo que me ayudo  recordar fueron algunos libros leídos   , pero en realidad  debo actualizarme  en los cambios con las nuevas tecnologías , a usar plataformas  y a mejorar en entender los términos de bibliotecología","la utilización de la plataforma me costo un poco, habían momentos que me frustraron , pero de apoco se me hizo mucho mas familiar.","creo que es importante tener de igual manera  dos clases en forma presencia o online, realizar preguntas , y comentar entre todos. Creo que seria mucho mas interesante."
6,"Muy Satisfecho",Sí,Sí,No,"Lo esperado","2-3 horas","Los conozco y me son familiares, pero no los manejo en profundidad.","3 (Bueno)","3 (Bueno)","3 (Bueno)","2 (Malo)","2 (Malo)","3 (Bueno)","2 (Malo)","3 (Bueno)","3 (Bueno)","3 (Bueno)","3 (Bueno)","2 (Malo)","3 (Bueno)","3 (Bueno)","3 (Bueno)",Bajo,"Bueno,conocido","Los videos y Datos explicativos","Me confundía con los pasos terminados y los pendientes no podía llevar el orden yo me desordenaba","Me gustaria que se fuera marcando lo terminado"
7,Satisfecho,Sí,Sí,Sí,"Lo esperado","4-6 horas","Los conozco y los manejo con profundidad.","3 (Bueno)","3 (Bueno)","3 (Bueno)","3 (Bueno)","3 (Bueno)","2 (Malo)","2 (Malo)","3 (Bueno)","3 (Bueno)","3 (Bueno)","3 (Bueno)","2 (Malo)","2 (Malo)","2 (Malo)","2 (Malo)",Alto,"Lo tratado en este curso, lo implementamos en nuestra biblioteca, sin embargo siempre hay algo que aprender que nos sirve para mejorar nuestra gestión.","El gran aporte para aquellos encargados que recién comienzan en biblioteca CRA.","La retroalimentación y contacto con el tutor, nunca supe si mis tareas y actividades estaban bien o no, también faltó claridad en instrucciones y preguntas.","Mejorar la retroalimentación y claridad de instrucciones y preguntas."
8,"Muy Satisfecho",Sí,Sí,Sí,"Más de lo esperado","Más de 8 horas","Los conozco y me son familiares, pero no los manejo en profundidad.","3 (Bueno)","3 (Bueno)","4 (Muy bueno)","4 (Muy bueno)","4 (Muy bueno)","3 (Bueno)","3 (Bueno)","3 (Bueno)","3 (Bueno)","3 (Bueno)","3 (Bueno)","3 (Bueno)","4 (Muy bueno)","3 (Bueno)","3 (Bueno)",Alto,"el nivel de aprendizajes adquiridos fue buena, amplía mi nivel de conocimientos con respecto al tema de gestión de una biblioteca.","lo que valoro es los conocimientos que logramos adquirir y como facilita las labores el uso de la tecnología en un CRA.","Toda la información es valorada,solo que aun no tengo un sistema automatizado al  100%,lo que no ayudo mucho a generar algunas tareas.","por ahora ninguna"
9,Insatisfecho,No,No,Sí,"Lo esperado","4-6 horas","Los conozco y me son familiares, pero no los manejo en profundidad.","3 (Bueno)","3 (Bueno)","3 (Bueno)","3 (Bueno)","2 (Malo)","3 (Bueno)","3 (Bueno)","3 (Bueno)","3 (Bueno)","2 (Malo)","3 (Bueno)","2 (Malo)","2 (Malo)","3 (Bueno)","3 (Bueno)",Bajo,bueno,"la motivación para seguir realizando perfeccionamiento.","Le falto claridad a los pasos a seguir para realizar el curso","Falta un material de apoyo claro (libro de apoyo descargable)"
10,Insatisfecho,No,No,Sí,"Lo esperado","6-8 horas","Los conozco y los manejo con profundidad.","3 (Bueno)","3 (Bueno)","3 (Bueno)","2 (Malo)","2 (Malo)","2 (Malo)","2 (Malo)","3 (Bueno)","2 (Malo)","2 (Malo)","2 (Malo)","2 (Malo)","3 (Bueno)","2 (Malo)","3 (Bueno)",Bajo,"De acuerdo a la realidad de mi establecimiento, la biblioteca funciona como aula, por el aforo, teniendo selladas todas las estanterías, por lo tanto imposible, su funcionamiento.","oportunidad de volver a realizarlos, el próximo año.","En lo personal, fui una de tantas personas que nos  cargaron el curso, a pocos días de la fecha de término.","cumplimiento de las fecha asignadas  de cada curso."
11,Insatisfecho,Sí,No,No,"Lo esperado","4-6 horas","He escuchado de los contenidos, pero no los conocía.","3 (Bueno)","3 (Bueno)","2 (Malo)","4 (Muy bueno)","2 (Malo)","3 (Bueno)","3 (Bueno)","3 (Bueno)","3 (Bueno)","3 (Bueno)","3 (Bueno)","2 (Malo)","2 (Malo)","3 (Bueno)","3 (Bueno)",Bajo,"Esperanzado. Al contar con los recursos necesarios digitales, creo que podré aplicar y optimizar lo aprendido.","La adquisición de conceptos y conocimientos necesarios para la función.","Se me ha hecho muy difícil hasta hoy, poder comprender la dinámica y secuencia de este Curso.","Clarificar didácticamente los pasos a seguir en una secuencia; si no lógica, más fácil de comprender para alguien que recién comienza o que aún en su Establecimiento no cuenta con la tecnología requerida para el mejor proceso."
12,Insatisfecho,No,No,Sí,"Menos de lo esperado","Más de 8 horas","Los conozco y me son familiares, pero no los manejo en profundidad.","4 (Muy bueno)","3 (Bueno)","3 (Bueno)","4 (Muy bueno)","4 (Muy bueno)","2 (Malo)","4 (Muy bueno)","4 (Muy bueno)","3 (Bueno)","4 (Muy bueno)","4 (Muy bueno)","2 (Malo)","4 (Muy bueno)","1 (Muy malo)","1 (Muy malo)","Muy alto","Muy buenos, todos son un aporte","valoro los enlaces a textos informativos que pueden apoyar al encargado cra","El no tener un tutor en el curso, me costo mucho entender como subir las actividades, nunca pude comentar a un compañero porque no encontré sus sus apreciaciones","Un tutor presente que pueda ir aclarando las dudas inmediatamente"
13,"Muy Satisfecho",Sí,Sí,Sí,"Mucho más de lo esperado","Más de 8 horas","Los conozco y me son familiares, pero no los manejo en profundidad.","4 (Muy bueno)","4 (Muy bueno)","4 (Muy bueno)","4 (Muy bueno)","4 (Muy bueno)","4 (Muy bueno)","4 (Muy bueno)","4 (Muy bueno)","4 (Muy bueno)","4 (Muy bueno)","4 (Muy bueno)","4 (Muy bueno)","4 (Muy bueno)","4 (Muy bueno)","4 (Muy bueno)","Muy alto","a un nivel muy Alto","Que aprendí lo que me faltaba para seguir en este proceso de mejoramiento en CRA",Nada,"Que sigan facilitando estos recursos para seguir creciendo."
14,Satisfecho,Sí,Sí,No,"Lo esperado","6-8 horas","Los conozco y me son familiares, pero no los manejo en profundidad.","3 (Bueno)","2 (Malo)","3 (Bueno)","3 (Bueno)","3 (Bueno)","3 (Bueno)","3 (Bueno)","3 (Bueno)","3 (Bueno)","3 (Bueno)","3 (Bueno)","3 (Bueno)","3 (Bueno)","3 (Bueno)","2 (Malo)",Alto,"El nivel de trasferencia fue medianamente alto, ya que no considero el contexto particular de la Biblioteca Escolar en la cual me desempeño.","Reaprender conceptos, aplicación de estrategias de gestión administrativa de la biblioteca,","No puede realizar muchas actividades, por no contar con el tiempo, equipo y programas solicitados. Ya que la implementación del sistema ABIES 2.0 es fundamental, y no aun no ha sido implementada en nuestra biblioteca, aunque si lo tenemos como meta a lograr el próximo año,  con las herramientas y conocimientos adquiridos, será mas fácil de alcanzar,","Considerar las diversas realidades y contextos en los cuales nos desempeñamos."
15,Satisfecho,Sí,Sí,No,"Lo esperado","Más de 8 horas","Los conozco y me son familiares, pero no los manejo en profundidad.","3 (Bueno)","3 (Bueno)","3 (Bueno)","4 (Muy bueno)","3 (Bueno)","3 (Bueno)","2 (Malo)","3 (Bueno)","2 (Malo)","3 (Bueno)","3 (Bueno)","2 (Malo)","3 (Bueno)","4 (Muy bueno)","3 (Bueno)","Muy alto","Como introducción informativa, actualizada, relevante y necesaria en tiempos complejos de pandemia.","- La información relevante al Abies2.0
- Y el sistema de implementación de inventarios.","- Las actividades a realizar...y la solicitud de subirlas a un foro.","- No solicitar trabajar en foros.
- Se entiende que somos personas responsables, profesionales que desarrollamos las tareas. Mas...no en foro..."
16,"Muy Insatisfecho",Sí,Sí,Sí,"Más de lo esperado","4-6 horas","Los conozco y los manejo con profundidad.","3 (Bueno)","3 (Bueno)","3 (Bueno)","3 (Bueno)","3 (Bueno)","3 (Bueno)","3 (Bueno)","3 (Bueno)","3 (Bueno)","4 (Muy bueno)","3 (Bueno)","3 (Bueno)","3 (Bueno)","3 (Bueno)","3 (Bueno)",Alto,"Fue muy buena recordé muchas cosas que había olvidado, conocí nuevos aprendizajes y aprendí que hay cosas que uno considera que sabía y en realidad hay mucho que aprender.","El refresco de conocimiento y actualización de otros .Comencé con el programa Abies 2.0 hace 10 años y me auto instruí, con ensayo y error.","Todo me gustó el alcancé que podría ser es qué la prueba de autoevaluación la rendí en la primera etapa y ahora a fin de año tuve que realizar este curso justo cuando se debe hacer muchas cosas en la escuela.","Hacerlo en otro momento no a fin de año."
17,Satisfecho,Sí,Sí,Sí,"Lo esperado","6-8 horas","Los conozco y los manejo con profundidad.","3 (Bueno)","3 (Bueno)","3 (Bueno)","3 (Bueno)","4 (Muy bueno)","3 (Bueno)","3 (Bueno)","3 (Bueno)","3 (Bueno)","4 (Muy bueno)","3 (Bueno)","3 (Bueno)","3 (Bueno)","3 (Bueno)","2 (Malo)",Alto,"Es pertinente, permitirá mejorar mi desempeño en el CRA","Recordar conceptos que tenía olvidados, reencantarme con la gestión administrativa.","Que no hay una efectiva retroalimentación de las actividades uno que da con la duad que si lo que realizó esta bien o no.
La retroalimentación general es bueno pero no hay  que olvidar que cada uno aprende de una manera particular.","Que la tutora estuviera más presente es decir que efectivamente fuera leyendo las respuestas que se envían y solucionando las dudas a medidas que se van generando.."
18,Satisfecho,Sí,Sí,Sí,"Lo esperado","4-6 horas","Los conozco y me son familiares, pero no los manejo en profundidad.","3 (Bueno)","3 (Bueno)","4 (Muy bueno)","3 (Bueno)","4 (Muy bueno)","3 (Bueno)","4 (Muy bueno)","4 (Muy bueno)","3 (Bueno)","4 (Muy bueno)","3 (Bueno)","3 (Bueno)","3 (Bueno)","2 (Malo)","3 (Bueno)",Alto,"Alto ya que ahora con más conocimiento puedo desarrollar mejor mi trabajo como encargada cra","Que me explico más claramente información y actividades que ya realizaba.","Encuentro que me falto tiempo, ya que, en paralelo a este curso estoy haciendo dos más. Así que fue un poco complicado que no se confundieran las actividades a realizar.","Que hubieran más actividades didácticas"
19,Satisfecho,Sí,Sí,Sí,"Lo esperado","2-3 horas","Los conozco y me son familiares, pero no los manejo en profundidad.","3 (Bueno)","3 (Bueno)","3 (Bueno)","2 (Malo)","3 (Bueno)","3 (Bueno)","3 (Bueno)","3 (Bueno)","3 (Bueno)","2 (Malo)","3 (Bueno)","3 (Bueno)","3 (Bueno)","2 (Malo)","1 (Muy malo)",Alto,"Bueno ya que me permitió ver la necesidad de implementar el sistema Abies y sus beneficios, el habia escuchado incluso solicitado información y capacitaron y nunca obtuve respuesta","El desafio que se me plantea de implementar el recurso Abies, en el CRA del establecimiento","La verdad me hubiese gustado alguna clase online , que permitiese aclarar dudas","Una clase virtual que aclare dudas que puedan surgir de los participantes"
20,Satisfecho,Sí,No,Sí,"Más de lo esperado","6-8 horas","Los conozco y me son familiares, pero no los manejo en profundidad.","3 (Bueno)","3 (Bueno)","3 (Bueno)","3 (Bueno)","3 (Bueno)","4 (Muy bueno)","3 (Bueno)","3 (Bueno)","3 (Bueno)","3 (Bueno)","3 (Bueno)","3 (Bueno)","3 (Bueno)","3 (Bueno)","3 (Bueno)",Alto,Bueno,"La retroalimentación entre los participantes","Estar bajo la presión de que hay que aprobarlo","Horario de los webinar mas temprano"
21,Satisfecho,Sí,Sí,Sí,"Lo esperado","4-6 horas","Los conozco y me son familiares, pero no los manejo en profundidad.","3 (Bueno)","3 (Bueno)","3 (Bueno)","3 (Bueno)","3 (Bueno)","3 (Bueno)","3 (Bueno)","3 (Bueno)","3 (Bueno)","3 (Bueno)","3 (Bueno)","3 (Bueno)","3 (Bueno)","3 (Bueno)","3 (Bueno)",Alto,"siempre se transfiere y mejora en el plano laboral, es solo cuestión de tiempo.","El material para imprimir","en ocasiones los temas perdían el hilo y al momento de realizar actividades había que volver atrás para relacionar.","el material mas visual que textual., mas ejemplos."
22,Satisfecho,Sí,Sí,Sí,"Mucho más de lo esperado","2-3 horas","Los conozco y me son familiares, pero no los manejo en profundidad.","4 (Muy bueno)","3 (Bueno)","4 (Muy bueno)","4 (Muy bueno)","3 (Bueno)","3 (Bueno)","4 (Muy bueno)","4 (Muy bueno)","4 (Muy bueno)","4 (Muy bueno)","4 (Muy bueno)","3 (Bueno)","3 (Bueno)","4 (Muy bueno)","2 (Malo)",Alto,"muy bueno ya que se lograra un mejor trabajo con toda la comunidad.","todo la información recibida.","todo la información que tenemos a mano para lograr una mejor atención a nuestra comunidad.","fechas del curso."
23,Satisfecho,No,Sí,Sí,"Más de lo esperado","4-6 horas","Los conozco y me son familiares, pero no los manejo en profundidad.","4 (Muy bueno)","4 (Muy bueno)","4 (Muy bueno)","3 (Bueno)","3 (Bueno)","4 (Muy bueno)","3 (Bueno)","3 (Bueno)","3 (Bueno)","3 (Bueno)","3 (Bueno)","3 (Bueno)","3 (Bueno)","3 (Bueno)","3 (Bueno)","Muy alto",-,"EL FORO",.,"LA PLATAFORMA MAS ACCESIBLE DE MANEJAR PARA TODOS"
24,"Muy Satisfecho",Sí,Sí,Sí,"Más de lo esperado","Más de 8 horas","Los conozco y me son familiares, pero no los manejo en profundidad.","4 (Muy bueno)","3 (Bueno)","4 (Muy bueno)","4 (Muy bueno)","3 (Bueno)","3 (Bueno)","3 (Bueno)","3 (Bueno)","3 (Bueno)","3 (Bueno)","3 (Bueno)","3 (Bueno)","3 (Bueno)","3 (Bueno)","3 (Bueno)","Muy alto","La transferencia de los aprendizajes al contexto laboral lo considero alto.","Adquirir nuevos conocimientos a mi práctica laboral como Encargada de la Biblioteca Escolar CRA, entregando la mejor atención y siendo un aporte a los usuarios.","Lo que menos me gustó la fecha que se realizó al finalizar el año cuando hay más trabajo en el Colegio y poco tiempo para cumplir con las actividades.
Que fuera On line.","Que los cursos sean durante el año.
De manera presencial."
25,Satisfecho,Sí,Sí,Sí,"Menos de lo esperado","4-6 horas","Los conozco y me son familiares, pero no los manejo en profundidad.","3 (Bueno)","3 (Bueno)","3 (Bueno)","3 (Bueno)","3 (Bueno)","3 (Bueno)","3 (Bueno)","3 (Bueno)","3 (Bueno)","3 (Bueno)","3 (Bueno)","3 (Bueno)","3 (Bueno)","3 (Bueno)","3 (Bueno)",Alto,apropiado,"generaron instancia de trabajo con pares","los tiempos , poco tiempo , alta exigencia ,","trabajo grupales presenciales  con intercambio de experiencias"
26,Insatisfecho,No,No,No,"Menos de lo esperado","2-3 horas","He escuchado de los contenidos, pero no los conocía.","2 (Malo)","2 (Malo)","2 (Malo)","3 (Bueno)","2 (Malo)","2 (Malo)","2 (Malo)","3 (Bueno)","3 (Bueno)","2 (Malo)","2 (Malo)","2 (Malo)","3 (Bueno)","2 (Malo)","2 (Malo)",Bajo,"Comnplejo teniendo tan mala conectividad.","La preocupación por intentar actualizarnos.","La falta de operatividad, ser más concreto y no tanto tecnicismo,","Que sea mas práctico."
27,Insatisfecho,No,No,No,"Menos de lo esperado","2-3 horas","Los conozco y me son familiares, pero no los manejo en profundidad.","2 (Malo)","2 (Malo)","2 (Malo)","3 (Bueno)","2 (Malo)","3 (Bueno)","2 (Malo)","2 (Malo)","2 (Malo)","3 (Bueno)","2 (Malo)","1 (Muy malo)","1 (Muy malo)","2 (Malo)","3 (Bueno)",Bajo,Bajo,"La intención","El formato, la fecha de inicio, las tareas, las preguntas de los cuestionarios.","Uff por dónde empezar:
1.- La plataforma es poco clara, una vez realizado un cuestionario no se puede continuar, se debe retroceder.
2- Las preguntas de los cuestionarios o tareas formativas son repetitivas y la mayoría de las veces apuntan al mismo conocimiento.
3.- Las actividades propuestas como acciones formativas son poco claras y la mayoría de las veces repetitivas.
4.- La posibilidad de gestionar en todos los establecimientos la aplicación del curso Abies 2.0 con tutor sería de mucha ayuda, en ese curso están planteados todos los tópicos tratados en este y otros cursos. Además de la continua retroalimentación del tutor, cosa que no sucede en este curso (A menos que se pregunte una duda)"
28,Insatisfecho,No,No,No,"Menos de lo esperado","4-6 horas","Los conozco y me son familiares, pero no los manejo en profundidad.","3 (Bueno)","2 (Malo)","2 (Malo)","2 (Malo)","2 (Malo)","2 (Malo)","2 (Malo)","2 (Malo)","2 (Malo)","3 (Bueno)","3 (Bueno)","2 (Malo)","2 (Malo)","3 (Bueno)","2 (Malo)",Bajo,"Creo que este año no se daban las condiciones para realizar un curso de este tipo, las reducciones de jornada y de los aforos no facilitó las actividades de Aplicación. Ha sido estresante cumplir con el poco tiempo y la presión ejercida.","La parte teórica, los videos explicativos y las evaluaciones sumativas.","Las Actividades de Aplicación y el no contar con apoyo directo o presencial de un Tutor.","Que se le asigne más tiempo y un Tutor. Realizar ejercicios simulados, por el contexto pandemia que ahora no se consideró."
29,Satisfecho,No,No,No,"Menos de lo esperado","2-3 horas","No los conocía; no había escuchado de estos.","3 (Bueno)","3 (Bueno)","3 (Bueno)","3 (Bueno)","3 (Bueno)","3 (Bueno)","3 (Bueno)","3 (Bueno)","3 (Bueno)","3 (Bueno)","3 (Bueno)","3 (Bueno)","3 (Bueno)","3 (Bueno)","3 (Bueno)","Muy alto",hshh,gseegseg,sgsegsegse,sgsegsegse
30,"Muy Satisfecho",Sí,Sí,Sí,"Mucho más de lo esperado","Más de 8 horas","Los conozco y los manejo con profundidad.","4 (Muy bueno)","4 (Muy bueno)","4 (Muy bueno)","4 (Muy bueno)","4 (Muy bueno)","4 (Muy bueno)","4 (Muy bueno)","4 (Muy bueno)","4 (Muy bueno)","4 (Muy bueno)","4 (Muy bueno)","4 (Muy bueno)","4 (Muy bueno)","4 (Muy bueno)","4 (Muy bueno)","Muy alto","Buenísimo, permite darse cuenta las falencias que uno tiene.","El hecho de adquirir mas conocimientos","Que se topara con otro curso.","Primero que después de la evaluación y de saber los cursos que debía hacer, nunca me llegó la fecha de los cursos."
31,Satisfecho,Sí,Sí,Sí,"Más de lo esperado","Más de 8 horas","Los conozco y me son familiares, pero no los manejo en profundidad.","3 (Bueno)","3 (Bueno)","3 (Bueno)","3 (Bueno)","3 (Bueno)","2 (Malo)","3 (Bueno)","3 (Bueno)","3 (Bueno)","3 (Bueno)","3 (Bueno)","3 (Bueno)","3 (Bueno)","2 (Malo)","2 (Malo)",Alto,"Bueno, faltando profundizar un poco por la gran cantidad de conceptos utilizados .","Las consideraciones hechas   al contexto nacional y a la pandemia que enfrentamos.","Que  no se me informo oportunamente el inicio, nunca recibí correo de confirmación de inicio, después de haber realizado metódicamente los pasos previos  y si no hubiese sido por mi insistencia no lo hubiese podido hacer en el tiempo estipulado perdiéndome la posibilidad .","Que no se de por sentado que todos los participantes conocemos la temática a tratar ya que hay distintas realidades y tiempos al estar como  encargados CRA  , así como distintas miradas de los directivos  de la importancia que tiene este espacio en la unidad educativa."
32,Satisfecho,Sí,Sí,Sí,"Lo esperado","6-8 horas","Los conozco y me son familiares, pero no los manejo en profundidad.","3 (Bueno)","3 (Bueno)","3 (Bueno)","3 (Bueno)","2 (Malo)","2 (Malo)","3 (Bueno)","3 (Bueno)","3 (Bueno)","3 (Bueno)","3 (Bueno)","3 (Bueno)","3 (Bueno)","2 (Malo)","3 (Bueno)",Bajo,"Sin duda que son aprendizajes que ayudan y aportan en la labor diaria de la encargada de biblioteca.","Que los temas impartidos van en directa colaboración con el trabajo realizado por la encargada CRA.","La escasa comunicación mediante correo electrónico con la tutora.","Que no sea mas de un curso a la vez."
33,Satisfecho,Sí,Sí,Sí,"Lo esperado","6-8 horas","Los conozco y me son familiares, pero no los manejo en profundidad.","3 (Bueno)","4 (Muy bueno)","3 (Bueno)","3 (Bueno)","2 (Malo)","3 (Bueno)","3 (Bueno)","3 (Bueno)","3 (Bueno)","3 (Bueno)","3 (Bueno)","3 (Bueno)","3 (Bueno)","2 (Malo)","2 (Malo)",Alto,"Me pareció que fueron un aporte para mi trabasjo","la presentación de las plataformas que se pueden utilizar para la organización de las colecciones","El formato en que se presentan las actividades. No estaba bien claro en que punto me había quedado y tenía que volver a repasar todo para llegar al punto en que me había quedado","Sugeriría que la plataforma tuviera ventanas en las cuales quedara la información para poder continuar con el trabajo en diferentes momentos."
34,Satisfecho,Sí,No,Sí,"Lo esperado","2-3 horas","Los conozco y me son familiares, pero no los manejo en profundidad.","3 (Bueno)","3 (Bueno)","3 (Bueno)","3 (Bueno)","3 (Bueno)","2 (Malo)","3 (Bueno)","3 (Bueno)","3 (Bueno)","3 (Bueno)","3 (Bueno)","2 (Malo)","3 (Bueno)","3 (Bueno)","3 (Bueno)",Alto,"De acuerdo a lo que yo manejaba en el sistema Vel2000, fue bueno el nivel de transferencia, ya que en el día a día, aplico esos conocimientos.  De no haber conocido esta herramienta, era imposible de avanzar.","Profundizar en mis conocimientos previos.","Que nos nos hayan entregado un material impreso tipo manual de todo el  curso.","Estos cursos necesitan ser presenciales o en plataformas sincrónicas,  ya que falta la retroalimentación."
35,Satisfecho,Sí,Sí,Sí,"Más de lo esperado","6-8 horas","Los conozco y me son familiares, pero no los manejo en profundidad.","3 (Bueno)","2 (Malo)","3 (Bueno)","3 (Bueno)","4 (Muy bueno)","3 (Bueno)","2 (Malo)","3 (Bueno)","3 (Bueno)","3 (Bueno)","3 (Bueno)","2 (Malo)","3 (Bueno)","2 (Malo)","2 (Malo)",Alto,"Bueno, pero poco claros.","Que nos aporte información para llevar un un trabajo.","Algunas actividades no estaban bien detalladas y no se lograba entender.","Una plataforma más amigable."
36,Satisfecho,Sí,Sí,Sí,"Lo esperado","4-6 horas","He escuchado de los contenidos, pero no los conocía.","3 (Bueno)","2 (Malo)","3 (Bueno)","3 (Bueno)","3 (Bueno)","3 (Bueno)","2 (Malo)","3 (Bueno)","3 (Bueno)","3 (Bueno)","3 (Bueno)","3 (Bueno)","3 (Bueno)","3 (Bueno)","3 (Bueno)",Alto,"LOS APRENDIZAJES QUE HEMOS ADQUIRIDO EN LOS CURSOS SON RELEVANTES PARA LLEVAR ACAVO LAS LABORES EN NUESTRO CRA, MUCHO QUE SE DESCONOCIA PERO LOGRANDO CONOCER Y LLEVAR A LA PRACCTICA.","CREO QUE TODO LO QUE HEMOS REALIZADO EN EL CURSO  HA SIDO RELEVANTE PARA  EL QUE HACER DEL CRA","BUENO LA PLATAFORMA SE ME HIZO DIFICIL MANEJARLA PERO DE APOCO DOMINANDOLA","MAS TUTORIALES DE EXPLORACION EN LA PLATAFORMALO"
37,Satisfecho,Sí,Sí,Sí,"Más de lo esperado","2-3 horas","Los conozco y me son familiares, pero no los manejo en profundidad.","3 (Bueno)","3 (Bueno)","3 (Bueno)","3 (Bueno)","3 (Bueno)","3 (Bueno)","3 (Bueno)","3 (Bueno)","3 (Bueno)","3 (Bueno)","3 (Bueno)","3 (Bueno)","3 (Bueno)","3 (Bueno)","3 (Bueno)",Alto,"La evaluación es positiva ya que los aprendizajes permiten mejorar lo realizado en biblioteca escolar.","Valoro la adquisición de nuevos conocimientos.","En su mayoría el curso me gusto.","Poder anexar tutoriales ."
38,Satisfecho,Sí,Sí,Sí,"Más de lo esperado","6-8 horas","Los conozco y los manejo con profundidad.","3 (Bueno)","3 (Bueno)","4 (Muy bueno)","4 (Muy bueno)","3 (Bueno)","3 (Bueno)","3 (Bueno)","3 (Bueno)","3 (Bueno)","4 (Muy bueno)","4 (Muy bueno)","3 (Bueno)","4 (Muy bueno)","2 (Malo)","3 (Bueno)",Alto,"En general lo aprendido me confirma la necesidad de automatización  en la biblioteca. Optimizar los recursos.","La coherencia en la información entregada,","Lo cierto es que encontré muy interesante el curso en su totalidad y como es un lenguaje que manejo no fue complicado el enfoque, pero he tenido que aprender a subir archivos y eso me complicó un poco. Solo eso.","Tener por lo menos una clase presencial.
Se hace necesario ver en la práctica toda la excelente teoría que enseñan,pero es necesario verlo no solo virtualmente.
Gracias por toda la gestión.
FELICITACIONES."
39,Satisfecho,Sí,Sí,Sí,"Lo esperado","6-8 horas","Los conozco y me son familiares, pero no los manejo en profundidad.","3 (Bueno)","3 (Bueno)","3 (Bueno)","3 (Bueno)","3 (Bueno)","3 (Bueno)","3 (Bueno)","3 (Bueno)","3 (Bueno)","3 (Bueno)","3 (Bueno)","3 (Bueno)","3 (Bueno)","3 (Bueno)","3 (Bueno)",Alto,"Fue de gran ayuda para mi desempeño en lo laboral.","Valoro que me aporto mas conocimiento para las diferentes actividades que debo realizar en el proceso educativo de los estudiantes y la comunidad educativa.","que es muy extenso, y algunas preguntas fueron muy capciosas, lo que hizo confundirme en algunas respuestas.","Que sean más cortas y precisas, no con tantas actividades en cada módulo."
40,Satisfecho,Sí,Sí,Sí,"Lo esperado","2-3 horas","Los conozco y los manejo con profundidad.","4 (Muy bueno)","4 (Muy bueno)","4 (Muy bueno)","4 (Muy bueno)","4 (Muy bueno)","4 (Muy bueno)","4 (Muy bueno)","4 (Muy bueno)","4 (Muy bueno)","4 (Muy bueno)","4 (Muy bueno)","4 (Muy bueno)","4 (Muy bueno)","4 (Muy bueno)","4 (Muy bueno)",Alto,"Es muy factible que se apliquen estos contenidos en el contexto laboral","la oportunidad de aprender nuevas estrategias y conocer distintas experiencias","no hay nada que no me haya gustado","que sigan actualizando a los funcionarios a través de estos cursos"
41,Satisfecho,Sí,Sí,Sí,"Mucho más de lo esperado","Más de 8 horas","Los conozco y me son familiares, pero no los manejo en profundidad.","4 (Muy bueno)","4 (Muy bueno)","4 (Muy bueno)","4 (Muy bueno)","3 (Bueno)","4 (Muy bueno)","3 (Bueno)","4 (Muy bueno)","4 (Muy bueno)","4 (Muy bueno)","4 (Muy bueno)","3 (Bueno)","4 (Muy bueno)","3 (Bueno)","3 (Bueno)","Muy alto","Muy bueno ya que podre poner en práctica en mi Biblioteca lo aprendido en este curso.","Que me entrego las herramientas para desempeñar mejor mi trabajo como Encargada de la biblioteca.","En general me gusto mucho, muy buenos los contenidos, solo que  encontré muy corta la duración del curso.","Que los cursos durarán un poco más para asimilar y practicar mejor contenidos y actividades y que los cursos no fueran todos juntos de a uno seria mejor."
42,"Muy Satisfecho",Sí,Sí,Sí,"Lo esperado","2-3 horas","Los conozco y me son familiares, pero no los manejo en profundidad.","3 (Bueno)","3 (Bueno)","3 (Bueno)","4 (Muy bueno)","4 (Muy bueno)","3 (Bueno)","3 (Bueno)","3 (Bueno)","3 (Bueno)","4 (Muy bueno)","3 (Bueno)","3 (Bueno)","4 (Muy bueno)","4 (Muy bueno)","3 (Bueno)",Alto,"Muy Bueno y de mucha importancia","Las orientaciones hacia automatizaciones y manejo de  colección","que me di cuenta de las debilidades que tenemos como Biblioteca","Todo bien Felicitaciones y m,uchas gracias"
43,"Muy Satisfecho",Sí,Sí,Sí,"Más de lo esperado","Más de 8 horas","Los conozco y me son familiares, pero no los manejo en profundidad.","4 (Muy bueno)","3 (Bueno)","4 (Muy bueno)","4 (Muy bueno)","4 (Muy bueno)","3 (Bueno)","3 (Bueno)","3 (Bueno)","3 (Bueno)","4 (Muy bueno)","3 (Bueno)","3 (Bueno)","3 (Bueno)","3 (Bueno)","3 (Bueno)",Alto,"Aprendí bastante, este curso realmente me sirvió para conocer contenidos nuevos y para profundizar otros.","La claridad  los contenidos","En lo personal no me gusta participar en los foros aunque a veces creo que es necesario","En mi opinión el curso estuvo bien"
44,Satisfecho,Sí,Sí,Sí,"Más de lo esperado","6-8 horas","Los conozco y me son familiares, pero no los manejo en profundidad.","3 (Bueno)","3 (Bueno)","3 (Bueno)","3 (Bueno)","3 (Bueno)","3 (Bueno)","3 (Bueno)","3 (Bueno)","3 (Bueno)","3 (Bueno)","3 (Bueno)","3 (Bueno)","3 (Bueno)","3 (Bueno)","3 (Bueno)",Alto,buena,"los conocimientos adquiridos","la modalidad de auto aprendizaje, ya que no hay retroalimentación","Mas claridad en las fechas para ir completando cada modulo, y facilitar la forma e subir archivos en los foros."
45,Satisfecho,Sí,No,No,"Lo esperado","6-8 horas","Los conozco y los manejo con profundidad.","2 (Malo)","2 (Malo)","2 (Malo)","4 (Muy bueno)","4 (Muy bueno)","2 (Malo)","2 (Malo)","2 (Malo)","3 (Bueno)","4 (Muy bueno)","3 (Bueno)","2 (Malo)","3 (Bueno)","3 (Bueno)","3 (Bueno)",Alto,"Considero que el nivel de transferencia es muy bueno. Todo lo aprendido lo traspaso al diario quehacer en la biblioteca. Todo lo visto en el curso es como el ideal de una biblioteca, pero en la realidad es muy distinto.","La calidad del curso es muy buena, pero demasiado largo cada módulo. Demandaba demasiado tiempo y no daba mucho lugar a realizar otras actividades en forma simultánea dentro del horario de trabajo.
Por mi parte, sólo lo puedo hacer en mi trabajo. En mi casa no tengo computador.","Muy largo los módulos y a veces no había claridad en lo que se pedía.","Que para realizar un curso de este tipo, considerar a las personas que no somos expertas en computación y nos cuesta mas manejarnos en la tecnología actual."
