﻿"Respuesta número","En general, ¿cuál es su nivel de satisfacción con el curso que acaba de terminar?","¿Recomendaría este curso a otro encargado de biblioteca?","¿Volvería a realizar un curso de estas mismas características?          ","¿Eran coherentes las actividades de aprendizaje propuestas para el curso?","Según la percepción de su proceso de aprendizaje y las características de este curso, ¿cuánto considera que aprendió?","¿Cuántas horas cronológicas semanales dedicó a este curso?","¿Qué tan familiares son para usted los contenidos tratados en el curso?","Claridad de los contenidos del curso (temas, definiciones, términos conceptuales, etc.).","Contextualización de los contenidos a su realidad laboral.","La progresión de la secuencia de aprendizaje para ir tratando los contenidos del curso.","Claridad del diseño gráfico de las pantallas de la plataforma.","Facilidad de navegación en la plataforma.","El funcionamiento de la mesa de ayuda para estudiantes (mediante contacto por correo electrónico).","Claridad de las actividades de aprendizaje propuestas.","Consistencia de las actividades de aprendizaje propuestas con los aprendizajes del curso.","Coherencia de las actividades de aprendizaje propuestas.","Cantidad de información aportada por el curso.","Profundidad en el tratamiento de los aprendizajes esperados.","Claridad de las instrucciones de las actividades.","Claridad de las instrucciones y preguntas en las evaluaciones.","Calidad de las orientaciones para retroalimentar las actividades y evaluaciones.","El apoyo del tutor para responder preguntas en el foro.","¿Cómo evaluaría el nivel de transferencia de los aprendizajes a su contexto laboral?","¿Qué es lo que más valora del curso que acaba de terminar?              ","¿Qué es lo que menos le gustó del curso que acaba de terminar?          ","¿Qué sugerencias haría para mejorar el curso en el futuro?"
1,Satisfecho,Sí,No,No,"Más de lo esperado","4-6 horas","Los conozco y me son familiares, pero no los manejo en profundidad.","3 (Bueno)","3 (Bueno)","3 (Bueno)","3 (Bueno)","3 (Bueno)","2 (Malo)","3 (Bueno)","3 (Bueno)","3 (Bueno)","4 (Muy bueno)","3 (Bueno)","4 (Muy bueno)","4 (Muy bueno)","3 (Bueno)","3 (Bueno)","Muy alto","RENOVACIÓN DE APRENDIZAJES","PASAR MUCHO TIEMPO EN EL COMPUTADOR","MEJORAR LA RAPIDEZ DE RESPUESTA DE LOS USUARIOS"
2,"Muy Satisfecho",Sí,Sí,Sí,"Lo esperado","4-6 horas","Los conozco y me son familiares, pero no los manejo en profundidad.","4 (Muy bueno)","4 (Muy bueno)","4 (Muy bueno)","4 (Muy bueno)","4 (Muy bueno)","3 (Bueno)","4 (Muy bueno)","4 (Muy bueno)","4 (Muy bueno)","4 (Muy bueno)","4 (Muy bueno)","4 (Muy bueno)","4 (Muy bueno)","4 (Muy bueno)","4 (Muy bueno)",Alto,"La cantidad de información, paginas y contenidos a entregar","Muchas actividades en contexto al tiempo de trabajo que uno tiene.","Mostrar mas videos con información sobre todos los temas tratados"
3,Satisfecho,Sí,No,No,"Menos de lo esperado","6-8 horas","He escuchado de los contenidos, pero no los conocía.","2 (Malo)","3 (Bueno)","3 (Bueno)","3 (Bueno)","3 (Bueno)","2 (Malo)","2 (Malo)","2 (Malo)","2 (Malo)","3 (Bueno)","3 (Bueno)","3 (Bueno)","3 (Bueno)","3 (Bueno)","3 (Bueno)",Bajo,"al menos para mi, aprender el uso y la utilidad de la biblioteca escolar cra","las actividades","al menos para mi tienen que ser cursos mas presenciales"
4,Satisfecho,No,No,Sí,"Más de lo esperado","2-3 horas","No los conocía; no había escuchado de estos.","3 (Bueno)","3 (Bueno)","3 (Bueno)","4 (Muy bueno)","4 (Muy bueno)","3 (Bueno)","3 (Bueno)","3 (Bueno)","3 (Bueno)","3 (Bueno)","3 (Bueno)","3 (Bueno)","3 (Bueno)","3 (Bueno)","4 (Muy bueno)","Muy alto","muy buen curso he aprendido bastante","no se entrar a los foros","me gustaría mas tiempo"
5,"Muy Satisfecho",Sí,Sí,Sí,"Lo esperado","4-6 horas","He escuchado de los contenidos, pero no los conocía.","4 (Muy bueno)","4 (Muy bueno)","4 (Muy bueno)","4 (Muy bueno)","2 (Malo)","3 (Bueno)","3 (Bueno)","3 (Bueno)","4 (Muy bueno)","3 (Bueno)","3 (Bueno)","2 (Malo)","3 (Bueno)","3 (Bueno)","3 (Bueno)","Muy alto","La oportunidad de aprender más sobre el uso adecuado de la biblioteca,.","La plataforma en ciertas ocasiones es poco amigable.","Mejorar las indicaciones una página más clara"
6,Satisfecho,Sí,Sí,Sí,"Más de lo esperado","6-8 horas","Los conozco y me son familiares, pero no los manejo en profundidad.","4 (Muy bueno)","4 (Muy bueno)","3 (Bueno)","4 (Muy bueno)","3 (Bueno)","3 (Bueno)","3 (Bueno)","4 (Muy bueno)","3 (Bueno)","4 (Muy bueno)","4 (Muy bueno)","4 (Muy bueno)","4 (Muy bueno)","4 (Muy bueno)","3 (Bueno)","Muy alto","valoro lo aprendido. Porque estudiando se aprende mas,  es tener oportunidades de aprendizaje y saber  cada dia mas.","No saber tecnología, y no entender la plataforma para realizar las actividades. No me gusto la respuesta de la Actividad 8 evaluación sumativa 2 del curso C.  la pregunta era:
Pregunta 2 en contexto del covid 19 la señalética en el piso que demarca el distanciamiento ideal entre un usuario me parece que la respuesta es 1 metro o 1,5 metro y me la colocaron mala. me pusieron que lo correcto era 2 metros.
La pregunta 4 , dice ¿ Cual de estos enunciados corresponde  a una señalética normativa? me la pusieron mala, mi respuesta fue: Horario de atención de 9:00 a 17:00hrs. y me pusieron que lo correcto era, (área de literatura chilena ) eso no me gustó.","Aprender tecnología básica, para poder realizar las actividades y entender la Plataforma, sugiero  que revisen bien las preguntas y respuestas antes de darnos el resultado."
7,Insatisfecho,No,Sí,No,"Menos de lo esperado","2-3 horas","Los conozco y me son familiares, pero no los manejo en profundidad.","2 (Malo)","3 (Bueno)","2 (Malo)","3 (Bueno)","2 (Malo)","1 (Muy malo)","1 (Muy malo)","2 (Malo)","2 (Malo)","2 (Malo)","2 (Malo)","1 (Muy malo)","2 (Malo)","2 (Malo)","1 (Muy malo)",Bajo,"QUE SE HAGAN CURSOS","LA POCA CLARIDAD DE SECUENCIAS A SEGUIR","CURSOS PRESENCIALES"
8,Insatisfecho,Sí,Sí,Sí,"Lo esperado","Más de 8 horas","He escuchado de los contenidos, pero no los conocía.","4 (Muy bueno)","4 (Muy bueno)","4 (Muy bueno)","4 (Muy bueno)","4 (Muy bueno)","4 (Muy bueno)","4 (Muy bueno)","4 (Muy bueno)","4 (Muy bueno)","4 (Muy bueno)","4 (Muy bueno)","4 (Muy bueno)","3 (Bueno)","4 (Muy bueno)","4 (Muy bueno)",Alto,"Aprendizaje de los espacios y normativas","Debe haber posibilidad de corregir los errores de las preguntas.","Poder contestar más veces los cuestionarios, porque eso permite aprender más, de los errores"
9,Satisfecho,Sí,Sí,Sí,"Más de lo esperado","Más de 8 horas","No los conocía; no había escuchado de estos.","3 (Bueno)","3 (Bueno)","3 (Bueno)","4 (Muy bueno)","2 (Malo)","3 (Bueno)","3 (Bueno)","3 (Bueno)","3 (Bueno)","4 (Muy bueno)","3 (Bueno)","3 (Bueno)","3 (Bueno)","3 (Bueno)","3 (Bueno)",Alto,"valoro los conceptos nuevos que aprendí y conocer los espacios de biblioteca y su importancia.","la plataforma, me perdí muchas veces.","soporte técnico."
10,Satisfecho,Sí,Sí,Sí,"Mucho más de lo esperado","2-3 horas","He escuchado de los contenidos, pero no los conocía.","3 (Bueno)","3 (Bueno)","4 (Muy bueno)","3 (Bueno)","4 (Muy bueno)","3 (Bueno)","3 (Bueno)","3 (Bueno)","3 (Bueno)","3 (Bueno)","3 (Bueno)","3 (Bueno)","3 (Bueno)","3 (Bueno)","3 (Bueno)","Muy alto","La ayuda de los encargados, hacia los estudiantes y preocupación por ir informando cada acontecimiento que correspondía.","La forma no presencial, me gusta más interactuar personalmente. Claro se entiende con la Pandemia.","Más lúdicos los contenidos."
11,Satisfecho,Sí,Sí,Sí,"Más de lo esperado","Más de 8 horas","He escuchado de los contenidos, pero no los conocía.","3 (Bueno)","2 (Malo)","3 (Bueno)","3 (Bueno)","4 (Muy bueno)","3 (Bueno)","4 (Muy bueno)","3 (Bueno)","3 (Bueno)","3 (Bueno)","3 (Bueno)","4 (Muy bueno)","4 (Muy bueno)","4 (Muy bueno)","3 (Bueno)",Bajo,"Lo que mas valoro es lo aprendido ya que eh aprendido bastante en relación a la bddigital la cual aun no implementamos en nuestro colegio espero seguir aprendiendo mas para poder trabajar el próximo año en esta nueva plataforma que me encanto .","Lo que menos me gusto es el poco tiempo que tuve 
para realizarla  ya que no me dio el tiempo para hacer las actividades y subirlas al foro pero si descargue todos los archivos y vídeos","lo único seria que nos dieran mas tiempo para hacerlas y no todos los cursos al mismo tiempo ya que es agotador hacerlos en casa porque en el colegio no da el tiempo ni la concentración necesaria para realizarlos."
12,Satisfecho,Sí,Sí,Sí,"Lo esperado","2-3 horas","No los conocía; no había escuchado de estos.","4 (Muy bueno)","3 (Bueno)","3 (Bueno)","3 (Bueno)","3 (Bueno)","3 (Bueno)","3 (Bueno)","3 (Bueno)","3 (Bueno)","3 (Bueno)","3 (Bueno)","3 (Bueno)","3 (Bueno)","3 (Bueno)","3 (Bueno)","Muy bajo","Los contenidos del curso, los encontré muy buenos e importantes para los encargados del CRA-","En realidad para mi parecer no encontré nada malo, solo me falta tiempo para realizar las actividad de aplicaciones.","Que den mas tiempo, porque uno trabaja y la verdad no queda mucho tiempo para hacer esas actividades-"
13,Satisfecho,Sí,Sí,Sí,"Más de lo esperado","2-3 horas","He escuchado de los contenidos, pero no los conocía.","3 (Bueno)","2 (Malo)","3 (Bueno)","3 (Bueno)","3 (Bueno)","2 (Malo)","3 (Bueno)","3 (Bueno)","3 (Bueno)","2 (Malo)","3 (Bueno)","2 (Malo)","3 (Bueno)","2 (Malo)","2 (Malo)","Muy alto","que conocí cosas que no conocía en cuanto cantidad de libros, mobiliario o nombres técnicos de estos,","la cantidad de horas proporcinadas, para ser un curso de auto aprendizaje y que no se le dieran solución algunas cosas necesarias, como por ejemplo cuando la evolución sin ser respondida se cerrara. el seguimiento que se dijo que se daría.","No debiera ser solo de auto aprendizaje y pienso que se deberían preocupar si se les esta dando el tiempo a los encargados de bibliotecas para realizar estos cursos."
14,Satisfecho,Sí,Sí,Sí,"Lo esperado","4-6 horas","Los conozco y me son familiares, pero no los manejo en profundidad.","3 (Bueno)","3 (Bueno)","3 (Bueno)","3 (Bueno)","4 (Muy bueno)","3 (Bueno)","3 (Bueno)","3 (Bueno)","3 (Bueno)","3 (Bueno)","3 (Bueno)","3 (Bueno)","3 (Bueno)","3 (Bueno)","3 (Bueno)",Alto,"no puedo opinar mucho por que solo di una prueba","para mi el curso se veía interesante","bueno por mi parte solo pude realizar una prueba no soy muy entendida en el Internet y me a contado mucho y pese a los mensajes que envié a nuestras monitoras no tuve muchas respuesta e ayuda"
15,"Muy Satisfecho",Sí,Sí,Sí,"Más de lo esperado","4-6 horas","Los conozco y me son familiares, pero no los manejo en profundidad.","4 (Muy bueno)","3 (Bueno)","4 (Muy bueno)","4 (Muy bueno)","4 (Muy bueno)","3 (Bueno)","3 (Bueno)","4 (Muy bueno)","4 (Muy bueno)","4 (Muy bueno)","4 (Muy bueno)","4 (Muy bueno)","3 (Bueno)","3 (Bueno)","3 (Bueno)",Alto,"Las definiciones y la forma de trabajo.","Algunas actividades eran muy largas y siento que deberían ser más acotadas por los tiempos acotados que tenemos.","Ojalá se hicieran reuniones semanales para explicar actividades."
16,Satisfecho,Sí,Sí,Sí,"Más de lo esperado","2-3 horas","He escuchado de los contenidos, pero no los conocía.","4 (Muy bueno)","4 (Muy bueno)","3 (Bueno)","3 (Bueno)","3 (Bueno)","3 (Bueno)","3 (Bueno)","3 (Bueno)","3 (Bueno)","4 (Muy bueno)","3 (Bueno)","2 (Malo)","3 (Bueno)","2 (Malo)","3 (Bueno)",Alto,"Mayor claridad y conocimiento acerca del comportamiento y organización del espacio CRA, mejora en las estrategias.","La falta de tiempo en lo personal.","Mejorar la aplicación de pronto se pierden las páginas de ubicación y se pierde el tiempo en buscarlas."
17,Satisfecho,No,No,No,"Lo esperado","Más de 8 horas","Los conozco y me son familiares, pero no los manejo en profundidad.","3 (Bueno)","4 (Muy bueno)","3 (Bueno)","2 (Malo)","2 (Malo)","2 (Malo)","3 (Bueno)","3 (Bueno)","3 (Bueno)","3 (Bueno)","3 (Bueno)","3 (Bueno)","3 (Bueno)","2 (Malo)","2 (Malo)",Alto,"Me dio una visión más amplia del 
funcionamiento del CRA.","Algunos ejemplos sacado de otros países son poco aplicables a nuestra realidad.( Pedir alimentos para sancionar, o pedir al comercio ) Perdieron el Norte. La plataforma, a veces no da la opción para enviar los trabajos al foro. Las asistentes no contestan","Una diseño ordenado y claro  plataforma .Videos aterrizados.Nos hicieron ver uno, donde la encargada del CRA ,decía que ella daba vueltas la biblioteca y había un día que organizaba una comilona de cabritas,Para eso está el patio. Ella anda dando palos de ciego. Vean y analicen los videos antes de mostrarnos cualquier cosa irrelevante con los Objetivo del CRA."
18,"Muy Satisfecho",Sí,Sí,Sí,"Más de lo esperado","2-3 horas","Los conozco y me son familiares, pero no los manejo en profundidad.","4 (Muy bueno)","4 (Muy bueno)","4 (Muy bueno)","4 (Muy bueno)","4 (Muy bueno)","4 (Muy bueno)","4 (Muy bueno)","4 (Muy bueno)","4 (Muy bueno)","4 (Muy bueno)","4 (Muy bueno)","4 (Muy bueno)","4 (Muy bueno)","4 (Muy bueno)","4 (Muy bueno)","Muy alto","CLARIDAD DEL CONTENIDO","MUY LARGOS LOS MODULOS","QUE NO SE HAGAN CURSOS A FIN DE AÑO!!!"
19,"Muy Satisfecho",Sí,Sí,Sí,"Mucho más de lo esperado","4-6 horas","He escuchado de los contenidos, pero no los conocía.","4 (Muy bueno)","3 (Bueno)","4 (Muy bueno)","4 (Muy bueno)","4 (Muy bueno)","4 (Muy bueno)","4 (Muy bueno)","4 (Muy bueno)","4 (Muy bueno)","4 (Muy bueno)","4 (Muy bueno)","4 (Muy bueno)","4 (Muy bueno)","4 (Muy bueno)","4 (Muy bueno)",Alto,"que es dinámico ya que presenta videos y diferentes lecturas de apoyo.","Los foros, solo por una opinión ya que no se si realmente sirven los foros para el aprendizaje.","Todo está bien ."
20,"Muy Insatisfecho",Sí,Sí,Sí,"Mucho más de lo esperado","6-8 horas","He escuchado de los contenidos, pero no los conocía.","4 (Muy bueno)","3 (Bueno)","3 (Bueno)","3 (Bueno)","3 (Bueno)","3 (Bueno)","3 (Bueno)","4 (Muy bueno)","4 (Muy bueno)","4 (Muy bueno)","4 (Muy bueno)","4 (Muy bueno)","4 (Muy bueno)","4 (Muy bueno)","2 (Malo)","Muy alto","La Claridad de aporte de los contenidos mediante vídeos.","El mes  que se  realizaron  los curso  son los meses de mas trabajo para la encargada","que expliquen mas como ingresar a un foro,"
21,Satisfecho,Sí,Sí,Sí,"Lo esperado","6-8 horas","Los conozco y me son familiares, pero no los manejo en profundidad.","3 (Bueno)","3 (Bueno)","3 (Bueno)","3 (Bueno)","3 (Bueno)","3 (Bueno)","3 (Bueno)","3 (Bueno)","3 (Bueno)","4 (Muy bueno)","4 (Muy bueno)","4 (Muy bueno)","4 (Muy bueno)","3 (Bueno)","3 (Bueno)",Alto,"La capacida de desarrollo de manera online","La plataforma no es afable en su totalidad","Hubieron problemas de conexión"
22,Satisfecho,Sí,Sí,Sí,"Más de lo esperado","2-3 horas","Los conozco y me son familiares, pero no los manejo en profundidad.","3 (Bueno)","3 (Bueno)","3 (Bueno)","3 (Bueno)","3 (Bueno)","3 (Bueno)","3 (Bueno)","3 (Bueno)","3 (Bueno)","3 (Bueno)","3 (Bueno)","3 (Bueno)","3 (Bueno)","3 (Bueno)","3 (Bueno)",Alto,INTERESANTE,"NO TENGOTIEMPO","MENOS MATERIA"
23,Satisfecho,Sí,Sí,Sí,"Lo esperado","2-3 horas","Los conozco y me son familiares, pero no los manejo en profundidad.","3 (Bueno)","3 (Bueno)","3 (Bueno)","3 (Bueno)","3 (Bueno)","3 (Bueno)","3 (Bueno)","3 (Bueno)","3 (Bueno)","3 (Bueno)","3 (Bueno)","3 (Bueno)","3 (Bueno)","3 (Bueno)","3 (Bueno)","Muy alto","el contenido claro y resumido","que debería ser uno primero y después el otro curso ,hubo confusión y faltó tiempo.","el modo de entregar los trabajos ,porque yo hice varios y no los pude cargar ,y al aforo tampoco pude entrar ,muy poco tiempo o tal vez las fechas no fueron las indicadas .gracias"
24,"Muy Satisfecho",Sí,Sí,Sí,"Mucho más de lo esperado","4-6 horas","He escuchado de los contenidos, pero no los conocía.","3 (Bueno)","3 (Bueno)","4 (Muy bueno)","3 (Bueno)","3 (Bueno)","3 (Bueno)","3 (Bueno)","3 (Bueno)","3 (Bueno)","3 (Bueno)","3 (Bueno)","3 (Bueno)","3 (Bueno)","3 (Bueno)","3 (Bueno)","Muy alto","Todos los conocimientos adquiridos","todo es interesante","que para una comunicación más inmediata haya un número telefónico para llamar."
25,Insatisfecho,No,No,Sí,"Lo esperado","2-3 horas","Los conozco y me son familiares, pero no los manejo en profundidad.","4 (Muy bueno)","3 (Bueno)","3 (Bueno)","3 (Bueno)","2 (Malo)","2 (Malo)","2 (Malo)","3 (Bueno)","3 (Bueno)","3 (Bueno)","3 (Bueno)","3 (Bueno)","3 (Bueno)","2 (Malo)","2 (Malo)",Bajo,"Aprender contenidos que no conocía.","Se me dificultó demasiado.","Realizar el curso por meet o zoom con la tutora con grupos pequeños.
Se me dificultó demasiado."
26,Satisfecho,Sí,Sí,Sí,"Lo esperado","4-6 horas","Los conozco y me son familiares, pero no los manejo en profundidad.","4 (Muy bueno)","4 (Muy bueno)","4 (Muy bueno)","4 (Muy bueno)","4 (Muy bueno)","4 (Muy bueno)","4 (Muy bueno)","4 (Muy bueno)","4 (Muy bueno)","4 (Muy bueno)","4 (Muy bueno)","4 (Muy bueno)","4 (Muy bueno)","4 (Muy bueno)","4 (Muy bueno)","Muy alto","La forma clara de poder aprender","a veces me falto tiempo",nada
27,Satisfecho,Sí,Sí,Sí,"Más de lo esperado","2-3 horas","He escuchado de los contenidos, pero no los conocía.","3 (Bueno)","3 (Bueno)","3 (Bueno)","3 (Bueno)","3 (Bueno)","3 (Bueno)","3 (Bueno)","3 (Bueno)","3 (Bueno)","3 (Bueno)","3 (Bueno)","3 (Bueno)","3 (Bueno)","3 (Bueno)","3 (Bueno)","Muy alto","Ha sido interesante  conocer ámbitos que desconocía sobre las bibliotecas escolares","No es el curso, es el tiempo para poder realizarlo, contestar de manera detallada y con más tiempo. No ha sido fácil comprender en qué curso estoy trabajando y a cuál debo ingresar","Tal vez que no sean tan extensos."
28,Satisfecho,Sí,Sí,Sí,"Lo esperado","2-3 horas","No los conocía; no había escuchado de estos.","4 (Muy bueno)","4 (Muy bueno)","4 (Muy bueno)","4 (Muy bueno)","4 (Muy bueno)","4 (Muy bueno)","4 (Muy bueno)","4 (Muy bueno)","4 (Muy bueno)","4 (Muy bueno)","4 (Muy bueno)","4 (Muy bueno)","4 (Muy bueno)","4 (Muy bueno)","4 (Muy bueno)","Muy bajo","claridad de los téctos","todo bien ya que es mi primera vez","que sea téctualisado pero mas corto en el tema de lectura"
29,Satisfecho,Sí,Sí,Sí,"Más de lo esperado","4-6 horas","Los conozco y me son familiares, pero no los manejo en profundidad.","4 (Muy bueno)","3 (Bueno)","3 (Bueno)","3 (Bueno)","3 (Bueno)","2 (Malo)","3 (Bueno)","3 (Bueno)","3 (Bueno)","3 (Bueno)","3 (Bueno)","3 (Bueno)","3 (Bueno)","3 (Bueno)","3 (Bueno)",Alto,"valoro es poder participar de este hermoso aprendizaje que me están dando ya que soy auxiliar de servicio y poder aprender algo nuevo es lo mejor.",nada,"mandar impreso también todo l material que entregan a través de internet ya que a veces la señal es mala y así se podría responder con mas rapidez la preguntas hechas."
30,Satisfecho,Sí,No,Sí,"Lo esperado","Más de 8 horas","Los conozco y me son familiares, pero no los manejo en profundidad.","3 (Bueno)","3 (Bueno)","3 (Bueno)","3 (Bueno)","3 (Bueno)","3 (Bueno)","3 (Bueno)","3 (Bueno)","3 (Bueno)","3 (Bueno)","4 (Muy bueno)","2 (Malo)","4 (Muy bueno)","3 (Bueno)","3 (Bueno)",Alto,"EL CURSO ESTA CONTEXTUALIZADO DE ACUERDO AL PROPOSITO DE LAS BIBLIOTECAS Y ALINEADO CON EL CURRICULUM Y  LA CONTINGENCIA NECESIDADES DE RECURSOS  DIGITALES.","LO QUE MENOS ME GUSTO FUE EL PERIODO EN QUE SE REALIZA, YA QUE TENEMOS MUCHAS EVALUACIONES A FIN DE AÑO Y CIERRE DE AÑO  .","REALIZARLO EN UN PERIODO MENOS COMPLEJO"
31,Satisfecho,Sí,Sí,Sí,"Lo esperado","2-3 horas","No los conocía; no había escuchado de estos.","3 (Bueno)","3 (Bueno)","3 (Bueno)","3 (Bueno)","3 (Bueno)","3 (Bueno)","3 (Bueno)","3 (Bueno)","3 (Bueno)","3 (Bueno)","3 (Bueno)","3 (Bueno)","3 (Bueno)","3 (Bueno)","3 (Bueno)","Muy alto","que uno lo puede hacer de a poco y la flexibilidad","si fue muy bueno yo tenia poco tiempo en mi trabajo, me envían a cubrir otras acciones","debo dedicarme solo a leer y estudiar"
32,Satisfecho,Sí,No,Sí,"Lo esperado","2-3 horas","Los conozco y me son familiares, pero no los manejo en profundidad.","3 (Bueno)","3 (Bueno)","3 (Bueno)","3 (Bueno)","3 (Bueno)","3 (Bueno)","3 (Bueno)","3 (Bueno)","3 (Bueno)","3 (Bueno)","3 (Bueno)","3 (Bueno)","3 (Bueno)","3 (Bueno)","3 (Bueno)",Alto,Participación,"Me costó mucho ya que no manejo mucho la tecnología",Nada
33,Satisfecho,No,No,Sí,"Lo esperado","2-3 horas","He escuchado de los contenidos, pero no los conocía.","3 (Bueno)","2 (Malo)","3 (Bueno)","3 (Bueno)","2 (Malo)","2 (Malo)","3 (Bueno)","3 (Bueno)","3 (Bueno)","3 (Bueno)","3 (Bueno)","2 (Malo)","3 (Bueno)","3 (Bueno)","3 (Bueno)",Bajo,"Como organizar el espacio biblioteca","La plataforma no la encuentro amigable, es muy enredada","Creo que con clases on line, sería más claro el tema de los conceptos y las dudas."
34,"Muy Satisfecho",Sí,Sí,Sí,"Mucho más de lo esperado","4-6 horas","Los conozco y me son familiares, pero no los manejo en profundidad.","4 (Muy bueno)","4 (Muy bueno)","4 (Muy bueno)","4 (Muy bueno)","4 (Muy bueno)","3 (Bueno)","4 (Muy bueno)","4 (Muy bueno)","4 (Muy bueno)","4 (Muy bueno)","4 (Muy bueno)","4 (Muy bueno)","4 (Muy bueno)","4 (Muy bueno)","4 (Muy bueno)",Alto,"Para mi el curso fue muy instructivo aprendí muchas cosas, los vídeos excelentes se aprende con mucha facilidad.","Realmente a mi  me gusto todo lo del curso
quede muy satisfactoria","No habría ninguna sugerencias porque el curso esta completo."
35,Satisfecho,Sí,Sí,Sí,"Menos de lo esperado","2-3 horas","No los conocía; no había escuchado de estos.","3 (Bueno)","3 (Bueno)","3 (Bueno)","3 (Bueno)","3 (Bueno)","3 (Bueno)","3 (Bueno)","3 (Bueno)","3 (Bueno)","3 (Bueno)","3 (Bueno)","2 (Malo)","3 (Bueno)","3 (Bueno)","1 (Muy malo)",Alto,"sin comentarios.","un poco enredado con respecto a como poder estudiar y poder ver los
temas para realizar el curso.","la comunicación podría ser  además, vía telefónica, para realizar las consultas en el momento."
36,Satisfecho,Sí,Sí,Sí,"Lo esperado","4-6 horas","He escuchado de los contenidos, pero no los conocía.","4 (Muy bueno)","4 (Muy bueno)","4 (Muy bueno)","4 (Muy bueno)","4 (Muy bueno)","4 (Muy bueno)","4 (Muy bueno)","4 (Muy bueno)","4 (Muy bueno)","4 (Muy bueno)","4 (Muy bueno)","4 (Muy bueno)","4 (Muy bueno)","4 (Muy bueno)","4 (Muy bueno)","Muy alto","QUE NO ES DIFICIL DE ENTENDER","ME COSTO MUCHO REALIZAR LAS EVALUACIONES YA QUE EL SISTEMA ME BLOQUEABA","TRATAR DE HACER MAS FACIL LA EVALUACION"
37,Insatisfecho,No,No,Sí,"Menos de lo esperado","6-8 horas","Los conozco y me son familiares, pero no los manejo en profundidad.","3 (Bueno)","3 (Bueno)","1 (Muy malo)","1 (Muy malo)","1 (Muy malo)","1 (Muy malo)","4 (Muy bueno)","3 (Bueno)","3 (Bueno)","3 (Bueno)","3 (Bueno)","3 (Bueno)","1 (Muy malo)","1 (Muy malo)","2 (Malo)",Bajo,"Lo que más he valorado son los contenidos a tratar, ya que los documentos han sido de mucha ayuda y las orientaciones sobre cómo tener una mejor biblioteca han sido de gran ayuda.","Lo que menos me gustó es la plataforma. No es amigable para quien no sabe de tecnología. Yo he tenido ayuda para poder meterme y me imagino lo difícil que debe ser para alguien de mayor edad. Además, no existió retroalimentación de las evaluaciones, en muchos casos no me quedaban claras las supuestas &quot;respuestas correctas&quot;, ya que no entendía porque mi respuesta estaba mala siendo que estaba segura de que no era así.","Simplificar la plataforma.
Tener a alguien respondiendo dudas todo el tiempo o al menos en horario mañana y tarde.
Poder debatir las respuestas que se encuentran &quot;malas&quot; dando argumentos."
38,"Muy Insatisfecho",Sí,Sí,Sí,"Más de lo esperado","Más de 8 horas","No los conocía; no había escuchado de estos.","4 (Muy bueno)","3 (Bueno)","3 (Bueno)","3 (Bueno)","3 (Bueno)","3 (Bueno)","3 (Bueno)","3 (Bueno)","3 (Bueno)","3 (Bueno)","3 (Bueno)","3 (Bueno)","3 (Bueno)","3 (Bueno)","3 (Bueno)","Muy alto","la información entregada muy clara y de mucha utilidad.","este curso fue muy satisfactorio.","que fura con tutoría para aclarar dudas."
39,Satisfecho,Sí,Sí,Sí,"Lo esperado","2-3 horas","Los conozco y me son familiares, pero no los manejo en profundidad.","4 (Muy bueno)","3 (Bueno)","3 (Bueno)","3 (Bueno)","3 (Bueno)","3 (Bueno)","3 (Bueno)","3 (Bueno)","3 (Bueno)","3 (Bueno)","3 (Bueno)","3 (Bueno)","3 (Bueno)","3 (Bueno)","3 (Bueno)",Alto,"Mucha claridad en los temas tratados, por falta de tiempo me gustarìa analizarlos con màs detalle.","El curso bastante bueno pero me hubiese gustado haber tenido mas tiempo para actualizar mis aprendizajes.","Como sugerencia podrìa solicitar un poco màs de tiempo para brindarle la atenciòn que el curso requiere, ya que en mi situaciòn particular no solamente cumplo actividades en biblioteca, si no que son variadas en mi establecimiento."
40,Satisfecho,Sí,Sí,Sí,"Lo esperado","2-3 horas","He escuchado de los contenidos, pero no los conocía.","3 (Bueno)","3 (Bueno)","3 (Bueno)","3 (Bueno)","3 (Bueno)","3 (Bueno)","3 (Bueno)","3 (Bueno)","3 (Bueno)","3 (Bueno)","3 (Bueno)","3 (Bueno)","3 (Bueno)","3 (Bueno)","3 (Bueno)",Bajo,"Adquisición de conocimientos","Dudas con respecto a la revisión de las evaluaciones sumativas","Sin sugerencias"
41,"Muy Satisfecho",Sí,Sí,Sí,"Mucho más de lo esperado","2-3 horas","Los conozco y me son familiares, pero no los manejo en profundidad.","4 (Muy bueno)","4 (Muy bueno)","4 (Muy bueno)","4 (Muy bueno)","4 (Muy bueno)","4 (Muy bueno)","4 (Muy bueno)","4 (Muy bueno)","4 (Muy bueno)","4 (Muy bueno)","4 (Muy bueno)","4 (Muy bueno)","4 (Muy bueno)","4 (Muy bueno)","4 (Muy bueno)","Muy bajo","Excelente aporte a mi formación","Las actividades","Más ayuda"
42,Satisfecho,Sí,Sí,Sí,"Más de lo esperado","Más de 8 horas","Los conozco y me son familiares, pero no los manejo en profundidad.","3 (Bueno)","3 (Bueno)","3 (Bueno)","3 (Bueno)","3 (Bueno)","3 (Bueno)","3 (Bueno)","3 (Bueno)","3 (Bueno)","3 (Bueno)","3 (Bueno)","3 (Bueno)","3 (Bueno)","3 (Bueno)","3 (Bueno)",Alto,"los videos , las actividades de los decálogos y la herramienta de hacer gráficos.","El tiempo","Más tiempo para el curso"
43,"Muy Satisfecho",Sí,Sí,Sí,"Más de lo esperado","Más de 8 horas","Los conozco y me son familiares, pero no los manejo en profundidad.","3 (Bueno)","3 (Bueno)","3 (Bueno)","3 (Bueno)","3 (Bueno)","3 (Bueno)","3 (Bueno)","3 (Bueno)","3 (Bueno)","3 (Bueno)","3 (Bueno)","3 (Bueno)","3 (Bueno)","3 (Bueno)","3 (Bueno)",Alto,"Conocer con profundidad los estándares para la bibliotecas","la información debería ser mas precisa mejor entendimiento de la información.","mas tiempo para analizar"
44,Satisfecho,Sí,No,Sí,"Lo esperado","2-3 horas","Los conozco y me son familiares, pero no los manejo en profundidad.","3 (Bueno)","3 (Bueno)","4 (Muy bueno)","4 (Muy bueno)","3 (Bueno)","3 (Bueno)","4 (Muy bueno)","3 (Bueno)","4 (Muy bueno)","4 (Muy bueno)","3 (Bueno)","4 (Muy bueno)","4 (Muy bueno)","3 (Bueno)","4 (Muy bueno)",Alto,"La entrega de información para el desarrollo y buen funcionamiento de la biblioteca.","Quizás, el poco tiempo para desarrollarlo pues en mi caso cumplo otras funciones en mi colegio a la cual debo dedicarle mucho tiempo.","Mayor tiempo para el desarrollo de los módulos."
45,Satisfecho,Sí,Sí,Sí,"Más de lo esperado","4-6 horas","Los conozco y me son familiares, pero no los manejo en profundidad.","3 (Bueno)","3 (Bueno)","3 (Bueno)","2 (Malo)","2 (Malo)","3 (Bueno)","3 (Bueno)","3 (Bueno)","3 (Bueno)","4 (Muy bueno)","3 (Bueno)","3 (Bueno)","3 (Bueno)","3 (Bueno)","3 (Bueno)",Alto,"Los temas todos muy interesantes y se valora la preocupación por mantenernos actualizados con las distintas alternativas para encantar y reencantar a nuestros pequeños lectores.","Personalmente no soy tan tecnológica y eso no me permite trabajar bien y por ende cometer errores, antes de terminar un cuestionario formativo( ejemplo)","Mejorar significativa en la plataforma.
Aunque preferiría estudiar presencialmente"
46,Satisfecho,Sí,Sí,Sí,"Más de lo esperado","2-3 horas","No los conocía; no había escuchado de estos.","3 (Bueno)","3 (Bueno)","3 (Bueno)","3 (Bueno)","3 (Bueno)","3 (Bueno)","3 (Bueno)","3 (Bueno)","3 (Bueno)","3 (Bueno)","3 (Bueno)","3 (Bueno)","3 (Bueno)","3 (Bueno)","3 (Bueno)",Alto,"Los contenidos de muy acorde al tema, información clara y precisa.
exactitud en los términos, no hay ambigüedad en la explicaciones.","No poder contacterme con la tutoría del curso.","Tener tiempo suficiente para lograr un buen aprendizaje de los contenidos de cada curso."
47,Satisfecho,Sí,Sí,Sí,"Lo esperado","Más de 8 horas","Los conozco y me son familiares, pero no los manejo en profundidad.","3 (Bueno)","3 (Bueno)","3 (Bueno)","3 (Bueno)","3 (Bueno)","3 (Bueno)","3 (Bueno)","3 (Bueno)","3 (Bueno)","3 (Bueno)","3 (Bueno)","3 (Bueno)","3 (Bueno)","3 (Bueno)","3 (Bueno)",Alto,"Retroalimentarme con nuevas información.","Lo dije en la primera encuesta y lo vuelvo a decir la mala coordinación de los cuestionarios ya que a veces se cerraban solos","Mejorar los cuestionarios de preguntas en tiempos y formas de mantenerse activis."
48,"Muy Satisfecho",Sí,Sí,Sí,"Mucho más de lo esperado","Más de 8 horas","Los conozco y los manejo con profundidad.","4 (Muy bueno)","4 (Muy bueno)","4 (Muy bueno)","4 (Muy bueno)","4 (Muy bueno)","4 (Muy bueno)","4 (Muy bueno)","4 (Muy bueno)","4 (Muy bueno)","4 (Muy bueno)","4 (Muy bueno)","4 (Muy bueno)","4 (Muy bueno)","4 (Muy bueno)","4 (Muy bueno)","Muy alto","Los contenidos trabajados, que ayudan a fortalecer nuestras prácticas de manera correcta.","Estoy conforme con el curso.","Quizás  un poco más  de tiempo."
49,Satisfecho,Sí,Sí,Sí,"Más de lo esperado","Más de 8 horas","Los conozco y me son familiares, pero no los manejo en profundidad.","3 (Bueno)","3 (Bueno)","3 (Bueno)","3 (Bueno)","3 (Bueno)","3 (Bueno)","3 (Bueno)","3 (Bueno)","3 (Bueno)","3 (Bueno)","3 (Bueno)","3 (Bueno)","3 (Bueno)","3 (Bueno)","3 (Bueno)",Alto,"En realidad lo que mas valore que se me diera otra oportunidad con realizar la 2 evaluación sumativa.","Lo del foro jamas logre entender ya que según yo lo hacia pero no lo tengo claro y tampoco entendí que función cumple el block que sale en la parte de participante. ADEMAS NO SE ENTENDIÓ LO DEL CIRCULO QUE INDICA EL PORCENTAJE DEL CURSO YA QUE EN CIERTO TIEMPO SE QUEDO EN UN SOLO PORCENTAJE QUE NO SE SI ES BUENO O POCO O QUIZÁS ME FALTO HACER ALGO Y ESO TAMPOCO SE INDICA.","Que antes de cada curso se realice  una clase online exclusiva explicativa  y con detalle enseñando la plataforma del curso ya que habemos personas que nos costo mucho  MUCHAS GRACIAS POR TODO"
50,Satisfecho,Sí,Sí,Sí,"Más de lo esperado","Más de 8 horas","Los conozco y me son familiares, pero no los manejo en profundidad.","3 (Bueno)","3 (Bueno)","3 (Bueno)","4 (Muy bueno)","3 (Bueno)","3 (Bueno)","3 (Bueno)","3 (Bueno)","3 (Bueno)","3 (Bueno)","3 (Bueno)","2 (Malo)","2 (Malo)","3 (Bueno)","3 (Bueno)",Alto,"El contenido","El foro, aun no logro entender la dinámica.","Que se pueda dar solo un curso a la vez."
51,Satisfecho,Sí,Sí,Sí,"Más de lo esperado","4-6 horas","He escuchado de los contenidos, pero no los conocía.","4 (Muy bueno)","3 (Bueno)","3 (Bueno)","4 (Muy bueno)","3 (Bueno)","3 (Bueno)","3 (Bueno)","3 (Bueno)","3 (Bueno)","3 (Bueno)","3 (Bueno)","3 (Bueno)","4 (Muy bueno)","3 (Bueno)","3 (Bueno)",Alto,"La claridad en los contenidos.","Nada en especial.","No tengo."
52,"Muy Insatisfecho",Sí,Sí,Sí,"Lo esperado","4-6 horas","He escuchado de los contenidos, pero no los conocía.","4 (Muy bueno)","3 (Bueno)","4 (Muy bueno)","3 (Bueno)","3 (Bueno)","3 (Bueno)","3 (Bueno)","3 (Bueno)","3 (Bueno)","3 (Bueno)","3 (Bueno)","3 (Bueno)","3 (Bueno)","3 (Bueno)","3 (Bueno)",Alto,"Lo que más valoro es la posibilidad de aprender a organizar adecuadamente el espacio de la biblioteca escolar.","Me habría gustado que la plataforma fuera más clara un poco más amigable para pasar de una actividad a otra.","Que incluyeran sistemas para trabajar con usuarios con diferentes discapacidades."
53,"Muy Satisfecho",Sí,Sí,Sí,"Más de lo esperado","4-6 horas","He escuchado de los contenidos, pero no los conocía.","3 (Bueno)","3 (Bueno)","3 (Bueno)","3 (Bueno)","3 (Bueno)","3 (Bueno)","3 (Bueno)","3 (Bueno)","3 (Bueno)","3 (Bueno)","4 (Muy bueno)","3 (Bueno)","3 (Bueno)","3 (Bueno)","3 (Bueno)",Alto,"Aprendí bastante ya que soy nueva en el cargo","Me quedo todo todo claro","Lo encontre muy interesante"
54,Satisfecho,Sí,No,No,"Lo esperado","2-3 horas","He escuchado de los contenidos, pero no los conocía.","2 (Malo)","2 (Malo)","2 (Malo)","2 (Malo)","2 (Malo)","2 (Malo)","2 (Malo)","2 (Malo)","2 (Malo)","3 (Bueno)","3 (Bueno)","2 (Malo)","2 (Malo)","3 (Bueno)","2 (Malo)",Bajo,"Que siempre se aprende algo nuevo","El tiempo que dura el curso","el tiempo suficiente"
55,"Muy Satisfecho",Sí,Sí,Sí,"Más de lo esperado","6-8 horas","No los conocía; no había escuchado de estos.","4 (Muy bueno)","4 (Muy bueno)","4 (Muy bueno)","4 (Muy bueno)","4 (Muy bueno)","3 (Bueno)","4 (Muy bueno)","4 (Muy bueno)","4 (Muy bueno)","4 (Muy bueno)","4 (Muy bueno)","4 (Muy bueno)","4 (Muy bueno)","4 (Muy bueno)","4 (Muy bueno)","Muy alto","La información","documentos muy largos","entregar documentos resumidos, más acotados, porque el tiempo que tenemos para leer es muy poco. sería mejor info en videos"
56,Satisfecho,Sí,Sí,Sí,"Más de lo esperado","2-3 horas","Los conozco y me son familiares, pero no los manejo en profundidad.","3 (Bueno)","2 (Malo)","2 (Malo)","3 (Bueno)","3 (Bueno)","3 (Bueno)","3 (Bueno)","3 (Bueno)","3 (Bueno)","3 (Bueno)","3 (Bueno)","3 (Bueno)","3 (Bueno)","3 (Bueno)","3 (Bueno)",Alto,"lo flexible y el tiempo para responder.","al principio las explicaciones fueron un tanto ambiguas y repetitivas.","mas claridad al comienzo pues no estaba bien explicada la primera actividad."
57,Insatisfecho,Sí,Sí,Sí,"Más de lo esperado","2-3 horas","No los conocía; no había escuchado de estos.","4 (Muy bueno)","4 (Muy bueno)","4 (Muy bueno)","4 (Muy bueno)","4 (Muy bueno)","4 (Muy bueno)","4 (Muy bueno)","4 (Muy bueno)","4 (Muy bueno)","4 (Muy bueno)","4 (Muy bueno)","4 (Muy bueno)","4 (Muy bueno)","4 (Muy bueno)","4 (Muy bueno)",Alto,"Aprender sobre la distribución de espacios.","El poco tiempo para su desarrollo.","Establecer un poco mas de tiempo ya que se escapa de nuestras manos por las varias funciones que desarrollamos."
58,"Muy Satisfecho",Sí,Sí,Sí,"Más de lo esperado","2-3 horas","Los conozco y los manejo con profundidad.","4 (Muy bueno)","4 (Muy bueno)","4 (Muy bueno)","4 (Muy bueno)","4 (Muy bueno)","3 (Bueno)","4 (Muy bueno)","4 (Muy bueno)","4 (Muy bueno)","4 (Muy bueno)","4 (Muy bueno)","4 (Muy bueno)","4 (Muy bueno)","4 (Muy bueno)","3 (Bueno)","Muy alto",Rapidez,Nada,Ninguna
59,Satisfecho,Sí,No,Sí,"Lo esperado","6-8 horas","Los conozco y me son familiares, pero no los manejo en profundidad.","3 (Bueno)","3 (Bueno)","3 (Bueno)","3 (Bueno)","3 (Bueno)","3 (Bueno)","3 (Bueno)","3 (Bueno)","3 (Bueno)","3 (Bueno)","3 (Bueno)","3 (Bueno)","3 (Bueno)","3 (Bueno)","3 (Bueno)",Alto,"Que he  aprendido mucho y me ha sacado de muchas dudas.","En realidad me gustado mucho el curso.","Lo encuentro bastante satisfactorio, me ha gustado mucho"
60,Satisfecho,No,No,No,"Lo esperado","4-6 horas","He escuchado de los contenidos, pero no los conocía.","3 (Bueno)","2 (Malo)","2 (Malo)","2 (Malo)","2 (Malo)","2 (Malo)","2 (Malo)","2 (Malo)","2 (Malo)","2 (Malo)","3 (Bueno)","3 (Bueno)","2 (Malo)","2 (Malo)","3 (Bueno)",Bajo,terminarlo,"cambio de los cuestionarios","preguntas claras y precisas"
61,Insatisfecho,Sí,Sí,No,"Lo esperado","2-3 horas","Los conozco y los manejo con profundidad.","4 (Muy bueno)","3 (Bueno)","3 (Bueno)","3 (Bueno)","3 (Bueno)","1 (Muy malo)","2 (Malo)","3 (Bueno)","3 (Bueno)","3 (Bueno)","2 (Malo)","2 (Malo)","3 (Bueno)","2 (Malo)","2 (Malo)",Alto,"Enredado el curso al final los nervios me pasaron una mala jugada.","mucho de lo mismo.","Tienen mucha lectura, esta muy enredado, colocaron demasiados curso en la plataforma, hay personas que entran por primera vez, en mi caso estuve enferma no pude entrar en su tiempo suficiente y me complique demasiado, nunca me había pasado con anteriores cursos."
62,"Muy Insatisfecho",No,No,Sí,"Menos de lo esperado","Más de 8 horas","He escuchado de los contenidos, pero no los conocía.","2 (Malo)","3 (Bueno)","4 (Muy bueno)","4 (Muy bueno)","1 (Muy malo)","1 (Muy malo)","1 (Muy malo)","3 (Bueno)","3 (Bueno)","3 (Bueno)","2 (Malo)","1 (Muy malo)","1 (Muy malo)","1 (Muy malo)","1 (Muy malo)",Bajo,"Se abren los ojos para entender el funcionamiento de hacia adonde queremos apuntar y no da la posibilidad de poder compartir experiencia y vivencias con otros encargados","este curso muestra el funcionamiento de una biblioteca ideal y esta enfocada en cursos de formación Básica, para mi caso colegio Técnico Profesional, muchas de las cosas que se indicaron no se condicen con el funcionamiento de la biblioteca en la cual trabajo

encuentro que el contenido pasado fue demasiada informacion y los apoyos prestados para entregar claridad a los lectores no fue la suficiente y finalmente la respuestas de parte de los tutores era en forma generalizada, no tomándose el tiempo para responder las consultas que surgían durante se desarrollaban los temas","primero que todo entender que existen distintas bibliotecas y casa biblioteca tiene su realidad, si bien el CRA presenta una biblioteca ideal, nuestras realidades distan mucho de eso ya sea por el uso de la biblioteca, la condición social de esta, los tipos de usuarios, etc"
63,Satisfecho,Sí,Sí,Sí,"Lo esperado","4-6 horas","He escuchado de los contenidos, pero no los conocía.","3 (Bueno)","3 (Bueno)","4 (Muy bueno)","3 (Bueno)","3 (Bueno)","2 (Malo)","2 (Malo)","3 (Bueno)","3 (Bueno)","3 (Bueno)","3 (Bueno)","2 (Malo)","2 (Malo)","3 (Bueno)","1 (Muy malo)","Muy alto","los temas que no conocía y pude conocer","la forma de las actividades no era muy claro de como hacerla","mejorar como adjuntar las tareas para que sea mas fácil y que no sean tan extensas ya que cuenta con muy poco tiempo para poder realizarlas"
64,Satisfecho,Sí,Sí,Sí,"Lo esperado","Más de 8 horas","Los conozco y me son familiares, pero no los manejo en profundidad.","3 (Bueno)","2 (Malo)","2 (Malo)","4 (Muy bueno)","3 (Bueno)","2 (Malo)","3 (Bueno)","3 (Bueno)","3 (Bueno)","3 (Bueno)","3 (Bueno)","3 (Bueno)","2 (Malo)","3 (Bueno)","3 (Bueno)",Alto,"Me sirvió para mejorar mis practicas laborales","No se ajusta tanto a mi realidad laboral","Que la capacitación mostrara la realidad de las bibliotecas chilenas"
65,Insatisfecho,No,No,Sí,"Lo esperado","Más de 8 horas","Los conozco y me son familiares, pero no los manejo en profundidad.","3 (Bueno)","3 (Bueno)","3 (Bueno)","3 (Bueno)","3 (Bueno)","2 (Malo)","3 (Bueno)","3 (Bueno)","3 (Bueno)","3 (Bueno)","3 (Bueno)","1 (Muy malo)","1 (Muy malo)","1 (Muy malo)","1 (Muy malo)",Bajo,"Los contenidos.","La falta de respuesta por parte de los tutores a las consultas y necesidades de los voluntarios.","Que los tutores esten mas comprometidos, sean mas cercanos y que valoren el esfuerzo que hacemos para cumplir este curso."
66,Insatisfecho,No,No,Sí,"Lo esperado","4-6 horas","Los conozco y me son familiares, pero no los manejo en profundidad.","3 (Bueno)","2 (Malo)","3 (Bueno)","1 (Muy malo)","2 (Malo)","3 (Bueno)","3 (Bueno)","3 (Bueno)","4 (Muy bueno)","4 (Muy bueno)","4 (Muy bueno)","3 (Bueno)","4 (Muy bueno)","4 (Muy bueno)","4 (Muy bueno)",Bajo,"Los video eran claros con el contenido.","Lo que menos me gustó del curso la plataforma muy poco amistosa ,  no se podía seguir una lineal . Lo otro mucho contenido para leer en tan corto tiempo  del curso  , en mi caso me abrieron el curso en octubre  . Las evaluaciones con tiempo  limitado , no se alcanzaba a responder , muy poco tiempo para analizar  preguntas.","Este curso se debe realizar presencial  o en forma online pero con una mejor plataforma  , es muy cansador estar frente a una pantalla que no te motiva .  Me estresé al realizar este curso,  mucho contenido y poco tiempo para realizar las actividades."
67,Satisfecho,Sí,No,Sí,"Lo esperado","2-3 horas","No los conocía; no había escuchado de estos.","3 (Bueno)","3 (Bueno)","3 (Bueno)","4 (Muy bueno)","4 (Muy bueno)","3 (Bueno)","3 (Bueno)","3 (Bueno)","3 (Bueno)","3 (Bueno)","3 (Bueno)","3 (Bueno)","3 (Bueno)","3 (Bueno)","3 (Bueno)",Alto,"La informacion entregada","Una interacción mas grafica o interactiva",Nada
