﻿"Respuesta número","En general, ¿cuál es su nivel de satisfacción con el curso que acaba de terminar?","¿Recomendaría este curso a otro encargado de biblioteca?                       ","¿Volvería a realizar un curso de estas mismas características?          ","¿Eran coherentes las actividades de aprendizaje propuestas para el curso?","Según la percepción de su proceso de aprendizaje y las características de este curso, ¿cuánto considera que aprendió?","¿Cuántas horas cronológicas semanales dedicó a este curso?","¿Qué tan familiares son para usted los contenidos tratados en el curso?","Claridad de los contenidos del curso (temas, definiciones, términos conceptuales, etc.).","Contextualización de los contenidos a su realidad laboral.","La progresión de la secuencia de aprendizaje para ir tratando los contenidos del curso.","Claridad del diseño gráfico de las pantallas de la plataforma.","Facilidad de navegación en la plataforma.","El funcionamiento de la mesa de ayuda para estudiantes (mediante contacto por correo electrónico).","Claridad de las actividades de aprendizaje propuestas.","Consistencia de las actividades de aprendizaje propuestas con los aprendizajes del curso.","Coherencia de las actividades de aprendizaje propuestas.","Cantidad de información aportada por el curso.","Profundidad en el tratamiento de los aprendizajes esperados.","Claridad de las instrucciones de las actividades.","Claridad de las instrucciones y preguntas en las evaluaciones.","Calidad de las orientaciones para retroalimentar las actividades y evaluaciones.","El apoyo del tutor para responder preguntas en el foro.","¿Cómo evaluaría el nivel de transferencia de los aprendizajes a su contexto laboral?","¿Cómo evaluaría el nivel de transferencia de los aprendizajes a su contexto laboral?","¿Qué es lo que más valora del curso que acaba de terminar?              ","¿Qué es lo que menos le gustó del curso que acaba de terminar?          ","¿Qué sugerencias haría para mejorar el curso en el futuro?"
1,Satisfecho,Sí,Sí,Sí,"Lo esperado","2-3 horas","Los conozco y me son familiares, pero no los manejo en profundidad.","3 (Bueno)","3 (Bueno)","3 (Bueno)","3 (Bueno)","3 (Bueno)","3 (Bueno)","3 (Bueno)","3 (Bueno)","3 (Bueno)","3 (Bueno)","3 (Bueno)","3 (Bueno)","3 (Bueno)","3 (Bueno)","3 (Bueno)","Muy alto","Muy bueno, así podremos estar al día en los nuevos proyectos que tiene el cra y hacer todo más interactivo.","En general todo lo que estaba contemplado en el curso, y por último sirve para actualizarnos.","lOS TIEMPOS MUY ACOTADOS","ENTREGA LAS HERRAMIENTAS NECESARIAS PARA ORGANIZAR , CONTROLAR, CATALOGAR Y PONER TODO EL MATERIAL DISPONIBLE DE LA BIBLIOTECA  A LOS USUARIOS"
2,Satisfecho,Sí,Sí,Sí,"Menos de lo esperado","Más de 8 horas","Los conozco y me son familiares, pero no los manejo en profundidad.","3 (Bueno)","3 (Bueno)","2 (Malo)","3 (Bueno)","3 (Bueno)","3 (Bueno)","2 (Malo)","2 (Malo)","3 (Bueno)","4 (Muy bueno)","3 (Bueno)","3 (Bueno)","3 (Bueno)","3 (Bueno)","3 (Bueno)","Muy alto","Pienso que es un curso excelente; pero a mi en particular el tiempo me hace imposible dedicarme lo que se necesita para poder aprender y practicar lo que nos entrega este curso, por ello no he logrado dedicarme de la forma que  este curso requiere para lograr los aprendizajes esperados. Un curso excelente; pero muy extenso para el momento que estamos viviendo ( por pandemia). Los requerimientos de mi colegio en este momento estàn enfocados mas que nada a la situaciòn de autocuidado por pandemia. Me hubiera gustado tener un poco mas de tiempo para poder haber desarrollado las actividades con mayor calma y concentraciòn.","Los contenidos muy interesantes.","Poco tiempo para realizarlo. Lo mas probable es porque no imaginè que tubiera tanta exigencia y tomè los tres cursos que tengo que hacer juntos...","Ir desarrollando los cursos de forma separada."
3,Insatisfecho,No,No,Sí,"Menos de lo esperado","4-6 horas","Los conozco y me son familiares, pero no los manejo en profundidad.","3 (Bueno)","3 (Bueno)","3 (Bueno)","3 (Bueno)","3 (Bueno)","3 (Bueno)","3 (Bueno)","3 (Bueno)","3 (Bueno)","3 (Bueno)","3 (Bueno)","3 (Bueno)","3 (Bueno)","3 (Bueno)","3 (Bueno)",Bajo,"Posiblemente si hubiese curso presencial podriamos haber aclarado las dudas que quedaron pendientes","Quiza la plataforma cumplio su objetivo pero falto retroalimentacion sobre todo de conceptos que son desconocidos en nuestra realidad laboral","Que fuese on line ,ya que,eso aminoro el aprendizaje.","Dar mas tiempo a cada curso  y sobretodo poder aclarar dudas,ya que ,en los foros on line no se cumplio el objetivo."
4,Satisfecho,Sí,Sí,Sí,"Más de lo esperado","4-6 horas","Los conozco y me son familiares, pero no los manejo en profundidad.","3 (Bueno)","3 (Bueno)","3 (Bueno)","3 (Bueno)","2 (Malo)","3 (Bueno)","3 (Bueno)","3 (Bueno)","3 (Bueno)","3 (Bueno)","3 (Bueno)","3 (Bueno)","3 (Bueno)","3 (Bueno)","3 (Bueno)",Alto,"Lo evaluó como bueno, porque hay muchas actividades que si se realizan en mi Cra,  esto me sirve para ordenarme en como presentarlas a los demas.","Me gusto mucho el módulo 4.  Lo encontré claro y aplicable a mi CRA,  lo estoy utilizando desde que se implentó el Abies, tiene mucha relevancia  el emitirlos correctamente para información del resto de la comunidad educativa.","Los foros, porque no dan la opción de conocer lo que publica un compañero hasta yo publicar lo mio, no sabia si iba en la dirección de lo que solicitaban.","Que la información que se entrega  en los vídeos, pueda ser también por escrito, nos serviría para apoyar el estudio, ya que muchas preguntas de las evaluaciones eran sacadas de ahí."
5,"Muy Satisfecho",Sí,Sí,Sí,"Más de lo esperado","2-3 horas","Los conozco y me son familiares, pero no los manejo en profundidad.","4 (Muy bueno)","3 (Bueno)","4 (Muy bueno)","4 (Muy bueno)","3 (Bueno)","3 (Bueno)","4 (Muy bueno)","4 (Muy bueno)","4 (Muy bueno)","4 (Muy bueno)","4 (Muy bueno)","4 (Muy bueno)","3 (Bueno)","3 (Bueno)","3 (Bueno)","Muy alto","Espero tener mayor &quot;autoridad moral&quot; para dialogar y concordar uso de recursos en beneficio de los usuarios","Valoro la apertura a un mundo casi desconocido pero factible de mejoras sustantivas mediante el uso de la automatización","Al comienzo no le tuve apego y tuve que esforzarme para entender que aún estoy en condiciones de aprender. Me gustan más las clases presenciales ( soy profesor primario normaliista egresado en 1961)","Mayor atención en los documentos que entregan EJ.PARTES DE UN LIBRO da datos contradictorios pues,  tanto en PORTADA como en COLOFÓN   se estamparía la FECHA (Al responder colofón la pregunta arrojó 0% y  me perjudica porcentaje de aprobación) no tengo otra objeción y..agradecido"
6,Satisfecho,Sí,Sí,Sí,"Menos de lo esperado","4-6 horas","Los conozco y me son familiares, pero no los manejo en profundidad.","3 (Bueno)","3 (Bueno)","3 (Bueno)","4 (Muy bueno)","3 (Bueno)","4 (Muy bueno)","3 (Bueno)","3 (Bueno)","3 (Bueno)","3 (Bueno)","3 (Bueno)","3 (Bueno)","3 (Bueno)","3 (Bueno)","3 (Bueno)",Alto,"Es aplicable lo aprendido en el curso, siendo algunas cosas ya aplicadas anteriormente.","El reforzamiento de conceptos clave para aprender los mayormente complejos.","Falta de clases virtuales o presenciales para el mejor desarrollo de la actividad.","Agregar clases en un horario establecido."
7,Satisfecho,Sí,Sí,Sí,"Lo esperado","4-6 horas","No los conocía; no había escuchado de estos.","2 (Malo)","3 (Bueno)","3 (Bueno)","3 (Bueno)","1 (Muy malo)","2 (Malo)","3 (Bueno)","3 (Bueno)","3 (Bueno)","3 (Bueno)","3 (Bueno)","2 (Malo)","3 (Bueno)","3 (Bueno)","3 (Bueno)",Bajo,"me falta mucha práctica","la clasificación","tanto termino que aprender","que la secuencia sea más amigable"
8,Satisfecho,Sí,Sí,Sí,"Lo esperado","4-6 horas","Los conozco y me son familiares, pero no los manejo en profundidad.","3 (Bueno)","3 (Bueno)","3 (Bueno)","3 (Bueno)","3 (Bueno)","3 (Bueno)","3 (Bueno)","3 (Bueno)","3 (Bueno)","3 (Bueno)","3 (Bueno)","3 (Bueno)","3 (Bueno)","3 (Bueno)","3 (Bueno)",Alto,"Bueno, todo nos sirve para mejorar en nuestra labor.","El apoyo que nos dan para poder mejorar dia a dia.","No se si decir que no me gusto, pero a veces me cuesta un poco el uso de la tecnología.","Un poco mas de tiempo para poder desarrollar los cursos."
9,"Muy Satisfecho",Sí,Sí,Sí,"Mucho más de lo esperado","6-8 horas","Los conozco y me son familiares, pero no los manejo en profundidad.","4 (Muy bueno)","4 (Muy bueno)","4 (Muy bueno)","4 (Muy bueno)","4 (Muy bueno)","4 (Muy bueno)","4 (Muy bueno)","4 (Muy bueno)","4 (Muy bueno)","4 (Muy bueno)","4 (Muy bueno)","4 (Muy bueno)","4 (Muy bueno)","4 (Muy bueno)","4 (Muy bueno)","Muy alto","Todo muy bien explicado, de fácil manejo para llevarlo a la practica .","Conocer otras realidades con colegas de otras bibliotecas , ampliarnos en conocimientos, excelente material entregado , felicitar al equipo profesional creador de la plataforma, tutores y lo que suben el material.","Sin observación , todo destacable.","Quizás tener mas continuo interacción video conferencia con tutores."
10,Satisfecho,Sí,No,Sí,"Lo esperado","6-8 horas","Los conozco y los manejo con profundidad.","3 (Bueno)","3 (Bueno)","3 (Bueno)","3 (Bueno)","2 (Malo)","1 (Muy malo)","2 (Malo)","3 (Bueno)","3 (Bueno)","3 (Bueno)","3 (Bueno)","1 (Muy malo)","1 (Muy malo)","3 (Bueno)","1 (Muy malo)",Alto,"Aceptable, estoy conforme con lo aprendido solo que creo que sería mucho mejor haber dejado la opción de realizar estos cursos en verano y no en la época laboral ya que el tiempo no da para todo lo que hay que responder, esa cantidad de actividades es eterna y nos amanecemos respondiendo  actividades y al otro día a las 8:00 hrs. en el trabajo. Y no solo es un curso son varios.","Que lo alargaron una semana más para poder alcanzar a terminarlo..
Son casi las 11:00 hrs. de la noche y yo recién con mucho esfuerzo estoy por terminarlo a menos de una hora de que se cierre la plataforma.","La cantidad de actividades que realizar eran eternas y la mayoría de nosotros trabajamos todo el día y no queda tiempo para responder tantas actividades.","Que se hagan en verano, total algunos son sin tutor, así se alivia la carga y uno esta más tranquila y despejada, yo no quiero ni pensar en los cursos que voy a tener el próximo año en pleno año laboral. No sé de donde voy a poder sacar tiempo. Gracias por la oportunidad de expresar lo que uno siente, no es que uno no valore los cursos son motivos de tiempo nada más. Saludos."
11,Satisfecho,Sí,No,Sí,"Lo esperado","2-3 horas","Los conozco y me son familiares, pero no los manejo en profundidad.","3 (Bueno)","2 (Malo)","2 (Malo)","3 (Bueno)","3 (Bueno)","3 (Bueno)","2 (Malo)","3 (Bueno)","2 (Malo)","2 (Malo)","3 (Bueno)","2 (Malo)","2 (Malo)","3 (Bueno)","3 (Bueno)",Bajo,"La actual realidad laboral en el CRA es muy diferente a la planteada en el curso.","Me motivo a cambiar mi sistema de inventario en Cra.","Que habian temas muy repetidos que al final tienden a aburrir y confundir.","A base de videos cortos es mas facil entender la informacion."
12,Insatisfecho,No,No,Sí,"Lo esperado","6-8 horas","No los conocía; no había escuchado de estos.","2 (Malo)","3 (Bueno)","1 (Muy malo)","1 (Muy malo)","1 (Muy malo)","1 (Muy malo)","3 (Bueno)","3 (Bueno)","3 (Bueno)","3 (Bueno)","3 (Bueno)","3 (Bueno)","3 (Bueno)","3 (Bueno)","1 (Muy malo)","Muy alto","EL material de apoyo es excelente.","Valoro el apoyo del material.","Es desordenado en cuanto a las actividades a realizar, a pesar de que cada módulo estaba separado, debería especificar la fecha de término para cada actividad e ir bloqueándolas.","Liberar las actividades por fechas y a medida que avanzas desbloquear las actividades y bloquear las realizadas."
13,Satisfecho,Sí,Sí,Sí,"Más de lo esperado","Más de 8 horas","He escuchado de los contenidos, pero no los conocía.","4 (Muy bueno)","4 (Muy bueno)","4 (Muy bueno)","4 (Muy bueno)","3 (Bueno)","4 (Muy bueno)","3 (Bueno)","3 (Bueno)","3 (Bueno)","4 (Muy bueno)","4 (Muy bueno)","4 (Muy bueno)","4 (Muy bueno)","3 (Bueno)","3 (Bueno)","Muy alto",Pertinentes,"Me aclaró muchas dudas, y poder tener éxito en mi trabajo ya que soy nueva en esto.","Muy larga las actividades","Más claras las actividades porque hay  conceptos que no manejaba y algunos se daban como conocidos."
14,Insatisfecho,No,No,Sí,"Menos de lo esperado","2-3 horas","Los conozco y me son familiares, pero no los manejo en profundidad.","3 (Bueno)","3 (Bueno)","3 (Bueno)","3 (Bueno)","3 (Bueno)","2 (Malo)","3 (Bueno)","3 (Bueno)","3 (Bueno)","2 (Malo)","2 (Malo)","3 (Bueno)","3 (Bueno)","2 (Malo)","2 (Malo)",Bajo,"Difícil en algunos aspectos por no contar con abies 2.0","Acceso a recursos (links)","La forma de entregar los contenidos (poco atractiva)","Entregar los contenidos de una forma más ágil y atrayente"
15,"Muy Insatisfecho",Sí,Sí,Sí,"Más de lo esperado","Más de 8 horas","No los conocía; no había escuchado de estos.","1 (Muy malo)","3 (Bueno)","3 (Bueno)","3 (Bueno)","1 (Muy malo)","3 (Bueno)","3 (Bueno)","4 (Muy bueno)","4 (Muy bueno)","1 (Muy malo)","4 (Muy bueno)","4 (Muy bueno)","2 (Malo)","4 (Muy bueno)","4 (Muy bueno)","Muy alto","Siento que van hacer muy favorable para el mejor desempeño","que constante mente se fue aclarando que el software sera muy útil al emplearlo en nuestras bibliotecas","que no se si iba avanzando ya que en circulo de avance se detuvo y me coloco muy nerviosa ya que no supe si estaba ejecutando bien las actividades, y poca información para desarrollas estas actividades se hablo mucho de los estándares no podía imprimir por falta de tinta en el colegio  y aun así no lo tengo y creo que todas las bibliotecas deberían tenerlo","siento que estos cursos fueron fantásticos pero aun tengo que realizar  2 mas los cuales  son de las mismas característica y tiempos limitados para ejecutar ciertas actividades ya que se requiere leer mucho por no manejar  términos; en el colegio se firmo compromiso de 4 horas pedagógica y no es así en la realidad e tenido que acostarme  a las 1 de la mañana para poder terminar de leer material de apoyo para ejecutar de las  act. por lo que sugiero es que cada curso sean  con mas tiempo de ejecutar  MUCHAS  GRACIAS seguiré leyendo para reforzar"
16,Satisfecho,Sí,Sí,Sí,"Lo esperado","4-6 horas","Los conozco y me son familiares, pero no los manejo en profundidad.","3 (Bueno)","3 (Bueno)","3 (Bueno)","3 (Bueno)","3 (Bueno)","3 (Bueno)","3 (Bueno)","3 (Bueno)","3 (Bueno)","3 (Bueno)","3 (Bueno)","3 (Bueno)","3 (Bueno)","3 (Bueno)","3 (Bueno)",Alto,CONFORME,"CONTENIDOS USO DIARIO","MUCHO CONTENIDO PARA TAN POCO TIEMPO.","PARA FUTURO REALIZAR CURSO BASICO ABIES 2.0 PARA PERSONAS QUE SE ESTAN INICIANDO EN CRA"
17,"Muy Satisfecho",Sí,Sí,Sí,"Más de lo esperado","6-8 horas","Los conozco y me son familiares, pero no los manejo en profundidad.","4 (Muy bueno)","3 (Bueno)","3 (Bueno)","3 (Bueno)","3 (Bueno)","3 (Bueno)","3 (Bueno)","3 (Bueno)","4 (Muy bueno)","4 (Muy bueno)","3 (Bueno)","4 (Muy bueno)","3 (Bueno)","3 (Bueno)","3 (Bueno)",Alto,"Personalmente el curso es bastante bueno y asertivo, solo falta el reforzamiento en la utilización de la plataforma ABIES 2.0","La información recibida en conjunto con todos los temas a tratar.","Preguntas con respuestas demasiadas ambiguas y con terminologías poco claras.","Al finalizar cada evaluación y una vez enviadas las respuestas, podría retroalimentarse con las respuestas erradas y así saber en que es lo que uno se estaría equivocando."
18,"Muy Satisfecho",Sí,No,Sí,"Lo esperado","6-8 horas","No los conocía; no había escuchado de estos.","3 (Bueno)","3 (Bueno)","3 (Bueno)","3 (Bueno)","3 (Bueno)","3 (Bueno)","3 (Bueno)","3 (Bueno)","3 (Bueno)","3 (Bueno)","3 (Bueno)","3 (Bueno)","3 (Bueno)","3 (Bueno)","3 (Bueno)",Bajo,"Aun me falta aprender","Habernos dado más plazo para terminar las tareas","la falta de apoyo a las dudas, la falta de claridad de algunas actividades, que sea asincrónica.","Sugiero tener en consideración a estudiantes que empezamos de cero y no tenemos idea de lo que nos hablan, que modelen las actividades a realizar y más apoyo a las dudas o tener medios más directos de apoyo a las consultas y dudas de estudiantes. Gracias"
19,Satisfecho,Sí,Sí,Sí,"Lo esperado","4-6 horas","Los conozco y me son familiares, pero no los manejo en profundidad.","3 (Bueno)","3 (Bueno)","3 (Bueno)","2 (Malo)","3 (Bueno)","3 (Bueno)","3 (Bueno)","3 (Bueno)","3 (Bueno)","3 (Bueno)","3 (Bueno)","2 (Malo)","2 (Malo)","3 (Bueno)","3 (Bueno)",Alto,"Creo que estotalmente factible llevarlos a la practica en.nuestra biblioteca. Se necesita tiempo ya que es un trabajo lento.","Conocer nuevas herramientas para mejorar nuestro trabajo.","Lo que menos me gusto.es que son muchos modulos. Por mi parte me costo mucho cumplir ya que no tengo mucho.tiempo para desarrollar tantas actividades.","Mi sugerencia seria que no.fueran tantos modulos a desarrollar."
20,Satisfecho,Sí,Sí,Sí,"Más de lo esperado","Más de 8 horas","Los conozco y los manejo con profundidad.","4 (Muy bueno)","4 (Muy bueno)","4 (Muy bueno)","4 (Muy bueno)","4 (Muy bueno)","2 (Malo)","3 (Bueno)","4 (Muy bueno)","4 (Muy bueno)","4 (Muy bueno)","4 (Muy bueno)","3 (Bueno)","4 (Muy bueno)","4 (Muy bueno)","2 (Malo)","Muy alto","Porque es lo que aplicamos a diario en nuestro quehacer laboral","Aprender más de lo que esperaba porque y trabajo con sistema automatizado.","Hubo poca repuesta por parte de los tutores. En un momento tuve dificultades e inquietudes. Realicé las preguntas y demoraron mucho en responder y en otra ocasión nunca me respondieron.","Dar más tiempo para desarrollar los cursos, dar más apoyo personalizado, hacer un curso a la vez porque la manera de presentarlos creó angustia en un momento dado en mi persona, dar más instrucciones para responder a las tareas en línea, no todos manejamos con soltura las herramientas digitales. Esto ha creado más dificultades y ansiedad."
21,"Muy Satisfecho",Sí,Sí,Sí,"Mucho más de lo esperado","Más de 8 horas","Los conozco y me son familiares, pero no los manejo en profundidad.","3 (Bueno)","3 (Bueno)","3 (Bueno)","3 (Bueno)","3 (Bueno)","3 (Bueno)","3 (Bueno)","4 (Muy bueno)","4 (Muy bueno)","4 (Muy bueno)","4 (Muy bueno)","4 (Muy bueno)","3 (Bueno)","3 (Bueno)","3 (Bueno)",Alto,"muy bueno",todo,"no era posible visualizar con claridad algunos items","mayor comunicación en el foro"
22,"Muy Satisfecho",Sí,Sí,Sí,"Más de lo esperado","Más de 8 horas","He escuchado de los contenidos, pero no los conocía.","3 (Bueno)","3 (Bueno)","3 (Bueno)","4 (Muy bueno)","4 (Muy bueno)","3 (Bueno)","3 (Bueno)","4 (Muy bueno)","4 (Muy bueno)","4 (Muy bueno)","3 (Bueno)","3 (Bueno)","3 (Bueno)","3 (Bueno)","3 (Bueno)",Alto,"creo que podré ejecutar lo aprendido en este curso, eso si logro manejar el programa Abies","aprender a como se organiza una biblioteca, como clasificar y catalogar.","la verdad es que quedé bastante conforme con el curso, con las temáticas propuestas y la interaccion en el foro, que nos sirve para retroalimentarnos y aprender de las experiencias de nuestr@s cole@s.","que la explicacion de como usar el sistema abies sea mas claro, o que haya un link directo para aprender a usarlo."
23,Satisfecho,Sí,Sí,Sí,"Más de lo esperado","6-8 horas","Los conozco y me son familiares, pero no los manejo en profundidad.","4 (Muy bueno)","4 (Muy bueno)","3 (Bueno)","4 (Muy bueno)","4 (Muy bueno)","3 (Bueno)","3 (Bueno)","3 (Bueno)","3 (Bueno)","4 (Muy bueno)","4 (Muy bueno)","3 (Bueno)","3 (Bueno)","3 (Bueno)","4 (Muy bueno)",Alto,"Hasta el momento buenos, espero que a medida que transcurra el curso sean mucho mejor.","Información de la cual había escuchado pero no tenia claridad del todo.","En realidad el curso está muy bueno, el tema del sistema de Abies 2.0 que no lo manejo, me complicó un poco el hecho de hacer las actividades relacionadas a él, pero espero poder contar pronto con los conocimientos acerca de él y poder implementarlos en la biblioteca de nuestra escuela.","En realidad no tengo sugerencias acerca del curso porque está muy bueno."
24,Satisfecho,Sí,Sí,Sí,"Más de lo esperado","Más de 8 horas","Los conozco y me son familiares, pero no los manejo en profundidad.","4 (Muy bueno)","4 (Muy bueno)","4 (Muy bueno)","4 (Muy bueno)","4 (Muy bueno)","4 (Muy bueno)","4 (Muy bueno)","4 (Muy bueno)","4 (Muy bueno)","4 (Muy bueno)","3 (Bueno)","4 (Muy bueno)","3 (Bueno)","4 (Muy bueno)","4 (Muy bueno)",Alto,"Lo evalúo alto, ya que puedo transferir lo aprendido y realizar mi trabajo más eficazmente","que es un gran aporte para lograr tener un CRA acorde con las exigencias de este tiempo","Que fueran todos los cursos al mismo tiempo creo que  es estresante","me gustaria que se explicara bien el ingreso masivo de recursos  a Abies y de usuarios, también como eliminar cursos completos que ya no son usuarios  4° medios por ejemplo"
25,"Muy Satisfecho",Sí,Sí,Sí,"Lo esperado","6-8 horas","Los conozco y me son familiares, pero no los manejo en profundidad.","4 (Muy bueno)","3 (Bueno)","3 (Bueno)","4 (Muy bueno)","2 (Malo)","3 (Bueno)","3 (Bueno)","3 (Bueno)","3 (Bueno)","3 (Bueno)","3 (Bueno)","2 (Malo)","3 (Bueno)","2 (Malo)","2 (Malo)",Alto,Bueno.,"Lo aprendido. Pero las instrucciones eran muy difíciles de comprender.","demasiadas actividades prácticas.","Menos actividades, mas ejemplos  en video, mejor comunicación con el tutor, mejorar la página."
26,Satisfecho,Sí,No,Sí,"Más de lo esperado","Más de 8 horas","He escuchado de los contenidos, pero no los conocía.","3 (Bueno)","2 (Malo)","3 (Bueno)","3 (Bueno)","3 (Bueno)","3 (Bueno)","3 (Bueno)","3 (Bueno)","3 (Bueno)","3 (Bueno)","2 (Malo)","2 (Malo)","2 (Malo)","3 (Bueno)","3 (Bueno)",Bajo,"Yo trabajo en una escuela especial y a veces no se puede cumplir con todo lo requerido porque no nos llega material acorde a nuestra realidad de nuestros usuarios","Aprendí cosas que había escuchado ,pero en mi realidad no siempre se puede aplicar","Que no tuve mucho apoyo de mi unidad educativa, por lo tanto lo que logre  o no logre, solo es merito mío y lo asumo como tal.","Que tuviéramos el tiempo que especifican desde el Ministerio, ya que a mi los módulos me llegaron con retraso, por lo tanto termine algo estresada y cansada"
27,Satisfecho,Sí,Sí,Sí,"Más de lo esperado","4-6 horas","Los conozco y me son familiares, pero no los manejo en profundidad.","3 (Bueno)","2 (Malo)","4 (Muy bueno)","4 (Muy bueno)","3 (Bueno)","3 (Bueno)","3 (Bueno)","3 (Bueno)","3 (Bueno)","4 (Muy bueno)","4 (Muy bueno)","3 (Bueno)","3 (Bueno)","3 (Bueno)","3 (Bueno)",Alto,"muy bueno","Valoro ,que nos dieran mas tiempo para terminar este cuerso","apesar de leer bien todo igual tuve bajo porcentaje","Que los cursos no fueran juntos"
28,Satisfecho,Sí,Sí,Sí,"Más de lo esperado","6-8 horas","Los conozco y me son familiares, pero no los manejo en profundidad.","4 (Muy bueno)","4 (Muy bueno)","3 (Bueno)","3 (Bueno)","3 (Bueno)","3 (Bueno)","3 (Bueno)","3 (Bueno)","3 (Bueno)","4 (Muy bueno)","3 (Bueno)","3 (Bueno)","3 (Bueno)","3 (Bueno)","3 (Bueno)",Alto,Bueno,"la actualización para modernizar la biblioteca","El no poder ver las respuestas de los compañeros de clases en el momento que uno esta realizando la actividad, se entiende que es como para evitar los plagios pero, realmente ver al mismo tiempo los comentarios de los demás compañeros del curso es bastante nutritivo porque son experiencias que en el momento un debe comparar y así no dejar pasar ningún detalle","Abrir los comentarios de los foros. Dejarse de hacerlos privados hasta que uno comente.."
29,Satisfecho,Sí,Sí,Sí,"Más de lo esperado","6-8 horas","He escuchado de los contenidos, pero no los conocía.","4 (Muy bueno)","3 (Bueno)","3 (Bueno)","3 (Bueno)","3 (Bueno)","3 (Bueno)","4 (Muy bueno)","3 (Bueno)","4 (Muy bueno)","3 (Bueno)","3 (Bueno)","3 (Bueno)","3 (Bueno)","3 (Bueno)","3 (Bueno)",Alto,"Lo evaluaría muy bien ya que aclaró y enseñó muchas cosas para mi desarrollo com encargada CRA","Valoro lo aprendido ya que lo podré aplicar día a día en mi comunidad escolar","Lo que no me gustó es que son muchas actividades a realizar y tambien tenemos que comentar el trabajo de otros","mi sugerencia sería menos actividaes a realizar y no tanta lectura en los modulos"
30,"Muy Satisfecho",Sí,Sí,Sí,"Lo esperado","2-3 horas","He escuchado de los contenidos, pero no los conocía.","3 (Bueno)","3 (Bueno)","4 (Muy bueno)","3 (Bueno)","3 (Bueno)","3 (Bueno)","3 (Bueno)","3 (Bueno)","3 (Bueno)","3 (Bueno)","3 (Bueno)","3 (Bueno)","3 (Bueno)","3 (Bueno)","3 (Bueno)","Muy bajo","Un nivel bajo ,ya que me encuentro estudiando y aparte un diplomado de CRA,por lo tanto mi tiempo no me acompaño para obtener grandes aprendizajes","Si considero que son importantes ,porque yo como nueva en CRA debo aprender con el tiempo mucho más","Encuentro que fue un exelente curso una vez adaptandose a la plataforma, pero mis tiempos no me faborecen para estar mas concentrada solo en esto","Que deben preocuparse de la salud mental de la gente ,ya que cuando te envian a la misma vez a cursos es cansador y muy estresante"
31,Satisfecho,Sí,Sí,Sí,"Lo esperado","4-6 horas","Los conozco y me son familiares, pero no los manejo en profundidad.","3 (Bueno)","2 (Malo)","3 (Bueno)","3 (Bueno)","3 (Bueno)","2 (Malo)","3 (Bueno)","3 (Bueno)","3 (Bueno)","3 (Bueno)","3 (Bueno)","3 (Bueno)","3 (Bueno)","2 (Malo)","2 (Malo)",Bajo,Bueno.,"La información entregada.","Que la tutora encargada de las actividad no respondiera los mensajes donde se le solicitaba ayuda.","Más ayuda de los tutores en las actividades"
32,Insatisfecho,Sí,No,Sí,"Lo esperado","4-6 horas","He escuchado de los contenidos, pero no los conocía.","3 (Bueno)","3 (Bueno)","3 (Bueno)","2 (Malo)","1 (Muy malo)","2 (Malo)","2 (Malo)","2 (Malo)","3 (Bueno)","3 (Bueno)","2 (Malo)","2 (Malo)","2 (Malo)","3 (Bueno)","3 (Bueno)","Muy alto","En general se puede aplicar los conocimientos, a excepción en el uso de ciertos software.","El reforzar conocimientos, retroalimentar lo que ya esta implementado y actualización de contenidos.","Me resulto en general poco didáctico y en ocasiones monótono. Algunas actividades poco claras. Dificultad en el uso de plataforma.","Mejorar plataforma y que sea mas fácil su uso. Implementar clases mas didácticas. Mejorar sección de foros, ya que no se puede ver respuestas  de otros sin antes participar y eso dificulta la interacción.  Optar por medios mas fácil de contacto con tutores."
33,Satisfecho,Sí,Sí,Sí,"Más de lo esperado","2-3 horas","Los conozco y me son familiares, pero no los manejo en profundidad.","3 (Bueno)","3 (Bueno)","3 (Bueno)","3 (Bueno)","3 (Bueno)","3 (Bueno)","3 (Bueno)","3 (Bueno)","3 (Bueno)","3 (Bueno)","3 (Bueno)","3 (Bueno)","3 (Bueno)","3 (Bueno)","3 (Bueno)",Alto,bueno,"La coreecta y clara entrega de los conocimientos","Poco plazo para terminar las actividades tomando ecuenta el contexto en el que se encuentra el pais y el trabajo recargado de fin de año. Adems que seme cargaron una semana despues  de la fecha indicadal el curso","ser un poco mas flexibles con la entrega de las actividades  y la fecha de tèrmino."
34,Satisfecho,Sí,Sí,Sí,"Más de lo esperado","4-6 horas","Los conozco y me son familiares, pero no los manejo en profundidad.","3 (Bueno)","4 (Muy bueno)","3 (Bueno)","3 (Bueno)","3 (Bueno)","3 (Bueno)","3 (Bueno)","3 (Bueno)","3 (Bueno)","3 (Bueno)","3 (Bueno)","3 (Bueno)","3 (Bueno)","3 (Bueno)","3 (Bueno)",Alto,"Me parece adecuado","Que el contenido me motivó para aplicarlo a nuestro sistema","Que algunas instrucciones no eran claras","Que mejoren algunas instrucciones."
35,Satisfecho,Sí,Sí,Sí,"Lo esperado","6-8 horas","Los conozco y me son familiares, pero no los manejo en profundidad.","3 (Bueno)","3 (Bueno)","3 (Bueno)","4 (Muy bueno)","4 (Muy bueno)","2 (Malo)","2 (Malo)","2 (Malo)","2 (Malo)","3 (Bueno)","3 (Bueno)","2 (Malo)","2 (Malo)","2 (Malo)","2 (Malo)",Alto,"Todo lo aprendido es aplicable a nuestras bibliotecas, es el ideal, ojalá poder implementar más acciones","Valoro el poder tener sustento para justificar que hay cosas que no funcionan bien. Antes no tenía conocimiento, ahora lo tengo y podré generar cambios","El tiempo para la realización, estaba centrada en el curso H, que fue el que primero se me asignó, para este tuve menos de un mes, y la verdad lo hice en dos días","Que fuese con tutor, pues quedé con dudas"
36,Satisfecho,No,Sí,No,"Lo esperado","4-6 horas","Los conozco y me son familiares, pero no los manejo en profundidad.","3 (Bueno)","3 (Bueno)","3 (Bueno)","3 (Bueno)","3 (Bueno)","3 (Bueno)","3 (Bueno)","3 (Bueno)","3 (Bueno)","3 (Bueno)","3 (Bueno)","3 (Bueno)","3 (Bueno)","3 (Bueno)","2 (Malo)",Alto,"Buenos, porque así puedo realizar de mejor manera mi trabajo a futuro","Que se considere a los encargados CRA","Que debía realizar actividades que no estaban explicadas","Que los cursos estén enfocados con más aprendizajes de forma concreta"
37,"Muy Insatisfecho",Sí,Sí,Sí,"Mucho más de lo esperado","2-3 horas","Los conozco y me son familiares, pero no los manejo en profundidad.","4 (Muy bueno)","4 (Muy bueno)","4 (Muy bueno)","4 (Muy bueno)","4 (Muy bueno)","4 (Muy bueno)","4 (Muy bueno)","4 (Muy bueno)","4 (Muy bueno)","4 (Muy bueno)","4 (Muy bueno)","4 (Muy bueno)","4 (Muy bueno)","4 (Muy bueno)","4 (Muy bueno)","Muy alto","Muy bueno","La minuciosidad para tratar los temas","Que se realizo en pandemia",Ninguna
38,Satisfecho,Sí,Sí,Sí,"Lo esperado","6-8 horas","Los conozco y me son familiares, pero no los manejo en profundidad.","3 (Bueno)","3 (Bueno)","3 (Bueno)","3 (Bueno)","3 (Bueno)","3 (Bueno)","3 (Bueno)","3 (Bueno)","3 (Bueno)","3 (Bueno)","3 (Bueno)","3 (Bueno)","3 (Bueno)","3 (Bueno)","3 (Bueno)",Alto,"nivel alto","valoro los aprendizajes obtenidos","muchas actividades en horario de trabajo, cuesta un poco pero se puede.","me gustaría mucho que se nos enviaran un mensaje de recordatorio de las actividades que nos falta por realizar para terminar el curso, ya que donde son tantas se confunde uno."
39,"Muy Satisfecho",Sí,Sí,Sí,"Más de lo esperado","Más de 8 horas","Los conozco y me son familiares, pero no los manejo en profundidad.","4 (Muy bueno)","4 (Muy bueno)","3 (Bueno)","3 (Bueno)","4 (Muy bueno)","3 (Bueno)","4 (Muy bueno)","4 (Muy bueno)","4 (Muy bueno)","4 (Muy bueno)","4 (Muy bueno)","4 (Muy bueno)","4 (Muy bueno)","4 (Muy bueno)","4 (Muy bueno)","Muy alto",bueno,"lo aprendido","leer mucho en poco tiempo","contar con la tutoría"
40,Insatisfecho,No,No,Sí,"Menos de lo esperado","2-3 horas","Los conozco y me son familiares, pero no los manejo en profundidad.","3 (Bueno)","3 (Bueno)","2 (Malo)","3 (Bueno)","3 (Bueno)","3 (Bueno)","2 (Malo)","3 (Bueno)","2 (Malo)","3 (Bueno)","3 (Bueno)","2 (Malo)","2 (Malo)","2 (Malo)","3 (Bueno)",Bajo,Bueno,"La posibilidad de hacer el curso","La organización de los cursos.","impartiría 1 curso por mes, subiendo las actividades de manera gradual y no todas juntas, la fecha del curso no es buena, muchos tenemos labores docentes que a fin de año se hacen mas pesadas o aumentan."
