﻿"Respuesta número","En general, ¿cuál es su nivel de satisfacción con el curso que acaba de terminar?","¿Recomendaría este curso a otro encargado de biblioteca?                       ","¿Volvería a realizar un curso de estas mismas características?          ","¿Eran coherentes las actividades de aprendizaje propuestas para el curso?","Según la percepción de su proceso de aprendizaje y las características de este curso, ¿cuánto considera que aprendió?","¿Cuántas horas cronológicas semanales dedicó a este curso?","¿Qué tan familiares son para usted los contenidos tratados en el curso?","Claridad de los contenidos del curso (temas, definiciones, términos conceptuales, etc.).","Contextualización de los contenidos a su realidad laboral.","La progresión de la secuencia de aprendizaje para ir tratando los contenidos del curso.","Claridad del diseño gráfico de las pantallas de la plataforma.","Facilidad de navegación en la plataforma.","El funcionamiento de la mesa de ayuda para estudiantes (mediante contacto por correo electrónico).","Claridad de las actividades de aprendizaje propuestas.","Consistencia de las actividades de aprendizaje propuestas con los aprendizajes del curso.","Coherencia de las actividades de aprendizaje propuestas.","Cantidad de información aportada por el curso.","Profundidad en el tratamiento de los aprendizajes esperados.","Claridad de las instrucciones de las actividades.","Claridad de las instrucciones y preguntas en las evaluaciones.","Calidad de las orientaciones para retroalimentar las actividades y evaluaciones.","El apoyo del tutor para responder preguntas en el foro.","¿Cómo evaluaría el nivel de transferencia de los aprendizajes a su contexto laboral?","¿Qué es lo que más valora del curso que acaba de terminar?              ","¿Qué es lo que menos le gustó del curso que acaba de terminar?          ","¿Qué sugerencias haría para mejorar el curso en el futuro?"
1,"Muy Satisfecho",Sí,No,Sí,"Más de lo esperado","2-3 horas","Los conozco y me son familiares, pero no los manejo en profundidad.","4 (Muy bueno)","3 (Bueno)","4 (Muy bueno)","4 (Muy bueno)","3 (Bueno)","3 (Bueno)","3 (Bueno)","3 (Bueno)","3 (Bueno)","4 (Muy bueno)","4 (Muy bueno)","3 (Bueno)","3 (Bueno)","3 (Bueno)","3 (Bueno)",Alto,"Este curso permite conocer en mayor profundidad desde un punto de vista técnico elementos para incorporar herramientas en la mejora de gestión de la la biblioteca CRA y sus recursos.","Al revés me pareció muy completo.","La verdad aparece todo tan claro."
2,"Muy Satisfecho",Sí,Sí,Sí,"Más de lo esperado","6-8 horas","He escuchado de los contenidos, pero no los conocía.","4 (Muy bueno)","4 (Muy bueno)","4 (Muy bueno)","4 (Muy bueno)","4 (Muy bueno)","4 (Muy bueno)","4 (Muy bueno)","4 (Muy bueno)","4 (Muy bueno)","4 (Muy bueno)","4 (Muy bueno)","4 (Muy bueno)","4 (Muy bueno)","4 (Muy bueno)","4 (Muy bueno)",Alto,"Fue de mucha  ayuda y aprendí a tener mas orden con los informes de gestión .","en los foros se pierde mucho tiempo deberían ser actividades mas cortas","actividades mas cortas y no participar en foros como obligación"
3,Satisfecho,Sí,Sí,Sí,"Más de lo esperado","6-8 horas","Los conozco y me son familiares, pero no los manejo en profundidad.","3 (Bueno)","3 (Bueno)","3 (Bueno)","3 (Bueno)","3 (Bueno)","3 (Bueno)","3 (Bueno)","3 (Bueno)","3 (Bueno)","4 (Muy bueno)","3 (Bueno)","3 (Bueno)","3 (Bueno)","3 (Bueno)","3 (Bueno)","Muy alto","Me encontré que muchas de los informes que desarrollo en nuestra biblioteca, no los manejaba con términos técnicos, y en este curso aprendí el desarrollo de estos y para que sirven y a quienes debemos darlos a conocer.","En realidad no hay nada que no me haya gustado, al contrario todo el curso ha sido un gran aporte para nuestra biblioteca.","Quizás que se realizaran en otro tiempo como en vacaciones, para abocarnos solo al curso."
4,Satisfecho,Sí,Sí,Sí,"Menos de lo esperado","4-6 horas","Los conozco y me son familiares, pero no los manejo en profundidad.","4 (Muy bueno)","4 (Muy bueno)","4 (Muy bueno)","4 (Muy bueno)","4 (Muy bueno)","4 (Muy bueno)","4 (Muy bueno)","4 (Muy bueno)","4 (Muy bueno)","4 (Muy bueno)","4 (Muy bueno)","4 (Muy bueno)","4 (Muy bueno)","4 (Muy bueno)","4 (Muy bueno)","Muy alto","la didáctica de las actividades","la escasa contextualizacion con el contexto sanitario actual y la suspension prolongada de las clases","contextualizar con aquellos que estamos por primera vez en el cargo"
5,Satisfecho,Sí,Sí,Sí,"Lo esperado","4-6 horas","Los conozco y me son familiares, pero no los manejo en profundidad.","4 (Muy bueno)","3 (Bueno)","3 (Bueno)","3 (Bueno)","3 (Bueno)","3 (Bueno)","3 (Bueno)","3 (Bueno)","3 (Bueno)","3 (Bueno)","3 (Bueno)","3 (Bueno)","3 (Bueno)","3 (Bueno)","3 (Bueno)","Muy alto","Me gustó porque aprendí algunas estrategias pero me falto tiempo","Me hubiese gustado que hubiera más interacción con los tutores con clases o explicaciones como webinar","Que fuera interactivo"
6,"Muy Insatisfecho",No,No,Sí,"Lo esperado","Más de 8 horas","Los conozco y me son familiares, pero no los manejo en profundidad.","3 (Bueno)","3 (Bueno)","3 (Bueno)","3 (Bueno)","3 (Bueno)","2 (Malo)","2 (Malo)","2 (Malo)","2 (Malo)","3 (Bueno)","2 (Malo)","3 (Bueno)","2 (Malo)","3 (Bueno)","1 (Muy malo)",Bajo,"El material.","No me gustan los cuestionarios de evaluaciones ya que a ustedes solo les importa las respuestas textuales...tal y como están en el material que nos facilitan.","Un curso es para impartir conocimientos y solo el hecho de realizar las actividades,ya se debería aprobar el curso. Es algo ilógico de después de realizado en curso se pueda o no aprobar. Y por favor actividades más cortas."
7,Satisfecho,Sí,Sí,Sí,"Lo esperado","2-3 horas","Los conozco y me son familiares, pero no los manejo en profundidad.","3 (Bueno)","3 (Bueno)","3 (Bueno)","3 (Bueno)","3 (Bueno)","2 (Malo)","3 (Bueno)","3 (Bueno)","3 (Bueno)","3 (Bueno)","3 (Bueno)","3 (Bueno)","3 (Bueno)","3 (Bueno)","2 (Malo)",Bajo,"Los videos entregados, muy buenos","Poco tiempo para estudiar en profundidad","Dar mas tiempo y en periodos menos estresante que Noviembre, Diciembre y Marzo"
8,Satisfecho,Sí,Sí,Sí,"Más de lo esperado","6-8 horas","Los conozco y me son familiares, pero no los manejo en profundidad.","4 (Muy bueno)","4 (Muy bueno)","4 (Muy bueno)","3 (Bueno)","3 (Bueno)","4 (Muy bueno)","4 (Muy bueno)","4 (Muy bueno)","4 (Muy bueno)","4 (Muy bueno)","4 (Muy bueno)","4 (Muy bueno)","4 (Muy bueno)","4 (Muy bueno)","4 (Muy bueno)",Alto,"Las propuestas para mejorar nuestra biblioteca y a través de los colegas CRA compartir las experiencias en sus CRA","Mas orientación , mas comunicación con los tutores que ellos se comunicaran con nosotros para aclarar dudas.","Poner énfasis en los tutoriales ya que nos permite orientarnos mejor en los cuestionarios , ojalá una vez a la semana comunicarnos mejor"
9,"Muy Satisfecho",Sí,Sí,Sí,"Más de lo esperado","4-6 horas","Los conozco y me son familiares, pero no los manejo en profundidad.","3 (Bueno)","2 (Malo)","3 (Bueno)","4 (Muy bueno)","4 (Muy bueno)","2 (Malo)","2 (Malo)","3 (Bueno)","4 (Muy bueno)","3 (Bueno)","3 (Bueno)","3 (Bueno)","3 (Bueno)","2 (Malo)","2 (Malo)",Alto,"Que aclara muchas dudas que tenía referente a funciones que debe realizar un encargado CRA","Se demoraron en tener los cursos, ya que lo esperaba en época de cuarentena, cuando estábamos realizando tele trabajo",Ninguna
10,Satisfecho,No,No,Sí,"Lo esperado","4-6 horas","Los conozco y me son familiares, pero no los manejo en profundidad.","3 (Bueno)","3 (Bueno)","3 (Bueno)","4 (Muy bueno)","4 (Muy bueno)","3 (Bueno)","3 (Bueno)","3 (Bueno)","3 (Bueno)","3 (Bueno)","3 (Bueno)","3 (Bueno)","3 (Bueno)","3 (Bueno)","3 (Bueno)","Muy alto","La información y los nuevos instrumentos que fueron mostrados en este curso","Que fue asignado junto con otro curso en la misma fecha, por lo tanto se tiene mucha presión de los  tutores de cada curso, lo que sumado a la exigencia de nuestro trabajo por la fecha del cierre de año escolar, siento que podría haber sido una experiencia mas enriquecedora, pero a modo personal fue casi todo el tiempo bajo presión","Solo sugerir el tema de las fechas, tratar de no asignar cursos simultáneamente en los mismos tiempos o meses ( lo que considero ya mas un tema de planificación) y además de no asignar en los meses donde hay carga laboral de nuestro desempeño como lo son los meses de marzo y diciembre para que la experiencia de estos cursos sea lo mas enriquecedor"
11,Insatisfecho,Sí,Sí,Sí,"Más de lo esperado","4-6 horas","Los conozco y me son familiares, pero no los manejo en profundidad.","3 (Bueno)","3 (Bueno)","3 (Bueno)","3 (Bueno)","3 (Bueno)","3 (Bueno)","3 (Bueno)","3 (Bueno)","3 (Bueno)","4 (Muy bueno)","4 (Muy bueno)","4 (Muy bueno)","3 (Bueno)","3 (Bueno)","3 (Bueno)",Alto,"la cantidad de herramientas que nos entregan para un buen funcionamiento","que algunos temas me costo mas entender (mas claridad)","disponer de mas tiempo para el curso  el tiempo es muy reducido"
12,"Muy Satisfecho",Sí,Sí,Sí,"Más de lo esperado","4-6 horas","He escuchado de los contenidos, pero no los conocía.","3 (Bueno)","3 (Bueno)","4 (Muy bueno)","3 (Bueno)","3 (Bueno)","4 (Muy bueno)","3 (Bueno)","4 (Muy bueno)","4 (Muy bueno)","3 (Bueno)","3 (Bueno)","3 (Bueno)","4 (Muy bueno)","3 (Bueno)","4 (Muy bueno)",Alto,"La información a la que he podido acceder","en algunos casos había materia no se si decir incompleta pero no me alcanzaba para responder algunas preguntas","completar un poco masa de información de aprendizaje ya que algunas preguntas no encontraba respuestas o también pudo haber sido que no me manejaba mucho con la pagina"
13,Satisfecho,Sí,Sí,Sí,"Más de lo esperado","6-8 horas","Los conozco y me son familiares, pero no los manejo en profundidad.","4 (Muy bueno)","3 (Bueno)","3 (Bueno)","3 (Bueno)","3 (Bueno)","4 (Muy bueno)","3 (Bueno)","3 (Bueno)","3 (Bueno)","4 (Muy bueno)","4 (Muy bueno)","4 (Muy bueno)","4 (Muy bueno)","3 (Bueno)","4 (Muy bueno)",Alto,"Valoro la calidad del curso","Realizar cursos bajo presión","Sugiero que los cursos no sean paralelos."
14,Satisfecho,Sí,Sí,Sí,"Lo esperado","4-6 horas","Los conozco y me son familiares, pero no los manejo en profundidad.","3 (Bueno)","3 (Bueno)","3 (Bueno)","3 (Bueno)","3 (Bueno)","2 (Malo)","3 (Bueno)","3 (Bueno)","3 (Bueno)","2 (Malo)","2 (Malo)","2 (Malo)","2 (Malo)","2 (Malo)","2 (Malo)",Alto,"VI MUCHOS TEMAS QUE EN ALGÚN MOMENTO APLICABA PERO NO SABIA EL ORDEN DE  APLICACIÓN COMO LA ENCUESTA DE SATISFACCIÓN, PLANIFICACIÓN, INFORMES,ESTADÍSTICAS. ETC.","EL FACTOR TIEMPO ENCUENTRO MUCHA INFORMACIÓN Y HAY QUE LEER Y REALIZAR LA ACTIVIDAD APURADITA  Y NO TODOS DAMOS EL ANCHO DE APRENDIZAJE SOMOS MAS LENTO O NOS TOMAMOS EL TIEMPO DE APRENDER. PERO REALIZAR DOS CURSOS PARALELOS ES DIFÍCIL POR LO MENOS PARA MI SE ME CONFUNDEN LOS TEMAS AUNQUE SE QUE AL FINAL TODAS ACTIVIDAD LLEGA A MISMO PUNTO","ME GUSTARÍA QUE HUBIERA UNA RETROALIMENTACIÓN POR PARTE DE NUESTROS TUTORES YA QUE EN EL FORO SOMOS MUY POCO QUE VEMOS, OPINAMOS, RECOMENDAMOS. EN LO PERSONAL QUISIERA SABER SI LAS TAREA ASIGNADAS ESTÁN BIEN O SI SE APRECIA QUE ENTENDÍ O APRENDÍ DE LOS CURSOS IMPARTIDOS"
15,Insatisfecho,Sí,No,Sí,"Menos de lo esperado","2-3 horas","No los conocía; no había escuchado de estos.","3 (Bueno)","3 (Bueno)","3 (Bueno)","4 (Muy bueno)","4 (Muy bueno)","4 (Muy bueno)","3 (Bueno)","3 (Bueno)","4 (Muy bueno)","4 (Muy bueno)","3 (Bueno)","4 (Muy bueno)","3 (Bueno)","3 (Bueno)","4 (Muy bueno)",Alto,"Todo lo que se puede aprender porque no hay mucho conocimiento de esto","lo  mucho que hay que leer y el poco tiempo que hay para realizar las actividades por horarios de trabajo en mi caso solo pude realizar las evaluaciones sumativas.","sería mas fácil una clase y después una evaluación."
16,"Muy Satisfecho",Sí,Sí,Sí,"Lo esperado","2-3 horas","Los conozco y me son familiares, pero no los manejo en profundidad.","4 (Muy bueno)","2 (Malo)","3 (Bueno)","4 (Muy bueno)","4 (Muy bueno)","4 (Muy bueno)","4 (Muy bueno)","4 (Muy bueno)","3 (Bueno)","4 (Muy bueno)","3 (Bueno)","4 (Muy bueno)","4 (Muy bueno)","3 (Bueno)","3 (Bueno)",Bajo,"Los contenidos muy claros y que aprendí mucho que no manejaba.","Muy extenso.","Ninguna todo muy bueno"
17,Satisfecho,Sí,Sí,Sí,"Más de lo esperado","Más de 8 horas","Los conozco y me son familiares, pero no los manejo en profundidad.","3 (Bueno)","3 (Bueno)","3 (Bueno)","3 (Bueno)","3 (Bueno)","3 (Bueno)","3 (Bueno)","3 (Bueno)","3 (Bueno)","3 (Bueno)","3 (Bueno)","3 (Bueno)","3 (Bueno)","3 (Bueno)","3 (Bueno)",Alto,"Lo que mas valoro es utilizar las herramientas Tecnológicas para afrontar los nuevos desafíos y los nuevos aprendizajes para el desarrollo de mi trabajo y para el bienestar de los estudiante..","Me falto tiempo para realizar mejor el curso.","Que se dicten los cursos en otra fecha, no a fines de año.
Que los cursos sean de forma presencial.
Que los cursos se realicen en forma separados"
18,Insatisfecho,No,No,No,"Menos de lo esperado","2-3 horas","He escuchado de los contenidos, pero no los conocía.","3 (Bueno)","2 (Malo)","3 (Bueno)","3 (Bueno)","3 (Bueno)","3 (Bueno)","2 (Malo)","3 (Bueno)","3 (Bueno)","3 (Bueno)","2 (Malo)","3 (Bueno)","3 (Bueno)","2 (Malo)","2 (Malo)",Alto,"El material ( plantillas y videos) que se nos entrego fue de buena calidad.  Se valora el querer entregarnos las herramientas necesarias para realizar nuestra labor diaria.","Muchos contenidos y las actividades muy difíciles para las personas que llevamos poco tiempo que por pandemia no hemos podido desarrollarnos en el cargo. Muy poco el tiempo para realizar las actividades.","No usar tantas aplicaciones para desarrollar los trabajos (Excel, canva, power point) debieran ser menos complicados."
19,Satisfecho,Sí,Sí,Sí,"Lo esperado","Más de 8 horas","Los conozco y los manejo con profundidad.","3 (Bueno)","3 (Bueno)","3 (Bueno)","3 (Bueno)","3 (Bueno)","3 (Bueno)","3 (Bueno)","3 (Bueno)","3 (Bueno)","3 (Bueno)","3 (Bueno)","3 (Bueno)","3 (Bueno)","3 (Bueno)","3 (Bueno)",Alto,"Revisar más en profundidad mi gestión bibliotecaria","Tenia algunos trabajos en plataformas","menos actividades innecesarias"
20,"Muy Satisfecho",Sí,Sí,Sí,"Mucho más de lo esperado","Más de 8 horas","Los conozco y me son familiares, pero no los manejo en profundidad.","4 (Muy bueno)","4 (Muy bueno)","4 (Muy bueno)","3 (Bueno)","3 (Bueno)","2 (Malo)","3 (Bueno)","3 (Bueno)","3 (Bueno)","4 (Muy bueno)","3 (Bueno)","3 (Bueno)","3 (Bueno)","3 (Bueno)","2 (Malo)","Muy alto","El curso es  es muy bueno ,el aprendizaje  también ,lo que me anduvo complicando fueron las actividades, eran muchas y los tiempos no acompañan con las funciones que uno tiene como trabajadora y dueña de casa.","las actividades son muy extensas para realizarlas  por tiempo y pocas habilidades computacionales.","en general el curso es bastante bueno y la plataforma también. fui yo la que me vi complicada con las actividades porque mi manejo con las tecnologías computacionales es deficiente."
21,"Muy Satisfecho",Sí,Sí,Sí,"Más de lo esperado","4-6 horas","No los conocía; no había escuchado de estos.","4 (Muy bueno)","3 (Bueno)","4 (Muy bueno)","4 (Muy bueno)","4 (Muy bueno)","4 (Muy bueno)","4 (Muy bueno)","4 (Muy bueno)","4 (Muy bueno)","4 (Muy bueno)","4 (Muy bueno)","4 (Muy bueno)","4 (Muy bueno)","4 (Muy bueno)","4 (Muy bueno)",Alto,"Conocer de qué manera debo evaluar el trabajo realizado en el CRA","Todo me pareció muy coherente","Qué lo cursos se dicten de uno a la vez y que no se junten dos para el mismo período, porque es difícil cumplir en los tiempos si uno no invirtiera tiempo adicional los fines de semana"
22,Satisfecho,Sí,No,Sí,"Lo esperado","4-6 horas","He escuchado de los contenidos, pero no los conocía.","3 (Bueno)","2 (Malo)","3 (Bueno)","2 (Malo)","2 (Malo)","3 (Bueno)","2 (Malo)","3 (Bueno)","3 (Bueno)","3 (Bueno)","3 (Bueno)","3 (Bueno)","3 (Bueno)","3 (Bueno)","3 (Bueno)",Alto,"El material complementario, el cual es necesario de revisar a veces nuevamente.","Que no tenia tiempo para poder realizarlo bien, me fue imposible desarrollarlo en el trabajo, por ende tuve que invertir tiempo personal para el curso.
La plataforma no fue amigable en ningún momento.
Fue demasiado largo, se debería acotar la información o dejar solo anexos pues al ingresar a un módulo daba ansiedad todo lo que habia que hacer pues de verdad fue imposible realizarlo desde el trabajo.","Que ojala se haga de manera presencial con aforo en estos tiempos, pero virtualmente es muy difícil llevarlo a cabo, también que en la plataforma se indique si fue desarrollada una actividad, pues me paso que algunas veces empezaba a realizar una actividad pero no la podía terminar en el momento, entonces, al momento de ingresar de nuevo no había nada guardado y debía empezar de nuevo, lo otro es que a veces me perdía donde había quedado pues en ninguna parte se indicaba si estaba hecho o no, pues al ingresar a una actividad ya hecha se volvía a colocar en cero por ende había que volver a empezar."
23,Insatisfecho,Sí,No,Sí,"Más de lo esperado","4-6 horas","Los conozco y me son familiares, pero no los manejo en profundidad.","3 (Bueno)","3 (Bueno)","3 (Bueno)","3 (Bueno)","3 (Bueno)","3 (Bueno)","3 (Bueno)","3 (Bueno)","3 (Bueno)","3 (Bueno)","3 (Bueno)","3 (Bueno)","3 (Bueno)","3 (Bueno)","3 (Bueno)","Muy alto","VALORO QUE ME DEN UNA SEGUNDA OPORTUNIDAD PARA VOLVER A RESPONDER LA EVALUACIÓN SUMATIVA.","ES DEMASIADO INTENSO PRÁCTICAMENTE PARECEN DIPLOMADOS, Y EL TIEMPO ES MUY CORTO PARA ESTUDIARLOS EN PROFUNDIDAD.","PODER REALIZAR CURSOS FORMATIVOS PERO CON MUCHO MAS TIEMPO ,PUES ESTOS SON MUY DENSOS PARA REALIZARLOS EN UN PERIODO ACOTADO."
24,Satisfecho,Sí,Sí,Sí,"Lo esperado","2-3 horas","He escuchado de los contenidos, pero no los conocía.","3 (Bueno)","3 (Bueno)","3 (Bueno)","3 (Bueno)","3 (Bueno)","3 (Bueno)","3 (Bueno)","3 (Bueno)","3 (Bueno)","3 (Bueno)","4 (Muy bueno)","3 (Bueno)","3 (Bueno)","3 (Bueno)","3 (Bueno)","Muy alto","La variedad de material (textos, enlaces , videos) para consultar y apoyar el aprendizaje.","La cantidad de material que hay que revisar y el poco tiempo para poder realizar todos los módulos.","Realizarlo de manera presencial"
25,Satisfecho,Sí,Sí,Sí,"Más de lo esperado","6-8 horas","Los conozco y me son familiares, pero no los manejo en profundidad.","4 (Muy bueno)","4 (Muy bueno)","4 (Muy bueno)","4 (Muy bueno)","4 (Muy bueno)","2 (Malo)","3 (Bueno)","3 (Bueno)","3 (Bueno)","4 (Muy bueno)","3 (Bueno)","3 (Bueno)","3 (Bueno)","3 (Bueno)","2 (Malo)",Alto,"valoro la opotunidad de poder participar de él. Lo aprendido es hoy totalmente aplicable en nuestra biblioteca. Excelente curso.","Al igual que en el curso B, lo peor es el apoyo de nuestra monitora. jamas da soluciones, responde muy tarde y no saca de dudas. hasta hoy le estoy preguntando por el curso H que debería realizar y el cual termin el 15 de diciembre. Llevo 3 semanas preguntandole a ella que debo hacer si el curso no lo tengo en mi plataforma. Me envió un correo para hacer las consultas, y nada, hasta hoy no tengo respuesta. esta situación es lo peor del curso, la falta de apoyo .","Que las personas o monitores realizaran un trabajo efectivo en los cursos. 
Los cursos son excelentes, muy buen material, pero de  las personas a cargo, como ayudantía, mal, todo mal. Como sugerencia, que las personas sean idoneas a su cargo."
26,Satisfecho,Sí,Sí,Sí,"Lo esperado","2-3 horas","Los conozco y me son familiares, pero no los manejo en profundidad.","3 (Bueno)","3 (Bueno)","3 (Bueno)","3 (Bueno)","2 (Malo)","3 (Bueno)","3 (Bueno)","3 (Bueno)","3 (Bueno)","3 (Bueno)","3 (Bueno)","3 (Bueno)","3 (Bueno)","3 (Bueno)","3 (Bueno)",Alto,"Las herramientas y conocimientos adquiridos para poder aplicarlos en la función que desempeño.","Que pudiera ser solicitada una cantidad de horas diarias al sostenedor, para poder realizar los cursos.Porque se hace muy complicado compatibilizar.","Pudieran haber capsulas gravadas por quien imparte el curso, que resuman contenido."
27,Satisfecho,Sí,No,Sí,"Lo esperado","4-6 horas","Los conozco y me son familiares, pero no los manejo en profundidad.","3 (Bueno)","3 (Bueno)","3 (Bueno)","3 (Bueno)","3 (Bueno)","2 (Malo)","3 (Bueno)","3 (Bueno)","3 (Bueno)","4 (Muy bueno)","3 (Bueno)","2 (Malo)","2 (Malo)","3 (Bueno)","3 (Bueno)",Alto,"Valoro el haber aprendido a manejar ciertos conceptos que pese a conocerlos no los manejaba en profundidad.","La poca claridad en la propuesta de las actividades.","Que sean mas breves considerando lo extenso del curso."
28,Satisfecho,Sí,Sí,Sí,"Más de lo esperado","4-6 horas","Los conozco y me son familiares, pero no los manejo en profundidad.","3 (Bueno)","3 (Bueno)","3 (Bueno)","3 (Bueno)","3 (Bueno)","3 (Bueno)","3 (Bueno)","3 (Bueno)","3 (Bueno)","3 (Bueno)","3 (Bueno)","3 (Bueno)","3 (Bueno)","3 (Bueno)","3 (Bueno)",Alto,"Se valora ya que conocía del tema pero no en profundidad, aprendí varios conceptos y como poder mejorar el trabajo de biblioteca.","Mucha información y poco tiempo para poder realizar las actividades.","En si el curso en general esta bien, pero a lo mejor menos información por el tiempo que se requiere para poder realizarlo."
29,Satisfecho,Sí,Sí,Sí,"Mucho más de lo esperado","Más de 8 horas","Los conozco y me son familiares, pero no los manejo en profundidad.","4 (Muy bueno)","4 (Muy bueno)","4 (Muy bueno)","4 (Muy bueno)","4 (Muy bueno)","4 (Muy bueno)","4 (Muy bueno)","4 (Muy bueno)","4 (Muy bueno)","4 (Muy bueno)","4 (Muy bueno)","4 (Muy bueno)","4 (Muy bueno)","4 (Muy bueno)","4 (Muy bueno)",Alto,"intenso y difícil","bien en general","nada, muy bueno en general."
30,Satisfecho,Sí,No,No,"Lo esperado","Más de 8 horas","He escuchado de los contenidos, pero no los conocía.","4 (Muy bueno)","1 (Muy malo)","3 (Bueno)","3 (Bueno)","3 (Bueno)","2 (Malo)","3 (Bueno)","3 (Bueno)","3 (Bueno)","3 (Bueno)","3 (Bueno)","3 (Bueno)","3 (Bueno)","3 (Bueno)","2 (Malo)",Alto,"Aprendí mucha tecnología, estoy bien atrasada y      ahora me manejo mejor.","Las evaluaciones sumativas y    lo largo de cada módulo.","Módulos más cortos, con menos actividades, en honor al tiempo de que disponemos."
31,Satisfecho,Sí,Sí,Sí,"Lo esperado","Más de 8 horas","He escuchado de los contenidos, pero no los conocía.","3 (Bueno)","3 (Bueno)","3 (Bueno)","3 (Bueno)","3 (Bueno)","3 (Bueno)","3 (Bueno)","3 (Bueno)","3 (Bueno)","3 (Bueno)","3 (Bueno)","3 (Bueno)","3 (Bueno)","3 (Bueno)","3 (Bueno)","Muy alto","me intereso todo relacionado con las bitacoras, encuesta y el informe de gestion","del curso me gusto todo, lo que no me gusto que tuviera tres curso al mismo tiempo  independiente que tuvieran diferente fechas de términos","como sugerencia es que vayan de un curso con un tiempo determinado y no tres cursos paralelos"
32,Satisfecho,No,No,Sí,"Lo esperado","2-3 horas","Los conozco y los manejo con profundidad.","2 (Malo)","2 (Malo)","1 (Muy malo)","2 (Malo)","3 (Bueno)","1 (Muy malo)","2 (Malo)","1 (Muy malo)","2 (Malo)","1 (Muy malo)","1 (Muy malo)","3 (Bueno)","3 (Bueno)","1 (Muy malo)","1 (Muy malo)","Muy bajo","El enfoque por tratar de mejorar la gestión","Encasillar toda la gestión sin considerar miles de variables entre un centro CRA y otro","Proponer medidas  par ala gestión basándose en las realidades de los colegios y no en la burbuja de perfección del MINEDUC"
33,"Muy Satisfecho",Sí,Sí,Sí,"Mucho más de lo esperado","Más de 8 horas","Los conozco y me son familiares, pero no los manejo en profundidad.","4 (Muy bueno)","4 (Muy bueno)","4 (Muy bueno)","4 (Muy bueno)","4 (Muy bueno)","3 (Bueno)","4 (Muy bueno)","4 (Muy bueno)","4 (Muy bueno)","4 (Muy bueno)","3 (Bueno)","3 (Bueno)","3 (Bueno)","4 (Muy bueno)","3 (Bueno)",Alto,"toda la información entregada, recursos complementarios y lo más importante&quot; La Formación&quot; potenciar a los encargados de Bibliotecas, la capacitación,  de verdad que aprendí bastante.","los tiempos para trabajar en los cursos, coincidieron algunos en mi caso.","Me gustaría una inducción antes de que empiecen los cursos, más detallada de como manejar bien la plataforma,cometí varios errores por no tener conocimientos de la plataforma,"
34,"Muy Satisfecho",Sí,Sí,Sí,"Más de lo esperado","6-8 horas","No los conocía; no había escuchado de estos.","4 (Muy bueno)","3 (Bueno)","3 (Bueno)","3 (Bueno)","4 (Muy bueno)","3 (Bueno)","3 (Bueno)","3 (Bueno)","3 (Bueno)","4 (Muy bueno)","3 (Bueno)","3 (Bueno)","3 (Bueno)","3 (Bueno)","4 (Muy bueno)","Muy alto","En realidad todo ya que son contenidos que no conocía y ahora siento que tengo una mayor claridad y Herramientas aora realizar esta labor.","La realización de algunas actividades se me complicaron,ya que debía solicitar ayuda en el colegio y no pude obtenerla.","Más clases atraves de zoom"
35,Satisfecho,Sí,Sí,Sí,"Más de lo esperado","6-8 horas","Los conozco y me son familiares, pero no los manejo en profundidad.","3 (Bueno)","3 (Bueno)","3 (Bueno)","3 (Bueno)","3 (Bueno)","4 (Muy bueno)","3 (Bueno)","3 (Bueno)","3 (Bueno)","3 (Bueno)","3 (Bueno)","3 (Bueno)","3 (Bueno)","3 (Bueno)","3 (Bueno)",Alto,"El conocimiento adquirido ayuda
a desarrollar un mejor servicio en 
el Cra.
y sirve de motivación para la mejora de 
la biblioteca.","que comenzaran en Septiembre.","que comenzaran a principio de año."
36,Insatisfecho,Sí,No,Sí,"Menos de lo esperado","6-8 horas","Los conozco y me son familiares, pero no los manejo en profundidad.","3 (Bueno)","2 (Malo)","3 (Bueno)","3 (Bueno)","3 (Bueno)","3 (Bueno)","3 (Bueno)","3 (Bueno)","3 (Bueno)","3 (Bueno)","3 (Bueno)","3 (Bueno)","3 (Bueno)","2 (Malo)","3 (Bueno)",Bajo,"No tuve tiempo para desarrollar las actividades","No tuve tiempo para desarrollar las actividades","Se necesita más tiempo para este curso era mucha materia y se me junto con dos cursos más."
37,"Muy Satisfecho",Sí,Sí,Sí,"Mucho más de lo esperado","6-8 horas","Los conozco y me son familiares, pero no los manejo en profundidad.","4 (Muy bueno)","4 (Muy bueno)","4 (Muy bueno)","4 (Muy bueno)","4 (Muy bueno)","4 (Muy bueno)","4 (Muy bueno)","4 (Muy bueno)","4 (Muy bueno)","4 (Muy bueno)","4 (Muy bueno)","4 (Muy bueno)","3 (Bueno)","3 (Bueno)","4 (Muy bueno)",Alto,"Curso muy completo, aprendí conceptos y herramientas como formularios google para encuestas de satisfacción y la página canvas para hacer infografías y afiches","En general el curso es muy completo.","Podrían hacer cursos para profundizar la utilización de  herramientas de generación de infografías, afiches o videos que ayudarían a la difusión de actividades realizadas en el CRA"
38,Satisfecho,Sí,Sí,Sí,"Lo esperado","Más de 8 horas","Los conozco y los manejo con profundidad.","3 (Bueno)","3 (Bueno)","3 (Bueno)","3 (Bueno)","3 (Bueno)","3 (Bueno)","3 (Bueno)","3 (Bueno)","3 (Bueno)","3 (Bueno)","3 (Bueno)","3 (Bueno)","3 (Bueno)","3 (Bueno)","3 (Bueno)",Alto,"la retroalimentación entregada","Muchas actividades","Menos actividades, tengo poco tiempo libre en el trabajo"
39,"Muy Satisfecho",Sí,Sí,Sí,"Mucho más de lo esperado","4-6 horas","Los conozco y me son familiares, pero no los manejo en profundidad.","3 (Bueno)","3 (Bueno)","3 (Bueno)","3 (Bueno)","3 (Bueno)","3 (Bueno)","3 (Bueno)","3 (Bueno)","3 (Bueno)","3 (Bueno)","3 (Bueno)","3 (Bueno)","3 (Bueno)","3 (Bueno)","3 (Bueno)",Alto,"los contenidos pertinentes al cargo","la modalidad online","podría ser presencial"
40,Satisfecho,No,Sí,Sí,"Lo esperado","6-8 horas","He escuchado de los contenidos, pero no los conocía.","3 (Bueno)","3 (Bueno)","3 (Bueno)","3 (Bueno)","1 (Muy malo)","2 (Malo)","3 (Bueno)","3 (Bueno)","3 (Bueno)","3 (Bueno)","3 (Bueno)","2 (Malo)","3 (Bueno)","3 (Bueno)","1 (Muy malo)",Bajo,"La oportunidad de aprender cosas nuevas","Poca claridad para trabajar en los cursos","Cursos de formación más personalizados"
41,Satisfecho,Sí,Sí,Sí,"Lo esperado","2-3 horas","No los conocía; no había escuchado de estos.","3 (Bueno)","1 (Muy malo)","3 (Bueno)","4 (Muy bueno)","3 (Bueno)","3 (Bueno)","3 (Bueno)","3 (Bueno)","3 (Bueno)","3 (Bueno)","3 (Bueno)","3 (Bueno)","3 (Bueno)","3 (Bueno)","2 (Malo)",Bajo,"El aprender como se puede ir mejorando con herramientas más completas.",nada.,"Complementar mas información escrita."
42,"Muy Satisfecho",Sí,Sí,Sí,"Más de lo esperado","Más de 8 horas","No los conocía; no había escuchado de estos.","4 (Muy bueno)","3 (Bueno)","3 (Bueno)","3 (Bueno)","3 (Bueno)","3 (Bueno)","4 (Muy bueno)","3 (Bueno)","3 (Bueno)","3 (Bueno)","4 (Muy bueno)","3 (Bueno)","3 (Bueno)","3 (Bueno)","3 (Bueno)","Muy alto","Que ahora tengo la práctica y la teoría a la vez y me estoy superando ya que mi desempeño era muy limitado.","Muchas lecturas y poco tiempo que disponía por que en el colegio debo cumplir horario y actividades propias de mi profesión de docente en Lenguaje nivel medio.","Que se de más tiempo para presentar actividades, reducir la cantidad de textos, son muy  buenos pero por falta de tiempo no cumplen el objetivo."
43,Satisfecho,Sí,Sí,Sí,"Mucho más de lo esperado","4-6 horas","Los conozco y me son familiares, pero no los manejo en profundidad.","4 (Muy bueno)","4 (Muy bueno)","4 (Muy bueno)","4 (Muy bueno)","4 (Muy bueno)","3 (Bueno)","4 (Muy bueno)","4 (Muy bueno)","4 (Muy bueno)","4 (Muy bueno)","3 (Bueno)","4 (Muy bueno)","4 (Muy bueno)","4 (Muy bueno)","4 (Muy bueno)",Alto,"que aprendí muchos términos que no conocía y aprendí muchísimo gracias","me costo mucho subir las tareas a la plataforma","creo que todo esta claro ."
44,Satisfecho,Sí,No,Sí,"Lo esperado","2-3 horas","Los conozco y me son familiares, pero no los manejo en profundidad.","3 (Bueno)","3 (Bueno)","3 (Bueno)","3 (Bueno)","2 (Malo)","3 (Bueno)","3 (Bueno)","3 (Bueno)","3 (Bueno)","3 (Bueno)","3 (Bueno)","3 (Bueno)","3 (Bueno)","3 (Bueno)","3 (Bueno)","Muy alto","lo aprendido,y poder mejorar en mio biblioteca","la plataforma","curso 1 a 2 veces o presencial o virtual"
45,Satisfecho,Sí,Sí,Sí,"Lo esperado","4-6 horas","Los conozco y me son familiares, pero no los manejo en profundidad.","3 (Bueno)","3 (Bueno)","3 (Bueno)","3 (Bueno)","3 (Bueno)","3 (Bueno)","3 (Bueno)","3 (Bueno)","3 (Bueno)","3 (Bueno)","3 (Bueno)","3 (Bueno)","3 (Bueno)","3 (Bueno)","3 (Bueno)",Alto,"TODO SU CONTENIDO EN GENERAL","LA FECHA EN QUE ESTE FUE REALIZADO.","SUGIERO, QUE SE HAGA DESDE MARZO A AGOSTO, DESPUES NO, PUES HAY MUCHO TRABAJO A FINAL DE UN AÑO ESCOLAR."
46,Satisfecho,Sí,Sí,Sí,"Mucho más de lo esperado","4-6 horas","Los conozco y me son familiares, pero no los manejo en profundidad.","3 (Bueno)","3 (Bueno)","3 (Bueno)","3 (Bueno)","3 (Bueno)","4 (Muy bueno)","3 (Bueno)","4 (Muy bueno)","4 (Muy bueno)","4 (Muy bueno)","3 (Bueno)","3 (Bueno)","3 (Bueno)","3 (Bueno)","4 (Muy bueno)",Alto,"nos entregó herramientas para lograr realizar una mejor presentación, una mejor gestión, y entender las tareas que debemos hacer.","los tiempos y realizar 3 curso a la vez, justo a fin de año en donde menos tiempo tenemos, por las tareas agregadas por dirección.","mi sugerencia es que los cursos sean uno tras otro y no todos al mismo tiempo, tal vez un poco mas reducido en el sentido que los tutores puedan responder mas preguntas, u otorgar un poco mas de tiempo a la clases, que a mi me sirve mucho mas, que como autogestinada"
47,"Muy Satisfecho",Sí,Sí,Sí,"Más de lo esperado","4-6 horas","Los conozco y me son familiares, pero no los manejo en profundidad.","4 (Muy bueno)","4 (Muy bueno)","4 (Muy bueno)","4 (Muy bueno)","4 (Muy bueno)","4 (Muy bueno)","4 (Muy bueno)","4 (Muy bueno)","4 (Muy bueno)","4 (Muy bueno)","4 (Muy bueno)","4 (Muy bueno)","4 (Muy bueno)","4 (Muy bueno)","4 (Muy bueno)",Alto,"Los videos y foros",nada,"esta bien"
48,Satisfecho,Sí,Sí,Sí,"Más de lo esperado","Más de 8 horas","He escuchado de los contenidos, pero no los conocía.","3 (Bueno)","3 (Bueno)","3 (Bueno)","3 (Bueno)","2 (Malo)","2 (Malo)","3 (Bueno)","3 (Bueno)","3 (Bueno)","3 (Bueno)","3 (Bueno)","3 (Bueno)","1 (Muy malo)","1 (Muy malo)","2 (Malo)",Alto,"Bueno , pues todo es nuevo para mi llevo muy poco a cargo del CRA , dependiente de algunas falencias de los cursos , agradezco pues aprendí mucho .","Las evaluaciones , encontré muchas preguntas que nunca fueron abordadas en los contenidos , quizás en libros recomendados pero deberían especificar en ello , muchas personas por tiempo no lo hacen , es muy bueno investigar pero cuando estas limitado en tiempos y recursos eso se hace mas complicado.","Mas comunicación para satisfacer dudas , muchas son nuevas en esto y no manejan estos tipos de plataformas , la ayuda es imprescindible para completar los cursos y quedar con animo de seguir capacitándose"
49,Satisfecho,Sí,Sí,Sí,"Más de lo esperado","4-6 horas","Los conozco y me son familiares, pero no los manejo en profundidad.","3 (Bueno)","3 (Bueno)","3 (Bueno)","3 (Bueno)","3 (Bueno)","3 (Bueno)","3 (Bueno)","4 (Muy bueno)","4 (Muy bueno)","3 (Bueno)","3 (Bueno)","3 (Bueno)","3 (Bueno)","2 (Malo)","3 (Bueno)",Alto,"Nuevas herramientas tecnológicas para incorporar en el que hacer diario.","Siento que falta mas retroalimentación del trabajo que uno presenta, para saber si lo que se hizo esta bien encaminado.","mas participación de los colegas en comentar o retroalimentarnos entre pares y  la tutora o guía también podría hacer algunas observaciones"
50,Satisfecho,Sí,Sí,Sí,"Menos de lo esperado","4-6 horas","He escuchado de los contenidos, pero no los conocía.","3 (Bueno)","4 (Muy bueno)","2 (Malo)","4 (Muy bueno)","4 (Muy bueno)","3 (Bueno)","3 (Bueno)","3 (Bueno)","3 (Bueno)","4 (Muy bueno)","4 (Muy bueno)","3 (Bueno)","3 (Bueno)","3 (Bueno)","3 (Bueno)",Bajo,"El conocimiento que me queda para lo que involucra mi cargo laboral.","Los plazos para poder desarrollar el curso.","Un poco más de tiempo, me imagino que estos plazos fueron diseñados por el instituto que impartió el curso, pero hay personas, como yo, que no teníamos ningún conocimiento sobre estos temas y nos costó mucho lograr desarrollar las tareas"
51,Satisfecho,Sí,Sí,Sí,"Mucho más de lo esperado","6-8 horas","Los conozco y me son familiares, pero no los manejo en profundidad.","4 (Muy bueno)","3 (Bueno)","3 (Bueno)","4 (Muy bueno)","4 (Muy bueno)","2 (Malo)","4 (Muy bueno)","3 (Bueno)","3 (Bueno)","4 (Muy bueno)","4 (Muy bueno)","4 (Muy bueno)","4 (Muy bueno)","4 (Muy bueno)","2 (Malo)","Muy alto","El aprendizaje que se puede obtener y que sea aplicado",Nada,"Se necesita mas tiempo para poder leer y estudiar"
52,Satisfecho,Sí,Sí,Sí,"Lo esperado","4-6 horas","Los conozco y me son familiares, pero no los manejo en profundidad.","3 (Bueno)","4 (Muy bueno)","3 (Bueno)","3 (Bueno)","2 (Malo)","3 (Bueno)","3 (Bueno)","3 (Bueno)","3 (Bueno)","3 (Bueno)","3 (Bueno)","2 (Malo)","3 (Bueno)","3 (Bueno)","3 (Bueno)",Alto,"Ayuda a refrescar y actualizar conocimientos previos","Solo que a veces me costaba seguir el formato de secuencia del curso.","Creo, que puder ser una sugerencia separar mejor cada módulo y que al finalizar indicar el fin de cada sección para seguir y mantener un orden"
53,Satisfecho,Sí,No,Sí,"Más de lo esperado","2-3 horas","No los conocía; no había escuchado de estos.","3 (Bueno)","3 (Bueno)","3 (Bueno)","3 (Bueno)","3 (Bueno)","3 (Bueno)","3 (Bueno)","3 (Bueno)","3 (Bueno)","3 (Bueno)","3 (Bueno)","3 (Bueno)","3 (Bueno)","3 (Bueno)","3 (Bueno)",Alto,"la verdad todo, porque no tenia conocimiento de esta información, me será de mucha ayuda todo lo aprendido.","que fuera online, para uno que es nueva hubiera sido mejor que fuera presencial.","Que el curso sea presencial."
54,Satisfecho,Sí,Sí,Sí,"Más de lo esperado","6-8 horas","Los conozco y me son familiares, pero no los manejo en profundidad.","4 (Muy bueno)","4 (Muy bueno)","4 (Muy bueno)","4 (Muy bueno)","4 (Muy bueno)","3 (Bueno)","4 (Muy bueno)","4 (Muy bueno)","4 (Muy bueno)","4 (Muy bueno)","3 (Bueno)","3 (Bueno)","3 (Bueno)","3 (Bueno)","3 (Bueno)",Alto,"las pautas de cotejo ya que con ese instrumento realizaba mis actividades","que no puedo saber las calificaciones de mis actividades","por mi parte tratar de que los cursos no los den todos juntos para poder tener tiempo de realizarlos con tranquilidad y poder aprender."
55,Satisfecho,Sí,Sí,Sí,"Más de lo esperado","2-3 horas","He escuchado de los contenidos, pero no los conocía.","3 (Bueno)","3 (Bueno)","3 (Bueno)","3 (Bueno)","3 (Bueno)","3 (Bueno)","3 (Bueno)","3 (Bueno)","3 (Bueno)","3 (Bueno)","3 (Bueno)","3 (Bueno)","3 (Bueno)","3 (Bueno)","3 (Bueno)",Alto,"valoro todo ya que siempre es bueno apreder cosas buenas",nada,"que se apresencial"
56,Satisfecho,Sí,Sí,Sí,"Lo esperado","2-3 horas","Los conozco y me son familiares, pero no los manejo en profundidad.","3 (Bueno)","3 (Bueno)","3 (Bueno)","3 (Bueno)","3 (Bueno)","3 (Bueno)","3 (Bueno)","3 (Bueno)","3 (Bueno)","3 (Bueno)","3 (Bueno)","3 (Bueno)","3 (Bueno)","3 (Bueno)","3 (Bueno)",Alto,"que habían términos que lo había escuchado pero no los conocía en profundidad","mucha información, mucha lectura y poco tiempo para terminar la actividad","que sea mas didáctico y con menos lectura"
57,"Muy Satisfecho",Sí,Sí,Sí,"Lo esperado","2-3 horas","He escuchado de los contenidos, pero no los conocía.","3 (Bueno)","3 (Bueno)","3 (Bueno)","3 (Bueno)","3 (Bueno)","3 (Bueno)","3 (Bueno)","3 (Bueno)","3 (Bueno)","3 (Bueno)","3 (Bueno)","3 (Bueno)","3 (Bueno)","3 (Bueno)","3 (Bueno)",Alto,"El curso me ayudo a clarificar dudas y me ayudo en mi formación personal","En el caso personal tuve que hacerme un tiempo para participar en el curso","Que sigan brindando mas curso para aprender mas en la formación de encargado de la biblioteca"
58,Satisfecho,Sí,Sí,Sí,"Más de lo esperado","6-8 horas","Los conozco y me son familiares, pero no los manejo en profundidad.","3 (Bueno)","3 (Bueno)","3 (Bueno)","3 (Bueno)","2 (Malo)","2 (Malo)","3 (Bueno)","3 (Bueno)","3 (Bueno)","3 (Bueno)","3 (Bueno)","3 (Bueno)","3 (Bueno)","2 (Malo)","3 (Bueno)",Alto,"Reafirma mi conocimiento teórico","la plataforma es poco amigables
Una evaluación formativa no tenía  coincidencia con el contenido de la unidad.","El poder dejar una marca en donde uno queda con la revisión de contenidos."
59,Satisfecho,Sí,Sí,Sí,"Más de lo esperado","6-8 horas","Los conozco y me son familiares, pero no los manejo en profundidad.","3 (Bueno)","4 (Muy bueno)","3 (Bueno)","2 (Malo)","2 (Malo)","2 (Malo)","3 (Bueno)","3 (Bueno)","3 (Bueno)","4 (Muy bueno)","4 (Muy bueno)","3 (Bueno)","4 (Muy bueno)","3 (Bueno)","4 (Muy bueno)",Alto,"Que aprendí información detallada que no manejaba y me quedo clara. Sobre todo los aspectos formales como sobre la cantidad de libros de acuerdo a la población de estudiantes.","Que no es necesario tantas actividades para aprender los contenidos. Quizás podrían ser menos y más simples.","Que las instrucciones de las actividades sean específicas. Porque a veces no sabia si debía mandar una foto o como demostrar que hice la tarea."
60,"Muy Satisfecho",Sí,Sí,Sí,"Más de lo esperado","4-6 horas","Los conozco y me son familiares, pero no los manejo en profundidad.","4 (Muy bueno)","4 (Muy bueno)","4 (Muy bueno)","4 (Muy bueno)","4 (Muy bueno)","4 (Muy bueno)","4 (Muy bueno)","4 (Muy bueno)","4 (Muy bueno)","4 (Muy bueno)","4 (Muy bueno)","4 (Muy bueno)","4 (Muy bueno)","4 (Muy bueno)","4 (Muy bueno)",Alto,"Su contenido en cada tema","Que me vi en un momento contra el tiempo pero de igual forma lo logre","Tener más fluides de contacto con mi tutor"
61,"Muy Satisfecho",Sí,Sí,Sí,"Mucho más de lo esperado","6-8 horas","He escuchado de los contenidos, pero no los conocía.","4 (Muy bueno)","4 (Muy bueno)","3 (Bueno)","4 (Muy bueno)","4 (Muy bueno)","1 (Muy malo)","3 (Bueno)","3 (Bueno)","3 (Bueno)","4 (Muy bueno)","4 (Muy bueno)","3 (Bueno)","3 (Bueno)","3 (Bueno)","3 (Bueno)","Muy alto","Que aprendí muchísimo y veo mi trabajo, como algo muy importante.","La poca intervención de la tutora","Que respondan los correos de consultas"
62,Satisfecho,Sí,Sí,Sí,"Lo esperado","Más de 8 horas","He escuchado de los contenidos, pero no los conocía.","3 (Bueno)","2 (Malo)","3 (Bueno)","3 (Bueno)","2 (Malo)","3 (Bueno)","3 (Bueno)","3 (Bueno)","3 (Bueno)","3 (Bueno)","3 (Bueno)","3 (Bueno)","3 (Bueno)","3 (Bueno)","3 (Bueno)",Alto,"El aprendizaje de contenidos que no conocía.","El uso de la plataforma, me fue muy compleja en un principio.","Quizás deberían ser con tutorial y no solo autoaprendizaje, considerando que para muchos es la primera vez que tratamos estos temas."
63,Satisfecho,Sí,Sí,No,"Lo esperado","2-3 horas","He escuchado de los contenidos, pero no los conocía.","3 (Bueno)","3 (Bueno)","2 (Malo)","2 (Malo)","2 (Malo)","3 (Bueno)","3 (Bueno)","3 (Bueno)","2 (Malo)","3 (Bueno)","2 (Malo)","3 (Bueno)","2 (Malo)","2 (Malo)","3 (Bueno)",Bajo,"Lo que he aprendido lo comencé a aplicar a la biblioteca de mi establecimiento.","La falta de tiempo para llevar a la práctica lo aprendido. LA fecha y falta de tiempo","Más clases con tutores. Resolver más dudas, menos contenido para facilitar y mejorar el aprendizaje"
64,Insatisfecho,Sí,No,Sí,"Lo esperado","4-6 horas","Los conozco y me son familiares, pero no los manejo en profundidad.","3 (Bueno)","3 (Bueno)","3 (Bueno)","3 (Bueno)","3 (Bueno)","2 (Malo)","3 (Bueno)","3 (Bueno)","3 (Bueno)","3 (Bueno)","3 (Bueno)","3 (Bueno)","3 (Bueno)","2 (Malo)","2 (Malo)","Muy alto","Los contenidos son de mucha satisfacción y aprendizaje","La plataforma no  es muy amigable,","Más apoyo de los tutores en relación  resolver dudas que se presentan en las actividades. poco claras"
65,Satisfecho,Sí,No,Sí,"Más de lo esperado","Más de 8 horas","Los conozco y me son familiares, pero no los manejo en profundidad.","4 (Muy bueno)","3 (Bueno)","4 (Muy bueno)","4 (Muy bueno)","4 (Muy bueno)","3 (Bueno)","4 (Muy bueno)","4 (Muy bueno)","4 (Muy bueno)","4 (Muy bueno)","4 (Muy bueno)","4 (Muy bueno)","4 (Muy bueno)","4 (Muy bueno)","4 (Muy bueno)",Alto,"la claridad de los contenidos, las infografías y los videos explicatorios.","El hecho del tiempo para las evaluaciones era menor al que se decía, no alcancé a responder en varias oportunidades.","Revisar lo del tiempo de las evaluaciones y webinar para todos los módulos."
66,"Muy Satisfecho",Sí,Sí,Sí,"Más de lo esperado","2-3 horas","Los conozco y me son familiares, pero no los manejo en profundidad.","3 (Bueno)","3 (Bueno)","3 (Bueno)","4 (Muy bueno)","4 (Muy bueno)","4 (Muy bueno)","3 (Bueno)","3 (Bueno)","3 (Bueno)","4 (Muy bueno)","3 (Bueno)","3 (Bueno)","3 (Bueno)","3 (Bueno)","3 (Bueno)",Alto,"Se valora los contenidos, los términos técnicos.","El tiempo es un valor muy importante no es lo suficiente.","si tuviera la posibilidad de ir presencial lo haría."
67,"Muy Insatisfecho",Sí,Sí,Sí,"Lo esperado","4-6 horas","Los conozco y me son familiares, pero no los manejo en profundidad.","3 (Bueno)","3 (Bueno)","3 (Bueno)","4 (Muy bueno)","4 (Muy bueno)","3 (Bueno)","3 (Bueno)","3 (Bueno)","3 (Bueno)","4 (Muy bueno)","3 (Bueno)","4 (Muy bueno)","4 (Muy bueno)","4 (Muy bueno)","3 (Bueno)",Alto,"lo aprendido, me gustó aprender a desarrollar un informe de gestión.","la verdad es que todo me gustó","Sugerencias,"
68,Satisfecho,Sí,Sí,Sí,"Lo esperado","Más de 8 horas","No los conocía; no había escuchado de estos.","3 (Bueno)","3 (Bueno)","3 (Bueno)","3 (Bueno)","3 (Bueno)","1 (Muy malo)","3 (Bueno)","3 (Bueno)","3 (Bueno)","3 (Bueno)","3 (Bueno)","3 (Bueno)","2 (Malo)","3 (Bueno)","1 (Muy malo)",Alto,"QUE HE APRENDIDO TECNICAS NUEVAS","QUE NO TUVE AYUDA","ANTES DE COMENZAR DEBEN DAR UN WEBINAR COMO HACERLO NO EN LA MITAD DEL CURSO, Y TENER INFORMACION CRUZADA PARA NO COMENTER ERRORES Y MANDAR MAIL QUE NO CORRESPONDEN. LOS FOROS SOLO QUITAN TIEMPO QUE ES LO QUE MENOS TENEMOS AHORA. ESTOS CURSOS DEBEN SER DE MARZO A DICIEMBRE. NO DEJAR EN DICIEMBRE 7 CURSOS PARA RENDIR."
69,"Muy Satisfecho",Sí,Sí,Sí,"Mucho más de lo esperado","4-6 horas","He escuchado de los contenidos, pero no los conocía.","3 (Bueno)","4 (Muy bueno)","4 (Muy bueno)","4 (Muy bueno)","3 (Bueno)","3 (Bueno)","3 (Bueno)","3 (Bueno)","4 (Muy bueno)","4 (Muy bueno)","3 (Bueno)","3 (Bueno)","3 (Bueno)","3 (Bueno)","3 (Bueno)",Alto,"Poder tener las instancias de webinar para lograr despejar dudas con los tutores y que los tutores puedan retroalimentar el trabajo realizado.","Los constantes problemas con la página, esto hizo perder tiempo valioso para lograr avanzar.","Poder tener todo bien programado en la plataforma para no encontrarnos con problemas, además sería bueno poder calificar los trabajos realizados en los foros"
70,Satisfecho,Sí,Sí,Sí,"Lo esperado","Más de 8 horas","Los conozco y me son familiares, pero no los manejo en profundidad.","3 (Bueno)","3 (Bueno)","3 (Bueno)","2 (Malo)","2 (Malo)","3 (Bueno)","3 (Bueno)","3 (Bueno)","3 (Bueno)","3 (Bueno)","3 (Bueno)","3 (Bueno)","3 (Bueno)","3 (Bueno)","3 (Bueno)",Alto,"Los aprendizajes adquiridos.","La platafroma.","Conocer mejor la plataforma antes de iniciar el curso."
71,Satisfecho,Sí,No,Sí,"Lo esperado","2-3 horas","Los conozco y me son familiares, pero no los manejo en profundidad.","4 (Muy bueno)","3 (Bueno)","3 (Bueno)","3 (Bueno)","2 (Malo)","2 (Malo)","3 (Bueno)","3 (Bueno)","3 (Bueno)","3 (Bueno)","3 (Bueno)","3 (Bueno)","3 (Bueno)","3 (Bueno)","2 (Malo)",Bajo,"la retroalimentación de los contenidos técnicos de una biblioteca CRA","no me gusto el exceso de actividades en el formato de los foros","como sugerencia, es posible considerar  menos actividades que impliquen archivos adjuntos, además de reducir el número de tareas"
72,Satisfecho,Sí,Sí,Sí,"Mucho más de lo esperado","2-3 horas","Los conozco y me son familiares, pero no los manejo en profundidad.","3 (Bueno)","4 (Muy bueno)","3 (Bueno)","3 (Bueno)","3 (Bueno)","3 (Bueno)","3 (Bueno)","3 (Bueno)","3 (Bueno)","4 (Muy bueno)","4 (Muy bueno)","3 (Bueno)","3 (Bueno)","3 (Bueno)","3 (Bueno)","Muy alto","EL PODER ESTAR MÁS ACTUALIZADA EN MI TRABAJO CON LA AYUDA DE ESTE CURSO.","MUY POCA DISPONIBILIDAD DE TIEMPO PARA  REALIZAR LO  POR EL TRABAJO .","IGUAL ME GUSTARÍA QUE EN UN FUTURO LOS CURSOS NO SEAN TANTA LECTURA EN LOS MÓDULOS SOBRE TODO CUANDO SE ESTA REALIZANDO TRES CURSOS ALA VEZ"
73,"Muy Satisfecho",Sí,Sí,Sí,"Mucho más de lo esperado","Más de 8 horas","He escuchado de los contenidos, pero no los conocía.","4 (Muy bueno)","4 (Muy bueno)","4 (Muy bueno)","4 (Muy bueno)","3 (Bueno)","4 (Muy bueno)","4 (Muy bueno)","4 (Muy bueno)","4 (Muy bueno)","4 (Muy bueno)","4 (Muy bueno)","4 (Muy bueno)","4 (Muy bueno)","4 (Muy bueno)","4 (Muy bueno)","Muy alto","Las herramientas de gestión que me han entregado. Sobre todo en la dimensión pedagógica y administrativa.","Me ha gustado todo.","Tener apoyo online. Alguna plataforma donde puedas chatear cuando tienes dudas."
74,"Muy Satisfecho",Sí,Sí,Sí,"Mucho más de lo esperado","Más de 8 horas","Los conozco y me son familiares, pero no los manejo en profundidad.","4 (Muy bueno)","4 (Muy bueno)","4 (Muy bueno)","4 (Muy bueno)","3 (Bueno)","3 (Bueno)","4 (Muy bueno)","4 (Muy bueno)","4 (Muy bueno)","4 (Muy bueno)","4 (Muy bueno)","4 (Muy bueno)","4 (Muy bueno)","4 (Muy bueno)","3 (Bueno)",Alto,"que pude comprender técnicas nuevas que me ayudarán a realizar nuevas actividades y registros dentro de la institución en cuanto a la biblioteca","que al principio tuve problemas con el tema del foro","yo encuentro que en cuanto a las actividades e información esta todo bien"
