﻿"Respuesta número","En general, ¿cuál es su nivel de satisfacción con el curso que acaba de terminar?","¿Recomendaría este curso a otro encargado de biblioteca?                       ","¿Volvería a realizar un curso de estas mismas características?          ","¿Eran coherentes las actividades de aprendizaje propuestas para el curso?","Según la percepción de su proceso de aprendizaje y las características de este curso, ¿cuánto considera que aprendió?","¿Cuántas horas cronológicas semanales dedicó a este curso?","¿Qué tan familiares son para usted los contenidos tratados en el curso?","Claridad de los contenidos del curso (temas, definiciones, términos conceptuales, etc.).","Contextualización de los contenidos a su realidad laboral.","La progresión de la secuencia de aprendizaje para ir tratando los contenidos del curso.","Claridad del diseño gráfico de las pantallas de la plataforma.","Facilidad de navegación en la plataforma.","El funcionamiento de la mesa de ayuda para estudiantes (mediante contacto por correo electrónico).","Claridad de las actividades de aprendizaje propuestas.","Consistencia de las actividades de aprendizaje propuestas con los aprendizajes del curso.","Coherencia de las actividades de aprendizaje propuestas.","Cantidad de información aportada por el curso.","Profundidad en el tratamiento de los aprendizajes esperados.","Claridad de las instrucciones de las actividades.","Claridad de las instrucciones y preguntas en las evaluaciones.","Calidad de las orientaciones para retroalimentar las actividades y evaluaciones.","El apoyo del tutor para responder preguntas en el foro.","¿Cómo evaluaría el nivel de transferencia de los aprendizajes a su contexto laboral?","¿Qué es lo que más valora del curso que acaba de terminar?              ","¿Qué es lo que menos le gustó del curso que acaba de terminar?          ","¿Qué sugerencias haría para mejorar el curso en el futuro?"
1,"Muy Satisfecho",Sí,No,Sí,"Lo esperado","2-3 horas","Los conozco y me son familiares, pero no los manejo en profundidad.","3 (Bueno)","3 (Bueno)","4 (Muy bueno)","4 (Muy bueno)","3 (Bueno)","3 (Bueno)","3 (Bueno)","3 (Bueno)","3 (Bueno)","3 (Bueno)","3 (Bueno)","3 (Bueno)","2 (Malo)","3 (Bueno)","3 (Bueno)",Alto,"El tiempo y dedicación de los tutores, el material y videos","Que fuera on line, difícil de concentrarse y estar al 100% con las clases y actividades","Que fuese presencial para compartir con otros encargados y así dedicarse solo al curso, porque trabajando es demasiada la distracción"
2,Satisfecho,Sí,No,Sí,"Lo esperado","4-6 horas","He escuchado de los contenidos, pero no los conocía.","2 (Malo)","2 (Malo)","2 (Malo)","3 (Bueno)","3 (Bueno)","3 (Bueno)","3 (Bueno)","3 (Bueno)","3 (Bueno)","3 (Bueno)","2 (Malo)","3 (Bueno)","2 (Malo)","3 (Bueno)","3 (Bueno)",Bajo,"La oportunidad de perfeccionarme, pero debería ser mas acorde a la realidad de cada encargado.","La presión de los tiempos.","Dar mas tiempos y que se adecuen a la realidad de cada unidad educativa."
3,Satisfecho,Sí,Sí,Sí,"Menos de lo esperado","2-3 horas","Los conozco y me son familiares, pero no los manejo en profundidad.","3 (Bueno)","3 (Bueno)","3 (Bueno)","3 (Bueno)","3 (Bueno)","3 (Bueno)","2 (Malo)","2 (Malo)","3 (Bueno)","3 (Bueno)","3 (Bueno)","3 (Bueno)","2 (Malo)","3 (Bueno)","3 (Bueno)",Alto,"Valoro que gracias a este curso pude leer y estudiar más ,aprender términos que no manejaba , adquirir ciertos conocimientos , y ponerlos en practica para el buen funcionamiento de mi biblioteca..","La verdad no es que no me gustó , al contrario, lo encontré muy útil, y muy profesional, pero a mi realmente , me costó mucho , demasiados términos muy dificil , cómo enfocados a docentes que tienen la expertiz , y se manejan en los temas ...","Creo que podrian ser éste tipo cursos quizás más simple , me refiero a los temas , y las tareas que realmente fueron muy difíciles .. insisto a los qué trabajamos solos, y somos asistentes de la educación , me parece que se nos hizo muy dificil el curso"
4,Satisfecho,Sí,Sí,Sí,"Más de lo esperado","6-8 horas","Los conozco y me son familiares, pero no los manejo en profundidad.","3 (Bueno)","3 (Bueno)","3 (Bueno)","3 (Bueno)","3 (Bueno)","3 (Bueno)","3 (Bueno)","3 (Bueno)","3 (Bueno)","3 (Bueno)","3 (Bueno)","3 (Bueno)","4 (Muy bueno)","3 (Bueno)","3 (Bueno)",Alto,"QUE YO COMO ENCARGADO CRA SIENTO QUE NO SE VALORA EL TRABAJO QUE REALIZAMOS, SIN EMBARGO ES UN SERVICIO QUE COMPETE A TODA LA COMUNIDAD EDUCATIVA Y ENTORNO DEL ESTABLECIMIENTO.","LO QUE MENOS ME GUSTO FUE EL SISTEMA DE FORO. ME HUBIESE GUSTADO QUE EL TUTOR NOS DIERA UN INDICIO DE TEMA EN EL FORO O COMO RESPONDER.","QUE SE DICTARA EN OTRO TIEMPO CON MENOS CARGA LABORAL."
5,"Muy Satisfecho",Sí,Sí,Sí,"Mucho más de lo esperado","Más de 8 horas","Los conozco y me son familiares, pero no los manejo en profundidad.","4 (Muy bueno)","4 (Muy bueno)","4 (Muy bueno)","4 (Muy bueno)","4 (Muy bueno)","3 (Bueno)","4 (Muy bueno)","4 (Muy bueno)","4 (Muy bueno)","4 (Muy bueno)","4 (Muy bueno)","3 (Bueno)","4 (Muy bueno)","4 (Muy bueno)","3 (Bueno)",Alto,"Los saberes adquiridos, me sirven de mucho. Los","Los tiempos me complican por mi trabajo, en un momento me sentí muy agobiada.","Mejorar las inducciones antes de hacer los cursos, porque no tenía idea de cómo empezar por mucho desconocimieto, y no era tan complicado."
6,Satisfecho,Sí,Sí,Sí,"Más de lo esperado","6-8 horas","Los conozco y me son familiares, pero no los manejo en profundidad.","4 (Muy bueno)","3 (Bueno)","4 (Muy bueno)","4 (Muy bueno)","4 (Muy bueno)","4 (Muy bueno)","4 (Muy bueno)","4 (Muy bueno)","4 (Muy bueno)","4 (Muy bueno)","4 (Muy bueno)","4 (Muy bueno)","4 (Muy bueno)","4 (Muy bueno)","3 (Bueno)",Alto,"La claridad de la información entregada en éste modulo fue enriquecedor.","dificultades para le ejecución de actividades","Actividades más reducidas y enfocadas solamente al usuario que ejecuta el curso"
7,Satisfecho,Sí,Sí,Sí,"Más de lo esperado","4-6 horas","Los conozco y me son familiares, pero no los manejo en profundidad.","3 (Bueno)","3 (Bueno)","3 (Bueno)","3 (Bueno)","3 (Bueno)","3 (Bueno)","3 (Bueno)","3 (Bueno)","3 (Bueno)","3 (Bueno)","3 (Bueno)","3 (Bueno)","3 (Bueno)","3 (Bueno)","3 (Bueno)","Muy alto","Me ayuda a contextualizar la labor de la biblioteca",Nada.,"Dar mayores ejemplos de ciertas situaciones"
8,"Muy Satisfecho",Sí,Sí,Sí,"Más de lo esperado","6-8 horas","Los conozco y me son familiares, pero no los manejo en profundidad.","4 (Muy bueno)","4 (Muy bueno)","4 (Muy bueno)","4 (Muy bueno)","4 (Muy bueno)","4 (Muy bueno)","4 (Muy bueno)","4 (Muy bueno)","4 (Muy bueno)","4 (Muy bueno)","4 (Muy bueno)","4 (Muy bueno)","4 (Muy bueno)","4 (Muy bueno)","4 (Muy bueno)","Muy alto","La calidad de la información, lo amigable de la plataforma y la excelencia en las &quot;Tutoras&quot;","La fecha en que se realizan los cursos, no es la adecuada.","Debería ser un curso, a la vez."
9,Satisfecho,Sí,Sí,Sí,"Lo esperado","6-8 horas","He escuchado de los contenidos, pero no los conocía.","3 (Bueno)","3 (Bueno)","3 (Bueno)","3 (Bueno)","3 (Bueno)","3 (Bueno)","3 (Bueno)","3 (Bueno)","3 (Bueno)","3 (Bueno)","3 (Bueno)","3 (Bueno)","3 (Bueno)","3 (Bueno)","3 (Bueno)",Bajo,"Que persona fue muy clara en explicar.","Los problemas de la plataforma por que igual en el curso B no pude hacer una evaluación se cerro y no hubo caso de poder contestar.","Que hay cursos que son como exclusivo para la coordinadora por lo tanto para uno que es encargada nos cuesta hacer el trabajo porque la jefa de UPT o coordinadora no tienen mucho tiempo como para ayudarnos.
También que la fecha de termino sea mucha mas amplia cuando el curso es muy elevado.
Sugiero que los cursos deben ser por ejemplo uno cada mes según el nivel y no dos o tres como nos fueron enviados por que al final uno se estresa mucho debido a que tenemos que trabajar los tres cursos a la vez."
10,Satisfecho,Sí,Sí,Sí,"Más de lo esperado","6-8 horas","Los conozco y me son familiares, pero no los manejo en profundidad.","3 (Bueno)","3 (Bueno)","3 (Bueno)","3 (Bueno)","3 (Bueno)","3 (Bueno)","3 (Bueno)","3 (Bueno)","3 (Bueno)","3 (Bueno)","3 (Bueno)","3 (Bueno)","3 (Bueno)","3 (Bueno)","3 (Bueno)",Alto,"El  haber aprendido planificar de mejor manera el trabajo del biblioCRA","Lo que menos me gusto no haber podido realizar el trabajo de carta gamm por no tener conocimiento de esta para realizarla me fue muy difícil espero algún día llevarla acabo debido a que me cuesta manejar excel.","Mayor información de excel que es lo que más complica."
11,"Muy Satisfecho",Sí,Sí,Sí,"Mucho más de lo esperado","4-6 horas","Los conozco y me son familiares, pero no los manejo en profundidad.","4 (Muy bueno)","4 (Muy bueno)","4 (Muy bueno)","4 (Muy bueno)","4 (Muy bueno)","4 (Muy bueno)","4 (Muy bueno)","4 (Muy bueno)","4 (Muy bueno)","4 (Muy bueno)","4 (Muy bueno)","4 (Muy bueno)","4 (Muy bueno)","4 (Muy bueno)","4 (Muy bueno)","Muy alto",.,.,.
12,"Muy Satisfecho",Sí,Sí,Sí,"Más de lo esperado","Más de 8 horas","Los conozco y me son familiares, pero no los manejo en profundidad.","4 (Muy bueno)","2 (Malo)","3 (Bueno)","3 (Bueno)","3 (Bueno)","2 (Malo)","3 (Bueno)","3 (Bueno)","3 (Bueno)","3 (Bueno)","3 (Bueno)","3 (Bueno)","3 (Bueno)","3 (Bueno)","2 (Malo)",Alto,"La claridad de sus contenidos","El apoyo del tutor","que se realicefn en los meses de marzo, abril y mayo"
13,Satisfecho,Sí,Sí,Sí,"Lo esperado","Más de 8 horas","Los conozco y los manejo con profundidad.","4 (Muy bueno)","3 (Bueno)","3 (Bueno)","3 (Bueno)","3 (Bueno)","3 (Bueno)","3 (Bueno)","3 (Bueno)","3 (Bueno)","3 (Bueno)","3 (Bueno)","3 (Bueno)","3 (Bueno)","3 (Bueno)","3 (Bueno)","Muy alto","las herramientas entregadas son un aporte en el quehacer diario en biblioteca","muy extensos los módulos, muchos ejercicios","que no posean tantos ejercicios"
14,"Muy Satisfecho",Sí,Sí,Sí,"Mucho más de lo esperado","6-8 horas","Los conozco y los manejo con profundidad.","4 (Muy bueno)","4 (Muy bueno)","4 (Muy bueno)","4 (Muy bueno)","3 (Bueno)","4 (Muy bueno)","4 (Muy bueno)","4 (Muy bueno)","4 (Muy bueno)","4 (Muy bueno)","4 (Muy bueno)","4 (Muy bueno)","3 (Bueno)","4 (Muy bueno)","4 (Muy bueno)","Muy alto","Que todos los módulos están orientados a la realidad de las CRA","Los webinear , ya que los y las estudiantes que se conectan e intervienen con situaciones o problemáticas que no corresponden al curso en cuestión desenfocándose y alargando la clase porque el tutor amablemente trata de contestar igualmente sus dudas.","Sin webinear, quizás podrían ser videos explicativos"
15,Satisfecho,Sí,Sí,Sí,"Mucho más de lo esperado","4-6 horas","Los conozco y me son familiares, pero no los manejo en profundidad.","3 (Bueno)","3 (Bueno)","3 (Bueno)","3 (Bueno)","3 (Bueno)","3 (Bueno)","3 (Bueno)","3 (Bueno)","3 (Bueno)","3 (Bueno)","3 (Bueno)","3 (Bueno)","3 (Bueno)","3 (Bueno)","3 (Bueno)",Alto,"que siempre estan para apoyarnos en las dudas","que era demasiada lectura","que podrian ser mas mezclados con videos explicativos"
16,"Muy Satisfecho",Sí,Sí,Sí,"Mucho más de lo esperado","Más de 8 horas","Los conozco y me son familiares, pero no los manejo en profundidad.","4 (Muy bueno)","3 (Bueno)","4 (Muy bueno)","4 (Muy bueno)","4 (Muy bueno)","4 (Muy bueno)","4 (Muy bueno)","3 (Bueno)","3 (Bueno)","4 (Muy bueno)","4 (Muy bueno)","4 (Muy bueno)","3 (Bueno)","3 (Bueno)","3 (Bueno)",Alto,"Valoro toda la información recibida,","Me gustó todo","Sugiero que sigan así, lo están haciendo  muy bién"
17,Satisfecho,Sí,Sí,Sí,"Lo esperado","6-8 horas","Los conozco y me son familiares, pero no los manejo en profundidad.","4 (Muy bueno)","3 (Bueno)","3 (Bueno)","3 (Bueno)","3 (Bueno)","3 (Bueno)","3 (Bueno)","3 (Bueno)","3 (Bueno)","3 (Bueno)","3 (Bueno)","3 (Bueno)","3 (Bueno)","3 (Bueno)","3 (Bueno)",Alto,"LAS CLASES WEBINAR YA QUE EXPLICAN CON EJEMPLOS Y ES MAS FACIL DE REALIZAR LAS ACTIVIDADES.","LO MENOS QUE ME GUSTO FUE MAS QUE NADA LA PLATAFORMA.","QUE NO DEN TODOS LOS CURSOS JUNTOS"
18,Satisfecho,Sí,Sí,Sí,"Más de lo esperado","Más de 8 horas","Los conozco y me son familiares, pero no los manejo en profundidad.","3 (Bueno)","4 (Muy bueno)","4 (Muy bueno)","3 (Bueno)","3 (Bueno)","4 (Muy bueno)","3 (Bueno)","3 (Bueno)","3 (Bueno)","4 (Muy bueno)","3 (Bueno)","3 (Bueno)","3 (Bueno)","3 (Bueno)","3 (Bueno)",Alto,"Aprendí sobre los informes de gestión para poder llevar un orden y tener claridad de todo lo que conlleva el Cra","Quizás que es mucho contenido para el tiempo del curso, ya que por trabajo me dificultaba realizarlo.","Podrían ir apareciendo ticket o marcar de un color notorio cuando avance en las actividades de cada modulo."
19,Satisfecho,Sí,Sí,Sí,"Más de lo esperado","Más de 8 horas","He escuchado de los contenidos, pero no los conocía.","3 (Bueno)","3 (Bueno)","3 (Bueno)","3 (Bueno)","3 (Bueno)","3 (Bueno)","3 (Bueno)","3 (Bueno)","3 (Bueno)","3 (Bueno)","3 (Bueno)","3 (Bueno)","3 (Bueno)","2 (Malo)","2 (Malo)",Alto,"Lo que más rescato es que me di cuenta que en mi colegio, la biblioteca no es importante, pero eso cambiara porque el próximo año pondré en práctica todo lo aprendido.","No es que no me haya gustado, pero realizar tantos cursos juntos, igual se hace pesado, pero agradezco enormemente todo lo aprendido. Aún me quedan dos cursos que los espero con muchas ganas.","Me gustaría que los cursos se fueran realizando más lento,  o sea que tuviésemos más tiempo y así las personas que tengan varios cursos que realizar no se atormenten tanto, lo mejor es que he aprendido muchísimo , estoy contenta porque el nuevo Jefe de UTP se ha dado cuenta de la importancia que tiene la biblioteca y ya estamos haciendo un plan de trabajo para el próximo año y conversé con la directora para que la biblioteca sea tomada en cuenta en el PME del establecimiento."
20,"Muy Satisfecho",Sí,Sí,Sí,"Mucho más de lo esperado","6-8 horas","He escuchado de los contenidos, pero no los conocía.","4 (Muy bueno)","4 (Muy bueno)","4 (Muy bueno)","4 (Muy bueno)","4 (Muy bueno)","4 (Muy bueno)","4 (Muy bueno)","4 (Muy bueno)","4 (Muy bueno)","4 (Muy bueno)","4 (Muy bueno)","4 (Muy bueno)","3 (Bueno)","4 (Muy bueno)","4 (Muy bueno)",Alto,"La disposición de las y los tutores del curso, y las ideas que saqué de ellos y de los foros","En general muy completo el curso","Muy satisfecho con el curso."
21,"Muy Satisfecho",Sí,Sí,Sí,"Más de lo esperado","4-6 horas","Los conozco y me son familiares, pero no los manejo en profundidad.","4 (Muy bueno)","4 (Muy bueno)","4 (Muy bueno)","4 (Muy bueno)","3 (Bueno)","3 (Bueno)","4 (Muy bueno)","4 (Muy bueno)","4 (Muy bueno)","4 (Muy bueno)","4 (Muy bueno)","4 (Muy bueno)","4 (Muy bueno)","4 (Muy bueno)","4 (Muy bueno)",Alto,"Contenidos muy claros.","Las actividades a desarrollar.","Tener más tiempo paran realizarlo."
22,Satisfecho,Sí,No,No,"Más de lo esperado","6-8 horas","He escuchado de los contenidos, pero no los conocía.","3 (Bueno)","4 (Muy bueno)","4 (Muy bueno)","4 (Muy bueno)","4 (Muy bueno)","4 (Muy bueno)","4 (Muy bueno)","4 (Muy bueno)","4 (Muy bueno)","4 (Muy bueno)","4 (Muy bueno)","4 (Muy bueno)","4 (Muy bueno)","4 (Muy bueno)","4 (Muy bueno)","Muy alto","Los contenidos son de mucho interés","el acompañamiento de los tutores,
ya que no nos pueden orientar cuando una persona tiene dudas sobre los contenidos.","Los foros considero que no aportan en nada las actividades que tienen que subir los alumnos, considero que uno aprende mas leyendo que con vídeos interactivos."
23,Satisfecho,Sí,Sí,Sí,"Lo esperado","4-6 horas","He escuchado de los contenidos, pero no los conocía.","3 (Bueno)","3 (Bueno)","3 (Bueno)","3 (Bueno)","3 (Bueno)","3 (Bueno)","3 (Bueno)","3 (Bueno)","3 (Bueno)","4 (Muy bueno)","3 (Bueno)","3 (Bueno)","3 (Bueno)","3 (Bueno)","3 (Bueno)",Alto,"Cada curso se valora y se tromara en cuenta en la labor que se realiza en el CRA","Que en realidad son bastantes las tareas a realizar y bueno el tiempo en que comenzaron los cursos no nos acompaña mucho ya que tenemos diversas tareas en trabajo.","Solo que los cursos se  realizaran  solo 1 o 2 por  semestre. que no se junten tantos a la ves.
Igual agradecida por la oportunidad que nos ofrecen"
24,Satisfecho,Sí,Sí,Sí,"Más de lo esperado","6-8 horas","He escuchado de los contenidos, pero no los conocía.","3 (Bueno)","3 (Bueno)","3 (Bueno)","2 (Malo)","1 (Muy malo)","2 (Malo)","3 (Bueno)","3 (Bueno)","3 (Bueno)","4 (Muy bueno)","4 (Muy bueno)","3 (Bueno)","3 (Bueno)","3 (Bueno)","3 (Bueno)",Alto,"Valoro todo lo aprendido,para mi hay muchas cosas nuevas que me gustaría poner en practica","la plataforma","Otra plataforma y especificar bien los cursos que a una le tocan.
En lo personal tengo 7 cursos y cuando me voy a mis cursos me salen 3(H-B-E"
25,Satisfecho,Sí,Sí,Sí,"Más de lo esperado","Más de 8 horas","Los conozco y me son familiares, pero no los manejo en profundidad.","3 (Bueno)","3 (Bueno)","3 (Bueno)","3 (Bueno)","3 (Bueno)","3 (Bueno)","3 (Bueno)","3 (Bueno)","3 (Bueno)","3 (Bueno)","3 (Bueno)","3 (Bueno)","3 (Bueno)","3 (Bueno)","3 (Bueno)",Alto,"Lo que valoro son los aprendizaje,  para cumplir mejor mi labor como encargada  de biblioteca","Lo que meno me gusto fue las fecha que se distaron los curso y fueron 3 cursos que tuve que realizar.","mi sugerencia serian presenciales los cursos."
26,Satisfecho,Sí,No,Sí,"Más de lo esperado","Más de 8 horas","Los conozco y me son familiares, pero no los manejo en profundidad.","3 (Bueno)","3 (Bueno)","3 (Bueno)","3 (Bueno)","3 (Bueno)","2 (Malo)","3 (Bueno)","3 (Bueno)","3 (Bueno)","3 (Bueno)","3 (Bueno)","2 (Malo)","2 (Malo)","2 (Malo)","3 (Bueno)",Alto,"La tutora Daniela Casanova respondió mis consultas rápidamente y me sirvió mucho su ayuda.","Muchas actividades, somos adultos con poco tiempo disponible y se hace muy complicado responder tantas actividades ya que también tenemos mucho trabajo en nuestras bibliotecas.","Menos actividades."
27,Satisfecho,Sí,Sí,Sí,"Lo esperado","2-3 horas","Los conozco y me son familiares, pero no los manejo en profundidad.","3 (Bueno)","3 (Bueno)","3 (Bueno)","3 (Bueno)","3 (Bueno)","3 (Bueno)","3 (Bueno)","3 (Bueno)","3 (Bueno)","3 (Bueno)","3 (Bueno)","3 (Bueno)","3 (Bueno)","3 (Bueno)","3 (Bueno)","Muy alto","las actividades de aprendizajes","la poca comunicación con los tutores","que se tenga a tutor de los cursos como antes de manera presencial y mas activo a las consultas que se realizan"
28,Satisfecho,Sí,Sí,Sí,"Más de lo esperado","Más de 8 horas","No los conocía; no había escuchado de estos.","3 (Bueno)","3 (Bueno)","3 (Bueno)","3 (Bueno)","2 (Malo)","2 (Malo)","3 (Bueno)","3 (Bueno)","3 (Bueno)","3 (Bueno)","3 (Bueno)","3 (Bueno)","2 (Malo)","3 (Bueno)","3 (Bueno)",Alto,"El haber podido ordenar mis ideas y conocer la forma más apropiada del manejo de la biblioteca CRA","El sistema de avance y retroceso de las actividades, en algunas ocasiones avanzaba y me perdia otra actividad y debia volver, ahora no se por qué tengo un porcentaje bajo en las actividades del curso ?","las preguntas de las evaluaciones que no sean tan rebuscadas, la idea es entender y aprender,"
29,Insatisfecho,No,Sí,No,"Menos de lo esperado","2-3 horas","No los conocía; no había escuchado de estos.","3 (Bueno)","2 (Malo)","1 (Muy malo)","3 (Bueno)","1 (Muy malo)","1 (Muy malo)","2 (Malo)","2 (Malo)","2 (Malo)","2 (Malo)","1 (Muy malo)","1 (Muy malo)","3 (Bueno)","1 (Muy malo)","2 (Malo)","Muy bajo",nada,"no tiene coherencia la información otorgada en la plataforma con las actividades","que para realizar las actividades tengamos mas ejemplos didácticos y no solo que la realizarlos podamos ver a otros compañeros."
30,"Muy Satisfecho",Sí,Sí,Sí,"Más de lo esperado","2-3 horas","Los conozco y me son familiares, pero no los manejo en profundidad.","4 (Muy bueno)","4 (Muy bueno)","4 (Muy bueno)","3 (Bueno)","3 (Bueno)","4 (Muy bueno)","4 (Muy bueno)","4 (Muy bueno)","4 (Muy bueno)","4 (Muy bueno)","4 (Muy bueno)","4 (Muy bueno)","4 (Muy bueno)","4 (Muy bueno)","4 (Muy bueno)",Alto,"Que he aprendido mucho","pensaba que sería más didáctico","no enviar todos los cursos de una vez"
31,Satisfecho,Sí,Sí,Sí,"Lo esperado","4-6 horas","Los conozco y me son familiares, pero no los manejo en profundidad.","3 (Bueno)","3 (Bueno)","3 (Bueno)","3 (Bueno)","3 (Bueno)","3 (Bueno)","3 (Bueno)","3 (Bueno)","3 (Bueno)","3 (Bueno)","3 (Bueno)","3 (Bueno)","3 (Bueno)","3 (Bueno)","3 (Bueno)","Muy alto","LA RETROALIMENTACION ENTRE COMPAÑEROS","MUCHAS ACTIVIDADES MUY LARGAS","VIDEOS MAS CLAROS"
32,Satisfecho,Sí,Sí,Sí,"Más de lo esperado","4-6 horas","Los conozco y me son familiares, pero no los manejo en profundidad.","3 (Bueno)","3 (Bueno)","3 (Bueno)","4 (Muy bueno)","4 (Muy bueno)","4 (Muy bueno)","2 (Malo)","3 (Bueno)","3 (Bueno)","3 (Bueno)","3 (Bueno)","2 (Malo)","3 (Bueno)","3 (Bueno)","3 (Bueno)","Muy alto","Valoro los contenidos presentados, la comunicacón (recoradtorios , correos).","las actividades de desarrollo muy extensas.","Utilizar otro tipo de estrategias en tareas, tener que participar en foros comentando en taxtos tan extensos es dificutoso por algo de tiempo."
33,"Muy Insatisfecho",Sí,Sí,Sí,"Lo esperado","4-6 horas","He escuchado de los contenidos, pero no los conocía.","4 (Muy bueno)","4 (Muy bueno)","4 (Muy bueno)","4 (Muy bueno)","4 (Muy bueno)","4 (Muy bueno)","4 (Muy bueno)","4 (Muy bueno)","4 (Muy bueno)","4 (Muy bueno)","4 (Muy bueno)","4 (Muy bueno)","4 (Muy bueno)","4 (Muy bueno)","4 (Muy bueno)","Muy alto","la informacion de faccil acceso","que tuve fallas con la pagina","que ojala la pagina no tuviera fallas"
34,"Muy Satisfecho",Sí,Sí,Sí,"Mucho más de lo esperado","6-8 horas","Los conozco y me son familiares, pero no los manejo en profundidad.","4 (Muy bueno)","4 (Muy bueno)","4 (Muy bueno)","4 (Muy bueno)","4 (Muy bueno)","4 (Muy bueno)","4 (Muy bueno)","4 (Muy bueno)","4 (Muy bueno)","4 (Muy bueno)","4 (Muy bueno)","4 (Muy bueno)","4 (Muy bueno)","4 (Muy bueno)","4 (Muy bueno)","Muy alto","La información y las competencias que me mostraron para mejorar mi gestión en el centro de lectura y biblioteca escolar CRA.","Las herramientas que me permitirán ejercer un liderazgo eficaz.","Ninguna. Está excelente. Espero que quede en la plataforma para poder acudir a ella cada vez que necesite usar el material."
35,Insatisfecho,Sí,No,Sí,"Lo esperado","6-8 horas","He escuchado de los contenidos, pero no los conocía.","3 (Bueno)","2 (Malo)","3 (Bueno)","3 (Bueno)","3 (Bueno)","3 (Bueno)","3 (Bueno)","2 (Malo)","3 (Bueno)","3 (Bueno)","3 (Bueno)","3 (Bueno)","3 (Bueno)","3 (Bueno)","3 (Bueno)",Bajo,"Me dedique a desarrollar las evaluaciones.","No realice las actividades porque se me junto con el curso G y sabia que no alcanzaría a realizar las actividades de estos dos cursos. solo me dedique a responder las evaluaciones","Se necesitan más tiempos y no juntar dos y tres cursos juntos."
36,Satisfecho,Sí,Sí,Sí,"Lo esperado","2-3 horas","Los conozco y me son familiares, pero no los manejo en profundidad.","3 (Bueno)","3 (Bueno)","3 (Bueno)","2 (Malo)","1 (Muy malo)","3 (Bueno)","3 (Bueno)","3 (Bueno)","3 (Bueno)","3 (Bueno)","3 (Bueno)","3 (Bueno)","3 (Bueno)","3 (Bueno)","3 (Bueno)","Muy alto","Aprender y entender todo sobre el funcionamiento de la biblioteca","Nada malo que decir","Que diga dónde quedaste y tus avances"
37,Satisfecho,Sí,Sí,Sí,"Lo esperado","2-3 horas","He escuchado de los contenidos, pero no los conocía.","3 (Bueno)","3 (Bueno)","3 (Bueno)","3 (Bueno)","3 (Bueno)","3 (Bueno)","3 (Bueno)","3 (Bueno)","3 (Bueno)","3 (Bueno)","3 (Bueno)","3 (Bueno)","3 (Bueno)","3 (Bueno)","3 (Bueno)",Alto,"Pude aprender muchas practicas para aplicarlas en la biblioteca cra.","La parte curricular","Que los cursos se dictaran a comienzo de año."
38,"Muy Satisfecho",Sí,Sí,Sí,"Más de lo esperado","Más de 8 horas","Los conozco y me son familiares, pero no los manejo en profundidad.","4 (Muy bueno)","4 (Muy bueno)","4 (Muy bueno)","4 (Muy bueno)","4 (Muy bueno)","4 (Muy bueno)","4 (Muy bueno)","4 (Muy bueno)","4 (Muy bueno)","4 (Muy bueno)","4 (Muy bueno)","4 (Muy bueno)","4 (Muy bueno)","4 (Muy bueno)","4 (Muy bueno)",Alto,"Los aprendizajes logrados y la constante   preocupación de los tutores para aclarar nuestras dudas.","Tal vez muchos trabajos considerando que estamos a fin de año y con cierre de año escolar.","En lo personal no cambiaría nada, este curso me encantó."
39,"Muy Satisfecho",Sí,Sí,Sí,"Más de lo esperado","4-6 horas","He escuchado de los contenidos, pero no los conocía.","3 (Bueno)","3 (Bueno)","3 (Bueno)","4 (Muy bueno)","3 (Bueno)","4 (Muy bueno)","3 (Bueno)","3 (Bueno)","3 (Bueno)","4 (Muy bueno)","3 (Bueno)","3 (Bueno)","3 (Bueno)","4 (Muy bueno)","4 (Muy bueno)",Bajo,"los contenidos vistos, el aprendizaje logrado, para poder llevar a cabo un buen liderazgo.","todo me gusto, para mi una linda y enriquecedora experiencia.","poder realizar 1 curso a la vez, solo eso, ya que con tanto trabajo se hace mas dificil."
40,Satisfecho,Sí,No,Sí,"Más de lo esperado","4-6 horas","Los conozco y me son familiares, pero no los manejo en profundidad.","3 (Bueno)","2 (Malo)","3 (Bueno)","4 (Muy bueno)","3 (Bueno)","3 (Bueno)","3 (Bueno)","4 (Muy bueno)","3 (Bueno)","4 (Muy bueno)","3 (Bueno)","3 (Bueno)","3 (Bueno)","2 (Malo)","2 (Malo)",Alto,"Todo los aprendido.","Diferente ítems que no pude comprender con facilidad.","Mas comunicación con los tutores en momentos en los que se necesita para la comprensión."
41,Satisfecho,Sí,Sí,Sí,"Lo esperado","2-3 horas","Los conozco y me son familiares, pero no los manejo en profundidad.","3 (Bueno)","3 (Bueno)","3 (Bueno)","3 (Bueno)","3 (Bueno)","3 (Bueno)","2 (Malo)","3 (Bueno)","3 (Bueno)","3 (Bueno)","3 (Bueno)","2 (Malo)","3 (Bueno)","3 (Bueno)","3 (Bueno)",Alto,"Que da a conocer documentos esenciales para la organización y planificación de actividades en el CRA.","Los archivos (documentos que se tenían que llenar con información, son muy enredados. A modo e sugerencia se podría dejar un video explicativo para la realización de este tipo de actividades ya que llenar documentos resulta tedioso.","Utilizar mas videos con información y explicativos, menos documentos o pautas para llenar."
42,Satisfecho,Sí,Sí,Sí,"Lo esperado","2-3 horas","Los conozco y me son familiares, pero no los manejo en profundidad.","3 (Bueno)","3 (Bueno)","3 (Bueno)","3 (Bueno)","3 (Bueno)","3 (Bueno)","3 (Bueno)","3 (Bueno)","3 (Bueno)","3 (Bueno)","3 (Bueno)","3 (Bueno)","3 (Bueno)","3 (Bueno)","3 (Bueno)",Alto,todo,"todo me gusto","nada todo esta bien explicado"
43,Insatisfecho,No,No,No,"Menos de lo esperado","2-3 horas","He escuchado de los contenidos, pero no los conocía.","2 (Malo)","2 (Malo)","2 (Malo)","3 (Bueno)","3 (Bueno)","3 (Bueno)","2 (Malo)","2 (Malo)","2 (Malo)","2 (Malo)","2 (Malo)","3 (Bueno)","2 (Malo)","3 (Bueno)","3 (Bueno)","Muy bajo","No lo tengo definido todavía.","Muchas actividades.","Tener toda la materia en forma PDF."
44,"Muy Satisfecho",Sí,Sí,Sí,"Mucho más de lo esperado","Más de 8 horas","Los conozco y me son familiares, pero no los manejo en profundidad.","4 (Muy bueno)","4 (Muy bueno)","4 (Muy bueno)","4 (Muy bueno)","3 (Bueno)","4 (Muy bueno)","3 (Bueno)","4 (Muy bueno)","4 (Muy bueno)","4 (Muy bueno)","4 (Muy bueno)","3 (Bueno)","4 (Muy bueno)","4 (Muy bueno)","4 (Muy bueno)","Muy alto","La claridad para poder realizar un buen Plan de Trabajo para el Centro de Lectura y Biblioteca Escolar C.R.A.","Todo estuvo bien.","Todo bien."
45,Satisfecho,Sí,No,Sí,"Más de lo esperado","6-8 horas","Los conozco y me son familiares, pero no los manejo en profundidad.","3 (Bueno)","3 (Bueno)","3 (Bueno)","3 (Bueno)","3 (Bueno)","3 (Bueno)","3 (Bueno)","3 (Bueno)","3 (Bueno)","3 (Bueno)","3 (Bueno)","3 (Bueno)","3 (Bueno)","3 (Bueno)","3 (Bueno)",Alto,"valoro , el nivel de conocimientos entregados. es muy alto","lo que menos me gustó fue el poco tiempo que tuve para PROFUNDIZAR LOS CONOCIMIENTOS ENTREGADOS, 
Y EXTRAÑO LOS CURSOS PRESENCIALES.","DAR MAS TIEMPO PARA REALIZAR Y PROFUNDIZAR EN LAS TAREAS, PODER HABLAR CON LOS TUTORES ETC. CREO QUE YO NO ALCANCE A HABLAR PARA HACER PREGUINTAS O SALIR DE DUDAS, CON NINGUNO PRECISAMENTE POR LA FALTA DE  TIEMPO."
46,"Muy Satisfecho",Sí,Sí,Sí,"Más de lo esperado","Más de 8 horas","Los conozco y me son familiares, pero no los manejo en profundidad.","4 (Muy bueno)","3 (Bueno)","3 (Bueno)","4 (Muy bueno)","4 (Muy bueno)","4 (Muy bueno)","3 (Bueno)","3 (Bueno)","3 (Bueno)","4 (Muy bueno)","4 (Muy bueno)","4 (Muy bueno)","3 (Bueno)","4 (Muy bueno)","4 (Muy bueno)",Alto,"Nuevos aprendizajes","muy largo","mas talleres directos"
47,Satisfecho,Sí,Sí,Sí,"Lo esperado","2-3 horas","Los conozco y me son familiares, pero no los manejo en profundidad.","3 (Bueno)","2 (Malo)","3 (Bueno)","3 (Bueno)","3 (Bueno)","2 (Malo)","3 (Bueno)","3 (Bueno)","3 (Bueno)","3 (Bueno)","3 (Bueno)","2 (Malo)","2 (Malo)","3 (Bueno)","1 (Muy malo)","Muy alto","todo es importante .","la fecha muy poco tiempo pandemia.","mas información y presencial."
48,Satisfecho,Sí,Sí,Sí,"Lo esperado","6-8 horas","Los conozco y me son familiares, pero no los manejo en profundidad.","3 (Bueno)","3 (Bueno)","3 (Bueno)","3 (Bueno)","3 (Bueno)","3 (Bueno)","3 (Bueno)","3 (Bueno)","3 (Bueno)","3 (Bueno)","3 (Bueno)","3 (Bueno)","3 (Bueno)","3 (Bueno)","3 (Bueno)",Alto,"Adquirir conocimientos nuevos","un poco complejo","Hacer las preguntas mas claras y entendibles, porque algunas confunden"
49,"Muy Insatisfecho",Sí,Sí,Sí,"Mucho más de lo esperado","Más de 8 horas","No los conocía; no había escuchado de estos.","4 (Muy bueno)","4 (Muy bueno)","4 (Muy bueno)","4 (Muy bueno)","4 (Muy bueno)","3 (Bueno)","4 (Muy bueno)","4 (Muy bueno)","4 (Muy bueno)","4 (Muy bueno)","4 (Muy bueno)","4 (Muy bueno)","4 (Muy bueno)","4 (Muy bueno)","4 (Muy bueno)",Alto,"Conocer lo que realmente es mi función dentro del CRA PARA SER MAS VALORADA EN EL ESTABLECIMIENTO","La cantidad de horas entregada en el establecimiento para ejecutar ciertas actividades ya que se requerías mas de las 2 horas semanales era la nada misma siendo en este momento las 22:44 del presenté dia muchas mas hora en casa que del apoyo del colegio","Me encantaría que se diera presencial  ciertos temas ya que lluvia de ideas grupal dejara por siempre mejor enseñanza
            estoy realmente muy agradecida me parece que no envié un trabajo por que se me perdió en el computador pero lo intentare hacer ya que es para mi aprendizaje
   muchisiiiiiiiiiiiiiimas graciasssssssssss"
50,"Muy Insatisfecho",Sí,Sí,Sí,"Mucho más de lo esperado","Más de 8 horas","Los conozco y me son familiares, pero no los manejo en profundidad.","4 (Muy bueno)","4 (Muy bueno)","4 (Muy bueno)","3 (Bueno)","3 (Bueno)","4 (Muy bueno)","4 (Muy bueno)","4 (Muy bueno)","4 (Muy bueno)","4 (Muy bueno)","4 (Muy bueno)","3 (Bueno)","4 (Muy bueno)","4 (Muy bueno)","4 (Muy bueno)","Muy alto","Toda la información recibida ha sido de gran utilidad ya que está directamente relacionada con mi quehacer y me permitirá enfrentar de buena forma los nuevos desafíos que tengo como encargada CRA.","El poco tiempo que he tenido para desarrollarlo porque me asignaron tres cursos y esto me ha demandado muchas horas de trabajo en la plataforma. No renuncié a los cursos porque son muy interesantes y quiero empezar el año 2022 más preparada para enfrentar con éxito mi gestión.","-Que no se realicen los cursos al mismo tiempo y que me den la posibilidad de hacer los que me faltaron el año 2022. 
- Entregar ejemplos de las tareas a realizar en el foro porque a veces no estaban muy claras las instrucciones."
51,Satisfecho,Sí,Sí,Sí,"Más de lo esperado","6-8 horas","Los conozco y me son familiares, pero no los manejo en profundidad.","3 (Bueno)","3 (Bueno)","3 (Bueno)","4 (Muy bueno)","4 (Muy bueno)","4 (Muy bueno)","3 (Bueno)","3 (Bueno)","3 (Bueno)","3 (Bueno)","3 (Bueno)","3 (Bueno)","4 (Muy bueno)","3 (Bueno)","3 (Bueno)",Alto,"Lo mas valorable es que todo lo nuevo que aprendí me da energía para seguir en mi trabajo y me alienta a comprometerme a cumplir nuevas metas para el beneficio de mi comunidad educativa.","La profundidad de los temas requería mas tiempo del que pude dedicarle.","La información y actividades debieran  estar de acuerdo a los tiempos de duración de los cursos, para así poder cumplir al 100% ."
52,Satisfecho,Sí,No,Sí,"Más de lo esperado","2-3 horas","Los conozco y me son familiares, pero no los manejo en profundidad.","3 (Bueno)","3 (Bueno)","3 (Bueno)","3 (Bueno)","3 (Bueno)","3 (Bueno)","3 (Bueno)","3 (Bueno)","3 (Bueno)","3 (Bueno)","3 (Bueno)","3 (Bueno)","3 (Bueno)","3 (Bueno)","3 (Bueno)",Alto,"Los aprendizajes aprendidos","El orden y distribución de las actividades.","Ordenar las actividades de a 1 y no subirlas todas juntas."
53,Satisfecho,Sí,Sí,Sí,"Más de lo esperado","Más de 8 horas","Los conozco y me son familiares, pero no los manejo en profundidad.","3 (Bueno)","3 (Bueno)","3 (Bueno)","3 (Bueno)","3 (Bueno)","3 (Bueno)","3 (Bueno)","3 (Bueno)","3 (Bueno)","3 (Bueno)","3 (Bueno)","3 (Bueno)","3 (Bueno)","3 (Bueno)","3 (Bueno)",Alto,"Reafirma mi trabajo en la confección de un Plan de Trabajo.
y desarrollar la habilidad de comunicación.","Tener que justificar ante el director los proyectos de PME y PEI.","realizar estos cursos durante el primer semestre, ya que en el segundo semestre la recarga de trabajo es muy fuerte."
54,Satisfecho,Sí,No,Sí,"Más de lo esperado","2-3 horas","He escuchado de los contenidos, pero no los conocía.","3 (Bueno)","3 (Bueno)","3 (Bueno)","3 (Bueno)","3 (Bueno)","3 (Bueno)","3 (Bueno)","3 (Bueno)","3 (Bueno)","3 (Bueno)","3 (Bueno)","3 (Bueno)","3 (Bueno)","3 (Bueno)","3 (Bueno)",Alto,"toda la comunicación he información.","sin desconformidad.",Conforme.
55,"Muy Insatisfecho",Sí,Sí,Sí,"Mucho más de lo esperado","Más de 8 horas","Los conozco y me son familiares, pero no los manejo en profundidad.","4 (Muy bueno)","4 (Muy bueno)","4 (Muy bueno)","4 (Muy bueno)","4 (Muy bueno)","4 (Muy bueno)","4 (Muy bueno)","4 (Muy bueno)","4 (Muy bueno)","4 (Muy bueno)","4 (Muy bueno)","4 (Muy bueno)","4 (Muy bueno)","4 (Muy bueno)","4 (Muy bueno)","Muy alto","valoro que pude haber conocido mas sobre algunos términos como realizar bien un plan de trabajo, un informe de gestión,. etc","en realidad todo esta claro,para mi todo esta bien y con claridad","mas que sugerencias agradecer por esta oportunidad de realizar el curso"
56,"Muy Satisfecho",Sí,Sí,Sí,"Lo esperado","2-3 horas","No los conocía; no había escuchado de estos.","4 (Muy bueno)","4 (Muy bueno)","4 (Muy bueno)","4 (Muy bueno)","4 (Muy bueno)","4 (Muy bueno)","4 (Muy bueno)","4 (Muy bueno)","4 (Muy bueno)","4 (Muy bueno)","4 (Muy bueno)","4 (Muy bueno)","4 (Muy bueno)","4 (Muy bueno)","4 (Muy bueno)","Muy alto","lo que mas valoro son conceptos que no conocia y ahora me los pude aprender","los trabajos","mas tiempo de termino"
57,Satisfecho,Sí,Sí,Sí,"Lo esperado","4-6 horas","He escuchado de los contenidos, pero no los conocía.","3 (Bueno)","3 (Bueno)","3 (Bueno)","3 (Bueno)","3 (Bueno)","3 (Bueno)","3 (Bueno)","3 (Bueno)","3 (Bueno)","3 (Bueno)","3 (Bueno)","3 (Bueno)","3 (Bueno)","3 (Bueno)","3 (Bueno)",Alto,"Lo que mas se valora del curso es haber aprendido mas  sobre las bibliotecas escolares CRA ,conceptos y definiciones .","En si, el curso esta muy bueno ,lo único malo era en algunos  módulos mucha información y poco tiempo para realizar las actividades.","El curso como esta planteado es bueno, lo único que podría ser que fuese un poco menos de información."
58,"Muy Insatisfecho",Sí,Sí,Sí,"Mucho más de lo esperado","6-8 horas","Los conozco y me son familiares, pero no los manejo en profundidad.","3 (Bueno)","4 (Muy bueno)","3 (Bueno)","4 (Muy bueno)","4 (Muy bueno)","3 (Bueno)","4 (Muy bueno)","4 (Muy bueno)","4 (Muy bueno)","4 (Muy bueno)","4 (Muy bueno)","4 (Muy bueno)","4 (Muy bueno)","4 (Muy bueno)","3 (Bueno)","Muy alto","LEER EL PEI y PME HABERLO LEIDO Y  DARME CUENTA SON MUY IMPORTANTES  LEERLOS Y  ESTAR  AL  DIA CON  ESTOS PROYECTOS","EL TIEMPO",NINGUNA
59,"Muy Satisfecho",Sí,Sí,Sí,"Mucho más de lo esperado","6-8 horas","Los conozco y me son familiares, pero no los manejo en profundidad.","4 (Muy bueno)","3 (Bueno)","3 (Bueno)","3 (Bueno)","3 (Bueno)","3 (Bueno)","3 (Bueno)","3 (Bueno)","3 (Bueno)","3 (Bueno)","3 (Bueno)","4 (Muy bueno)","3 (Bueno)","3 (Bueno)","3 (Bueno)",Alto,"Muy buen curso.
Me gusto mucho poder conocer otras realidades, poder autoevaluarme a mi misma.","Lo mas incomodo fueron los meses en que lo he realizado, me costo mucho, porque a final de año, en el trabajo, hay mucho que hacer, y debí trabajar muchas horas en mi casa, y no era ese el compromiso.","Poder realizar cursos como estos pero en meses de Marzo a Agosto dentro del año, y con horarios de trabajo.  Lo cual a los directores no siempre les queda claro.
Igual muchas gracias."
60,"Muy Satisfecho",Sí,Sí,Sí,"Más de lo esperado","4-6 horas","No los conocía; no había escuchado de estos.","4 (Muy bueno)","4 (Muy bueno)","4 (Muy bueno)","4 (Muy bueno)","3 (Bueno)","4 (Muy bueno)","4 (Muy bueno)","4 (Muy bueno)","4 (Muy bueno)","4 (Muy bueno)","4 (Muy bueno)","4 (Muy bueno)","4 (Muy bueno)","3 (Bueno)","3 (Bueno)",Alto,"El poder tener la instancia de los webinar para aclarar dudas, lamentablemente siempre se hacía muy acotado el tiempo.","Que los trabajos realizados solo fueran retroalimentados y no considerados en la evaluación aunque sea con un mínimo de porcentaje.","Que se tomaran en cuenta los trabajos en la evaluación"
61,"Muy Satisfecho",Sí,Sí,Sí,"Mucho más de lo esperado","Más de 8 horas","Los conozco y los manejo con profundidad.","4 (Muy bueno)","4 (Muy bueno)","4 (Muy bueno)","4 (Muy bueno)","4 (Muy bueno)","4 (Muy bueno)","4 (Muy bueno)","4 (Muy bueno)","4 (Muy bueno)","4 (Muy bueno)","4 (Muy bueno)","4 (Muy bueno)","4 (Muy bueno)","4 (Muy bueno)","4 (Muy bueno)","Muy alto","técnicas nuevas para potenciar en biblioteca a través de la cultura hacia los estudiantes aprovechando lugares o espacios.","poca participación de compañeros","flexibilidad en el tiempo continuidad de cursos."
62,"Muy Satisfecho",Sí,Sí,Sí,"Mucho más de lo esperado","6-8 horas","Los conozco y me son familiares, pero no los manejo en profundidad.","3 (Bueno)","3 (Bueno)","3 (Bueno)","3 (Bueno)","3 (Bueno)","3 (Bueno)","3 (Bueno)","3 (Bueno)","3 (Bueno)","3 (Bueno)","3 (Bueno)","3 (Bueno)","3 (Bueno)","3 (Bueno)","3 (Bueno)","Muy alto","Como ejercer y poner en practica el liderazgo en el CRA","Me gusto todo.","Que las preguntas estén literalmente enfocadas al material entregado para el curso."
63,"Muy Satisfecho",Sí,Sí,Sí,"Mucho más de lo esperado","6-8 horas","Los conozco y me son familiares, pero no los manejo en profundidad.","4 (Muy bueno)","4 (Muy bueno)","4 (Muy bueno)","4 (Muy bueno)","4 (Muy bueno)","3 (Bueno)","3 (Bueno)","3 (Bueno)","4 (Muy bueno)","4 (Muy bueno)","4 (Muy bueno)","3 (Bueno)","3 (Bueno)","3 (Bueno)","4 (Muy bueno)","Muy alto","valoro que dieran mas tiempo para contestar mas tranquila las evaluaciones.","no tengo nada que decir negativo","todo lo del curso es bueno"
64,"Muy Satisfecho",Sí,Sí,Sí,"Mucho más de lo esperado","Más de 8 horas","He escuchado de los contenidos, pero no los conocía.","4 (Muy bueno)","4 (Muy bueno)","4 (Muy bueno)","4 (Muy bueno)","4 (Muy bueno)","4 (Muy bueno)","4 (Muy bueno)","4 (Muy bueno)","4 (Muy bueno)","4 (Muy bueno)","4 (Muy bueno)","4 (Muy bueno)","4 (Muy bueno)","4 (Muy bueno)","4 (Muy bueno)","Muy alto","los Módulos fueron de mucha ayuda, aclare muchas dudas y  ahora tengo mayor conocimiento.","El tiempo que destine al proceso de tareas.","como sugerencia pediría que las tareas fueran mas resumidas."
65,"Muy Satisfecho",Sí,No,Sí,"Mucho más de lo esperado","Más de 8 horas","Los conozco y me son familiares, pero no los manejo en profundidad.","4 (Muy bueno)","4 (Muy bueno)","4 (Muy bueno)","4 (Muy bueno)","4 (Muy bueno)","4 (Muy bueno)","4 (Muy bueno)","4 (Muy bueno)","4 (Muy bueno)","4 (Muy bueno)","4 (Muy bueno)","4 (Muy bueno)","4 (Muy bueno)","4 (Muy bueno)","4 (Muy bueno)","Muy alto","La claridad en los temas, las infografías, la metodología y la respuesta de las y los tutores.","La respuesta no inmediata a las preguntas, considero que debiera ser una respuesta inmediata ante las dudas.","Mas Webinar"
66,"Muy Satisfecho",Sí,Sí,Sí,"Mucho más de lo esperado","6-8 horas","He escuchado de los contenidos, pero no los conocía.","4 (Muy bueno)","3 (Bueno)","4 (Muy bueno)","4 (Muy bueno)","4 (Muy bueno)","4 (Muy bueno)","4 (Muy bueno)","4 (Muy bueno)","4 (Muy bueno)","4 (Muy bueno)","4 (Muy bueno)","4 (Muy bueno)","4 (Muy bueno)","4 (Muy bueno)","4 (Muy bueno)","Muy alto","El conocimiento de nuevos contenidos para aplicar en biblioteca.","La fecha en que se realizo, fin de año tenemos demasiadas actividades,","No tengo sugerencias."
67,Satisfecho,Sí,No,Sí,"Lo esperado","4-6 horas","Los conozco y me son familiares, pero no los manejo en profundidad.","3 (Bueno)","3 (Bueno)","3 (Bueno)","3 (Bueno)","3 (Bueno)","3 (Bueno)","2 (Malo)","3 (Bueno)","3 (Bueno)","3 (Bueno)","3 (Bueno)","3 (Bueno)","3 (Bueno)","3 (Bueno)","3 (Bueno)",Alto,"Lo mas valorable de este curso es que nos aclara nuestras actividades y lugar que debemos ocupar en los CRA.","Las actividades poco claras y demasiado extensas.","Que los cursos sean mas breves."
