﻿"Respuesta número","En general, ¿cuál es su nivel de satisfacción con el curso que acaba de terminar?","¿Recomendaría este curso a otro encargado de biblioteca?                       ","¿Volvería a realizar un curso de estas mismas características?          ","¿Eran coherentes las actividades de aprendizaje propuestas para el curso?","Según la percepción de su proceso de aprendizaje y las características de este curso, ¿cuánto considera que aprendió?","¿Cuántas horas cronológicas semanales dedicó a este curso?","¿Qué tan familiares son para usted los contenidos tratados en el curso?","Claridad de los contenidos del curso (temas, definiciones, términos conceptuales, etc.).","Contextualización de los contenidos a su realidad laboral.","La progresión de la secuencia de aprendizaje para ir tratando los contenidos del curso.","Claridad del diseño gráfico de las pantallas de la plataforma.","Facilidad de navegación en la plataforma.","El funcionamiento de la mesa de ayuda para estudiantes (mediante contacto por correo electrónico).","Claridad de las actividades de aprendizaje propuestas.","Consistencia de las actividades de aprendizaje propuestas con los aprendizajes del curso.","Coherencia de las actividades de aprendizaje propuestas.","Cantidad de información aportada por el curso.","Profundidad en el tratamiento de los aprendizajes esperados.","Claridad de las instrucciones de las actividades.","Claridad de las instrucciones y preguntas en las evaluaciones.","Calidad de las orientaciones para retroalimentar las actividades y evaluaciones.","El apoyo del tutor para responder preguntas en el foro.","¿Cómo evaluaría el nivel de transferencia de los aprendizajes a su contexto laboral?","¿Cómo evaluaría el nivel de transferencia de los aprendizajes a su contexto laboral?","¿Qué es lo que más valora del curso que acaba de terminar?              ","¿Qué es lo que menos le gustó del curso que acaba de terminar?          ","¿Qué sugerencias haría para mejorar el curso en el futuro?"
1,Satisfecho,Sí,Sí,Sí,"Más de lo esperado","6-8 horas","He escuchado de los contenidos, pero no los conocía.","3 (Bueno)","3 (Bueno)","3 (Bueno)","3 (Bueno)","3 (Bueno)","3 (Bueno)","3 (Bueno)","3 (Bueno)","3 (Bueno)","3 (Bueno)","3 (Bueno)","3 (Bueno)","3 (Bueno)","3 (Bueno)","3 (Bueno)","Muy alto","BUENO YA QUE YO SOY NUEVA EN ESTE CARGO Y TODO LA INFORMACIÓN QUE ME DEN ME SIRVE DE MUCHO PARA REALIZAR MI TRABAJO","HABER RECIBIDO INFORMACIÓN CLAVE PARA ESTE CARGO","DEREPENTE HAY PREGUNTAS QUE NO ERAN MUY CLARAS AL MENOS PARA MI","LA SUGERENCIA ES QUE NOS SIGAN APOYANDO EN ESTE PROCESO YA QUE CADA DÍA APARECEN COSAS NUEVAS QUE NOS HACEN MÁS EFICAZ NUESTRA LABOR"
2,Satisfecho,Sí,Sí,Sí,"Menos de lo esperado","Más de 8 horas","He escuchado de los contenidos, pero no los conocía.","2 (Malo)","3 (Bueno)","3 (Bueno)","3 (Bueno)","2 (Malo)","2 (Malo)","2 (Malo)","3 (Bueno)","3 (Bueno)","3 (Bueno)","3 (Bueno)","2 (Malo)","3 (Bueno)","2 (Malo)","3 (Bueno)","Muy alto","Me sirvió mucho para poder implementar acciones en el CRA.","Lo aprendido, ya que en estos contenidos estamos deficientes en mi biblioteca.","La dificultad para realizar las actividades, lo difícil que era navegar por los módulos y la poca claridad de las instrucciones de las tareas.","Mayor claridad en las instrucciones y tener una plataforma en la cual sea más fácil poder navegar."
3,Satisfecho,Sí,Sí,Sí,"Más de lo esperado","2-3 horas","No los conocía; no había escuchado de estos.","3 (Bueno)","3 (Bueno)","3 (Bueno)","3 (Bueno)","3 (Bueno)","3 (Bueno)","3 (Bueno)","3 (Bueno)","3 (Bueno)","3 (Bueno)","3 (Bueno)","3 (Bueno)","3 (Bueno)","3 (Bueno)","3 (Bueno)",Alto,Excelente,"Los aprendizajes aprendidos","El tiempo acotado con el que contaba","Mas tiempo para realización del curso"
4,Insatisfecho,Sí,Sí,Sí,"Lo esperado","2-3 horas","He escuchado de los contenidos, pero no los conocía.","3 (Bueno)","2 (Malo)","3 (Bueno)","3 (Bueno)","3 (Bueno)","3 (Bueno)","3 (Bueno)","3 (Bueno)","3 (Bueno)","3 (Bueno)","3 (Bueno)","3 (Bueno)","3 (Bueno)","3 (Bueno)","3 (Bueno)",Alto,"la plataforma es un poco compleja, es demasiada información y eso hace que el tiempo para la realización del curso sea mayor a la esperado","que conocí términos nuevos, y aprendí sobre el trabajo en biblioteca.","lo poco clara que es la plataforma y la cantidad tan extensa de material,","que se enfoquen solo en lo necesario y que el nivel de actividades sea menor, ya que por el trabajo del día a día, no permite poder completar todas las actividades. en lo personal por temas de tiempo, el curso se realiza a medias."
5,Insatisfecho,Sí,Sí,Sí,"Lo esperado","Más de 8 horas","Los conozco y me son familiares, pero no los manejo en profundidad.","2 (Malo)","2 (Malo)","3 (Bueno)","2 (Malo)","2 (Malo)","2 (Malo)","3 (Bueno)","3 (Bueno)","3 (Bueno)","3 (Bueno)","3 (Bueno)","1 (Muy malo)","2 (Malo)","3 (Bueno)","3 (Bueno)",Bajo,"por el momento bajo, ya que no he tenido mucho tiempo para realizar el trabajo con abies, por estar dedicada al curso en la mayor parte de mi jornada.","los temas tratados","la pagina, ya que no podia  ver que actividades me faltan por completar. 
además que las preguntas y evaluaciones deberían ser mas claras y directas, ya que muchas veces me enrede con tantas palabras.","evaluaciones y actividades mas claras."
6,Satisfecho,Sí,Sí,Sí,"Lo esperado","2-3 horas","He escuchado de los contenidos, pero no los conocía.","3 (Bueno)","3 (Bueno)","3 (Bueno)","3 (Bueno)","3 (Bueno)","3 (Bueno)","3 (Bueno)","3 (Bueno)","3 (Bueno)","3 (Bueno)","3 (Bueno)","3 (Bueno)","3 (Bueno)","3 (Bueno)","3 (Bueno)","Muy alto",BUENA,"MUY COMPLETO",NADA,"FIN DE SEMANA LAS EVALUACIONES"
7,Satisfecho,Sí,Sí,Sí,"Mucho más de lo esperado","Más de 8 horas","Los conozco y me son familiares, pero no los manejo en profundidad.","3 (Bueno)","3 (Bueno)","3 (Bueno)","3 (Bueno)","3 (Bueno)","3 (Bueno)","3 (Bueno)","3 (Bueno)","3 (Bueno)","4 (Muy bueno)","3 (Bueno)","3 (Bueno)","3 (Bueno)","3 (Bueno)","3 (Bueno)",Alto,Excelente,"El aprendizaje obtenido","preguntas no muy claras","Menos material y mas claridad en las preguntas"
8,Satisfecho,Sí,Sí,Sí,"Lo esperado","4-6 horas","He escuchado de los contenidos, pero no los conocía.","3 (Bueno)","3 (Bueno)","3 (Bueno)","2 (Malo)","3 (Bueno)","3 (Bueno)","3 (Bueno)","3 (Bueno)","3 (Bueno)","3 (Bueno)","3 (Bueno)","2 (Malo)","3 (Bueno)","3 (Bueno)","3 (Bueno)",Alto,"lo evalúo bien porque desde el inicio al termino del curso he Aprendido bastante pero aún siento que falta para incorporar en mi trabajo lo aprendido","Valoro que 
no tenia ninguna noción sobre catalogación ni de abies y ahora ya pude implementar el sistema","La póca Claridad en algunos Foros como subir tareas ya que daban por hecho que se tenia el sistema aprate que soy nueva y este año no hay movimiento en la biblioteca y no tengo registros de los años anteriores","que sean mas claras las tareas"
9,Satisfecho,Sí,Sí,Sí,"Más de lo esperado","4-6 horas","He escuchado de los contenidos, pero no los conocía.","3 (Bueno)","3 (Bueno)","3 (Bueno)","4 (Muy bueno)","2 (Malo)","3 (Bueno)","3 (Bueno)","3 (Bueno)","3 (Bueno)","4 (Muy bueno)","4 (Muy bueno)","3 (Bueno)","2 (Malo)","3 (Bueno)","3 (Bueno)",Alto,"nivel de transferencia bastante bueno, de gran ayuda para  el contexto de la escuela","conocer conceptos ,identificar algunas deficiencias que se observan en el manejo de los recursos","la difícil conexión que   presenta mi escuela por ser rural ,esto me dificulto el desarrollo optimo del curso","asegurarse de la conectividad 
me paso que en un momento no savia como avanzar 
 mi escuela rural necesita implementar sistema mas eficiente"
10,Satisfecho,Sí,Sí,Sí,"Lo esperado","4-6 horas","Los conozco y me son familiares, pero no los manejo en profundidad.","3 (Bueno)","4 (Muy bueno)","3 (Bueno)","2 (Malo)","2 (Malo)","2 (Malo)","2 (Malo)","2 (Malo)","2 (Malo)","3 (Bueno)","3 (Bueno)","3 (Bueno)","3 (Bueno)","4 (Muy bueno)","2 (Malo)",Bajo,"Insisto en que no estoy preparada con la indumentaria necesaria para satisfacer las inquietudes del curso, me ha costado mucho conectarme y por lo demás no es lo único que tengo que hacer, con 30 horas es poco lo que puedo hacer (vengo sólo la mañana a la escuela para cumplir con mis 30 horas)","Valoro la paciencia que han tenido para soportar a cada uno de nosotros que me imagino tiene problemas e inquietudes como las mías u otras.
Lo otro, la disposición que demuestran para que todos aprendamos.","Las retroalimentaciones de cada actividad.","Mejorar el acceso a la plataforma, en varias ocasiones no pude abrir los foros, me fue imposible compartir en algunos de ellos. Lo otro, más claridad en los tiempos y más espacio para los mismos, hay cursos que terminan en la misma fecha y aún ni siquiera termino uno, eso me parece muy poco atrayente y poco flexible."
11,Satisfecho,Sí,Sí,Sí,"Lo esperado","4-6 horas","Los conozco y me son familiares, pero no los manejo en profundidad.","3 (Bueno)","3 (Bueno)","3 (Bueno)","3 (Bueno)","3 (Bueno)","3 (Bueno)","3 (Bueno)","3 (Bueno)","3 (Bueno)","3 (Bueno)","3 (Bueno)","3 (Bueno)","3 (Bueno)","3 (Bueno)","2 (Malo)",Alto,"Lo normal","Que aprendi conceptos nuevos","La plataforma no fue de gran ayuda","Que la plataforma sea mas facil de usar"
12,Satisfecho,Sí,Sí,Sí,"Lo esperado","6-8 horas","No los conocía; no había escuchado de estos.","3 (Bueno)","2 (Malo)","3 (Bueno)","3 (Bueno)","3 (Bueno)","3 (Bueno)","3 (Bueno)","3 (Bueno)","3 (Bueno)","3 (Bueno)","3 (Bueno)","3 (Bueno)","3 (Bueno)","3 (Bueno)","3 (Bueno)",Bajo,"Bajo. Nuevo en el tema, por pandemia, el espacio de biblioteca cerrado e inhabilitado y la información que yo disponía de ella para trabajar me dificultó mucho el aprendizaje.","Las actividades sumativas.","Las actividades práctica, que suponen un conocimiento previo o lo &quot;ideal&quot; de las condiciones de biblioteca.","Asegurarse del conocimiento o manejo previo del alumno con respecto a la realidad de su biblioteca."
13,"Muy Satisfecho",Sí,Sí,Sí,"Más de lo esperado","2-3 horas","No los conocía; no había escuchado de estos.","4 (Muy bueno)","4 (Muy bueno)","4 (Muy bueno)","3 (Bueno)","4 (Muy bueno)","3 (Bueno)","4 (Muy bueno)","4 (Muy bueno)","4 (Muy bueno)","4 (Muy bueno)","3 (Bueno)","3 (Bueno)","3 (Bueno)","3 (Bueno)","3 (Bueno)",Bajo,"bajo, ya que quede con muchas interrogantes .","La retroalimentación de mis compañeros","Quede con muchas interrogantes de si estaba bien mis trabajos realizados.","Dar ejemplos de los contenidos y retroalimentación con un profesor en las actividades."
14,Satisfecho,Sí,Sí,Sí,"Más de lo esperado","Más de 8 horas","Los conozco y me son familiares, pero no los manejo en profundidad.","3 (Bueno)","3 (Bueno)","3 (Bueno)","4 (Muy bueno)","4 (Muy bueno)","3 (Bueno)","4 (Muy bueno)","3 (Bueno)","3 (Bueno)","4 (Muy bueno)","4 (Muy bueno)","3 (Bueno)","4 (Muy bueno)","3 (Bueno)","3 (Bueno)",Alto,"excelente de mi parte, ya que aprendí muchas cosas que no manejaba por ser principiante como encargada de mi biblioteca.","que me enseñaron mucho contenido, y a pesar que no domino bien los terminos tecnicos, aprendí mucho.","quizas lo malo, no poder tener respuestas a dudas en forma mas temprana.","yo creo que seguir de la misma forma en que se impartio este curso."
15,Satisfecho,Sí,Sí,Sí,"Más de lo esperado","4-6 horas","Los conozco y me son familiares, pero no los manejo en profundidad.","3 (Bueno)","3 (Bueno)","3 (Bueno)","3 (Bueno)","3 (Bueno)","2 (Malo)","3 (Bueno)","3 (Bueno)","3 (Bueno)","4 (Muy bueno)","3 (Bueno)","3 (Bueno)","3 (Bueno)","4 (Muy bueno)","3 (Bueno)",Alto,"La transferencia de aprendizajes fue buena ya que pude reforzar y mejorar la calidad de estos con contenidos nuevos y dinámicas nuevas.","Valoro el que pude adquirir mas habilidades y conocimientos con respecto a mi labor como encargado y así apoyar a los docentes en el proceso enseñanza a aprendizaje que se le imparte a los alumnos.","Lo que no me agrado es que en algunas oportunidades no pude lograr contactarme con los tutores.","Me gustaría que todos los cursos se realizaran de forma mas acompañada por los tutores y así poder disipar las dudas que se nos presentan durante el curso."
16,"Muy Insatisfecho",Sí,Sí,Sí,"Lo esperado","2-3 horas","Los conozco y me son familiares, pero no los manejo en profundidad.","4 (Muy bueno)","3 (Bueno)","3 (Bueno)","3 (Bueno)","3 (Bueno)","4 (Muy bueno)","4 (Muy bueno)","3 (Bueno)","3 (Bueno)","3 (Bueno)","3 (Bueno)","3 (Bueno)","3 (Bueno)","3 (Bueno)","3 (Bueno)",Alto,bueno,"los conocimientos entregados que se pueden aplicar fácilmente en nuestras bibliotecas","en realidad nada todo es muy interesante","creo que lo que eta implementado es suficiente para los temas que tienen que ver con la administración de una biblioteca"
17,Satisfecho,Sí,No,Sí,"Lo esperado","2-3 horas","He escuchado de los contenidos, pero no los conocía.","3 (Bueno)","3 (Bueno)","3 (Bueno)","3 (Bueno)","3 (Bueno)","3 (Bueno)","3 (Bueno)","3 (Bueno)","3 (Bueno)","3 (Bueno)","3 (Bueno)","3 (Bueno)","3 (Bueno)","3 (Bueno)","3 (Bueno)",Alto,.,.,.,.
18,"Muy Satisfecho",Sí,Sí,Sí,"Mucho más de lo esperado","Más de 8 horas","Los conozco y me son familiares, pero no los manejo en profundidad.","4 (Muy bueno)","4 (Muy bueno)","4 (Muy bueno)","4 (Muy bueno)","4 (Muy bueno)","4 (Muy bueno)","4 (Muy bueno)","4 (Muy bueno)","4 (Muy bueno)","4 (Muy bueno)","4 (Muy bueno)","4 (Muy bueno)","4 (Muy bueno)","4 (Muy bueno)","4 (Muy bueno)","Muy alto","Me sirvió mucho el contar con este curso, ya que me permitió poder profundizar en mis conocimientos.","Aprecio el haber contado con material audiovisual que explicaba detalladamente la información.","Las pocas horas con que se evidenciaba inicialmente el curso, ya que 4 horas semanales no alcanza. Por lo que se debe estar dentro de la plataforma más de ellas.","Considerar las horas que estamos inmersos en el curso, ya que se contemplaba 4 horas semanales; pero, debido a la extensión de la información, hizo que estuviera más de ese tiempo. Lo que conlleva a después justificarlo en el trabajo."
19,"Muy Insatisfecho",Sí,Sí,Sí,"Mucho más de lo esperado","4-6 horas","He escuchado de los contenidos, pero no los conocía.","4 (Muy bueno)","4 (Muy bueno)","4 (Muy bueno)","4 (Muy bueno)","3 (Bueno)","4 (Muy bueno)","4 (Muy bueno)","4 (Muy bueno)","4 (Muy bueno)","4 (Muy bueno)","4 (Muy bueno)","4 (Muy bueno)","4 (Muy bueno)","4 (Muy bueno)","4 (Muy bueno)","Muy alto","lo valoro mucho no conocia nada de lo que se paso en este curso aprendi bastante y quedo muy contenta","que fue muy completo  y claro un gran curso","que se termino","que sigan haciendo mas cursos"
20,"Muy Satisfecho",Sí,Sí,Sí,"Mucho más de lo esperado","Más de 8 horas","Los conozco y me son familiares, pero no los manejo en profundidad.","3 (Bueno)","3 (Bueno)","3 (Bueno)","3 (Bueno)","3 (Bueno)","3 (Bueno)","3 (Bueno)","4 (Muy bueno)","4 (Muy bueno)","4 (Muy bueno)","4 (Muy bueno)","4 (Muy bueno)","4 (Muy bueno)","4 (Muy bueno)","3 (Bueno)",Alto,"Excelente, ha sido un enriquecimiento debido a que había conceptos y aprendizajes que no manejaba.","las excelentes retro-alimentación de los contenidos.","El poco tiempo que dan para profundizar y aprender los contenidos.","Que el tiempo se ajuste mínimo un mes por cada curso."
21,"Muy Insatisfecho",Sí,Sí,Sí,"Más de lo esperado","4-6 horas","He escuchado de los contenidos, pero no los conocía.","4 (Muy bueno)","4 (Muy bueno)","4 (Muy bueno)","4 (Muy bueno)","4 (Muy bueno)","3 (Bueno)","4 (Muy bueno)","4 (Muy bueno)","4 (Muy bueno)","4 (Muy bueno)","4 (Muy bueno)","4 (Muy bueno)","4 (Muy bueno)","3 (Bueno)","4 (Muy bueno)","Muy alto","muy bueno , por que se puede corregir las debilidades.","aprender lo del abies 2,0","muy poco tiempo , para terminar el curso completo,
ya que por pandemia hemos tenido que cubrir cursos y poco tiempo de trabajar en los contenidos del curso.","que la tutora se comunique con los estudiantes.
y le de sugerencias y retroalimente las debilidades ."
22,Satisfecho,Sí,Sí,No,"Lo esperado","6-8 horas","Los conozco y me son familiares, pero no los manejo en profundidad.","3 (Bueno)","2 (Malo)","2 (Malo)","4 (Muy bueno)","4 (Muy bueno)","3 (Bueno)","2 (Malo)","3 (Bueno)","2 (Malo)","3 (Bueno)","2 (Malo)","2 (Malo)","4 (Muy bueno)","3 (Bueno)","3 (Bueno)",Alto,"Me sirvió bastante, porque me enseñó cosas que podré aplicar en mi trabajo diario","Las constantes actividades que hacen referencia al método de Dewey, debido a que era un tema que no manejaba por completo","El poco material entregado entre las actividades, habían módulos donde eran mas actividades que contenido o videos","Proporcionar mas información previa para realizar las actividades, como por ejemplo las actividades donde se pedía ocupar Abies, debido a que no todos lo sabemos usar a la perfección"
23,Insatisfecho,No,No,No,"Lo esperado","2-3 horas","Los conozco y los manejo con profundidad.","4 (Muy bueno)","3 (Bueno)","3 (Bueno)","3 (Bueno)","3 (Bueno)","3 (Bueno)","2 (Malo)","2 (Malo)","2 (Malo)","3 (Bueno)","3 (Bueno)","1 (Muy malo)","1 (Muy malo)","1 (Muy malo)","2 (Malo)",Alto,"Los contenidos buenos, pero para el foros o pruebas muy engorroso, poco claro, en mi opinión no me gustó.","me gustó los contenidos muy claros y bien fundamentados.","No está claro donde uno debe responder, los foros, en una oportunidad ni siquiera apreté nada y no me dio opción de corregir.","Con más opciones para poder responder bien los foros o comunicación con el tutor. Yo lo encontré enredado."
24,Satisfecho,Sí,Sí,Sí,"Más de lo esperado","Más de 8 horas","No los conocía; no había escuchado de estos.","4 (Muy bueno)","3 (Bueno)","3 (Bueno)","3 (Bueno)","4 (Muy bueno)","3 (Bueno)","3 (Bueno)","4 (Muy bueno)","3 (Bueno)","4 (Muy bueno)","3 (Bueno)","4 (Muy bueno)","3 (Bueno)","3 (Bueno)","3 (Bueno)",Bajo,"es bajo porque no soy encargado ,sino coordinador","las actividades y claridad de contenidos","algunas actividades les falta mas claridad para entenderlas","un contacto mas colaborativo entre los integrantes del curso en relaciona las tareas a realizar"
25,Satisfecho,Sí,Sí,Sí,"Más de lo esperado","2-3 horas","Los conozco y me son familiares, pero no los manejo en profundidad.","3 (Bueno)","3 (Bueno)","3 (Bueno)","3 (Bueno)","3 (Bueno)","3 (Bueno)","3 (Bueno)","3 (Bueno)","3 (Bueno)","3 (Bueno)","3 (Bueno)","3 (Bueno)","3 (Bueno)","3 (Bueno)","3 (Bueno)",Alto,"En alguna reunión pedagógica.","Conocer información que no manejaba en profundidad","Los foros en horario laboral, no siempre se tiene e tiempo para conectar.","Que existan mas tutoriales explicativos, no tanta escritura."
26,Satisfecho,Sí,Sí,Sí,"Lo esperado","4-6 horas","Los conozco y me son familiares, pero no los manejo en profundidad.","3 (Bueno)","3 (Bueno)","3 (Bueno)","3 (Bueno)","3 (Bueno)","2 (Malo)","3 (Bueno)","3 (Bueno)","3 (Bueno)","3 (Bueno)","3 (Bueno)","3 (Bueno)","3 (Bueno)","3 (Bueno)","2 (Malo)",Alto,"DE BUENA MANERA, YA QUE TODO LO QUE SE VIO EN EL CURSO SUCEDE DE MANERA REAL EN MI BIBLIOTECA, POR LO QUE AHORA HAY TEMAS QUE APRENDÍ DEL CURSO Y QUE PUEDO IMPLEMENTAR EN MI ESPACIO DE TRABAJO","LA FACILIDAD EN LA NAVEGACIÓN DE LA PAGINA, ADEMAS DEL CONTENIDO CLARO Y LEGIBLE.","QUE NO HAY UN CURSO PREVIO PARA APRENDER A UTILIZAR LA PLATAFORMA, ADEMAS DE LA POCA INTERACCIÓN QUE SE TIENE CON LOS ENCARGADOS DEL CURSO.","ENSEÑAR A UTILIZAR DE BUENA MANERA LA PLATAFORMA, MEJOR COMUNICACIÓN CON LOS ENCARGADOS DEL CURSO, Y CONSIDERAR LAS FECHAS DE ESTOS YA QUE ESTÁN MUY JUNTOS UNO DE OTRO. EN ESTE MOMENTO TENGO 3 CURSOS ACTIVOS Y CONSIDERO QUE ES MUCHO."
27,Satisfecho,Sí,Sí,Sí,"Lo esperado","Más de 8 horas","He escuchado de los contenidos, pero no los conocía.","3 (Bueno)","2 (Malo)","3 (Bueno)","3 (Bueno)","2 (Malo)","3 (Bueno)","2 (Malo)","3 (Bueno)","3 (Bueno)","3 (Bueno)","3 (Bueno)","3 (Bueno)","2 (Malo)","3 (Bueno)","3 (Bueno)",Bajo,"Bueno, solo tuve problemas a la hora de la pauta de trabajo para adjuntar pero fue dificil para mi.","las atenciones y los soportes por parte de los tutores","No me gustó que no pude adjuntar las pautas de trabajo porque no me daba la opción como cuando hacia las evaluaciones.","Que pudiera ser mas fácil a la hora de desarrolar las pautas de trabajo."
28,"Muy Satisfecho",Sí,Sí,Sí,"Mucho más de lo esperado","2-3 horas","He escuchado de los contenidos, pero no los conocía.","4 (Muy bueno)","4 (Muy bueno)","4 (Muy bueno)","4 (Muy bueno)","4 (Muy bueno)","4 (Muy bueno)","4 (Muy bueno)","4 (Muy bueno)","4 (Muy bueno)","4 (Muy bueno)","4 (Muy bueno)","4 (Muy bueno)","4 (Muy bueno)","4 (Muy bueno)","4 (Muy bueno)","Muy alto","MUY BUENO ESTE MODULO ME SIRVIO POR QUE UNO SE MOTIVA POR HACER EN LA LABOR QUE NOS CORRESPONDE PONER EN PRACTICA TODO LO QUE APRENDEMOS.","SABER COMO REALIZAR EN TIEMPOS DE PANDEMIA LA DEVOLUCION DE LOS LIBROS.","TODO LO ENCONTRE INTERESANTE Y FORMATIVO.",NINGUNA
29,Satisfecho,Sí,No,Sí,"Lo esperado","4-6 horas","Los conozco y me son familiares, pero no los manejo en profundidad.","2 (Malo)","3 (Bueno)","3 (Bueno)","3 (Bueno)","4 (Muy bueno)","3 (Bueno)","3 (Bueno)","3 (Bueno)","3 (Bueno)","3 (Bueno)","3 (Bueno)","3 (Bueno)","3 (Bueno)","3 (Bueno)","3 (Bueno)",Alto,Buena,x,"LO que más me costo mas bien dicho son los términos, la mayoría de las palabras muy rebuscadas","Un lenguaje mas acorde al encargado de biblioteca, la mayoría NO somos profesores."
30,Satisfecho,No,No,Sí,"Lo esperado","4-6 horas","Los conozco y me son familiares, pero no los manejo en profundidad.","3 (Bueno)","3 (Bueno)","3 (Bueno)","3 (Bueno)","2 (Malo)","2 (Malo)","2 (Malo)","3 (Bueno)","3 (Bueno)","3 (Bueno)","3 (Bueno)","2 (Malo)","2 (Malo)","3 (Bueno)","2 (Malo)",Bajo,Bueno,"EL terminarlo","Muchas Actividades","Más ejemplos de como resolver las instrucciones, no tanto material bibliográfico &quot;suelto&quot;"
31,Satisfecho,Sí,Sí,Sí,"Más de lo esperado","2-3 horas","He escuchado de los contenidos, pero no los conocía.","4 (Muy bueno)","4 (Muy bueno)","4 (Muy bueno)","4 (Muy bueno)","3 (Bueno)","3 (Bueno)","3 (Bueno)","4 (Muy bueno)","4 (Muy bueno)","4 (Muy bueno)","4 (Muy bueno)","4 (Muy bueno)","4 (Muy bueno)","4 (Muy bueno)","3 (Bueno)",Alto,"Lo evaluaria con un alto nivel","La información es muy clara y util","falto tiempo para hacer las actividades","mas tiempo porque hay mucho que leer y muy poco tiempo para realizar las actividades"
32,Satisfecho,Sí,Sí,Sí,"Más de lo esperado","4-6 horas","Los conozco y me son familiares, pero no los manejo en profundidad.","4 (Muy bueno)","3 (Bueno)","3 (Bueno)","3 (Bueno)","3 (Bueno)","3 (Bueno)","3 (Bueno)","3 (Bueno)","3 (Bueno)","3 (Bueno)","3 (Bueno)","3 (Bueno)","3 (Bueno)","3 (Bueno)","3 (Bueno)",Alto,"Entregar lo mejor de lo aprendido en este modulo, para satisfacer las necesidades de la Comunidad Educativa en general.","Haber recibido conocimientos importantes y relevantes para un buen funcionamiento en el área de circulación de los recursos.","La poca o nada retroalimentación de los participantes.
También me incluyo.","Que las capacitaciones fueran año a año.
En mi caso particular, ya que con la pandemia deje de hacer muchas actividades, además sin coordinadora."
33,"Muy Satisfecho",Sí,Sí,Sí,"Mucho más de lo esperado","4-6 horas","No los conocía; no había escuchado de estos.","4 (Muy bueno)","4 (Muy bueno)","4 (Muy bueno)","4 (Muy bueno)","4 (Muy bueno)","3 (Bueno)","4 (Muy bueno)","3 (Bueno)","3 (Bueno)","4 (Muy bueno)","4 (Muy bueno)","3 (Bueno)","3 (Bueno)","3 (Bueno)","3 (Bueno)",Alto,"Exelente está acordé con lo estudiado","Que aprendí a las funciones de una biblioteca","Respuesta de la tutora no me ayudó en muchos aspectos","En qué las tutora respondas los chat de forma oportuna"
34,"Muy Satisfecho",Sí,Sí,Sí,"Más de lo esperado","4-6 horas","Los conozco y me son familiares, pero no los manejo en profundidad.","4 (Muy bueno)","4 (Muy bueno)","4 (Muy bueno)","4 (Muy bueno)","4 (Muy bueno)","4 (Muy bueno)","4 (Muy bueno)","4 (Muy bueno)","4 (Muy bueno)","4 (Muy bueno)","4 (Muy bueno)","4 (Muy bueno)","4 (Muy bueno)","4 (Muy bueno)","4 (Muy bueno)",Alto,"Aplicable en mi quehacer diario.","Información clara y aplicable.","Me gustaría realizar actividades presenciales ya que se me hace más facil","Clases presenciales."
35,Satisfecho,Sí,No,Sí,"Lo esperado","6-8 horas","Los conozco y los manejo con profundidad.","3 (Bueno)","3 (Bueno)","3 (Bueno)","3 (Bueno)","3 (Bueno)","3 (Bueno)","4 (Muy bueno)","3 (Bueno)","3 (Bueno)","3 (Bueno)","3 (Bueno)","3 (Bueno)","3 (Bueno)","3 (Bueno)","3 (Bueno)",Alto,"La información estaba acorde al curso solamente había confusiones respecto a los ejercicios.","Manejaba la información, ya que estudié bibliotecología. Hay detalles que difiere entre un C.R.A. y una biblioteca universitaria.",-,"Ser mas detallistas en los ejercicios de pautas."
36,"Muy Satisfecho",Sí,Sí,Sí,"Mucho más de lo esperado","2-3 horas","Los conozco y me son familiares, pero no los manejo en profundidad.","4 (Muy bueno)","4 (Muy bueno)","3 (Bueno)","3 (Bueno)","3 (Bueno)","3 (Bueno)","3 (Bueno)","3 (Bueno)","3 (Bueno)","3 (Bueno)","3 (Bueno)","2 (Malo)","3 (Bueno)","2 (Malo)","3 (Bueno)","Muy alto","Muy alto.","Toda la información recibida, que aportara experiencia.","el orden de las actividades","organizar mas el orden de las actividades"
37,Satisfecho,Sí,No,Sí,"Más de lo esperado","6-8 horas","Los conozco y me son familiares, pero no los manejo en profundidad.","4 (Muy bueno)","3 (Bueno)","3 (Bueno)","3 (Bueno)","2 (Malo)","3 (Bueno)","3 (Bueno)","3 (Bueno)","3 (Bueno)","3 (Bueno)","3 (Bueno)","3 (Bueno)","3 (Bueno)","2 (Malo)","1 (Muy malo)",Alto,Bueno,"Nuevos aprendizajes adquiridos.","Problemas con la plataforma.","Que al comenzar los cursos se haga un recorrido por la página, con los estudiantes"
38,Satisfecho,Sí,Sí,Sí,"Lo esperado","6-8 horas","He escuchado de los contenidos, pero no los conocía.","3 (Bueno)","3 (Bueno)","3 (Bueno)","3 (Bueno)","1 (Muy malo)","2 (Malo)","3 (Bueno)","3 (Bueno)","3 (Bueno)","3 (Bueno)","3 (Bueno)","3 (Bueno)","3 (Bueno)","3 (Bueno)","2 (Malo)",Alto,"Buenísimo. Hasta lo que he podido completar me parecen interesantes sus temas. Ahora a aplicarlos.","Valoro toda la información. Actividades y facilidades para poder finalizarlo.","Lejos lo que menos me gusto es la plataforma no muy amigable. Enredada. No está clara la secuencia a seguir.","Tal vez una plataforma más amigable. Que vaya mostrando el proceso y en qué actividad está trabajando. Ya que con tantas labores al día a veces cuesta concentrarse en el curso."
39,Satisfecho,Sí,Sí,Sí,"Lo esperado","4-6 horas","Los conozco y me son familiares, pero no los manejo en profundidad.","3 (Bueno)","3 (Bueno)","3 (Bueno)","3 (Bueno)","2 (Malo)","2 (Malo)","3 (Bueno)","3 (Bueno)","3 (Bueno)","3 (Bueno)","3 (Bueno)","3 (Bueno)","3 (Bueno)","3 (Bueno)","3 (Bueno)",Alto,"Son buenos los aprendizajes del curso aportan al contexto laboral.","Prender sobre la organización de los recursos, habían varios aspectos que no manejaba y que facilitaran mi trabajo","Creo que todo fue un aporte de alguna manera","Una plataforma mas amigable, no con tantas dificultades al momento de realizar el curso, sobre todo las evaluaciones y también las actividades de clasificación quizás serian mejor con recursos disponibles en la biblioteca."
40,"Muy Insatisfecho",Sí,Sí,Sí,"Más de lo esperado","2-3 horas","Los conozco y me son familiares, pero no los manejo en profundidad.","4 (Muy bueno)","4 (Muy bueno)","3 (Bueno)","4 (Muy bueno)","4 (Muy bueno)","4 (Muy bueno)","4 (Muy bueno)","3 (Bueno)","3 (Bueno)","3 (Bueno)","3 (Bueno)","4 (Muy bueno)","4 (Muy bueno)","4 (Muy bueno)","3 (Bueno)",Alto,"esta muy bueno ya que ayuda mucho en lo laboral ya que todo esta muy coherente a las actividades que se realizan día a día","la enseñanza muy clara en todos los módulos, fácil de entender","al principio los cuestionarios se cerraban de inmediato. Pero se fue solucionando este problema.","no tengo sugerencias"
41,Insatisfecho,No,No,No,"Lo esperado","Más de 8 horas","He escuchado de los contenidos, pero no los conocía.","2 (Malo)","2 (Malo)","2 (Malo)","2 (Malo)","1 (Muy malo)","1 (Muy malo)","2 (Malo)","2 (Malo)","2 (Malo)","2 (Malo)","2 (Malo)","2 (Malo)","2 (Malo)","2 (Malo)","2 (Malo)",Alto,.,.,.,"Horrible la plataforma"
42,"Muy Satisfecho",Sí,Sí,Sí,"Mucho más de lo esperado","Más de 8 horas","Los conozco y me son familiares, pero no los manejo en profundidad.","4 (Muy bueno)","4 (Muy bueno)","4 (Muy bueno)","4 (Muy bueno)","4 (Muy bueno)","4 (Muy bueno)","4 (Muy bueno)","4 (Muy bueno)","4 (Muy bueno)","4 (Muy bueno)","4 (Muy bueno)","4 (Muy bueno)","4 (Muy bueno)","4 (Muy bueno)","4 (Muy bueno)","Muy alto","Muy bien tratados los aprendizajes.","El ordenamiento que se puede realizar con las colecciones de libros, tanto físico como digital.","Muy poco el tiempo para realizar las actividades, debido a nuestro trabajo laboral.","Menos actividades y que sean más precisas."
43,Satisfecho,No,No,No,"Más de lo esperado","6-8 horas","Los conozco y me son familiares, pero no los manejo en profundidad.","4 (Muy bueno)","4 (Muy bueno)","3 (Bueno)","3 (Bueno)","2 (Malo)","3 (Bueno)","3 (Bueno)","3 (Bueno)","3 (Bueno)","3 (Bueno)","3 (Bueno)","3 (Bueno)","3 (Bueno)","3 (Bueno)","2 (Malo)",Alto,"El curso es demasiado extenso y se necesitaba una orientación permanente que no se logró, creo necesario a futuro diseñar otras formas para capacitarnos.","Aprendí conceptos nuevos que me permitirán entregar un mejor servicio a nuestros usuarios.","Muchos contenidos suelen confundir, el período en el cual se implementaron es la peor época del año, ya que estamos finalizando el año escolar y no nos permitió contar con los tiempos que requeríamos para dedicarnos al curso.","Capacitarnos en un curso y no presentar tantos a la vez que es imposible cumplir con los objetivos. La plataforma no es muy clara y no permitió una comunicación fluida con los tutores."
44,Insatisfecho,No,No,Sí,"Menos de lo esperado","2-3 horas","He escuchado de los contenidos, pero no los conocía.","3 (Bueno)","2 (Malo)","2 (Malo)","3 (Bueno)","1 (Muy malo)","3 (Bueno)","3 (Bueno)","3 (Bueno)","3 (Bueno)","3 (Bueno)","3 (Bueno)","3 (Bueno)","3 (Bueno)","3 (Bueno)","3 (Bueno)",Alto,"la transferencia de aprendizaje lo evaluaria de buena manera pero no todos , ya que algunos se me hicieron de muy fácil manera entender, pero la verdad que habían otros bastante engorrosos.","Lo que mas valoro de lo que acabo de terminar ,es aprender  lo que debemos tener en cuenta para potenciar nuestro hermoso espacio de trabajo y entender lo que debemos gestionar para que nuestras bibliotecas y sus contenidos sean bien valorados dentro de una comunidad educativa y dentro de la sociedad.","lo que menos me a gustado del curso en general es la poca claridad entre un curso u otro o quizás el proceso de enviarlos todos juntos los de autoaprendizaje , eso no me gusto ,el poco orden, me hubiese gustado recibir ordenadamente los cursos por que llego un momento en el cual me vi haciendo algo por aquí  y haciendo algo por otro lado, Lo que claramente provocaba una confusión enorme en mi ,y al compartir en los foros me di cuenta que a muchos les ocurrió lo mismo.","sugiero para una próxima convocatoria enviar los cursos uno por uno y a medida que uno va terminando, puede avanzar al siguiente y así sucesivamente."
45,Satisfecho,Sí,No,Sí,"Más de lo esperado","6-8 horas","No los conocía; no había escuchado de estos.","3 (Bueno)","3 (Bueno)","3 (Bueno)","3 (Bueno)","4 (Muy bueno)","3 (Bueno)","3 (Bueno)","3 (Bueno)","3 (Bueno)","4 (Muy bueno)","3 (Bueno)","2 (Malo)","3 (Bueno)","2 (Malo)","3 (Bueno)",Alto,"Excelente, prácticamente no sabia nada. De hecho comencé a mediados de este año.","El que pueda aprender y aplicarlo en mi trabajo","Tengo poco tiempo, y por lo tanto me veo un poquito alcanzada. Seria el tiempo.","Que fueran mas claras las instrucciones para los ejercicios."
46,Satisfecho,Sí,Sí,Sí,"Lo esperado","2-3 horas","No los conocía; no había escuchado de estos.","3 (Bueno)","3 (Bueno)","3 (Bueno)","3 (Bueno)","4 (Muy bueno)","3 (Bueno)","3 (Bueno)","3 (Bueno)","3 (Bueno)","3 (Bueno)","3 (Bueno)","3 (Bueno)","3 (Bueno)","3 (Bueno)","3 (Bueno)",Alto,"FUE BANANTE PRODUCTIVO","LA INFORMACION","MUCHAS ACTIVIDADES","UN POCO DE LAS ACTIVIADES AVECES NECESITABA MAS INFORMACION QUE EN ACTIVIDADES EN SI"
47,Insatisfecho,Sí,Sí,No,"Más de lo esperado","6-8 horas","He escuchado de los contenidos, pero no los conocía.","3 (Bueno)","3 (Bueno)","3 (Bueno)","3 (Bueno)","3 (Bueno)","2 (Malo)","3 (Bueno)","3 (Bueno)","3 (Bueno)","3 (Bueno)","3 (Bueno)","3 (Bueno)","3 (Bueno)","3 (Bueno)","3 (Bueno)",Alto,"Es muy importante.","Los contenidos.","Los plazos muy cortos, por las fechas.","Que cada curso durara más tiempo, es decir más plazos para desarrollar y estudiar."
48,Satisfecho,Sí,Sí,Sí,"Más de lo esperado","2-3 horas","No los conocía; no había escuchado de estos.","3 (Bueno)","4 (Muy bueno)","3 (Bueno)","4 (Muy bueno)","4 (Muy bueno)","4 (Muy bueno)","3 (Bueno)","3 (Bueno)","3 (Bueno)","4 (Muy bueno)","3 (Bueno)","4 (Muy bueno)","4 (Muy bueno)","3 (Bueno)","3 (Bueno)",Bajo,"Hay poca transferencia de los aprendizajes de los distintos cursos pero lograremos transmitirlos en esta oportunidad.","Lo que aprendí, ya que hay muchas cosas que no conocía de mi propia labor en el CRA","Los tiempos de realización.","Dar más difusión de los tiempos que se tienen para finalizar los respectivos cursos, lo demás todo bien."
49,Satisfecho,Sí,Sí,Sí,"Lo esperado","4-6 horas","Los conozco y me son familiares, pero no los manejo en profundidad.","3 (Bueno)","3 (Bueno)","3 (Bueno)","2 (Malo)","3 (Bueno)","3 (Bueno)","3 (Bueno)","3 (Bueno)","3 (Bueno)","3 (Bueno)","3 (Bueno)","3 (Bueno)","3 (Bueno)","3 (Bueno)","3 (Bueno)",Alto,Aceptable,"los contenidos","buscar información","más ilustraciones"
50,"Muy Satisfecho",Sí,Sí,Sí,"Más de lo esperado","4-6 horas","Los conozco y me son familiares, pero no los manejo en profundidad.","4 (Muy bueno)","3 (Bueno)","3 (Bueno)","4 (Muy bueno)","4 (Muy bueno)","3 (Bueno)","3 (Bueno)","3 (Bueno)","3 (Bueno)","3 (Bueno)","3 (Bueno)","4 (Muy bueno)","3 (Bueno)","4 (Muy bueno)","4 (Muy bueno)","Muy alto","Muy buenos","Conocimiento de temas sobre el CRA
que eran muy deficientes en mi pesona.",Nada,"según mi opinión es muy completo , me gusto."
51,Insatisfecho,Sí,Sí,Sí,"Lo esperado","2-3 horas","He escuchado de los contenidos, pero no los conocía.","3 (Bueno)","2 (Malo)","3 (Bueno)","2 (Malo)","2 (Malo)","3 (Bueno)","2 (Malo)","2 (Malo)","2 (Malo)","2 (Malo)","3 (Bueno)","2 (Malo)","3 (Bueno)","3 (Bueno)","3 (Bueno)",Bajo,"Me es un poco difícil, hay segmentos muy claros ,pero otros muy confusos","Lo aprendido ,indudablemente","El partir de cero y muchas veces no entender nada y luego abrir la mente a tanta información. m me frustraba ,ya que era poco amigable la plataforma y las preguntas muy rebuscadas.","Siento que cuando uno no esta familiarizada con el tema ,es muy complejo, creo que se debería usar conceptos mas simples y partir desde para que y por que existe biblioteca cra antes de aprender a organizar la biblioteca. Así seria mas simple entender todo."
52,"Muy Satisfecho",Sí,Sí,Sí,"Más de lo esperado","6-8 horas","Los conozco y me son familiares, pero no los manejo en profundidad.","3 (Bueno)","3 (Bueno)","3 (Bueno)","3 (Bueno)","3 (Bueno)","3 (Bueno)","3 (Bueno)","3 (Bueno)","3 (Bueno)","3 (Bueno)","3 (Bueno)","3 (Bueno)","3 (Bueno)","3 (Bueno)","3 (Bueno)","Muy alto","Muy bueno","Lo aprendido","Las fechas del curso","Más tiempo, para hacer el curso"
53,Satisfecho,Sí,Sí,Sí,"Más de lo esperado","6-8 horas","Los conozco y me son familiares, pero no los manejo en profundidad.","3 (Bueno)","3 (Bueno)","3 (Bueno)","3 (Bueno)","3 (Bueno)","3 (Bueno)","3 (Bueno)","3 (Bueno)","3 (Bueno)","3 (Bueno)","3 (Bueno)","3 (Bueno)","3 (Bueno)","4 (Muy bueno)","3 (Bueno)",Alto,"Bien ya que es un tema que se trabajo en forma continua con los estudiantes, apoderados y comunidad educativa en general.","Los recursos como los materiales que tenia que descargar en pdf, los videos a un que fue muy lenta la descarga por motivo de conectividad","que nunca pude participar en los foros.
también que me confundí en los cursos y módulos, me gustaría que fuesen un curso al mes, ya que todavía no terminaba este curso y ya estaba en el curso H.","En lo posible dar mas tiempo ya que un curso trae módulos en los cuales me confundía"
54,Satisfecho,No,No,No,"Lo esperado","Más de 8 horas","Los conozco y me son familiares, pero no los manejo en profundidad.","3 (Bueno)","3 (Bueno)","2 (Malo)","2 (Malo)","1 (Muy malo)","1 (Muy malo)","1 (Muy malo)","2 (Malo)","2 (Malo)","2 (Malo)","2 (Malo)","1 (Muy malo)","1 (Muy malo)","1 (Muy malo)","1 (Muy malo)",Alto,Medio,"que termino","las actividades demasiadas","que no tengan actividades. es una perdida de tiempo"
55,Insatisfecho,No,Sí,Sí,"Menos de lo esperado","4-6 horas","Los conozco y me son familiares, pero no los manejo en profundidad.","2 (Malo)","2 (Malo)","2 (Malo)","3 (Bueno)","1 (Muy malo)","1 (Muy malo)","2 (Malo)","2 (Malo)","3 (Bueno)","3 (Bueno)","3 (Bueno)","2 (Malo)","2 (Malo)","3 (Bueno)","2 (Malo)","Muy bajo","los aprendizajes a mi realidad son pertinentes y aterrizables.","lo mas valorado del curso son los videos el material de apoyo","lo que menos me gusto fue la forma de subir y tener que comentar tareas de compañeros creo que no hubo demasiada claridad en ese aspecto","Que se muestren las actividades realizadas y no realizadas para poder ver de mejor manera el avance. 
También que prueben la plataforma para ver los errores y tener un buzón de problemas que respondan rapidamente"
56,"Muy Satisfecho",Sí,Sí,Sí,"Más de lo esperado","2-3 horas","No los conocía; no había escuchado de estos.","4 (Muy bueno)","4 (Muy bueno)","4 (Muy bueno)","4 (Muy bueno)","4 (Muy bueno)","4 (Muy bueno)","4 (Muy bueno)","4 (Muy bueno)","4 (Muy bueno)","3 (Bueno)","4 (Muy bueno)","4 (Muy bueno)","4 (Muy bueno)","4 (Muy bueno)","4 (Muy bueno)","Muy alto","doy un 4 en puntuación ya que aprendí mas de lo que estaba en tan pocas horas de dedicación","Los aportes de los compañeros","los vídeos ya que son muy explicativos","diseñar un mejor  camino de  de los contenidos...me sentí algo perdida en el transcurso del desarrollo del mismo"
57,Satisfecho,Sí,Sí,Sí,"Más de lo esperado","Más de 8 horas","He escuchado de los contenidos, pero no los conocía.","3 (Bueno)","3 (Bueno)","3 (Bueno)","3 (Bueno)","3 (Bueno)","3 (Bueno)","2 (Malo)","3 (Bueno)","3 (Bueno)","3 (Bueno)","3 (Bueno)","3 (Bueno)","3 (Bueno)","3 (Bueno)","3 (Bueno)",Alto,"A pesar de que muchos de los datos e informaciones resultan muy útiles, la transferencia igual resulta baja, debido al contexto rural de mi biblioteca, lo que incluye poco espacio para su desarrollo y trabajo esperable.","La utilización de la plataforma de catalogación trabajada.","Las actividades mal redactadas o desarrolladas, en donde no quedaba claro que debía hacerse realmente.","Mejorar la claridad de las actividades y tener un contexto más amplio en variado, suponiendo que todas las bibliotecas o tiempos de trabajo de los encargados resultan ser los mismos"
58,Satisfecho,Sí,Sí,Sí,"Lo esperado","2-3 horas","He escuchado de los contenidos, pero no los conocía.","3 (Bueno)","3 (Bueno)","3 (Bueno)","3 (Bueno)","3 (Bueno)","3 (Bueno)","3 (Bueno)","3 (Bueno)","3 (Bueno)","3 (Bueno)","3 (Bueno)","3 (Bueno)","3 (Bueno)","3 (Bueno)","3 (Bueno)",Alto,"Super completo","Los contenidos aprendidos",Nada,Ninguna
59,Insatisfecho,No,No,No,"Menos de lo esperado","Más de 8 horas","Los conozco y me son familiares, pero no los manejo en profundidad.","2 (Malo)","2 (Malo)","1 (Muy malo)","4 (Muy bueno)","4 (Muy bueno)","1 (Muy malo)","2 (Malo)","3 (Bueno)","2 (Malo)","1 (Muy malo)","3 (Bueno)","3 (Bueno)","3 (Bueno)","2 (Malo)","1 (Muy malo)",Bajo,"si no hubiera quedado con dudas en algunas cosas sería excelente.","no mucho, me costó bastante al ser nueva, a pesar de que la información no es complicada de comprender, en el curso no se entrega de manera adecuada o no esta concisa o si lo está","hay módulos en donde se inicia con actividades y cuestionarios sin aportar información para el conocimiento antes y luego de pasar una serie de actividades recién presentan información valiosa que hubiera permitido desarrollar las actividades anteriores. Muchos conceptos importantes para el desarrollo del curso y lograr una mejor comprensión del contenido no son definidos y para alguien que es nuevo en esto, como yo, eso no beneficia el aprendizaje para nada.","Que mejoren la entrega de información concisa, clara y siempre indicando los conceptos claros, muchas veces la información es irrelevante para los conceptos que luego preguntan en las evaluaciones.
Que mejoren los canales de atención ya que es pésimo el servicio, jamás una respuesta oportuna."
60,Satisfecho,Sí,Sí,Sí,"Lo esperado","4-6 horas","Los conozco y me son familiares, pero no los manejo en profundidad.","3 (Bueno)","3 (Bueno)","3 (Bueno)","3 (Bueno)","3 (Bueno)","3 (Bueno)","3 (Bueno)","3 (Bueno)","3 (Bueno)","3 (Bueno)","3 (Bueno)","3 (Bueno)","3 (Bueno)","3 (Bueno)","3 (Bueno)",Alto,"Se puede aplicar los conocimientos","que loaprendido se llevaalapráctica","eltiempo y foros","darmás tiempo de aprendizaje"
61,Satisfecho,Sí,Sí,Sí,"Más de lo esperado","Más de 8 horas","Los conozco y me son familiares, pero no los manejo en profundidad.","4 (Muy bueno)","4 (Muy bueno)","4 (Muy bueno)","4 (Muy bueno)","4 (Muy bueno)","4 (Muy bueno)","4 (Muy bueno)","4 (Muy bueno)","3 (Bueno)","4 (Muy bueno)","4 (Muy bueno)","3 (Bueno)","3 (Bueno)","4 (Muy bueno)","4 (Muy bueno)","Muy alto","grandes herramientas para implementar en la biblioteca escolar","la información","algunas actividades me costo comprenderlas","clases presenciales"
62,"Muy Satisfecho",Sí,Sí,Sí,"Más de lo esperado","Más de 8 horas","He escuchado de los contenidos, pero no los conocía.","3 (Bueno)","3 (Bueno)","3 (Bueno)","3 (Bueno)","4 (Muy bueno)","3 (Bueno)","3 (Bueno)","3 (Bueno)","3 (Bueno)","3 (Bueno)","3 (Bueno)","3 (Bueno)","3 (Bueno)","3 (Bueno)","3 (Bueno)",Alto,"con lo que he aprendido en este curso lo puesto en practica en mi biblioteca de apoco, esperando obtener resultados favorables en lo implementado en mi biblioteca, para mi es muy bueno todo lo que he aprendido ya que es primer año trabajando en biblioteca.","los recursos que me han entregado en aprendizaje para la implementarlo en mi liceo.","en realidad lo que me complico un poco la cantidad de actividades que había ya que se me hizo difícil por el tiempo pero en realidad fue muy bueno por que aprendí bastante","en realidad tener el material impreso para poder ir destacando partes importantes."
63,Satisfecho,Sí,No,Sí,"Más de lo esperado","Más de 8 horas","No los conocía; no había escuchado de estos.","4 (Muy bueno)","3 (Bueno)","3 (Bueno)","3 (Bueno)","3 (Bueno)","3 (Bueno)","3 (Bueno)","3 (Bueno)","3 (Bueno)","3 (Bueno)","3 (Bueno)","3 (Bueno)","3 (Bueno)","3 (Bueno)","3 (Bueno)",Alto,"super bueno el curso pero como realidad que aun no tenemos un equipo para biblioteca y contamos con poco acceso internet me complica.","El curso es bueno con muchas ideas innovaciones","bueno algo un poco frustrante es que no contamos todos con la misma realidad pero es ajeno al curso.","si pudiera darse una charla como una clases para motivar y contar con los objetivos del curso seria super bueno."
64,Insatisfecho,No,No,Sí,"Menos de lo esperado","2-3 horas","He escuchado de los contenidos, pero no los conocía.","4 (Muy bueno)","4 (Muy bueno)","4 (Muy bueno)","4 (Muy bueno)","4 (Muy bueno)","4 (Muy bueno)","4 (Muy bueno)","4 (Muy bueno)","4 (Muy bueno)","4 (Muy bueno)","4 (Muy bueno)","4 (Muy bueno)","4 (Muy bueno)","4 (Muy bueno)","4 (Muy bueno)","Muy bajo","No pude dedicar tiempo a este módulo me gustaría tomarlo nuevamente en condiciones mayores de tiempo","Valoro la claridad","No me gusta lo on line prefiero el aprendizaje presencial","Que tuviera dos veces x semana clases presenciales"
65,"Muy Satisfecho",Sí,Sí,Sí,"Mucho más de lo esperado","6-8 horas","Los conozco y me son familiares, pero no los manejo en profundidad.","3 (Bueno)","3 (Bueno)","3 (Bueno)","3 (Bueno)","2 (Malo)","3 (Bueno)","3 (Bueno)","3 (Bueno)","3 (Bueno)","2 (Malo)","3 (Bueno)","3 (Bueno)","3 (Bueno)","3 (Bueno)","3 (Bueno)",Alto,x,x,x,x
66,Satisfecho,Sí,Sí,Sí,"Lo esperado","4-6 horas","Los conozco y me son familiares, pero no los manejo en profundidad.","4 (Muy bueno)","3 (Bueno)","3 (Bueno)","3 (Bueno)","4 (Muy bueno)","3 (Bueno)","3 (Bueno)","3 (Bueno)","3 (Bueno)","4 (Muy bueno)","4 (Muy bueno)","4 (Muy bueno)","4 (Muy bueno)","3 (Bueno)","3 (Bueno)",Alto,"Todo lo aprendido en el curso lo he realizado en la Biblioteca.","A veces uno piensa que lo sabe todo, pero siempre es bueno reconocer con humildad, que todo el tiempo se adquieren conocimientos.","Los webinar deberían ser de 2 horas o más.","Como sugerencia, podría haber más interacción entre Tutor y alumnos."
67,Satisfecho,No,No,Sí,"Más de lo esperado","4-6 horas","No los conocía; no había escuchado de estos.","3 (Bueno)","3 (Bueno)","3 (Bueno)","2 (Malo)","2 (Malo)","2 (Malo)","3 (Bueno)","3 (Bueno)","3 (Bueno)","2 (Malo)","3 (Bueno)","2 (Malo)","2 (Malo)","3 (Bueno)","3 (Bueno)",Alto,"El nivel de trasferencia de los aprendizajes, a mi contecto laboral es positivo ya que me ayudo a familiarizarme con la biblioteca.","la valoración es que me ayudo a tener una actitud mas positiva referente al manejo de la biblioteca, ya que soy nueva en este cargo y no  tenia las herramientas para desenvolverme","lo que menos me gustó es ésta modalidad on line ,donde si uno tiene dudas no se pueden resolver en el instante.....otra deficiencia es lo extenso del material expuesto pero resumido en pocos días, y no se alcanza a trabajar bien la temática, por la poca disponibilidad de tiempo en el trabajo....","sugerencia realizar los cursos con tiempos de plazo mas largos y aplicar una plataforma mas amigable con las generaciones mas antiguas"
68,Satisfecho,Sí,Sí,Sí,"Más de lo esperado","4-6 horas","He escuchado de los contenidos, pero no los conocía.","3 (Bueno)","3 (Bueno)","3 (Bueno)","3 (Bueno)","3 (Bueno)","3 (Bueno)","3 (Bueno)","3 (Bueno)","3 (Bueno)","3 (Bueno)","3 (Bueno)","3 (Bueno)","3 (Bueno)","3 (Bueno)","3 (Bueno)",Alto,"De acuerdo a los niveles 1 y 2 ciclo la transferencia de los aprendizajes han sido bien recepciones dentro de mi contexto laboral.","Ante todo valorar la cantidad y calidad de los contenidos atra vez de los textos literarios y no literarios a realizar los inventarios de forma optima","Considero como dificultad en aprendizaje de las plataformas ( webinar) en un plazo muy reducido.","Los aprendizajes de los tic ( plataforma) q sean más didácticas y ludicas y los contenidos por separado."
69,"Muy Satisfecho",Sí,Sí,Sí,"Lo esperado","2-3 horas","No los conocía; no había escuchado de estos.","3 (Bueno)","3 (Bueno)","3 (Bueno)","2 (Malo)","2 (Malo)","3 (Bueno)","2 (Malo)","3 (Bueno)","3 (Bueno)","3 (Bueno)","3 (Bueno)","3 (Bueno)","3 (Bueno)","3 (Bueno)","3 (Bueno)",Alto,"creo que todo  lo aprendido sirve para reflejarlo en mi establecimiento, soy una encargada que aun no tiene la posibilidad de trabajar en Cra dado a la pandemia, por lo mismo muchas cosas eran desconocidas para mi.","las herramientas y conocimientos entregados.","lo que no me gusto e sque nos hicieran trabajar en las actividades partiendo de que todos sabemos o tenemos algún conocimiento al respecto del trabajo ben CRA y no es así.","Hacer  más amigable la plataforma y no realizar todos los cursos a la misma vez, para llevar un orden y no estresarnos tanto."
70,"Muy Satisfecho",Sí,Sí,Sí,"Más de lo esperado","2-3 horas","Los conozco y los manejo con profundidad.","4 (Muy bueno)","4 (Muy bueno)","4 (Muy bueno)","4 (Muy bueno)","4 (Muy bueno)","4 (Muy bueno)","4 (Muy bueno)","4 (Muy bueno)","4 (Muy bueno)","4 (Muy bueno)","4 (Muy bueno)","4 (Muy bueno)","4 (Muy bueno)","4 (Muy bueno)","4 (Muy bueno)","Muy alto","De muy alto nivel.","Muy didáctico, las presentaciones muy claras y coherentes.","La verdad no hubo nada que no me haya gustado. lo encontré buenísimo.","Seria mostrar mas videos para hacerlo las lúdico. pero la verdad todo fue muy bueno."
71,Insatisfecho,Sí,No,Sí,"Lo esperado","Más de 8 horas","Los conozco y me son familiares, pero no los manejo en profundidad.","3 (Bueno)","3 (Bueno)","3 (Bueno)","3 (Bueno)","3 (Bueno)","4 (Muy bueno)","3 (Bueno)","3 (Bueno)","3 (Bueno)","2 (Malo)","3 (Bueno)","3 (Bueno)","3 (Bueno)","3 (Bueno)","3 (Bueno)",Alto,"Lo evaluaría bastante bueno y aplicable a la realidad.","La calidad del curso es buena en cuanto a contenidos, actividades y trabajos a realizar, pruebas formativas, que aunque no lleven nota se debe estudiar para responder y realizar la actividad. Yo empecé muy perdida  me costó conectarme, pero me faltó bastante tiempo para responder a todos los requerimientos de éste.","Demasiada información para poco tiempo en la entrega de las actividades.","Mayor tiempo  para poder estudiar y realizar las actividades, se debe considerar que hay módulos demasiado largos que no se alcanzan a realizar en una semana. Falta tiempo,porque además, de trabajadoras somos dueñas de casa con todo lo que esto significa ."
72,Satisfecho,Sí,Sí,Sí,"Más de lo esperado","2-3 horas","Los conozco y me son familiares, pero no los manejo en profundidad.","4 (Muy bueno)","4 (Muy bueno)","3 (Bueno)","3 (Bueno)","3 (Bueno)","4 (Muy bueno)","4 (Muy bueno)","4 (Muy bueno)","4 (Muy bueno)","4 (Muy bueno)","3 (Bueno)","4 (Muy bueno)","4 (Muy bueno)","3 (Bueno)","3 (Bueno)",Alto,"Muy bueno, ya que está bien contextualizado, en especial considerando el contexto de pandemia","El uso de actividades interactivas y videos explicativos",nada,"poder acceder más rápidamente a poder visualizar los comentarios de los compañeros en los foros"
73,"Muy Satisfecho",Sí,Sí,Sí,"Más de lo esperado","2-3 horas","Los conozco y me son familiares, pero no los manejo en profundidad.","4 (Muy bueno)","4 (Muy bueno)","4 (Muy bueno)","4 (Muy bueno)","3 (Bueno)","3 (Bueno)","4 (Muy bueno)","4 (Muy bueno)","4 (Muy bueno)","4 (Muy bueno)","4 (Muy bueno)","4 (Muy bueno)","4 (Muy bueno)","4 (Muy bueno)","3 (Bueno)",Alto,"este curso me aporto mucho para mi contexto laboral ya que me encuentro en proceso de actualización de inventario y me entregó varias herramientas que puedo aplicar para poder llevar un registro de los recursos de biblioteca","lo que mas valoro de este curso es la posibilidad de conocer software que me permitan llevar un registro de mis recursos de biblioteca y hacer este proceso mas expedito y facilitar la búsqueda de información.","la verdad que toda la información entregada la valoré mucho, como dije anteriormente estoy en proceso de actualización y soy nueva en el mundo del CRA, me hubiese gustado mas información acerca de este curso.","solo mencionar que la plataforma sea mas amigable ya que es un poco compleja en su uso."
74,Satisfecho,Sí,No,Sí,"Más de lo esperado","6-8 horas","Los conozco y me son familiares, pero no los manejo en profundidad.","4 (Muy bueno)","4 (Muy bueno)","4 (Muy bueno)","4 (Muy bueno)","4 (Muy bueno)","4 (Muy bueno)","3 (Bueno)","4 (Muy bueno)","4 (Muy bueno)","4 (Muy bueno)","4 (Muy bueno)","3 (Bueno)","4 (Muy bueno)","4 (Muy bueno)","4 (Muy bueno)","Muy alto",BUENO,"EL APRENDIZAJE","LA POCA CLARIDAD EN ALGUNAS ACTIVIDADES","MAS PRESENCIA DEL TUTOR"
75,Satisfecho,Sí,Sí,Sí,"Más de lo esperado","2-3 horas","Los conozco y me son familiares, pero no los manejo en profundidad.","3 (Bueno)","3 (Bueno)","3 (Bueno)","3 (Bueno)","3 (Bueno)","3 (Bueno)","3 (Bueno)","3 (Bueno)","3 (Bueno)","3 (Bueno)","3 (Bueno)","3 (Bueno)","3 (Bueno)","3 (Bueno)","3 (Bueno)",Alto,"Bueno porque me aclaro algunas dudas que tenia sobre la clasificación.","Qué adquiri nuevos conocimientos para asi realizar de mejor manera el trabajo que se hace en el CRA.","Solo mencionar el uso de internet que no pude realizar algunas actividades por no tener buena conectividad.","Que sea de acuerdo a la realidad de cada establecimiento."
76,Satisfecho,No,No,Sí,"Más de lo esperado","6-8 horas","Los conozco y me son familiares, pero no los manejo en profundidad.","4 (Muy bueno)","3 (Bueno)","3 (Bueno)","3 (Bueno)","3 (Bueno)","3 (Bueno)","3 (Bueno)","3 (Bueno)","3 (Bueno)","3 (Bueno)","3 (Bueno)","3 (Bueno)","3 (Bueno)","3 (Bueno)","3 (Bueno)",Alto,bueno,"el capacitarse","el tiempo para realizar cuestionarios","mas clases en vivo con tutores"
77,Satisfecho,Sí,No,No,"Mucho más de lo esperado","Más de 8 horas","Los conozco y me son familiares, pero no los manejo en profundidad.","4 (Muy bueno)","3 (Bueno)","3 (Bueno)","3 (Bueno)","3 (Bueno)","1 (Muy malo)","3 (Bueno)","3 (Bueno)","3 (Bueno)","3 (Bueno)","3 (Bueno)","1 (Muy malo)","1 (Muy malo)","1 (Muy malo)","1 (Muy malo)",Alto,bueno,"los contenidos aprendidos","que no se ven los avances, la plataforma no es amigable, tuve que comunicarme muchas veces con el soporte.","utilizar otro tipo de plataforma en especial para rendir evaluaciones."
78,Satisfecho,Sí,Sí,Sí,"Lo esperado","4-6 horas","He escuchado de los contenidos, pero no los conocía.","4 (Muy bueno)","4 (Muy bueno)","4 (Muy bueno)","4 (Muy bueno)","4 (Muy bueno)","4 (Muy bueno)","4 (Muy bueno)","4 (Muy bueno)","4 (Muy bueno)","4 (Muy bueno)","4 (Muy bueno)","4 (Muy bueno)","4 (Muy bueno)","4 (Muy bueno)","4 (Muy bueno)","Muy alto",Bueno,"Todos los temas trabajados fueron muy interesantes y de utilidad para el mejor funcionamiento de nuestro CRA.","Estoy satisfecha con el curso, sin embargo podría ser más interactivo y con más ejemplos.","Mas ejemplos"
