﻿"Respuesta número","En general, ¿cuál es su nivel de satisfacción con el curso que acaba de terminar?","¿Recomendaría este curso a otro encargado de biblioteca?                       ","¿Volvería a realizar un curso de estas mismas características?          ","¿Eran coherentes las actividades de aprendizaje propuestas para el curso?","Según la percepción de su proceso de aprendizaje y las características de este curso, ¿cuánto considera que aprendió?","¿Cuántas horas cronológicas semanales dedicó a este curso?","¿Qué tan familiares son para usted los contenidos tratados en el curso?","Claridad de los contenidos del curso (temas, definiciones, términos conceptuales, etc.).","Contextualización de los contenidos a su realidad laboral.","La progresión de la secuencia de aprendizaje para ir tratando los contenidos del curso.","Claridad del diseño gráfico de las pantallas de la plataforma.","Facilidad de navegación en la plataforma.","El funcionamiento de la mesa de ayuda para estudiantes (mediante contacto por correo electrónico).","Claridad de las actividades de aprendizaje propuestas.","Consistencia de las actividades de aprendizaje propuestas con los aprendizajes del curso.","Coherencia de las actividades de aprendizaje propuestas.","Cantidad de información aportada por el curso.","Profundidad en el tratamiento de los aprendizajes esperados.","Claridad de las instrucciones de las actividades.","Claridad de las instrucciones y preguntas en las evaluaciones.","Calidad de las orientaciones para retroalimentar las actividades y evaluaciones.","El apoyo del tutor para responder preguntas en el foro.","¿Cómo evaluaría el nivel de transferencia de los aprendizajes a su contexto laboral?","¿Qué es lo que más valora del curso que acaba de terminar?              ","¿Qué es lo que menos le gustó del curso que acaba de terminar?          ","¿Qué sugerencias haría para mejorar el curso en el futuro?"
1,Satisfecho,Sí,Sí,Sí,"Lo esperado","Más de 8 horas","No los conocía; no había escuchado de estos.","3 (Bueno)","3 (Bueno)","3 (Bueno)","3 (Bueno)","3 (Bueno)","2 (Malo)","3 (Bueno)","3 (Bueno)","3 (Bueno)","3 (Bueno)","3 (Bueno)","3 (Bueno)","3 (Bueno)","3 (Bueno)","3 (Bueno)",Alto,"la información que no conocía","la falta de información escrita de los videos","podrían tener por escrito lo de los videos, mucha la información y no siempre escribo lo que se pregunta después"
2,Satisfecho,Sí,Sí,Sí,"Más de lo esperado","2-3 horas","He escuchado de los contenidos, pero no los conocía.","4 (Muy bueno)","4 (Muy bueno)","4 (Muy bueno)","4 (Muy bueno)","4 (Muy bueno)","3 (Bueno)","4 (Muy bueno)","4 (Muy bueno)","3 (Bueno)","4 (Muy bueno)","4 (Muy bueno)","4 (Muy bueno)","4 (Muy bueno)","4 (Muy bueno)","4 (Muy bueno)",Alto,"el conocer la experiencia de los compañeros del curso.","Las fecha que se realizo.","Que sea en Marzo en adelante."
3,Satisfecho,Sí,Sí,Sí,"Lo esperado","6-8 horas","Los conozco y me son familiares, pero no los manejo en profundidad.","3 (Bueno)","3 (Bueno)","3 (Bueno)","3 (Bueno)","3 (Bueno)","3 (Bueno)","3 (Bueno)","3 (Bueno)","3 (Bueno)","3 (Bueno)","3 (Bueno)","3 (Bueno)","3 (Bueno)","3 (Bueno)","3 (Bueno)",Alto,"valoro los nuevos conceptos y las actividades..","en realidad fue interesante pero a la vez eran muchas actividades por módulos ...no significa que sea malo","acotar en actividades pero en realidad creo que me paso porque hice 3 cursos y fueron intensos. PERO EN GENERAL TODO BIEN en el nivel creo que fue más que un curso..."
4,"Muy Satisfecho",Sí,Sí,Sí,"Mucho más de lo esperado","2-3 horas","He escuchado de los contenidos, pero no los conocía.","3 (Bueno)","3 (Bueno)","3 (Bueno)","3 (Bueno)","3 (Bueno)","3 (Bueno)","3 (Bueno)","4 (Muy bueno)","3 (Bueno)","4 (Muy bueno)","4 (Muy bueno)","3 (Bueno)","3 (Bueno)","3 (Bueno)","3 (Bueno)","Muy alto","Los contenidos entregados para nuestro contexto laboral","En lo personal muy poco tiempo para realizar el curso por nuestro trabajo diario","Solo la plataforma estuvo con con problemas en la forma de responder los cuestionarios  sumativos por que no marcaba la alternativa solo eso por lo general excelente."
5,Satisfecho,Sí,Sí,Sí,"Lo esperado","6-8 horas","He escuchado de los contenidos, pero no los conocía.","4 (Muy bueno)","4 (Muy bueno)","4 (Muy bueno)","4 (Muy bueno)","3 (Bueno)","3 (Bueno)","3 (Bueno)","3 (Bueno)","3 (Bueno)","4 (Muy bueno)","4 (Muy bueno)","4 (Muy bueno)","4 (Muy bueno)","3 (Bueno)","4 (Muy bueno)","Muy alto","LAS INFORMACIONES LOS CONCEPTOS Y COMO A EVOLUCIONADO  EL SISTEMA DE LA TECNOLOGÍAS EN ESTE SIGLO.","LO EXTENSO EN LECTURA","USTEDES ESTÁN MUY AVANZADOS . Y DEBEN PENSAR QUE HAY GENTE  MUY ADULTA QUE NO SOMOS  DE ESTA GENERACIÓN PERO SI LE PONEMOS EMPEÑO."
6,"Muy Satisfecho",Sí,Sí,Sí,"Más de lo esperado","4-6 horas","Los conozco y me son familiares, pero no los manejo en profundidad.","4 (Muy bueno)","3 (Bueno)","3 (Bueno)","4 (Muy bueno)","3 (Bueno)","3 (Bueno)","3 (Bueno)","3 (Bueno)","3 (Bueno)","3 (Bueno)","3 (Bueno)","3 (Bueno)","3 (Bueno)","3 (Bueno)","3 (Bueno)",Alto,"La claridad para entregar la información","El tiempo para las dudas","la verdad nada"
7,Satisfecho,Sí,Sí,Sí,"Lo esperado","2-3 horas","Los conozco y me son familiares, pero no los manejo en profundidad.","3 (Bueno)","3 (Bueno)","3 (Bueno)","3 (Bueno)","3 (Bueno)","3 (Bueno)","3 (Bueno)","3 (Bueno)","3 (Bueno)","3 (Bueno)","3 (Bueno)","3 (Bueno)","3 (Bueno)","3 (Bueno)","3 (Bueno)",Alto,"los aprrendizajes para aplicar en el cra","que el curso de desarrollara a fin de año por la gran cantidad de carga laboral propia de esta epoca","calendarizar de mejor manera los cusros"
8,"Muy Satisfecho",Sí,Sí,Sí,"Más de lo esperado","6-8 horas","Los conozco y me son familiares, pero no los manejo en profundidad.","3 (Bueno)","3 (Bueno)","3 (Bueno)","3 (Bueno)","3 (Bueno)","3 (Bueno)","3 (Bueno)","3 (Bueno)","3 (Bueno)","3 (Bueno)","3 (Bueno)","3 (Bueno)","2 (Malo)","2 (Malo)","3 (Bueno)",Alto,"Tener la posibilidad de actualizar mis conocimientos previos","Mucha información y este tiempo de fin de año es poco satisfactorio","De hacer otros cursos,prefiero que se realicen a mitad de año y mas cortos."
9,Satisfecho,Sí,Sí,Sí,"Más de lo esperado","4-6 horas","Los conozco y me son familiares, pero no los manejo en profundidad.","2 (Malo)","3 (Bueno)","3 (Bueno)","3 (Bueno)","3 (Bueno)","3 (Bueno)","3 (Bueno)","3 (Bueno)","3 (Bueno)","3 (Bueno)","3 (Bueno)","2 (Malo)","2 (Malo)","2 (Malo)","3 (Bueno)",Alto,"La importancia que debiera darse al   Oficio Bibliotecario","Fecha de desarrollo y tiempo...muy acotado","comenzar desde cero, mas tiempo y presencial"
10,Satisfecho,Sí,Sí,Sí,"Más de lo esperado","4-6 horas","He escuchado de los contenidos, pero no los conocía.","3 (Bueno)","3 (Bueno)","3 (Bueno)","3 (Bueno)","2 (Malo)","2 (Malo)","3 (Bueno)","3 (Bueno)","3 (Bueno)","4 (Muy bueno)","3 (Bueno)","3 (Bueno)","3 (Bueno)","2 (Malo)","2 (Malo)",Alto,"La introducción y material de apoyo de cada módulo","La falta de apoyo ,de la mesa de ayuda y tutores.
Fue muy complicado iniciar el curso sin la ayuda necesaria que se requería en ese momento la retroalimentación","Mejorar las presentaciones y que los(as) sean más comprometidos(as)"
11,"Muy Satisfecho",Sí,Sí,Sí,"Más de lo esperado","Más de 8 horas","Los conozco y me son familiares, pero no los manejo en profundidad.","3 (Bueno)","3 (Bueno)","3 (Bueno)","3 (Bueno)","3 (Bueno)","4 (Muy bueno)","3 (Bueno)","3 (Bueno)","3 (Bueno)","3 (Bueno)","3 (Bueno)","3 (Bueno)","3 (Bueno)","3 (Bueno)","4 (Muy bueno)",Alto,"El material presentado fue muy bueno.","La cantidad de lectura que hay que realizar es mucha, considerando los tiempos y fechas en las que estamos.","Disminuir el material o extender los tiempos para realizar el trabajo designado.
Facilitar lo ppt de los webinars."
12,Insatisfecho,No,No,No,"Menos de lo esperado","4-6 horas","He escuchado de los contenidos, pero no los conocía.","2 (Malo)","1 (Muy malo)","2 (Malo)","3 (Bueno)","3 (Bueno)","2 (Malo)","2 (Malo)","2 (Malo)","2 (Malo)","2 (Malo)","2 (Malo)","2 (Malo)","3 (Bueno)","1 (Muy malo)","2 (Malo)","Muy bajo","Brevedad de las evaluaciones.
La posibilidad de ver los trabajos de mis compañeros para guiarme ya que el tutor era inexistente.","Los contenidos eran muy avanzados de acuerdo a mi formación, y no estaban alineados con mi labor dentro del colegio. Constantemente tuve que pedir ayuda a una profesora para que me guíe con ciertos conceptos que no dominaba (la cual quedó horrorizada por la baja calidad de las actividades y dijo que se notaba que quien hacía o redactaba estos módulos no eran docentes).
Los módulos eran poco pedagógicos, la parte teórica casi siempre era un par de videos de Youtube y ciertas páginas de algún libro completamente fuera de contexto, (y no, nombrar un par de ejemplos NUNCA es un reemplazo a una clara definición de conceptos).
Las actividades eran poco prácticas, casi siempre seguían la misma linea: completar una pauta, más una pregunta de reflexión y subirla al foro, nunca tuve UNA retroalimentación por parte de mi tutora sobre los trabajos que subí, hasta el día de hoy ni siquiera sé si las actividades las hice bien o mal, y si mi esfuerzo siquiera fue tomado en cuenta.","Que no hagan los cursos durante los últimos meses del año, que es la fecha en la que estamos más ocupados."
13,"Muy Satisfecho",Sí,Sí,Sí,"Más de lo esperado","Más de 8 horas","Los conozco y me son familiares, pero no los manejo en profundidad.","4 (Muy bueno)","4 (Muy bueno)","4 (Muy bueno)","4 (Muy bueno)","4 (Muy bueno)","3 (Bueno)","3 (Bueno)","3 (Bueno)","3 (Bueno)","4 (Muy bueno)","3 (Bueno)","4 (Muy bueno)","3 (Bueno)","3 (Bueno)","3 (Bueno)","Muy alto","La actualización de temas tratados y que se los transmito a mis estudiantes.
Salí de las monótonas para aplicar las Gracias por ello.
HSXXI","Lo que menos me gusto es el poco tiempo del que dispongo porque soy docente y  tengo muchas veces que  tomar tiempo extra cada día y eso me agota, pero bien.","Menos textos aunque son muy necesarios y cambiar los webinar a otras horas pero igual me afectarán por el horario como docente. Felicitarlos por su dedicación al actualizarnos."
14,"Muy Satisfecho",Sí,Sí,Sí,"Más de lo esperado","Más de 8 horas","Los conozco y me son familiares, pero no los manejo en profundidad.","4 (Muy bueno)","4 (Muy bueno)","4 (Muy bueno)","4 (Muy bueno)","4 (Muy bueno)","4 (Muy bueno)","4 (Muy bueno)","4 (Muy bueno)","4 (Muy bueno)","3 (Bueno)","4 (Muy bueno)","4 (Muy bueno)","4 (Muy bueno)","4 (Muy bueno)","4 (Muy bueno)",Alto,"Que aprende más de lo esperado a pesar que hay harto que leer y ver en los contenidos.","Un poco mas apoyo en las actividades como algun ejemplo para guiarse pero en si todo bien.","Un libro impreso de todo lo que abarca los cursos que vamos realizando."
15,"Muy Satisfecho",Sí,Sí,Sí,"Más de lo esperado","Más de 8 horas","Los conozco y me son familiares, pero no los manejo en profundidad.","4 (Muy bueno)","4 (Muy bueno)","4 (Muy bueno)","4 (Muy bueno)","4 (Muy bueno)","4 (Muy bueno)","4 (Muy bueno)","4 (Muy bueno)","3 (Bueno)","3 (Bueno)","4 (Muy bueno)","4 (Muy bueno)","4 (Muy bueno)","4 (Muy bueno)","4 (Muy bueno)",Alto,"Que es actual, fácil de entender","las actividades netamente por el tiempo que toma hacer cada una","disminuir a 1 actividad por modulo que abarque todo el tema del modulo"
16,"Muy Satisfecho",Sí,Sí,Sí,"Mucho más de lo esperado","Más de 8 horas","He escuchado de los contenidos, pero no los conocía.","4 (Muy bueno)","3 (Bueno)","4 (Muy bueno)","3 (Bueno)","3 (Bueno)","3 (Bueno)","4 (Muy bueno)","4 (Muy bueno)","4 (Muy bueno)","4 (Muy bueno)","4 (Muy bueno)","4 (Muy bueno)","4 (Muy bueno)","3 (Bueno)","3 (Bueno)","Muy alto","Aprendí mucho y aún me falta aprender más, y afianzar algunos términos.","Creo que faltó más tiempo y también presencialidad.","Más tiempo y con tutor más cercano."
17,"Muy Satisfecho",Sí,Sí,No,"Más de lo esperado","2-3 horas","He escuchado de los contenidos, pero no los conocía.","4 (Muy bueno)","4 (Muy bueno)","4 (Muy bueno)","4 (Muy bueno)","3 (Bueno)","3 (Bueno)","4 (Muy bueno)","4 (Muy bueno)","3 (Bueno)","3 (Bueno)","3 (Bueno)","3 (Bueno)","4 (Muy bueno)","4 (Muy bueno)","3 (Bueno)",Alto,"Nuevos conceptos utilizados para el siglo 21","Pensamiento de diseño, no se relacionaba a las preguntas.","Solo vincular mas los cuestionarios a los contenidos."
18,"Muy Satisfecho",Sí,Sí,Sí,"Más de lo esperado","6-8 horas","Los conozco y me son familiares, pero no los manejo en profundidad.","3 (Bueno)","3 (Bueno)","3 (Bueno)","3 (Bueno)","3 (Bueno)","3 (Bueno)","3 (Bueno)","3 (Bueno)","3 (Bueno)","3 (Bueno)","3 (Bueno)","3 (Bueno)","3 (Bueno)","3 (Bueno)","3 (Bueno)","Muy alto","La profundidad que se abordaron los temas que conciernen en la dinámica de la Unidad de información.","La fecha en que fueron impartidos.","Que planificaran mejor la fecha del curso."
19,Satisfecho,Sí,Sí,Sí,"Lo esperado","6-8 horas","He escuchado de los contenidos, pero no los conocía.","3 (Bueno)","3 (Bueno)","3 (Bueno)","2 (Malo)","2 (Malo)","3 (Bueno)","3 (Bueno)","3 (Bueno)","3 (Bueno)","3 (Bueno)","3 (Bueno)","3 (Bueno)","3 (Bueno)","3 (Bueno)","3 (Bueno)",Bajo,"la valoración de las herramientas tic","textos  extensos","Más práctico y menos textos largos."
20,"Muy Insatisfecho",Sí,Sí,Sí,"Mucho más de lo esperado","Más de 8 horas","He escuchado de los contenidos, pero no los conocía.","4 (Muy bueno)","4 (Muy bueno)","4 (Muy bueno)","4 (Muy bueno)","4 (Muy bueno)","4 (Muy bueno)","4 (Muy bueno)","4 (Muy bueno)","4 (Muy bueno)","4 (Muy bueno)","4 (Muy bueno)","4 (Muy bueno)","4 (Muy bueno)","4 (Muy bueno)","4 (Muy bueno)",Alto,"Entrega nuevas herramientas para seguir creciendo como profesional","la participación en los foros es mucho ya que al final solo cuentan las evaluaciones.","la participación en los foros es mucho ya que al final solo cuentan las evaluaciones.

dejar solo las evaluaciones y disminuir las actividades."
21,Insatisfecho,Sí,Sí,Sí,"Más de lo esperado","6-8 horas","He escuchado de los contenidos, pero no los conocía.","3 (Bueno)","3 (Bueno)","3 (Bueno)","3 (Bueno)","3 (Bueno)","3 (Bueno)","3 (Bueno)","3 (Bueno)","3 (Bueno)","4 (Muy bueno)","4 (Muy bueno)","3 (Bueno)","3 (Bueno)","3 (Bueno)","3 (Bueno)",Alto,"Buenos recursos para colaborar, enseñar y orientar a los estudiantes.","En un principio los horarios para asistir a los webenar y el manejo de la plataforma","Enviar tutoriales del manejo de la plataforma directamente a los correos. ya que con solo tratar de acceder a los tutoriales de la plataforma uno se puede perder en la plataforma"
22,Satisfecho,Sí,No,Sí,"Mucho más de lo esperado","4-6 horas","Los conozco y me son familiares, pero no los manejo en profundidad.","4 (Muy bueno)","4 (Muy bueno)","4 (Muy bueno)","4 (Muy bueno)","4 (Muy bueno)","3 (Bueno)","4 (Muy bueno)","4 (Muy bueno)","4 (Muy bueno)","4 (Muy bueno)","4 (Muy bueno)","4 (Muy bueno)","4 (Muy bueno)","4 (Muy bueno)","3 (Bueno)",Alto,"Valoro  las temáticas abordadas en cada modulo, muy importantes y acorde a la realidad actual.","La tensión de tener que estar trabajando, estudiando , preparando, aprendiendo y respondiendo en 3 cursos a la vez ( B,F y E), fue caótico, a parte que me enferme entre medio, pero igual lo pude lograr, con mucho esfuerzo...","Impartir los cursos de uno en uno con una cantidad de semanas para cada curso y que no se junten, Mejor ir haciendo uno bien que tres a medias..."
23,Satisfecho,Sí,Sí,Sí,"Más de lo esperado","Más de 8 horas","He escuchado de los contenidos, pero no los conocía.","3 (Bueno)","3 (Bueno)","3 (Bueno)","3 (Bueno)","3 (Bueno)","3 (Bueno)","3 (Bueno)","3 (Bueno)","3 (Bueno)","4 (Muy bueno)","3 (Bueno)","3 (Bueno)","3 (Bueno)","3 (Bueno)","3 (Bueno)",Alto,"todos los contenidos son nuevos para mi, es por esto que les agradezco este plan de formación","Lo malo solo el tiempo, para poder dedicar al estudio y reflexión .","me gustaría poder consultar dudas con respuestas mas rápidas para la continuidad del curso, si tengo una duda, envío las tareas y después veo respuestas en el foro que no son lo que yo envío."
24,Satisfecho,Sí,Sí,Sí,"Más de lo esperado","6-8 horas","Los conozco y me son familiares, pero no los manejo en profundidad.","3 (Bueno)","3 (Bueno)","3 (Bueno)","3 (Bueno)","3 (Bueno)","2 (Malo)","3 (Bueno)","2 (Malo)","3 (Bueno)","3 (Bueno)","3 (Bueno)","2 (Malo)","3 (Bueno)","2 (Malo)","1 (Muy malo)",Alto,"Lain formación entregada","tenía demasiada lectura y muchas actividades","Preguntas mas simple sin tanto lenguaje técnico y no tanta lecturanya que  tambien estamos trabajando en otras actividades del colegio y queda muy poco tiempo para tanta lectura"
25,Satisfecho,Sí,Sí,Sí,"Más de lo esperado","Más de 8 horas","Los conozco y me son familiares, pero no los manejo en profundidad.","3 (Bueno)","4 (Muy bueno)","3 (Bueno)","3 (Bueno)","3 (Bueno)","3 (Bueno)","4 (Muy bueno)","3 (Bueno)","3 (Bueno)","4 (Muy bueno)","3 (Bueno)","3 (Bueno)","4 (Muy bueno)","3 (Bueno)","3 (Bueno)",Alto,"El nivel del curso y la actualización de contenidos abordados.","La cantidad de información (en citas y documentos)
Podrian haber sido mas resúmenes.","Cursos mas prácticos.No tan metodológicos"
26,Satisfecho,Sí,No,Sí,"Lo esperado","Más de 8 horas","Los conozco y me son familiares, pero no los manejo en profundidad.","3 (Bueno)","3 (Bueno)","3 (Bueno)","3 (Bueno)","2 (Malo)","2 (Malo)","3 (Bueno)","3 (Bueno)","3 (Bueno)","3 (Bueno)","3 (Bueno)","2 (Malo)","2 (Malo)","2 (Malo)","2 (Malo)",Bajo,"Intencionalidad, pero falta un ordenamiento de contenidos.","Los plazos establecidos y las exigencias establecidas ya que como encargados no solamente hacemos nuestra labor hay enumerables otras actividades que realizamos dentro de un establecimiento educacional.","Que los cursos debieran ser dictados por regiones y ver la realidad de cada encargado de biblioteca y debieran ser temas más acotados y visto desde nuestra realidad. Cursos debieran ser más breves y consisos y ordenados."
27,Satisfecho,Sí,Sí,Sí,"Más de lo esperado","Más de 8 horas","Los conozco y me son familiares, pero no los manejo en profundidad.","3 (Bueno)","3 (Bueno)","3 (Bueno)","3 (Bueno)","3 (Bueno)","2 (Malo)","3 (Bueno)","3 (Bueno)","3 (Bueno)","3 (Bueno)","3 (Bueno)","3 (Bueno)","3 (Bueno)","3 (Bueno)","2 (Malo)",Bajo,"Los videos","La ayuda de los tutores","Este programa de perfeccionamiento  habría sido excelente, si hubieran asignado un curso a cada estudiante ,una vez terminado ese, asignarle otro y así sucesivamente."
28,Satisfecho,Sí,Sí,No,"Lo esperado","Más de 8 horas","No los conocía; no había escuchado de estos.","3 (Bueno)","3 (Bueno)","3 (Bueno)","3 (Bueno)","3 (Bueno)","1 (Muy malo)","3 (Bueno)","3 (Bueno)","2 (Malo)","3 (Bueno)","3 (Bueno)","2 (Malo)","2 (Malo)","2 (Malo)","1 (Muy malo)","Muy alto","He ido de menos a más.","La nula ayuda de los tutores.","que tuvieran un grupo que revise con detalle lo que han creado, que tengan un contacto telefónico directo, que el tutorial de comienzo sea antes de comenzar el curso, los tiempos fueron  muy mal direccionados al comienzo, los tiempos en cada curso los considero muy poco y los foros quitan demasiado tiempo, y es lo que menos tenemos a fin de año."
29,"Muy Satisfecho",Sí,Sí,Sí,"Más de lo esperado","Más de 8 horas","Los conozco y me son familiares, pero no los manejo en profundidad.","3 (Bueno)","3 (Bueno)","4 (Muy bueno)","4 (Muy bueno)","4 (Muy bueno)","4 (Muy bueno)","4 (Muy bueno)","4 (Muy bueno)","4 (Muy bueno)","4 (Muy bueno)","4 (Muy bueno)","4 (Muy bueno)","4 (Muy bueno)","4 (Muy bueno)","4 (Muy bueno)",Alto,"Me permitió retroalimentarme de nuevos conocimientos.
Podre llevar a cabo mucho de lo aprendido en el quehacer diario de la biblioteca.
Fue una experiencia enriquecedora compartir con otros colegas, y a su vez, conocer otras vivencias en cuanto al trabajo desarrollado en otras bibliotecas.
Me sirvió para mi crecimiento personal y profesional.","Sin observaciones.
Fue todo de excelencia.
Felicitaciones a todo el equipo creador de este curso.","Integrar más preguntas en las pruebas sumativas."
30,"Muy Satisfecho",Sí,Sí,Sí,"Mucho más de lo esperado","6-8 horas","Los conozco y me son familiares, pero no los manejo en profundidad.","4 (Muy bueno)","4 (Muy bueno)","4 (Muy bueno)","4 (Muy bueno)","4 (Muy bueno)","4 (Muy bueno)","4 (Muy bueno)","4 (Muy bueno)","4 (Muy bueno)","4 (Muy bueno)","4 (Muy bueno)","4 (Muy bueno)","4 (Muy bueno)","4 (Muy bueno)","4 (Muy bueno)","Muy alto","Valoro la iniciativa para desarrollar los cursos que son un verdadero aporte al aprendizaje tanto de los alumnos como de nosotros mismos.","Nada me desagradó. Todo lo contrario valoro la disposición de los tutores para atender las inquietudes que nos surgieron y de la mesa de soporte también.","Como ya dije, es un aporte a nuestra labor. Todo esfuerzo es valorable,pues tanto los tutores y colaboradores de los Cursos hacen una gran labor y nosotros respondemos lo mejor que podemos también."
31,Satisfecho,Sí,Sí,Sí,"Lo esperado","6-8 horas","He escuchado de los contenidos, pero no los conocía.","3 (Bueno)","3 (Bueno)","3 (Bueno)","3 (Bueno)","3 (Bueno)","3 (Bueno)","3 (Bueno)","3 (Bueno)","3 (Bueno)","3 (Bueno)","3 (Bueno)","3 (Bueno)","3 (Bueno)","3 (Bueno)","3 (Bueno)",Alto,"nos enseñaron como hacer las tic parte también de la biblioteca","que los tutores no se enfoquen solo en en las actividades sumativas","la plataforma se ha mas fácil de utilizar ."
32,Satisfecho,Sí,Sí,Sí,"Más de lo esperado","2-3 horas","Los conozco y me son familiares, pero no los manejo en profundidad.","3 (Bueno)","3 (Bueno)","3 (Bueno)","3 (Bueno)","3 (Bueno)","3 (Bueno)","3 (Bueno)","3 (Bueno)","3 (Bueno)","3 (Bueno)","3 (Bueno)","3 (Bueno)","3 (Bueno)","3 (Bueno)","3 (Bueno)",Alto,"Calidad del material entregado","la plataforma","Que la plataforma sea mas facil de usar"
33,"Muy Satisfecho",Sí,No,Sí,"Más de lo esperado","2-3 horas","Los conozco y me son familiares, pero no los manejo en profundidad.","3 (Bueno)","3 (Bueno)","3 (Bueno)","3 (Bueno)","2 (Malo)","4 (Muy bueno)","3 (Bueno)","3 (Bueno)","3 (Bueno)","3 (Bueno)","3 (Bueno)","3 (Bueno)","3 (Bueno)","3 (Bueno)","4 (Muy bueno)",Alto,"Creo que es una buena instancia de aprender .el innovaren cosa nuevas para la biblioteca","La plataforma muy enredada me hubiera gustado que hubieran clases virtuales ,mas dinamias para poder haber escuchado al resto sus opiniones y compartir experiencias.","clases virtuales 1 vez a las semana o presencial 1 vez para responder dudas mas interacción con el tutor"
34,"Muy Satisfecho",Sí,Sí,Sí,"Más de lo esperado","2-3 horas","He escuchado de los contenidos, pero no los conocía.","3 (Bueno)","3 (Bueno)","3 (Bueno)","3 (Bueno)","3 (Bueno)","3 (Bueno)","3 (Bueno)","3 (Bueno)","3 (Bueno)","3 (Bueno)","3 (Bueno)","3 (Bueno)","3 (Bueno)","3 (Bueno)","3 (Bueno)","Muy alto","la facilidad para aprender los conceptos","sin comentarios","mejorar la facilidad en los distintos tipos de colegio"
35,Satisfecho,Sí,Sí,Sí,"Lo esperado","Más de 8 horas","Los conozco y me son familiares, pero no los manejo en profundidad.","3 (Bueno)","3 (Bueno)","3 (Bueno)","3 (Bueno)","3 (Bueno)","3 (Bueno)","3 (Bueno)","3 (Bueno)","3 (Bueno)","3 (Bueno)","3 (Bueno)","3 (Bueno)","3 (Bueno)","3 (Bueno)","3 (Bueno)",Alto,"las nuevas tecnologias","de todos los curso, creo que son muchos con demasiadas actividades que falta el tiempo para desarrollarlas","mejoraría que los cursos fueran de a uno, no tres al mismo tiempo, en vez de ayudar, hace confundir las materias"
36,Insatisfecho,No,No,Sí,"Lo esperado","Más de 8 horas","He escuchado de los contenidos, pero no los conocía.","2 (Malo)","2 (Malo)","3 (Bueno)","3 (Bueno)","2 (Malo)","1 (Muy malo)","2 (Malo)","3 (Bueno)","3 (Bueno)","3 (Bueno)","3 (Bueno)","2 (Malo)","1 (Muy malo)","2 (Malo)","3 (Bueno)",Alto,"lo aprendido","la cantidad de material para leer y la complejidad del material dado que requieres mucho tiempo de tu dia, tiempo que te falta para realizar tu labor diaria","que fuera menos extenso y mas claro, también que podamos utilizar menos tiempo en realizarlo"
37,"Muy Satisfecho",Sí,Sí,Sí,"Mucho más de lo esperado","4-6 horas","Los conozco y me son familiares, pero no los manejo en profundidad.","4 (Muy bueno)","4 (Muy bueno)","4 (Muy bueno)","4 (Muy bueno)","4 (Muy bueno)","3 (Bueno)","4 (Muy bueno)","4 (Muy bueno)","4 (Muy bueno)","4 (Muy bueno)","4 (Muy bueno)","4 (Muy bueno)","3 (Bueno)","3 (Bueno)","3 (Bueno)",Alto,"Que todo lo que pude aprender lo puedo aplicar con los estudiantes. Y con la comunidad escolar en general.","El poco tiempo para lograr el curso en profundidad.","Una vez que ya tomemos nuestras clases presenciales mostrar nuestro trabajo a otros compañeros."
38,"Muy Insatisfecho",Sí,Sí,Sí,"Lo esperado","2-3 horas","Los conozco y los manejo con profundidad.","4 (Muy bueno)","4 (Muy bueno)","3 (Bueno)","4 (Muy bueno)","4 (Muy bueno)","3 (Bueno)","3 (Bueno)","3 (Bueno)","3 (Bueno)","4 (Muy bueno)","3 (Bueno)","3 (Bueno)","3 (Bueno)","3 (Bueno)","4 (Muy bueno)",Alto,"Valoro el complemento en ideas otorgado, siempre habrà algo nuevo que aprender","Al principio me vi un poco confundida por no poderme concentrar, debido a trabajos anexos que desempeño en el Liceo.-","Me gustaria que fuera un curso en forma presencial, es un compartir mas ideas y aclarar mas puntos.-"
39,"Muy Satisfecho",Sí,Sí,Sí,"Mucho más de lo esperado","2-3 horas","No los conocía; no había escuchado de estos.","4 (Muy bueno)","4 (Muy bueno)","4 (Muy bueno)","4 (Muy bueno)","4 (Muy bueno)","4 (Muy bueno)","4 (Muy bueno)","4 (Muy bueno)","4 (Muy bueno)","4 (Muy bueno)","4 (Muy bueno)","4 (Muy bueno)","4 (Muy bueno)","4 (Muy bueno)","4 (Muy bueno)","Muy alto","tenemos que adquirir compromisos que uno pueda ayudar y  preparar a nuestros jóvenes del XXl. para que a futuro tengan las habilidades suficiente y  que puedan adaptarse a los cambios  que hoy en día lo exige y así lograr a alcanzar el futuro que el espera","no observado","nada todo esta bien así"
40,Satisfecho,Sí,Sí,Sí,"Lo esperado","2-3 horas","He escuchado de los contenidos, pero no los conocía.","3 (Bueno)","2 (Malo)","3 (Bueno)","3 (Bueno)","3 (Bueno)","3 (Bueno)","3 (Bueno)","3 (Bueno)","3 (Bueno)","3 (Bueno)","3 (Bueno)","3 (Bueno)","3 (Bueno)","2 (Malo)","3 (Bueno)",Bajo,"Valoro la importancia que tienen las bibliotecas el trabajo colaborativo, pero se aleja un poco de realidad de los establecimientos.","Lo que no me gusto fue que igual era arto material para imprimir y poco tiempo para realizar el curso , ya que por la fechas era difícil dedicarle el tiempo necesario.","Lo ideal que los cursos se hicieran a principio de año , donde la carga laboral es menor,"
41,"Muy Satisfecho",Sí,Sí,Sí,"Más de lo esperado","2-3 horas","No los conocía; no había escuchado de estos.","4 (Muy bueno)","3 (Bueno)","3 (Bueno)","4 (Muy bueno)","3 (Bueno)","3 (Bueno)","3 (Bueno)","4 (Muy bueno)","4 (Muy bueno)","4 (Muy bueno)","3 (Bueno)","3 (Bueno)","3 (Bueno)","3 (Bueno)","1 (Muy malo)",Alto,"Los aprendizajes","nada ,solo la falta de tiempo","Que las totoras sean mas útiles"
42,Satisfecho,Sí,Sí,Sí,"Más de lo esperado","Más de 8 horas","Los conozco y me son familiares, pero no los manejo en profundidad.","3 (Bueno)","3 (Bueno)","3 (Bueno)","3 (Bueno)","3 (Bueno)","3 (Bueno)","3 (Bueno)","3 (Bueno)","3 (Bueno)","3 (Bueno)","3 (Bueno)","4 (Muy bueno)","4 (Muy bueno)","2 (Malo)","3 (Bueno)",Alto,"La responsabilidad de transmitir a los estudiantes la importancia de ser un ciudadano digital responsable.","Muchas actividades que tendré dificultades para llevar a cabo por mi bajo manejo de uso del internet.","Evaluar de manera más personalizada el manejo del uso de plataformas digitales."
43,"Muy Satisfecho",Sí,Sí,Sí,"Mucho más de lo esperado","2-3 horas","Los conozco y los manejo con profundidad.","4 (Muy bueno)","4 (Muy bueno)","4 (Muy bueno)","4 (Muy bueno)","4 (Muy bueno)","4 (Muy bueno)","4 (Muy bueno)","4 (Muy bueno)","4 (Muy bueno)","4 (Muy bueno)","4 (Muy bueno)","4 (Muy bueno)","4 (Muy bueno)","4 (Muy bueno)","3 (Bueno)",Alto,"El conocer a los colegas CRA a través de la plataforma, compartir experiencias CRA . Y la retroalimentación de los cursos que realicé","El no poder compartir estos cursos en forma presencial.","Que nuestros tutores se acerquen más a nosotros, aunque sea para decirnos buenos días"
44,Satisfecho,Sí,Sí,Sí,"Menos de lo esperado","6-8 horas","He escuchado de los contenidos, pero no los conocía.","3 (Bueno)","3 (Bueno)","1 (Muy malo)","3 (Bueno)","3 (Bueno)","1 (Muy malo)","3 (Bueno)","3 (Bueno)","3 (Bueno)","3 (Bueno)","3 (Bueno)","3 (Bueno)","3 (Bueno)","3 (Bueno)","3 (Bueno)",Bajo,"Temas de contingencia","Poca claridad del curso ( no saber donde quedamos la clase anterior)","Más personalizado"
45,"Muy Satisfecho",Sí,Sí,Sí,"Lo esperado","4-6 horas","Los conozco y me son familiares, pero no los manejo en profundidad.","3 (Bueno)","3 (Bueno)","3 (Bueno)","3 (Bueno)","3 (Bueno)","4 (Muy bueno)","4 (Muy bueno)","3 (Bueno)","3 (Bueno)","3 (Bueno)","4 (Muy bueno)","3 (Bueno)","4 (Muy bueno)","3 (Bueno)","4 (Muy bueno)",Alto,"LO APRENDIDO Y LAS MARAVILLOSAS PERSONAS QUE CONOCÍ.","EL POCO TIEMPO DESTINADO PARA REALIZARLO. LO DEMÁS TODO BIEN, PERO EL TIEMPO ES POCO PARA TANTO QUE HAY QUE LEER Y REALIZAR.","LOS CURSOS DEBERÍAN REALIZARSE DE A UNO, TERMINA ESTE Y COMIENZA EL OTRO, PERO NO VARIOS JUNTOS, YA QUE LA FALTA DE TIEMPO EN ESTE PERÍODO ES GIGANTE, EL TIEMPO NOS FALTA Y CREO QUE A TODAS, PUES TODAS SOMOS TRABAJADORAS, MAMÁS, ESPOSAS Y TENEMOS DEBERES QUE CUMPLIR EN NUESTRAS CASAS, Y EN EL COLEGIO NOS DESTINAN A DIFERENTES FUNCIONES, INCLUSO SOMOS PARCHE EN OCASIONES.  CREO SINCERAMENTE QUE LOS CURSOS DEBIERAN SER DE A UNO, CON TIEMPO DE INICIO Y DE TÉRMINO, PARA LUEGO INICIAR UNO NUEVO.  LOS TIEMPOS CON TANTOS CURSOS SE HACEN NADA.  ESPERO PUEDAN TOMAR EN CONSIDERACIÓN LO RELACIONADO CON EL TIEMPO O PLAZO PARA CADA CURSO, QUE SON CASI TODOS JUNTOS."
46,Satisfecho,Sí,No,Sí,"Más de lo esperado","6-8 horas","Los conozco y me son familiares, pero no los manejo en profundidad.","3 (Bueno)","3 (Bueno)","3 (Bueno)","4 (Muy bueno)","3 (Bueno)","3 (Bueno)","3 (Bueno)","3 (Bueno)","3 (Bueno)","3 (Bueno)","3 (Bueno)","3 (Bueno)","3 (Bueno)","3 (Bueno)","4 (Muy bueno)",Alto,"LA RETROALIMENTACION","LOS TIEMPOS","QUE LOS WEBINAR SEAN MAS TEMPRANO"
47,Satisfecho,Sí,Sí,Sí,"Más de lo esperado","4-6 horas","He escuchado de los contenidos, pero no los conocía.","3 (Bueno)","4 (Muy bueno)","4 (Muy bueno)","4 (Muy bueno)","4 (Muy bueno)","4 (Muy bueno)","4 (Muy bueno)","4 (Muy bueno)","4 (Muy bueno)","3 (Bueno)","3 (Bueno)","3 (Bueno)","3 (Bueno)","3 (Bueno)","3 (Bueno)",Alto,todo,"los modulos, la manera en que estan distribidos",...
48,Satisfecho,Sí,Sí,Sí,"Menos de lo esperado","2-3 horas","No los conocía; no había escuchado de estos.","3 (Bueno)","2 (Malo)","3 (Bueno)","2 (Malo)","2 (Malo)","3 (Bueno)","3 (Bueno)","3 (Bueno)","3 (Bueno)","3 (Bueno)","3 (Bueno)","3 (Bueno)","3 (Bueno)","3 (Bueno)","3 (Bueno)",Bajo,"los videos que son presentados son muy buenos y claros.","Mucho que leer, para el poco tiempo que se le dedica.","Más tiempo para poder realizar los cursos, debido al material que hay que leer."
49,Satisfecho,Sí,Sí,Sí,"Más de lo esperado","2-3 horas","No los conocía; no había escuchado de estos.","3 (Bueno)","3 (Bueno)","3 (Bueno)","3 (Bueno)","3 (Bueno)","3 (Bueno)","3 (Bueno)","3 (Bueno)","3 (Bueno)","3 (Bueno)","3 (Bueno)","3 (Bueno)","3 (Bueno)","3 (Bueno)","3 (Bueno)",Alto,0,0,0
50,"Muy Satisfecho",Sí,Sí,Sí,"Mucho más de lo esperado","4-6 horas","He escuchado de los contenidos, pero no los conocía.","4 (Muy bueno)","4 (Muy bueno)","4 (Muy bueno)","4 (Muy bueno)","4 (Muy bueno)","2 (Malo)","4 (Muy bueno)","4 (Muy bueno)","4 (Muy bueno)","4 (Muy bueno)","4 (Muy bueno)","4 (Muy bueno)","4 (Muy bueno)","3 (Bueno)","2 (Malo)","Muy alto","Aprendí mucho","Mucha información y poco tiempo para realizar el curso","Que los establecimientos educacionales nos puedan proporcionar tiempo y recursos para realizar bien los cursos"
51,"Muy Satisfecho",Sí,Sí,Sí,"Más de lo esperado","2-3 horas","Los conozco y me son familiares, pero no los manejo en profundidad.","4 (Muy bueno)","4 (Muy bueno)","4 (Muy bueno)","4 (Muy bueno)","4 (Muy bueno)","4 (Muy bueno)","4 (Muy bueno)","4 (Muy bueno)","4 (Muy bueno)","4 (Muy bueno)","4 (Muy bueno)","4 (Muy bueno)","4 (Muy bueno)","4 (Muy bueno)","4 (Muy bueno)","Muy alto","Buena información",-,-
52,Satisfecho,Sí,No,Sí,"Mucho más de lo esperado","2-3 horas","He escuchado de los contenidos, pero no los conocía.","4 (Muy bueno)","4 (Muy bueno)","4 (Muy bueno)","4 (Muy bueno)","4 (Muy bueno)","4 (Muy bueno)","4 (Muy bueno)","4 (Muy bueno)","4 (Muy bueno)","4 (Muy bueno)","4 (Muy bueno)","4 (Muy bueno)","4 (Muy bueno)","4 (Muy bueno)","4 (Muy bueno)","Muy alto","siento que aprendi mucho, estoy muy impresionada es muy grato entender los logros que puedo entender.","La fecha, en estos meses estoy con mucho trabajo administrativo y siento que no le dedique el tiempo que este curso merece.","Que se dicte en el primer semestre, entre abril y mayo."
53,Satisfecho,Sí,Sí,Sí,"Más de lo esperado","2-3 horas","He escuchado de los contenidos, pero no los conocía.","3 (Bueno)","3 (Bueno)","3 (Bueno)","3 (Bueno)","3 (Bueno)","3 (Bueno)","3 (Bueno)","3 (Bueno)","3 (Bueno)","3 (Bueno)","3 (Bueno)","3 (Bueno)","3 (Bueno)","3 (Bueno)","3 (Bueno)",Alto,"Todo lo aprendido.","Mucha actividades","Que no fueran tantas actividades"
54,Satisfecho,Sí,Sí,Sí,"Lo esperado","Más de 8 horas","Los conozco y me son familiares, pero no los manejo en profundidad.","3 (Bueno)","3 (Bueno)","3 (Bueno)","3 (Bueno)","3 (Bueno)","3 (Bueno)","3 (Bueno)","3 (Bueno)","3 (Bueno)","3 (Bueno)","3 (Bueno)","3 (Bueno)","3 (Bueno)","3 (Bueno)","3 (Bueno)",Alto,"Excelente material","La plataforma no es muy amigable","Mejorar la plataforma que sea mas accesible."
55,"Muy Satisfecho",Sí,No,Sí,"Lo esperado","4-6 horas","He escuchado de los contenidos, pero no los conocía.","3 (Bueno)","3 (Bueno)","3 (Bueno)","3 (Bueno)","4 (Muy bueno)","3 (Bueno)","2 (Malo)","3 (Bueno)","3 (Bueno)","4 (Muy bueno)","3 (Bueno)","2 (Malo)","3 (Bueno)","3 (Bueno)","3 (Bueno)",Alto,"Contacto con personas de apoyo","Actividades muy largas","Actividades más concretas"
56,"Muy Satisfecho",Sí,Sí,Sí,"Más de lo esperado","2-3 horas","He escuchado de los contenidos, pero no los conocía.","3 (Bueno)","3 (Bueno)","3 (Bueno)","3 (Bueno)","3 (Bueno)","3 (Bueno)","3 (Bueno)","3 (Bueno)","3 (Bueno)","3 (Bueno)","3 (Bueno)","3 (Bueno)","3 (Bueno)","3 (Bueno)","3 (Bueno)",Alto,"Muy interesante los contenidos pero demasiado extensos y muchos si ben es cierto que son de utilidad para nuestro trabajo requiere mucha dedicación y tiempo lo que realmente es muy complicado más cuando te asignan dos cursos a la vez y aparte de eso debemos cumplir con nuestras tareas diarias si bien con permiso para ingresar al curso durante el horario laboral igual se hace complicado.","La cantidad excesiva de actividades que que requería este cursos.","Reducir la cantidad de actividades en los foros."
57,"Muy Satisfecho",Sí,Sí,Sí,"Mucho más de lo esperado","Más de 8 horas","Los conozco y me son familiares, pero no los manejo en profundidad.","4 (Muy bueno)","4 (Muy bueno)","4 (Muy bueno)","4 (Muy bueno)","4 (Muy bueno)","4 (Muy bueno)","4 (Muy bueno)","4 (Muy bueno)","4 (Muy bueno)","4 (Muy bueno)","4 (Muy bueno)","4 (Muy bueno)","4 (Muy bueno)","4 (Muy bueno)","4 (Muy bueno)","Muy alto","Los contenidos","La cantidad de actividades","Recibir retroalimentación oportuna de las actividades ya que se dedicó mucho tiempo y aún no han sido revisadas."
58,"Muy Satisfecho",Sí,Sí,Sí,"Más de lo esperado","Más de 8 horas","Los conozco y me son familiares, pero no los manejo en profundidad.","4 (Muy bueno)","4 (Muy bueno)","4 (Muy bueno)","4 (Muy bueno)","4 (Muy bueno)","3 (Bueno)","4 (Muy bueno)","4 (Muy bueno)","4 (Muy bueno)","4 (Muy bueno)","4 (Muy bueno)","4 (Muy bueno)","4 (Muy bueno)","3 (Bueno)","3 (Bueno)","Muy alto","conocimiento nuevo para poder aplicar","TODO OK","QUE EL ORDEN DE LOS CURSOS SEA CORRELATIVO, YO EMPECE CON CURSOS C.G.F Y NO EN LOS INICIALES"
