﻿"Respuesta número","En general, ¿cuál es su nivel de satisfacción con el curso que acaba de terminar?","¿Recomendaría este curso a otro encargado de biblioteca?                       ","¿Volvería a realizar un curso de estas mismas características?          ","¿Eran coherentes las actividades de aprendizaje propuestas para el curso?","Según la percepción de su proceso de aprendizaje y las características de este curso, ¿cuánto considera que aprendió?","¿Cuántas horas cronológicas semanales dedicó a este curso?","¿Qué tan familiares son para usted los contenidos tratados en el curso?","Claridad de los contenidos del curso (temas, definiciones, términos conceptuales, etc.).","Contextualización de los contenidos a su realidad laboral.","La progresión de la secuencia de aprendizaje para ir tratando los contenidos del curso.","Claridad del diseño gráfico de las pantallas de la plataforma.","Facilidad de navegación en la plataforma.","El funcionamiento de la mesa de ayuda para estudiantes (mediante contacto por correo electrónico).","Claridad de las actividades de aprendizaje propuestas.","Consistencia de las actividades de aprendizaje propuestas con los aprendizajes del curso.","Coherencia de las actividades de aprendizaje propuestas.","Cantidad de información aportada por el curso.","Profundidad en el tratamiento de los aprendizajes esperados.","Claridad de las instrucciones de las actividades.","Claridad de las instrucciones y preguntas en las evaluaciones.","Calidad de las orientaciones para retroalimentar las actividades y evaluaciones.","El apoyo del tutor para responder preguntas en el foro.","¿Cómo evaluaría el nivel de transferencia de los aprendizajes a su contexto laboral?","¿Cómo evaluaría el nivel de transferencia de los aprendizajes a su contexto laboral?","¿Qué es lo que más valora del curso que acaba de terminar?              ","¿Qué es lo que menos le gustó del curso que acaba de terminar?          ","¿Qué sugerencias haría para mejorar el curso en el futuro?"
1,Insatisfecho,No,No,No,"Menos de lo esperado","6-8 horas","He escuchado de los contenidos, pero no los conocía.","3 (Bueno)","4 (Muy bueno)","3 (Bueno)","1 (Muy malo)","1 (Muy malo)","2 (Malo)","3 (Bueno)","2 (Malo)","2 (Malo)","1 (Muy malo)","2 (Malo)","2 (Malo)","2 (Malo)","2 (Malo)","3 (Bueno)",Bajo,mm,m,"la plataforma muy enredada","cambiar de plataforma"
2,Satisfecho,Sí,Sí,Sí,"Más de lo esperado","Más de 8 horas","He escuchado de los contenidos, pero no los conocía.","4 (Muy bueno)","3 (Bueno)","3 (Bueno)","4 (Muy bueno)","4 (Muy bueno)","3 (Bueno)","3 (Bueno)","3 (Bueno)","3 (Bueno)","3 (Bueno)","3 (Bueno)","3 (Bueno)","3 (Bueno)","3 (Bueno)","3 (Bueno)",Alto,"Ha sido un buen aprendizaje y con certeza todos os conocimientos serán aplicados a nuestro contexto escolar.","La claridad en la información recibida y el poder comenzar mi trabajo en el CRA conociendo los términos y la forma de gestionar los recursos.","Creo que fue todo muy rápido, en mi caso, como tuve que hacerlo mientras trabajo como docente, sentí que tenía poco tiempo para asimilar los conocimientos adquiridos. Lo haría de nuevo pero más lentamente, sin la exigencia de terminarlo tan rápido. A mi ritmo, para aplicar e implementar los conocimientos de inmediato antes de pasar al próximo desafío.","Mi sugerencia sería esa, que los alumnos puedan ir avanzando a su ritmo. Dar un período más largo para el desarrollo de todas las actividades de tal manera que podamos concretar los aprendizajes y no solo cumplir con lo requerido.  Y respecto a las actividades, no evalué mal el acompañamiento del tutor, pero 2 veces realicé consulta sobre cómo realizar una actividad y no recibí respuesta, así que como el plazo vencía tuve que avanzar sin entender completamente lo que debía hacer."
3,Satisfecho,Sí,Sí,Sí,"Lo esperado","2-3 horas","Los conozco y me son familiares, pero no los manejo en profundidad.","3 (Bueno)","3 (Bueno)","3 (Bueno)","3 (Bueno)","4 (Muy bueno)","4 (Muy bueno)","3 (Bueno)","3 (Bueno)","3 (Bueno)","4 (Muy bueno)","3 (Bueno)","3 (Bueno)","3 (Bueno)","3 (Bueno)","4 (Muy bueno)",Alto,"Muy buena, ademas de darme cuenta en que esta en desmedro, me sirvio para reparar lo que fataba y asi poder entregar un mejor servicio.","Lo mas valorado fue el leer y luego la actividad inmediatamente, y los foros de todas maneras.","Me angustie al principio no saber donde enviar y como enviar algunas actividades, igual que el tiempo tambien fue angustiante pero espirar y vamos que se puede.","Que fuese menos lectura mas videos o mas webinar pero con asistencia de participacion, etc."
4,Satisfecho,Sí,Sí,Sí,"Lo esperado","2-3 horas","Los conozco y me son familiares, pero no los manejo en profundidad.","3 (Bueno)","3 (Bueno)","3 (Bueno)","3 (Bueno)","3 (Bueno)","3 (Bueno)","3 (Bueno)","3 (Bueno)","3 (Bueno)","3 (Bueno)","3 (Bueno)","3 (Bueno)","3 (Bueno)","3 (Bueno)","3 (Bueno)",Alto,"bueno, creo que lo aprendido se puede llevar a cabo en el establecimiento y así mejorar el servicio de la biblioteca escolar CRA","la catalogación  me encanto, creo que se muestra otra forma de mantener un orden.","que solo mostraron el abies 2.0","implementar otros programas para el prestamos de libros"
5,Insatisfecho,No,No,Sí,"Menos de lo esperado","6-8 horas","Los conozco y me son familiares, pero no los manejo en profundidad.","2 (Malo)","2 (Malo)","2 (Malo)","2 (Malo)","2 (Malo)","1 (Muy malo)","1 (Muy malo)","2 (Malo)","2 (Malo)","2 (Malo)","2 (Malo)","1 (Muy malo)","2 (Malo)","2 (Malo)","1 (Muy malo)",Bajo,bajo,"algunos conceptos","plataforma poco amigable","fechas mas adecuadas"
6,Insatisfecho,No,No,No,"Lo esperado","2-3 horas","Los conozco y me son familiares, pero no los manejo en profundidad.","2 (Malo)","2 (Malo)","2 (Malo)","2 (Malo)","2 (Malo)","2 (Malo)","3 (Bueno)","3 (Bueno)","3 (Bueno)","3 (Bueno)","3 (Bueno)","3 (Bueno)","3 (Bueno)","3 (Bueno)","2 (Malo)",Bajo,bueno,"entender cual es el rol de la bibliotecaria.","la plataforma","mejorar la plataforma y que los encargados de responder nuestras dudas nos respondan."
7,Insatisfecho,Sí,No,No,"Lo esperado","Más de 8 horas","Los conozco y me son familiares, pero no los manejo en profundidad.","1 (Muy malo)","1 (Muy malo)","1 (Muy malo)","1 (Muy malo)","1 (Muy malo)","1 (Muy malo)","1 (Muy malo)","3 (Bueno)","3 (Bueno)","1 (Muy malo)","1 (Muy malo)","1 (Muy malo)","1 (Muy malo)","1 (Muy malo)","3 (Bueno)","Muy bajo","Se conocen los conceptos, una retroalimentación de capacitaciones anteriores.","La verdad fue un curso que significo un gran desgaste dada la poca claridad de las instrucciones y en un momento poco adecuado.","Dentro de todo lo malo, lo peor fue no tener claridad de las instrucciones en las actividades-.","Reformular los tiempos  de trabajo, y que debió en el comienzo de año o mitad de año, pero no en este tiempo."
8,Satisfecho,Sí,Sí,Sí,"Más de lo esperado","Más de 8 horas","He escuchado de los contenidos, pero no los conocía.","3 (Bueno)","3 (Bueno)","3 (Bueno)","3 (Bueno)","2 (Malo)","2 (Malo)","3 (Bueno)","3 (Bueno)","3 (Bueno)","3 (Bueno)","3 (Bueno)","3 (Bueno)","1 (Muy malo)","2 (Malo)","2 (Malo)",Alto,"Me servirá en todo el contexto , pues esto es todo nuevo para mi , llevo muy poco a cargo del CRA y quiero implementar todo lo aprendido para mejorar cada una de las falencias que tenga mi escuela.","Los contenidos y todo lo que tuve que investigar , fue muy frustrante , pero aprendí y siempre se  podrá  mejorar las falencias y las inquietudes que puedan encontrar .","Las evaluaciones , muchas preguntas no correspondían a los contenidos abordados, solo se encontraban investigando y los tiempos para ello eran limitados tanto por nuestras responsabilidades laboral y familiares , mas caída de internet , plataforma complicada .","Tener plataformas mas amigables , trabajar con mas comunicación por necesidad a nuestras inquietudes."
9,Satisfecho,Sí,Sí,Sí,"Más de lo esperado","Más de 8 horas","Los conozco y me son familiares, pero no los manejo en profundidad.","3 (Bueno)","2 (Malo)","3 (Bueno)","3 (Bueno)","3 (Bueno)","3 (Bueno)","3 (Bueno)","3 (Bueno)","3 (Bueno)","3 (Bueno)","3 (Bueno)","2 (Malo)","3 (Bueno)","3 (Bueno)","3 (Bueno)",Alto,"si aporto en varias actividades a las que le puedo sacar provecho de lo aprendido","algunos contenidos  que puedo aplicar informe de circulación
y como restaurar o limpiar los textos","algunas actividades muy largas 
y fueron muchas","este curso no es muy amigable con las personas que no manejas mucho el computador  
y las dificultades para resolver las pautas  ya que las repuestas  de los tutores  no es inmediata ya que esperar para avanzar"
10,Satisfecho,Sí,Sí,Sí,"Más de lo esperado","6-8 horas","Los conozco y me son familiares, pero no los manejo en profundidad.","3 (Bueno)","3 (Bueno)","3 (Bueno)","4 (Muy bueno)","3 (Bueno)","3 (Bueno)","3 (Bueno)","3 (Bueno)","3 (Bueno)","3 (Bueno)","3 (Bueno)","3 (Bueno)","3 (Bueno)","3 (Bueno)","3 (Bueno)",Alto,"Mejoró mucho mi trabajo, me faltaba un poco de instrucción en cuanto a la catalogación","dinámico, me gustó mucho aprendí cosas que me faltaba","me costaba un poco enviar los trabajos, de repente me perdí en varias oportunidades.","Eso de enviar tareas y participar en foros me costó mucho.  Me gustaría que se mejorara esa parte"
11,"Muy Insatisfecho",Sí,Sí,Sí,"Lo esperado","Más de 8 horas","Los conozco y me son familiares, pero no los manejo en profundidad.","4 (Muy bueno)","3 (Bueno)","4 (Muy bueno)","4 (Muy bueno)","4 (Muy bueno)","4 (Muy bueno)","3 (Bueno)","4 (Muy bueno)","4 (Muy bueno)","4 (Muy bueno)","4 (Muy bueno)","4 (Muy bueno)","4 (Muy bueno)","4 (Muy bueno)","3 (Bueno)","Muy alto","bueno siempre se  aprende más","los aprendizajes y las  intervenciones de los colegas ya que  de ellos aprendi  mucho","el tiempo  es muy poco","más tiempo para hacer las actividades"
12,"Muy Satisfecho",Sí,Sí,Sí,"Más de lo esperado","2-3 horas","He escuchado de los contenidos, pero no los conocía.","4 (Muy bueno)","3 (Bueno)","3 (Bueno)","3 (Bueno)","3 (Bueno)","3 (Bueno)","4 (Muy bueno)","3 (Bueno)","3 (Bueno)","4 (Muy bueno)","3 (Bueno)","4 (Muy bueno)","4 (Muy bueno)","3 (Bueno)","3 (Bueno)",Alto,"Es muy relevante y de aporte en el uso de herramientas futuras","Que me permite conocer fundamentos de contenidos aplicados a la Biblioteca","que cuesta orientarse en la plataforma","que los cursos se presentaran secuencialmente o con un menú relacionado al avance de los cursos"
13,Satisfecho,Sí,Sí,Sí,"Más de lo esperado","2-3 horas","Los conozco y me son familiares, pero no los manejo en profundidad.","3 (Bueno)","3 (Bueno)","3 (Bueno)","3 (Bueno)","2 (Malo)","3 (Bueno)","2 (Malo)","2 (Malo)","3 (Bueno)","3 (Bueno)","3 (Bueno)","2 (Malo)","3 (Bueno)","3 (Bueno)","3 (Bueno)",Alto,"adecuado, pero ahi bastantes temas que no serian factibles, de acuerdo al nivel de cada establecimiento","entrega mas herramientas a lo que estamos poniendo en practica","la plataforma me salió algo confusa","que exista a lo menos 1 o 2 clases presenciales"
14,"Muy Satisfecho",Sí,Sí,Sí,"Mucho más de lo esperado","6-8 horas","Los conozco y me son familiares, pero no los manejo en profundidad.","4 (Muy bueno)","3 (Bueno)","4 (Muy bueno)","4 (Muy bueno)","4 (Muy bueno)","4 (Muy bueno)","3 (Bueno)","4 (Muy bueno)","4 (Muy bueno)","4 (Muy bueno)","4 (Muy bueno)","3 (Bueno)","4 (Muy bueno)","4 (Muy bueno)","4 (Muy bueno)",Alto,"Muy significativo por el tiempo empleado, refuerza mi interés por seguir actualizandome, para potenciar mis competencias educativas.","La facilidad de trabajo, la flexibilidad de los tiempos, la oportuna respuesta de los participantes en el foro, mucho aporte y ayuda de guías, videos tutoriales, uso de la tecnología , gracias.","No contar con los recursos disponibles para trabajar con herramientas de software abies, es decir, computador no compatible mac y tener en el liceo computador antiguo y lento.","Considerar compatibilidad de recursos que dispone el usuario, con el fin de prever posibles dificultades en el acceso a la información."
15,"Muy Satisfecho",Sí,Sí,Sí,"Lo esperado","Más de 8 horas","Los conozco y me son familiares, pero no los manejo en profundidad.","4 (Muy bueno)","3 (Bueno)","3 (Bueno)","3 (Bueno)","3 (Bueno)","3 (Bueno)","3 (Bueno)","3 (Bueno)","3 (Bueno)","3 (Bueno)","3 (Bueno)","3 (Bueno)","4 (Muy bueno)","3 (Bueno)","3 (Bueno)",Alto,"el contenido del curso es muy bueno para poder llevar a la practica la organización de una biblioteca desde un principio. la información de catalogación y clasificación es muy completa para trabajar en procesos técnicos de los recursos de la biblioteca escolar.","la información entregada para el aprendizaje la encontré muy completa y muy útil para mejorar el trabajo administrativo de una encargada de biblioteca escolar","el diseño de la pagina para seguir pautas del curso me costo un poco entender, donde tenia que pinchar para responder actividades me costo un poco encontrarla.","mi sugerencia seria que estuvieran mas claros los ítems de actividades  y como acceder al foro, contestar y enviar archivos adjuntos me complico porque  los podía descargar , imprimir y contestar, pero después había que escanear la hoja a mi parecer para enviar y no cuento con impresora con escánear me complico mucho pero en general el curso esta muy bueno y aprendí mucho. GRACIAS"
16,Satisfecho,Sí,Sí,Sí,"Lo esperado","6-8 horas","Los conozco y me son familiares, pero no los manejo en profundidad.","3 (Bueno)","3 (Bueno)","3 (Bueno)","3 (Bueno)","2 (Malo)","3 (Bueno)","2 (Malo)","3 (Bueno)","3 (Bueno)","3 (Bueno)","3 (Bueno)","2 (Malo)","3 (Bueno)","2 (Malo)","3 (Bueno)",Alto,"bueno, yo conocía los contenidos pero no en profundidad y me sirvió lo aprendido","que profundizo en los aspectos en los que yo estaba débil.","que estaba enredado las instrucciones, los foros colapsaban el correo,","que las actividades que se terminan vayan quedando bloqueadas o marcadas  porque tuve que revisar muchas veces para saber si ya las había realizado."
17,Satisfecho,Sí,Sí,Sí,"Más de lo esperado","4-6 horas","He escuchado de los contenidos, pero no los conocía.","3 (Bueno)","3 (Bueno)","3 (Bueno)","3 (Bueno)","3 (Bueno)","3 (Bueno)","3 (Bueno)","3 (Bueno)","3 (Bueno)","3 (Bueno)","3 (Bueno)","2 (Malo)","2 (Malo)","3 (Bueno)","3 (Bueno)",Alto,"Bueno porque yo estoy recién formando la biblioteca en el establecimiento","La información entregada","algunas evaluaciones no podían contestarse de manera correcta, terminaban solas sin haber comenzado aún","realizar grupos de WhatsApp para resolver dudas y no esperar a que contesten en el correo"
18,"Muy Satisfecho",Sí,Sí,Sí,"Lo esperado","4-6 horas","Los conozco y me son familiares, pero no los manejo en profundidad.","4 (Muy bueno)","3 (Bueno)","4 (Muy bueno)","3 (Bueno)","3 (Bueno)","3 (Bueno)","4 (Muy bueno)","4 (Muy bueno)","4 (Muy bueno)","4 (Muy bueno)","4 (Muy bueno)","3 (Bueno)","4 (Muy bueno)","4 (Muy bueno)","3 (Bueno)","Muy alto","Por el momento todo es en teoría, ya que la biblioteca se encuentra cerrada y no se puede utilizar la colección, pero una vez que todo vuelva a la normalidad, podré aplicar lo aprendido.","lo completo y necesario de la información que se nos entregó.","En un comienzo encontré complicado el manejo de la plataforma. pero con el tiempo fui comprendiendo el funcionamiento de esta.","La única sugerencia es, que la plataforma sea más sencilla y comprensible al momento de buscar la información.
Y que exista un video donde explique como funciona la herramienta Estadísticas del programa Abies."
19,Satisfecho,Sí,Sí,Sí,"Lo esperado","Más de 8 horas","Los conozco y me son familiares, pero no los manejo en profundidad.","3 (Bueno)","3 (Bueno)","3 (Bueno)","3 (Bueno)","2 (Malo)","3 (Bueno)","3 (Bueno)","3 (Bueno)","3 (Bueno)","3 (Bueno)","3 (Bueno)","2 (Malo)","3 (Bueno)","3 (Bueno)","3 (Bueno)",Alto,"Bueno, es posible hacer la relación","El ser simple pero de interés","tuve problemas con la plataforma en la primera evaluación. Después nunca encontré cómo responder. Me metía en las respuestas de mis compañeros de cualquier módulo para enviar mis tareas.","claridad en las páginas para responder las actividades y enviar las tareas. Nunca encontré cómo responder ,puse actividades de un módulo en otro."
20,Satisfecho,Sí,No,Sí,"Lo esperado","6-8 horas","Los conozco y me son familiares, pero no los manejo en profundidad.","3 (Bueno)","3 (Bueno)","3 (Bueno)","4 (Muy bueno)","4 (Muy bueno)","3 (Bueno)","3 (Bueno)","3 (Bueno)","3 (Bueno)","4 (Muy bueno)","3 (Bueno)","3 (Bueno)","3 (Bueno)","3 (Bueno)","3 (Bueno)",Alto,"Es un proceso mediante el cual hay que ir aplicando lo aprendido.","Los conocimientos adquiridos,","Que no hay mayor retroalimentación en relación a las actividades que uno realizaba.","Que haya más interacción entre todos los participantes, ya sea virtual o presencial."
21,"Muy Insatisfecho",Sí,Sí,Sí,"Más de lo esperado","2-3 horas","He escuchado de los contenidos, pero no los conocía.","3 (Bueno)","4 (Muy bueno)","4 (Muy bueno)","4 (Muy bueno)","4 (Muy bueno)","3 (Bueno)","3 (Bueno)","4 (Muy bueno)","4 (Muy bueno)","4 (Muy bueno)","4 (Muy bueno)","3 (Bueno)","4 (Muy bueno)","3 (Bueno)","3 (Bueno)","Muy alto","el curso sirve mucho para poder aplicarlo en mi establecimiento aunque al usar otro software dificulta un poco poder utilizar lo aprendido.","Los aprendizajes adquiridos, poder aprender a como debo mantener y ordenar la biblioteca.","Que la primera evaluación se me cerrara al minuto de abrirla, y lo otro que fueran muchos trabajos en foro debido a mi tiempo se me dificulta responder.","Mas evaluaciones y menos foros"
22,Insatisfecho,No,No,No,"Lo esperado","2-3 horas","Los conozco y me son familiares, pero no los manejo en profundidad.","2 (Malo)","2 (Malo)","2 (Malo)","1 (Muy malo)","2 (Malo)","1 (Muy malo)","2 (Malo)","3 (Bueno)","2 (Malo)","3 (Bueno)","2 (Malo)","1 (Muy malo)","2 (Malo)","2 (Malo)","1 (Muy malo)",Alto,"se agradece la intencion del curso pero como estado no sacamos nada con capacitarnos de esta forma si realmente no apuntamos al problema medular que es coordinar las acciones de mejor forma para que el alumno se motive en leer mas .","valoro el recordatorio de las materias pero extraño mas automatizacion de l nuevo sistema de inventario , que en nuestro caso ya fue resuelto por sistema propio","en general el desorden del planteamiento del curso , es decir partir por el j y no por el A despues el b y el d , deberian haber enviado el curso completo en pdf para estudiarlo y despues rendir las pruebas","que los monitores sean mas activos , via comunicacion verbal y no via correo"
23,Satisfecho,Sí,Sí,Sí,"Lo esperado","2-3 horas","Los conozco y me son familiares, pero no los manejo en profundidad.","3 (Bueno)","3 (Bueno)","3 (Bueno)","3 (Bueno)","3 (Bueno)","3 (Bueno)","3 (Bueno)","3 (Bueno)","3 (Bueno)","3 (Bueno)","3 (Bueno)","3 (Bueno)","3 (Bueno)","3 (Bueno)","3 (Bueno)",Alto,"Bueno, pero falta mucho por aplicar","Poder aprender y aclarar conceptos,
para aplicar en nuestro trabajo.","Todo bien, pero siento que me falto tiempo, por mi trabajo","Que se hagan más seguido."
24,"Muy Satisfecho",Sí,Sí,Sí,"Más de lo esperado","4-6 horas","No los conocía; no había escuchado de estos.","4 (Muy bueno)","4 (Muy bueno)","4 (Muy bueno)","4 (Muy bueno)","3 (Bueno)","4 (Muy bueno)","4 (Muy bueno)","4 (Muy bueno)","4 (Muy bueno)","4 (Muy bueno)","4 (Muy bueno)","4 (Muy bueno)","4 (Muy bueno)","4 (Muy bueno)","4 (Muy bueno)","Muy alto","muy alto , ya que el curso me permitió organizarme de una mejor manera","El aprendizaje y la ayuda casi inmediata del equipo de soporte al momento de presentar dudas o problemas","creo que desde un principio se me hacia la pagina poco amigable, pero fue cosa de aprender a usarla","realizar una mini capacitación antes de empezar con los cursos de auto-aprendizaje, ya que la pagina al principio era un tanto difícil de usar, pero fuera de eso muy agradecido"
25,Satisfecho,Sí,Sí,Sí,"Más de lo esperado","2-3 horas","Los conozco y me son familiares, pero no los manejo en profundidad.","3 (Bueno)","4 (Muy bueno)","3 (Bueno)","4 (Muy bueno)","4 (Muy bueno)","4 (Muy bueno)","3 (Bueno)","3 (Bueno)","3 (Bueno)","4 (Muy bueno)","4 (Muy bueno)","4 (Muy bueno)","4 (Muy bueno)","3 (Bueno)","3 (Bueno)",Alto,"El curso es muy bueno mi problema es el tiempo y el estar en pandemia.
Yo sabia cosas muy basicas y aprendi muchas cosas que no sabia pero debido a que tengo muchas funciones en el lIceo podría haber disfrutado mas del curso si hubiera tenido tiempo.

gracias por el curso nunca imagine aprender tanto, aunque no niego me gustaría conocer a alguien presencial y poder tener su opinión de la biblioteca del Liceo.","Lo práctico que fue. Es un curso que te permite aprender haciendo y leyendo. Eso es muy bueno.

Me gustaría saber si estos modelos estarán disponibles en fisicoquímicos o virtual para poder retomarlo cuando tenga mas tiempo.",nada,"Poder hacerlo en horario laboral o hacerlo cuando no estemos trabajando , vacaciones para tener tiempo para dedicarse.
Otra cosa es que me gustaría tener el material físico o digital para poder leerlo en las vacaciones o cuando tenga tiempo de poder leerlo para seguir perfeccionando cosas que se me fueron o no percibí.
Gracias
Andrea Hernandez"
26,Satisfecho,Sí,Sí,Sí,"Lo esperado","4-6 horas","He escuchado de los contenidos, pero no los conocía.","3 (Bueno)","3 (Bueno)","3 (Bueno)","3 (Bueno)","3 (Bueno)","3 (Bueno)","3 (Bueno)","3 (Bueno)","3 (Bueno)","3 (Bueno)","3 (Bueno)","3 (Bueno)","3 (Bueno)","3 (Bueno)","3 (Bueno)",Alto,Bueno,"Poder aplicar información sobre la función de CRA.
Limitado a la falta de Materiales reales por ser de un Liceo de Educación de Adultos, que no recibe las colecciones y materiales que otros establecimientos si reciben","Que consideren que todos los establecimientos cuentan con las colecciones y materiales como computadores, que nosotros no tenemos por ser de Otra Categoria","Que el Mineduc se preocupe de igualar a todos los establecimientos con los recursos necesarios para sus CRA( colecciones de libros, computadores para los usuarios como mínimo) ya que mucha de la Información entregada en este curso quede solo en la teoría y en el aprendizaje del encargado. y que no se pueda llevar a la practica"
27,"Muy Satisfecho",Sí,Sí,Sí,"Más de lo esperado","2-3 horas","Los conozco y me son familiares, pero no los manejo en profundidad.","4 (Muy bueno)","4 (Muy bueno)","4 (Muy bueno)","4 (Muy bueno)","3 (Bueno)","4 (Muy bueno)","4 (Muy bueno)","4 (Muy bueno)","4 (Muy bueno)","4 (Muy bueno)","4 (Muy bueno)","4 (Muy bueno)","4 (Muy bueno)","4 (Muy bueno)","4 (Muy bueno)","Muy alto","muy atingente a la realidad y el contexto en el que trabajamos en la biblioteca CRA.","Profundizar conocimientos y compartir experiencias en el foro.","El tiempo que uno tiene para conectarse al desarrollo del curso y factores externos como la conectividad en el trabajo","que estos cursos se puedan realizar en el primer SEMESTRE del año."
28,"Muy Satisfecho",Sí,Sí,Sí,"Lo esperado","Más de 8 horas","Los conozco y me son familiares, pero no los manejo en profundidad.","3 (Bueno)","3 (Bueno)","4 (Muy bueno)","3 (Bueno)","4 (Muy bueno)","4 (Muy bueno)","3 (Bueno)","4 (Muy bueno)","3 (Bueno)","4 (Muy bueno)","3 (Bueno)","4 (Muy bueno)","4 (Muy bueno)","4 (Muy bueno)","4 (Muy bueno)",Alto,"me parecen acertados al contexto que vivimos hoy en el aula de recurso CRA, es necesario mantener limpio, ordenado e in inventariado.","Que todo fue online y de manera interactiva.","faltan mas video introductorios de ejemplos de usos de los procesos de inventario CRA.","la plataforma fallo varias veces, en la cual se caia el sistema."
29,Satisfecho,Sí,Sí,Sí,"Más de lo esperado","6-8 horas","Los conozco y me son familiares, pero no los manejo en profundidad.","3 (Bueno)","4 (Muy bueno)","4 (Muy bueno)","4 (Muy bueno)","3 (Bueno)","3 (Bueno)","4 (Muy bueno)","4 (Muy bueno)","4 (Muy bueno)","4 (Muy bueno)","4 (Muy bueno)","3 (Bueno)","4 (Muy bueno)","4 (Muy bueno)","4 (Muy bueno)",Alto,"Muy bueno, espero aplicar todos los conocimientos aprendidos","El profundizar conocimientos que solo había escuchado y que obviamente me servirán para realizar de mejor manera mi trabajo","Mi hubiese gustado profundizar mas sobre abies 2.0, ya que hace poco lo estoy implementando en la biblioteca","En lo personal creo que fue un buen curso."
30,Satisfecho,Sí,Sí,Sí,"Lo esperado","2-3 horas","Los conozco y me son familiares, pero no los manejo en profundidad.","3 (Bueno)","3 (Bueno)","3 (Bueno)","3 (Bueno)","3 (Bueno)","3 (Bueno)","3 (Bueno)","3 (Bueno)","3 (Bueno)","3 (Bueno)","3 (Bueno)","3 (Bueno)","3 (Bueno)","3 (Bueno)","3 (Bueno)",Alto,"Bueno , se puede llevar a la practica lo aprendido","La claridad de los contenidos, definociones y aplicaciones","La plataforma era un poco compleja ya que a veces no me permitia ingresar o no encontraba el paso que seguia","No se que se a un poco mas aclarador las instrucciones , ademas el resultado del diagnostico me lllego tarde y estaba haciendo cosas que no me correspondian segun el diagnostico"
31,Satisfecho,Sí,No,No,"Mucho más de lo esperado","4-6 horas","No los conocía; no había escuchado de estos.","3 (Bueno)","3 (Bueno)","2 (Malo)","2 (Malo)","3 (Bueno)","3 (Bueno)","3 (Bueno)","3 (Bueno)","2 (Malo)","3 (Bueno)","3 (Bueno)","3 (Bueno)","3 (Bueno)","3 (Bueno)","4 (Muy bueno)",Alto,"yo tengo pocos conocimientos sobre las actividades de este curso, además me confundí los instructores para no responder algunas respuestas correctas.","yo termine a acabar el curso, bueno creo que ellos que valoran mas ordenado,  organizado y manejando  con sus actividades como encargados CRA.","Si me gusto a terminar el curso. por que yo sufro mi enfermedad hipoacusia bilateral para no oír nada. (Discapacidad auditiva) 
me gustaría comunicar lenguas de señas en especial como los instructores sordos para mostrar webcam (zoom)","mejorar incluir los subtítulos en especial como los instructores sordos en este curso."
32,"Muy Insatisfecho",Sí,Sí,Sí,"Lo esperado","6-8 horas","Los conozco y me son familiares, pero no los manejo en profundidad.","4 (Muy bueno)","4 (Muy bueno)","4 (Muy bueno)","4 (Muy bueno)","4 (Muy bueno)","4 (Muy bueno)","4 (Muy bueno)","4 (Muy bueno)","4 (Muy bueno)","4 (Muy bueno)","4 (Muy bueno)","4 (Muy bueno)","4 (Muy bueno)","4 (Muy bueno)","4 (Muy bueno)","Muy alto","bastante tenia conocimientos pero no en profundidad","facil, completo y con link de apoyos","me costo encontrar la opcion para subir informacion al foro","ninguna igual esta facil"
33,"Muy Satisfecho",Sí,Sí,Sí,"Mucho más de lo esperado","4-6 horas","He escuchado de los contenidos, pero no los conocía.","4 (Muy bueno)","4 (Muy bueno)","4 (Muy bueno)","4 (Muy bueno)","4 (Muy bueno)","4 (Muy bueno)","4 (Muy bueno)","4 (Muy bueno)","4 (Muy bueno)","4 (Muy bueno)","4 (Muy bueno)","4 (Muy bueno)","4 (Muy bueno)","4 (Muy bueno)","4 (Muy bueno)","Muy alto","puedo entregar un trabajo de calidad con los aprendizajes entregados","aprendizajes adquirido","no poder interactuar con los tutores","poder tener mas clases con los tutores"
34,Satisfecho,Sí,Sí,Sí,"Más de lo esperado","Más de 8 horas","Los conozco y me son familiares, pero no los manejo en profundidad.","3 (Bueno)","3 (Bueno)","3 (Bueno)","3 (Bueno)","3 (Bueno)","2 (Malo)","3 (Bueno)","3 (Bueno)","3 (Bueno)","3 (Bueno)","3 (Bueno)","3 (Bueno)","3 (Bueno)","2 (Malo)","2 (Malo)",Alto,"En mi caso particular, estoy muy entusiasmada y ansiosa por comenzar a realizar muchas de las actividades compartidas por mis compañeros y poner en práctica los nuevos conocimientos que adquirí.","Valoro mucho la posibilidad de realizar cursos para mejorar nuestro desarrollo profesional.","Lo que menos me gustó fue el poco tiempo asignado para desarrollarlo. Los contenidos eran interesantes pero muy extensos, el que hayan extendido el plazo fue providencial.","Sugiero presentar los cursos a principios del año escolar para que podamos elegir cuál tomar y cuándo, esto porque hay meses con demasiada carga laboral, como ocurrió ahora y esto no nos permite desarrollarlos adecuadamente y provoca, además, un estrés adicional al que ya tenemos."
35,"Muy Satisfecho",Sí,Sí,No,"Lo esperado","2-3 horas","Los conozco y los manejo con profundidad.","4 (Muy bueno)","3 (Bueno)","3 (Bueno)","4 (Muy bueno)","3 (Bueno)","3 (Bueno)","3 (Bueno)","3 (Bueno)","3 (Bueno)","4 (Muy bueno)","3 (Bueno)","3 (Bueno)","3 (Bueno)","4 (Muy bueno)","3 (Bueno)",Alto,"Bastante bueno.","Los contenidos.","Las actividades no estaban muy claras, algunas.","Mejorar las actividades."
36,Satisfecho,Sí,Sí,Sí,"Lo esperado","2-3 horas","Los conozco y me son familiares, pero no los manejo en profundidad.","3 (Bueno)","3 (Bueno)","3 (Bueno)","3 (Bueno)","3 (Bueno)","3 (Bueno)","3 (Bueno)","3 (Bueno)","3 (Bueno)","3 (Bueno)","3 (Bueno)","3 (Bueno)","3 (Bueno)","3 (Bueno)","2 (Malo)",Alto,"Creo que es un aprendizaje es significativo al desempeño que realizamos  como encargados de bibliotecas. Las propuestas de trabajo son optimas para lograr un avance en el orden y la toma de decisiones en cuanto a la colección y los usuarios; como así también a poder realizar actividades de fomento lector que tanta falta hacen para hacer buenos lectores y que perduren en el tiempo.","Que nos ha entregado herramientas para desarrollar en nuestras escuelas y que permitirá realizar de mejor manera nuestro trabajo para un fin mayor que son nuestro ususarios.","Quizá la forma de participar en el foro con preguntas que eran un poco complicado desarrollar. Considerar  que estamos en tiempo de pandemia y no era muy factible desarrollarlas a cabalidad.","Quizá, incorporar herramientas de fomento lector que van de la mano con los gustos lectores de nuestros usuarios.
Quizá un curso de fomento lector y literatura infantil y juvenil."
37,Satisfecho,Sí,Sí,Sí,"Más de lo esperado","6-8 horas","Los conozco y me son familiares, pero no los manejo en profundidad.","3 (Bueno)","3 (Bueno)","3 (Bueno)","3 (Bueno)","3 (Bueno)","4 (Muy bueno)","3 (Bueno)","3 (Bueno)","3 (Bueno)","3 (Bueno)","3 (Bueno)","3 (Bueno)","3 (Bueno)","3 (Bueno)","3 (Bueno)",Alto,"En tiempos normales será más eficaz,
en este período pándemico ,
es dificíl llevarlo 100%-","la motivación que surge del conocimiento para ejecutar un mejor servicio a los usuarios desde el CRA.","Para contestar las evaluaciones 
sumativas al principio no marcaban ,
después se solucionó.","Que comiencen en Marzo
y no en Septiembre,"
38,"Muy Satisfecho",Sí,Sí,Sí,"Más de lo esperado","6-8 horas","No los conocía; no había escuchado de estos.","4 (Muy bueno)","2 (Malo)","3 (Bueno)","4 (Muy bueno)","3 (Bueno)","3 (Bueno)","3 (Bueno)","3 (Bueno)","4 (Muy bueno)","4 (Muy bueno)","4 (Muy bueno)","4 (Muy bueno)","4 (Muy bueno)","4 (Muy bueno)","4 (Muy bueno)",Alto,"Se pueden transferir los aprendizajes, pero en mi caso me resultó un poco más complejo porque no ocupo Abies ni el sistema de inventarios CRA.","Lo que más valoro es la información recibida, porque no conocía varios de los conceptos que aparecían en el curso.","Lo que menos me gustó fue que en algunas actividades no quedaba claro cómo se realizaba bien el ejercicio. Podrían haber más pautas de retroalimentación.","Sugiero mejorar la parte de la wiki, me resultó poco intuitivo y no estoy segura de haberlo hecho bien."
39,Insatisfecho,No,No,No,"Lo esperado","2-3 horas","He escuchado de los contenidos, pero no los conocía.","2 (Malo)","1 (Muy malo)","2 (Malo)","2 (Malo)","1 (Muy malo)","1 (Muy malo)","1 (Muy malo)","2 (Malo)","2 (Malo)","2 (Malo)","1 (Muy malo)","1 (Muy malo)","1 (Muy malo)","1 (Muy malo)","1 (Muy malo)","Muy bajo","Pésimo, ya que esta totalmente descontextualizado a mi contexto laboral y por lo demás, tampoco se tomó en consideración la pandemia que ha influido negativamente y considerablemente en el uso del espacio CRA y en las labores que uno desempeña.","No valoro mucho, ya que me parece poco atingente la información a nuestra realidad. Sólo rescato algunas informaciones o datos útiles","No hay claridad en los tiempos, plazos, ni en las actividades que se deben desempeñar. No está al tanto de nuestro contexto y realidad. Tampoco los tutores fueron de gran ayuda, puesto que sólo derivan nuestras consultas y no otorgan respuestas efectivas.","Una plataforma más accesible
Mayor claridad con respecto a las actividades a desempeñar y los plazos
Mejores tutores que den respuestas efectivas
Realizarlo en otro momento del año y no cuando estamos finalizando el segundo semestre, puesto que es donde más labores debemos desempeñar y no alcanza el tiempo"
40,Satisfecho,Sí,Sí,Sí,"Más de lo esperado","Más de 8 horas","Los conozco y me son familiares, pero no los manejo en profundidad.","3 (Bueno)","2 (Malo)","3 (Bueno)","3 (Bueno)","4 (Muy bueno)","3 (Bueno)","3 (Bueno)","3 (Bueno)","3 (Bueno)","3 (Bueno)","3 (Bueno)","3 (Bueno)","3 (Bueno)","3 (Bueno)","4 (Muy bueno)",Alto,"Mi evaluación es alto , ya que hay contenidos que yo no manejo en mi biblioteca escolar, ya que no tengo los recursos.","La herramientas que nos entregan para trabajar, en general todos los contenidos entregados, que espero de apoco ponerlos en practica","El tiempo que se da para desarrollar el curso, lo encuentro que es poco, ya que el colegio es muy poco el tiempo que hay para trabajar en ello, hay que hacerlo desde el hogar.","Que involucren mas al director con dar tiempo al encargado de desarrollar el curso o pudieran dar un tiempo mas para desarrollar el curso, también que las preguntas sean más claras."
41,Insatisfecho,No,No,Sí,"Menos de lo esperado","Más de 8 horas","Los conozco y me son familiares, pero no los manejo en profundidad.","3 (Bueno)","3 (Bueno)","3 (Bueno)","2 (Malo)","2 (Malo)","2 (Malo)","3 (Bueno)","3 (Bueno)","3 (Bueno)","3 (Bueno)","3 (Bueno)","3 (Bueno)","1 (Muy malo)","2 (Malo)","3 (Bueno)",Bajo,"Es muy difcil aprender si no puedes contestar las evaluaciones para ver tu progreso","´Solo es ineresante , pero muy complicado","Que no me dejó contestar las evaluaciones, me las boqueaba de inmediato.","Mejorar la carga de las evaluaciones en la plataforma."
42,Satisfecho,Sí,Sí,Sí,"Más de lo esperado","2-3 horas","Los conozco y me son familiares, pero no los manejo en profundidad.","3 (Bueno)","3 (Bueno)","3 (Bueno)","3 (Bueno)","3 (Bueno)","3 (Bueno)","3 (Bueno)","3 (Bueno)","3 (Bueno)","3 (Bueno)","3 (Bueno)","3 (Bueno)","3 (Bueno)","3 (Bueno)","3 (Bueno)","Muy alto","muy bueno, ya que es información concreta que se puede utilizar en el día a día","La información",Nada,.
43,"Muy Satisfecho",Sí,Sí,Sí,"Mucho más de lo esperado","2-3 horas","Los conozco y me son familiares, pero no los manejo en profundidad.","4 (Muy bueno)","4 (Muy bueno)","4 (Muy bueno)","4 (Muy bueno)","4 (Muy bueno)","4 (Muy bueno)","4 (Muy bueno)","4 (Muy bueno)","4 (Muy bueno)","4 (Muy bueno)","4 (Muy bueno)","4 (Muy bueno)","4 (Muy bueno)","4 (Muy bueno)","4 (Muy bueno)","Muy alto",excelente,"los aprendizajes que obtuve","me gustó todo porque no lo habia puesto en práctica","Me gustó mucho, no le haría ningun cambio"
44,Satisfecho,Sí,Sí,Sí,"Menos de lo esperado","6-8 horas","Los conozco y me son familiares, pero no los manejo en profundidad.","3 (Bueno)","2 (Malo)","2 (Malo)","2 (Malo)","2 (Malo)","2 (Malo)","2 (Malo)","3 (Bueno)","3 (Bueno)","2 (Malo)","3 (Bueno)","3 (Bueno)","3 (Bueno)","3 (Bueno)","2 (Malo)",Alto,"El nivel de transferencia de los aprendizajes me deja motivada para mejorar la gestión de mi biblioteca.","Lo que más valoro son las orientaciones  para la implementación de un sistema automatizado para mejorar la gestión del CRA.","La plataforma me pareció poco amigable. Me demoré en manejarla con agilidad.","Sugiero que los documentos vengan todos en un cuadernillo."
45,Satisfecho,Sí,Sí,Sí,"Más de lo esperado","4-6 horas","Los conozco y me son familiares, pero no los manejo en profundidad.","3 (Bueno)","3 (Bueno)","3 (Bueno)","3 (Bueno)","3 (Bueno)","1 (Muy malo)","2 (Malo)","3 (Bueno)","2 (Malo)","3 (Bueno)","3 (Bueno)","2 (Malo)","2 (Malo)","2 (Malo)","2 (Malo)",Alto,Bueno,"Los procesos de gestión aprendidos","Las actividades de aplicación, algunas poco claras y muchas de ellas se daban vuelta en los mismo","Seria bueno profundizar el sistema Abies 2.0, con temas prácticos pues solo se quedan en lo teórico"
46,Satisfecho,Sí,Sí,Sí,"Más de lo esperado","6-8 horas","Los conozco y me son familiares, pero no los manejo en profundidad.","3 (Bueno)","3 (Bueno)","3 (Bueno)","3 (Bueno)","3 (Bueno)","3 (Bueno)","4 (Muy bueno)","4 (Muy bueno)","4 (Muy bueno)","4 (Muy bueno)","3 (Bueno)","4 (Muy bueno)","3 (Bueno)","3 (Bueno)","2 (Malo)",Alto,"Alto, por que hay bastantes cosas que no sabia como exponerlas, y con este curso me di cuenta que se puede hacer y no es tan difícil.","Los aprendizajes recibidos, y las estrategias que te enseñan para mejorar tu biblioteca escolar cra.","Los foros, no soy tecnológica, y me costo mucho de hecho no conteste casi nada de los foros,  solo los envié.","Creo que deben preocuparse un poco mas o cambiar la temática con personas que no manejamos para nada las tecnologías, para mi fue extremadamente difícil y pedí ayuda. por ese motivo estuve a punto de abandonar el curso, pero alguien me apoyo y ayudo, se lo agradezco mucho"
47,"Muy Satisfecho",Sí,Sí,Sí,"Más de lo esperado","2-3 horas","Los conozco y me son familiares, pero no los manejo en profundidad.","4 (Muy bueno)","4 (Muy bueno)","4 (Muy bueno)","4 (Muy bueno)","4 (Muy bueno)","4 (Muy bueno)","4 (Muy bueno)","4 (Muy bueno)","4 (Muy bueno)","4 (Muy bueno)","4 (Muy bueno)","4 (Muy bueno)","4 (Muy bueno)","4 (Muy bueno)","4 (Muy bueno)",Alto,"Excelente, me sirvio mucho en mi area laboral actual","La informacion entregada con respecto  a ordenar los recursos cra","Nada. Todo me gusto.","Que fuera de manera presencial."
48,Satisfecho,Sí,Sí,Sí,"Mucho más de lo esperado","2-3 horas","Los conozco y me son familiares, pero no los manejo en profundidad.","4 (Muy bueno)","4 (Muy bueno)","4 (Muy bueno)","4 (Muy bueno)","4 (Muy bueno)","3 (Bueno)","3 (Bueno)","4 (Muy bueno)","4 (Muy bueno)","4 (Muy bueno)","4 (Muy bueno)","4 (Muy bueno)","4 (Muy bueno)","4 (Muy bueno)","4 (Muy bueno)",Alto,"Alto ya que me interesó y aprendí bastante sobre la biblioteca a cra","Palabras y conceptos tecnicas de biblioteca cra,
La importancia de La organización y mantención de recursos físicos","Nada todo muy interesante y ratificante","Más tiempo para responder"
49,"Muy Insatisfecho",No,No,Sí,"Menos de lo esperado","2-3 horas","Los conozco y me son familiares, pero no los manejo en profundidad.","2 (Malo)","2 (Malo)","2 (Malo)","2 (Malo)","2 (Malo)","2 (Malo)","2 (Malo)","2 (Malo)","2 (Malo)","2 (Malo)","2 (Malo)","2 (Malo)","2 (Malo)","3 (Bueno)","2 (Malo)","Muy bajo","Somos un colegio especial, y siempre somos olvidados, pero siempre adecuamos las distintas actividades a la realidad de nuestro colegio","No puedo opinar sobre el curso, ya que  la mayoría de las actividades estaban bloqueadas. además que se demoran mucho en contestar cuando uno tiene problemas .","Lo que no me gustó del curso es que para enviar la tarea había que responder la pregunta de otra persona para poder ingresar al foro y poder participar,","Sugerencia, no manden 3 cursos en la misma fecha y del mismo mes , los módulos son extensos , y con muchas actividades , cuestionarios y evaluación final, al final no hay tiempo para estudiar los 3 cursos al mismo tiempo, terminas estresada por no alcanzar a terminarlos , además si tienes problemas con la plataforma, no se soluciona de inmediato y hay que esperar."
50,Satisfecho,Sí,Sí,Sí,"Más de lo esperado","2-3 horas","He escuchado de los contenidos, pero no los conocía.","4 (Muy bueno)","3 (Bueno)","3 (Bueno)","4 (Muy bueno)","4 (Muy bueno)","4 (Muy bueno)","4 (Muy bueno)","4 (Muy bueno)","4 (Muy bueno)","4 (Muy bueno)","4 (Muy bueno)","3 (Bueno)","4 (Muy bueno)","4 (Muy bueno)","3 (Bueno)",Alto,"Creo que falta mucho para mejorar el nivel de transferencia en mi contexto laboral, falta de tiempo, faltan recursos.","valoro la información, desgraciadamente el tiempo no me apoyo mucho para realizar este curso.","no poder estar al 100% en el aprendizaje por falta de tiempo.","que fuera de forma presencial."
51,Satisfecho,Sí,Sí,Sí,"Más de lo esperado","2-3 horas","Los conozco y me son familiares, pero no los manejo en profundidad.","3 (Bueno)","3 (Bueno)","3 (Bueno)","3 (Bueno)","3 (Bueno)","3 (Bueno)","3 (Bueno)","3 (Bueno)","3 (Bueno)","3 (Bueno)","3 (Bueno)","3 (Bueno)","3 (Bueno)","3 (Bueno)","3 (Bueno)",Alto,"malo....por este medio","el material enviado","los tiempos","darlos en otros meses"
52,Insatisfecho,No,No,No,"Menos de lo esperado","4-6 horas","Los conozco y me son familiares, pero no los manejo en profundidad.","4 (Muy bueno)","4 (Muy bueno)","4 (Muy bueno)","4 (Muy bueno)","4 (Muy bueno)","4 (Muy bueno)","3 (Bueno)","2 (Malo)","3 (Bueno)","3 (Bueno)","3 (Bueno)","3 (Bueno)","3 (Bueno)","3 (Bueno)","3 (Bueno)",Alto,"talvez  hubiera sido presencial habría aclarado dudas","en cierta forma la plataforma es clara, pero le falto retroalimentación y comprender mas claros los conceptos","que se realizara en forma online","dar mas tiempo para los curso y sobre todo poder aclarar las dudas ya que los cursos online no cumplieron el objetivo"
53,Satisfecho,Sí,Sí,Sí,"Lo esperado","4-6 horas","Los conozco y me son familiares, pero no los manejo en profundidad.","3 (Bueno)","3 (Bueno)","3 (Bueno)","4 (Muy bueno)","3 (Bueno)","4 (Muy bueno)","3 (Bueno)","3 (Bueno)","3 (Bueno)","3 (Bueno)","3 (Bueno)","3 (Bueno)","3 (Bueno)","3 (Bueno)","4 (Muy bueno)",Alto,"Es de mucha ayuda","La información estaba bien presentada, era muy didáctica","Algunas actividades eran un poco enredadas","Mejorar la claridad en las actividades propuestas"
54,Satisfecho,Sí,No,Sí,"Mucho más de lo esperado","6-8 horas","Los conozco y me son familiares, pero no los manejo en profundidad.","3 (Bueno)","4 (Muy bueno)","4 (Muy bueno)","3 (Bueno)","3 (Bueno)","2 (Malo)","2 (Malo)","3 (Bueno)","3 (Bueno)","4 (Muy bueno)","4 (Muy bueno)","3 (Bueno)","3 (Bueno)","1 (Muy malo)","1 (Muy malo)",Alto,"Lo evaluó positivamente ya que mejora mis conocimientos y debilidades.","Valoro los archivos adjuntos, los videos muy claros.","Lo que menos me gustó fue la nula retroalimentación, al responder en los foros pude visualizar que hay compañeros que no entendían las actividades y la falta de un tutor presente se hizo notar.","sugerencias: 1-Poner en práctica primero la plataforma ya que al principio tuvo graves errores .
2-Revisar las respuestas enviadas al foro y tener retroalimentación.
3-El completar un cuestionario ,el cuál en su primer intento da las respuestas correctas no ayuda a los aprendizajes supuestamente adquiridos.
4- Contestar los correos de los estudiantes.
5- Revisar las preguntas ya que algunas no estaban del todo claro."
55,Insatisfecho,Sí,Sí,No,"Lo esperado","Más de 8 horas","Los conozco y me son familiares, pero no los manejo en profundidad.","3 (Bueno)","3 (Bueno)","2 (Malo)","3 (Bueno)","3 (Bueno)","2 (Malo)","2 (Malo)","2 (Malo)","3 (Bueno)","3 (Bueno)","3 (Bueno)","2 (Malo)","2 (Malo)","3 (Bueno)","2 (Malo)",Bajo,"Algunos aprendizajes no son aplicables.","Lo aprendido y la posibilidad de hacer el curso.","La poca claridad en algunas actividades, la falta de respuestas a las consultas y correos.","Mayor claridad en las actividades a realizar,(especificar)                
 Alguna clase por Zoom para aclarar dudas."
56,Satisfecho,Sí,Sí,Sí,"Más de lo esperado","6-8 horas","Los conozco y los manejo con profundidad.","3 (Bueno)","3 (Bueno)","3 (Bueno)","3 (Bueno)","3 (Bueno)","3 (Bueno)","3 (Bueno)","3 (Bueno)","3 (Bueno)","3 (Bueno)","3 (Bueno)","3 (Bueno)","3 (Bueno)","3 (Bueno)","3 (Bueno)",Alto,"Bueno por que me sirvió para complementar lo que ya sabia.","Bueno por que adquirí conocimientos mas amplio los que me servirán para hacer bien mi trabajo.","Los problemas que tuve con la plataforma.","Si pudieran dar un webinar  del conocimiento de la plataforma y como trabajar por que habían paso que no conocía."
57,Satisfecho,Sí,Sí,Sí,"Lo esperado","2-3 horas","Los conozco y me son familiares, pero no los manejo en profundidad.","3 (Bueno)","3 (Bueno)","3 (Bueno)","3 (Bueno)","4 (Muy bueno)","3 (Bueno)","3 (Bueno)","3 (Bueno)","3 (Bueno)","3 (Bueno)","3 (Bueno)","4 (Muy bueno)","4 (Muy bueno)","3 (Bueno)","3 (Bueno)",Alto,"Los contenidos aprendidos son aplicables a las labores del encargado de la biblioteca","Valoro el material de apoyo y complementario que contiene enlaces de dociumentos para consultar e interiorizarse acerca del trabajo que se realiza en la biblioteca","No me gustó que el curso no contara con tutor.","Sería bueno que todos los cursos contaran con tutor y que al menos se realizara una clase aunque fuera de manera remota."
58,Satisfecho,Sí,No,No,"Lo esperado","4-6 horas","He escuchado de los contenidos, pero no los conocía.","3 (Bueno)","3 (Bueno)","3 (Bueno)","4 (Muy bueno)","3 (Bueno)","2 (Malo)","3 (Bueno)","3 (Bueno)","3 (Bueno)","3 (Bueno)","3 (Bueno)","3 (Bueno)","4 (Muy bueno)","3 (Bueno)","2 (Malo)",Alto,"El nivel que yo considero para este curso es &quot;Alto&quot; ya que los aprendizajes son claros, congruentes y asertivos en cuanto a la materia pasada. Solo ha tenido deficiencia el apoyo del tutor que no responde durante el día las consultas y lo hace días después.","Lo que más valoro del curso es el horario flexible que tiene y compatible con el horario de trabajo.","Lo que menos me gustó fue el sistema de foros y compartir opiniones en ellos, nunca recibí alguna retroalimentación de parte de mis compañeros en ninguno de ellos.","Cambiar el sistema de actividades de aplicación y retroalimentación en foros ya que no a todos le comparten sus opiniones respecto a la actividad que realizó."
59,Satisfecho,Sí,Sí,Sí,"Más de lo esperado","4-6 horas","Los conozco y me son familiares, pero no los manejo en profundidad.","4 (Muy bueno)","4 (Muy bueno)","4 (Muy bueno)","3 (Bueno)","3 (Bueno)","4 (Muy bueno)","3 (Bueno)","3 (Bueno)","3 (Bueno)","4 (Muy bueno)","3 (Bueno)","3 (Bueno)","3 (Bueno)","3 (Bueno)","3 (Bueno)",Alto,"bueno he refrescado contenidos","lo claro que han sido y comprender facilmente","que me pierdo con algunos puntos de modulos","quizas  mostrar un video como se hace paso a paso de loc cursos o modulos"
60,Satisfecho,Sí,Sí,Sí,"Más de lo esperado","2-3 horas","Los conozco y me son familiares, pero no los manejo en profundidad.","4 (Muy bueno)","3 (Bueno)","4 (Muy bueno)","4 (Muy bueno)","4 (Muy bueno)","3 (Bueno)","4 (Muy bueno)","3 (Bueno)","4 (Muy bueno)","4 (Muy bueno)","4 (Muy bueno)","4 (Muy bueno)","4 (Muy bueno)","4 (Muy bueno)","4 (Muy bueno)",Alto,"La escuela no cuenta con una biblioteca implementada con tecnolgía y las horas asignadas son limitadas.","Las orientaciones de catalogación, clsificación y oredenamiento de los recursos, como también la circulación de los mismos.","Realizar ejercicio de aplicación que no lo capté muy bien pero lo ideal sería bueno en forma presencial y realizar la práctica.","En mi caso, el tiempo se me hizo corto y quizás sería ideal clases sincrónicas para poder realizar consultas al momento apropiado."
61,"Muy Insatisfecho",Sí,Sí,Sí,"Más de lo esperado","Más de 8 horas","Los conozco y me son familiares, pero no los manejo en profundidad.","3 (Bueno)","3 (Bueno)","3 (Bueno)","3 (Bueno)","3 (Bueno)","3 (Bueno)","4 (Muy bueno)","4 (Muy bueno)","4 (Muy bueno)","4 (Muy bueno)","3 (Bueno)","3 (Bueno)","3 (Bueno)","3 (Bueno)","4 (Muy bueno)",Alto,"GRACIAS, ES UN MUY BUEN APOYO EN LO PERSONAL Y LABORAL UN BUEN APORTE EN EL CRECIMIENTO DEL CONOCIMIENTO","VALORO MUCHO LO APRENDIDO, ME SERA DE GRAN UTILIDAD.","DEMACIADO INTENSO ,TRES CURSOS AL MISMO TIEMPO, MUCHO PARA LAS PERSONAS QUE ESTAMOS TRABAJANDO Y MAS CON PROTOCOLOS COVID QUE CUMPLIR.","TENEMOS TRES CURSOS A LA VEZ Y ES COMPLICADO, LOS TRES AL MISMO TIEMPO,  POR TEMAS LABORALES.
 FIN DE AÑO ACTIVIDADES EXTRA PROGRAMATICAS.
SUGERO TREMINE UNO Y COMIENCE EL OTRO. GRACIAS"
62,Satisfecho,Sí,Sí,Sí,"Lo esperado","2-3 horas","Los conozco y los manejo con profundidad.","4 (Muy bueno)","4 (Muy bueno)","3 (Bueno)","4 (Muy bueno)","3 (Bueno)","4 (Muy bueno)","3 (Bueno)","3 (Bueno)","4 (Muy bueno)","4 (Muy bueno)","3 (Bueno)","3 (Bueno)","3 (Bueno)","3 (Bueno)","4 (Muy bueno)",Alto,"Aprendizaje logrado y aclaratorio en varios temas.","La actualización de los conocimientos.","Me habría encantado tres intentos en la evaluación sumativa.","Quizás la información entregada un poco mas acotada.

Hasta una próxima capacitación.
Gracias."
63,Satisfecho,Sí,Sí,Sí,"Más de lo esperado","2-3 horas","Los conozco y me son familiares, pero no los manejo en profundidad.","3 (Bueno)","3 (Bueno)","3 (Bueno)","3 (Bueno)","3 (Bueno)","3 (Bueno)","3 (Bueno)","3 (Bueno)","3 (Bueno)","4 (Muy bueno)","3 (Bueno)","3 (Bueno)","4 (Muy bueno)","3 (Bueno)","3 (Bueno)",Alto,"creo que el nivel es bueno me ayuda para poder estar cumpliendo mejor mi trabajo.","lo que mas valoro es poder haber aprendido como tener  una mejor comunicacion con las personas que forman parte de mi colegio para poder guiarlos mejor dentro de la biblioteca","que me costo un poco entender la plataforma","que sea un poco mas corto ya que por tiempo de trabajo es un poco complicado cumplir con las horas que se exige"
64,Satisfecho,Sí,Sí,Sí,"Más de lo esperado","2-3 horas","Los conozco y me son familiares, pero no los manejo en profundidad.","3 (Bueno)","4 (Muy bueno)","3 (Bueno)","2 (Malo)","2 (Malo)","2 (Malo)","3 (Bueno)","3 (Bueno)","3 (Bueno)","3 (Bueno)","3 (Bueno)","1 (Muy malo)","2 (Malo)","2 (Malo)","2 (Malo)",Alto,"Son contenidos que usamos en forma cotidiana pero que ahora lo puedo aplicar de mejor forma.","Mi superación personal frente a la gran dificultad de informática.","La plataforma para responder me costo mucho en un principio.","que la plataforma sea más amigable y menos difícil."
65,Satisfecho,Sí,No,Sí,"Lo esperado","2-3 horas","No los conocía; no había escuchado de estos.","3 (Bueno)","2 (Malo)","3 (Bueno)","2 (Malo)","2 (Malo)","3 (Bueno)","3 (Bueno)","3 (Bueno)","3 (Bueno)","2 (Malo)","3 (Bueno)","3 (Bueno)","3 (Bueno)","3 (Bueno)","3 (Bueno)",Alto,"Medianamente bueno.","Sistema de clasificación y programa software.","Muchas actividades.","Tener los contenidos y/o materia en formato pdf, así facilita la descarga de estos y poder estudiarlos."
66,Satisfecho,Sí,Sí,Sí,"Lo esperado","2-3 horas","Los conozco y me son familiares, pero no los manejo en profundidad.","3 (Bueno)","3 (Bueno)","3 (Bueno)","3 (Bueno)","3 (Bueno)","3 (Bueno)","3 (Bueno)","3 (Bueno)","3 (Bueno)","4 (Muy bueno)","3 (Bueno)","3 (Bueno)","3 (Bueno)","3 (Bueno)","3 (Bueno)","Muy alto","Lo evaluaría bien, pues el curso cumplió mis expectativas.","La profundidad en los contenidos.","El tiempo destinado a la realización de las actividades.","Que existiera un monitor que dirija el curso, y que se genere una clase sincrónica."
67,"Muy Satisfecho",Sí,Sí,No,"Más de lo esperado","Más de 8 horas","He escuchado de los contenidos, pero no los conocía.","3 (Bueno)","3 (Bueno)","3 (Bueno)","3 (Bueno)","3 (Bueno)","2 (Malo)","2 (Malo)","3 (Bueno)","3 (Bueno)","3 (Bueno)","3 (Bueno)","2 (Malo)","3 (Bueno)","3 (Bueno)","2 (Malo)",Alto,"Es posible realizarlo y creo que va a ser bueno","Me permitió corregir algunas acciones, manejar vocabulario técnico. También voy a implementar algunas acciones que no he realizado","El trabajo del foro, yo prefiero hacer la actividad y que me hagan la retroalimentación","Ojala sin foros y mas contenido en la pagina. Había que recurrir a bibliografías , que por la premura del tiempo no las hacia a conciencia. Prefiero el contenido ya dad0"
68,"Muy Satisfecho",Sí,Sí,Sí,"Mucho más de lo esperado","2-3 horas","Los conozco y me son familiares, pero no los manejo en profundidad.","3 (Bueno)","3 (Bueno)","3 (Bueno)","3 (Bueno)","3 (Bueno)","3 (Bueno)","3 (Bueno)","3 (Bueno)","3 (Bueno)","3 (Bueno)","3 (Bueno)","3 (Bueno)","3 (Bueno)","3 (Bueno)","3 (Bueno)",Alto,Bueno,"herramientas prácticas","las tareas y foros","actiivdades mas simples"
69,Satisfecho,Sí,No,Sí,"Más de lo esperado","4-6 horas","No los conocía; no había escuchado de estos.","3 (Bueno)","2 (Malo)","3 (Bueno)","3 (Bueno)","3 (Bueno)","1 (Muy malo)","3 (Bueno)","3 (Bueno)","3 (Bueno)","3 (Bueno)","3 (Bueno)","3 (Bueno)","3 (Bueno)","3 (Bueno)","2 (Malo)",Alto,"gran parte de la información entregada no la desarrollo en mi trabajo o no tenia la información","el conocimiento del Abies 2.0","la información por escrito de los videos","indicar las paginas del contenido de los libros"
70,Satisfecho,Sí,Sí,Sí,"Más de lo esperado","6-8 horas","Los conozco y me son familiares, pero no los manejo en profundidad.","3 (Bueno)","3 (Bueno)","3 (Bueno)","3 (Bueno)","3 (Bueno)","3 (Bueno)","3 (Bueno)","3 (Bueno)","3 (Bueno)","3 (Bueno)","3 (Bueno)","3 (Bueno)","3 (Bueno)","3 (Bueno)","3 (Bueno)",Alto,"Bueno para las biblioteca, para tener un mejor desempeño en el trabajo.","La capacidad de conocimiento que se puede tener en una biblioteca, y la acogida que se puede dar a todo los usuario.","El poco tiempo que dura, para dedicar más tiempo para obtener más seguridad en los conocimientos para poder aplicar.","Pienso que al dar más acogida y comunicación más fluida con los bibliotecarios, podria obtener mejor resultados de los encargados de biblioteca, para tener mejores manejos de los recursos y desenvolverse con seguridad."
71,Satisfecho,Sí,Sí,Sí,"Más de lo esperado","4-6 horas","Los conozco y me son familiares, pero no los manejo en profundidad.","4 (Muy bueno)","3 (Bueno)","3 (Bueno)","4 (Muy bueno)","4 (Muy bueno)","4 (Muy bueno)","4 (Muy bueno)","4 (Muy bueno)","4 (Muy bueno)","4 (Muy bueno)","4 (Muy bueno)","4 (Muy bueno)","4 (Muy bueno)","4 (Muy bueno)","4 (Muy bueno)",Alto,"he adquirido mucho conocimiento nuevo, por lo que lo evaluó como excelente.","la oportunidad que brindan en las evaluaciones y las orientaciones constantes.","la cantidad de horas.","considero que lo están haciendo muy bien."
72,Satisfecho,Sí,Sí,Sí,"Más de lo esperado","2-3 horas","No los conocía; no había escuchado de estos.","3 (Bueno)","3 (Bueno)","3 (Bueno)","3 (Bueno)","3 (Bueno)","3 (Bueno)","3 (Bueno)","3 (Bueno)","3 (Bueno)","3 (Bueno)","3 (Bueno)","3 (Bueno)","3 (Bueno)","3 (Bueno)","3 (Bueno)",Alto,"Lo evaluaría mediante charlas","En realidad todo porque no tenía conocimiento alguno","El realizar tantas actividades,pero es debido al conocimiento nulo en el que me encuentro ni tengo aún la experiencia.","Que se realicen en otras fechas dónde no exista la presión que tenemos al finalizar un año escolar"
73,Satisfecho,Sí,No,Sí,"Lo esperado","Más de 8 horas","Los conozco y me son familiares, pero no los manejo en profundidad.","3 (Bueno)","2 (Malo)","4 (Muy bueno)","4 (Muy bueno)","4 (Muy bueno)","3 (Bueno)","4 (Muy bueno)","4 (Muy bueno)","4 (Muy bueno)","4 (Muy bueno)","4 (Muy bueno)","4 (Muy bueno)","4 (Muy bueno)","4 (Muy bueno)","3 (Bueno)",Alto,"Seria de acuerdo a la realidad de mi biblioteca","Que a entregado nuevos conocimientos","Que los cursos duren mas tiempo y no tantos al mismo tiempo","Que los cursos fueran a inicio del año"
74,Satisfecho,Sí,Sí,Sí,"Lo esperado","2-3 horas","Los conozco y me son familiares, pero no los manejo en profundidad.","3 (Bueno)","3 (Bueno)","2 (Malo)","3 (Bueno)","3 (Bueno)","3 (Bueno)","3 (Bueno)","3 (Bueno)","3 (Bueno)","3 (Bueno)","3 (Bueno)","3 (Bueno)","3 (Bueno)","3 (Bueno)","3 (Bueno)",Alto,"creo que es gran aporte para dar un mejor manejo a la biblioteca y sacar el mayor  provecho al cra","valoro que fue un curso muy bueno, las actividades claras y muy bien explicadas","no me gusto la fecha en la que se realizo el curso ya que estos mese son los mas complicados en tema de carga laboral y por ser fin de año cuesta mas llevar los tiempos","mi sugerencia seria cambiar fecha de los cursos a mese donde la carga laboral sea menos y así poder rendir como corresponde en el curso y también seria mas provechoso para uno como encargado"
75,"Muy Satisfecho",Sí,Sí,Sí,"Más de lo esperado","2-3 horas","Los conozco y me son familiares, pero no los manejo en profundidad.","4 (Muy bueno)","4 (Muy bueno)","3 (Bueno)","3 (Bueno)","3 (Bueno)","3 (Bueno)","3 (Bueno)","3 (Bueno)","3 (Bueno)","4 (Muy bueno)","3 (Bueno)","4 (Muy bueno)","4 (Muy bueno)","3 (Bueno)","3 (Bueno)","Muy alto","EXCELENTE PODER PONER EN PRACTICA LO APRENDIDO EN EL CONTEXTO LABORAL","EL PODER REALIZARLO DE FORMA ONLINE, SUS CONTENIDOS, EN GENERAL EXCELENTE","NO HUBO NADA QUE NO ME GUSTARA","NO TENGO SUGERENCIAS"
76,Insatisfecho,Sí,No,Sí,"Menos de lo esperado","6-8 horas","He escuchado de los contenidos, pero no los conocía.","2 (Malo)","2 (Malo)","2 (Malo)","3 (Bueno)","2 (Malo)","2 (Malo)","3 (Bueno)","3 (Bueno)","3 (Bueno)","2 (Malo)","3 (Bueno)","3 (Bueno)","3 (Bueno)","3 (Bueno)","2 (Malo)",Bajo,"no estamos utilizando nada por pandemia.","la forma de ordenar colecciones.","la dificultad de poder realizar las actividades pedidas.","mas claridad en instrucciones."
77,"Muy Satisfecho",Sí,Sí,Sí,"Mucho más de lo esperado","2-3 horas","He escuchado de los contenidos, pero no los conocía.","4 (Muy bueno)","4 (Muy bueno)","4 (Muy bueno)","4 (Muy bueno)","3 (Bueno)","4 (Muy bueno)","4 (Muy bueno)","4 (Muy bueno)","4 (Muy bueno)","4 (Muy bueno)","4 (Muy bueno)","3 (Bueno)","4 (Muy bueno)","3 (Bueno)","3 (Bueno)",Alto,"en un nivel alto","Valoro haber aprendido aquello que es fundamental en la biblioteca escolar. valoro tambien porque nunca antes habia tenido algun tipo de capacitación respecto de los contenidos aqui tratados por lo que esto genera un aprendizaje para poner en práctica ahora mismo en mi trabajo.","no tengo comentarios al respecto, me gustó todo.","no hay sugerencias. me pareció perfecto todo. lo haría de nuevo y solicitaria los documentos descargables para mantenerlos siempre para visualizarlos cuando se requiera."
78,Satisfecho,Sí,Sí,Sí,"Lo esperado","6-8 horas","Los conozco y me son familiares, pero no los manejo en profundidad.","3 (Bueno)","3 (Bueno)","3 (Bueno)","3 (Bueno)","3 (Bueno)","3 (Bueno)","3 (Bueno)","3 (Bueno)","3 (Bueno)","3 (Bueno)","3 (Bueno)","3 (Bueno)","3 (Bueno)","3 (Bueno)","3 (Bueno)",Alto,"Aprender cada día mas, bueno porque nos ayuda en el crecimiento personal y a nivel de biblioteca","Aprender a usar las nuevas herramientas.","Muchos cursos a la vez y muchas actividades , poco tiempo  para realizarlo, uno se colapsa.","Los cursos me parecen bien, pero hacerlos por partes y no todos a la vez, porque no terminado un curso cuando ya tengo el otro encima, porque uno hace otras actividades y trabajo."
79,Satisfecho,Sí,Sí,Sí,"Más de lo esperado","4-6 horas","Los conozco y me son familiares, pero no los manejo en profundidad.","3 (Bueno)","3 (Bueno)","3 (Bueno)","3 (Bueno)","2 (Malo)","2 (Malo)","3 (Bueno)","3 (Bueno)","3 (Bueno)","3 (Bueno)","3 (Bueno)","3 (Bueno)","2 (Malo)","3 (Bueno)","2 (Malo)",Alto,"Las temáticas abordadas fueron buenas y útiles.","Nos ayuda a reforzar aspectos claves del manejo de la biblioteca.","El poco apoyo de las personas que se supone que están encargadas de los módulos, ya que no recibimos respuestas oportunas sobre nuestras inquietudes.","Que presten más apoyo y atención hacia los participantes."
80,"Muy Insatisfecho",Sí,No,Sí,"Más de lo esperado","2-3 horas","No los conocía; no había escuchado de estos.","4 (Muy bueno)","3 (Bueno)","3 (Bueno)","3 (Bueno)","3 (Bueno)","3 (Bueno)","2 (Malo)","3 (Bueno)","3 (Bueno)","3 (Bueno)","3 (Bueno)","3 (Bueno)","3 (Bueno)","3 (Bueno)","3 (Bueno)","Muy alto","Demasiado complicado ya que aún no trabajo en el CRA","La claridad de los tutores para explicar paso a paso la plataforma","Me gustó todo","ninguna fui yo la que  comenzó desordenada."
81,Satisfecho,Sí,Sí,No,"Lo esperado","2-3 horas","Los conozco y los manejo con profundidad.","3 (Bueno)","3 (Bueno)","3 (Bueno)","3 (Bueno)","2 (Malo)","2 (Malo)","4 (Muy bueno)","3 (Bueno)","3 (Bueno)","3 (Bueno)","3 (Bueno)","3 (Bueno)","4 (Muy bueno)","2 (Malo)","2 (Malo)","Muy alto",bueno,"fortalecer las las debilidades de mi realidad en CRA de Básica","los foros por eso no participe no pude ingresar","integra a los coordinadores ya que no tienen idea del como funciona un CRA"
82,Satisfecho,Sí,Sí,Sí,"Lo esperado","2-3 horas","Los conozco y me son familiares, pero no los manejo en profundidad.","3 (Bueno)","3 (Bueno)","3 (Bueno)","3 (Bueno)","2 (Malo)","3 (Bueno)","3 (Bueno)","3 (Bueno)","3 (Bueno)","4 (Muy bueno)","3 (Bueno)","3 (Bueno)","4 (Muy bueno)","3 (Bueno)","4 (Muy bueno)",Alto,"La verdad el curso es bueno, pero había hecho cursos con los mismos contenidos.","Es muy bueno para personas que están iniciando a trabajar en el CRA. Es un gran apoyo a la hora de organizar los recursos.","Que sea un tema repetido, aunque que es en mi cao particular.","Quizá hacerlo con alguna reunión en vivo para poder resolver dudas y consultas en el momento en que surgen-"
83,Satisfecho,Sí,Sí,Sí,"Más de lo esperado","4-6 horas","Los conozco y los manejo con profundidad.","3 (Bueno)","4 (Muy bueno)","3 (Bueno)","3 (Bueno)","3 (Bueno)","4 (Muy bueno)","3 (Bueno)","3 (Bueno)","3 (Bueno)","3 (Bueno)","3 (Bueno)","3 (Bueno)","3 (Bueno)","3 (Bueno)","4 (Muy bueno)","Muy alto","Bueno, me hubiera gustado que profundizaran en algunos contenidos.","Lo que valoro es que resaltaron la utilidad el uso del Abies 2.0, el Sistema de Gestión y el Carro de Selección de Libros.","Lo que menos me gustó fue la plataforma, porque tuve problemas en contestar las pruebas (porque se cerraba en menos de dos minutos), y faltó indicaciones de cómo utilizarla.","La sugerencia sería que los tutores hicieran retroalimentación de las actividades realizadas en forma individual. No es suficiente que otro compañero comente la actividad que uno realiza."
84,Satisfecho,Sí,Sí,Sí,"Más de lo esperado","6-8 horas","No los conocía; no había escuchado de estos.","4 (Muy bueno)","3 (Bueno)","4 (Muy bueno)","4 (Muy bueno)","2 (Malo)","2 (Malo)","4 (Muy bueno)","3 (Bueno)","4 (Muy bueno)","4 (Muy bueno)","4 (Muy bueno)","4 (Muy bueno)","4 (Muy bueno)","4 (Muy bueno)","4 (Muy bueno)",Alto,"En algunos momentos se me hiso un poco pesado pero mas que nada fueron los problemas con la plataforma.","La forma de inventariar, aprendí mucho de eso","La plataforma, muchos problemas, las tareas no estaban, las pruebas se cerraban solas.","Cambiar o mejorar problemas de plataforma."
85,"Muy Satisfecho",Sí,Sí,No,"Mucho más de lo esperado","4-6 horas","Los conozco y los manejo con profundidad.","3 (Bueno)","3 (Bueno)","4 (Muy bueno)","4 (Muy bueno)","2 (Malo)","2 (Malo)","3 (Bueno)","3 (Bueno)","3 (Bueno)","3 (Bueno)","3 (Bueno)","3 (Bueno)","3 (Bueno)","3 (Bueno)","3 (Bueno)","Muy alto","El retroalimentar el proceso de servicio al usuarios, a la colección y todos los recurso.","En un comienzo fue un poco complicado, pero a travez de las clases se fue superando el manejo de todas las tareas, solo que el internet no nos acompaño mucho.","El poco tiempo para cumplir con las tareas.","Que fuese con mas largo el tiempo."
86,Satisfecho,Sí,Sí,Sí,"Lo esperado","2-3 horas","Los conozco y los manejo con profundidad.","3 (Bueno)","3 (Bueno)","3 (Bueno)","4 (Muy bueno)","3 (Bueno)","3 (Bueno)","3 (Bueno)","3 (Bueno)","3 (Bueno)","3 (Bueno)","3 (Bueno)","3 (Bueno)","3 (Bueno)","3 (Bueno)","3 (Bueno)",Alto,"alto dentro de mi contexto","el poder recordar algunas cosas, y darme cuenta que todo mi autoaprendizaje a sido valioso.","esperaba profundizar mas en algunos temas, en cuanto a los foros es mucha información para poder retroalimentarse con lo de los demás participantes.","Cambiar un poco el sistema de los foros, podrían ser solo algunas de las actividades abiertas a todos, pero la mayoría solo al tutor para poder ver su retroalimentación de una manera mas practica y rapida"
87,Satisfecho,Sí,Sí,Sí,"Más de lo esperado","Más de 8 horas","No los conocía; no había escuchado de estos.","4 (Muy bueno)","2 (Malo)","4 (Muy bueno)","3 (Bueno)","2 (Malo)","2 (Malo)","3 (Bueno)","3 (Bueno)","3 (Bueno)","3 (Bueno)","3 (Bueno)","2 (Malo)","3 (Bueno)","3 (Bueno)","2 (Malo)","Muy alto","Alto, ya que aprendí bastante.","Qué conocí un programa para organizar la biblioteca.","La tutoría y el tiempo asignado para hacer el curso, ya que en la escuela no se puede debido a las clases que tengo que hacer.","Creo que se necesita un tutor online y una capacitación específica para aprender a utilizar el ABIES."
88,"Muy Satisfecho",Sí,Sí,Sí,"Más de lo esperado","Más de 8 horas","Los conozco y me son familiares, pero no los manejo en profundidad.","4 (Muy bueno)","3 (Bueno)","3 (Bueno)","3 (Bueno)","3 (Bueno)","3 (Bueno)","3 (Bueno)","4 (Muy bueno)","4 (Muy bueno)","4 (Muy bueno)","3 (Bueno)","3 (Bueno)","4 (Muy bueno)","4 (Muy bueno)","3 (Bueno)","Muy alto","el nivel de trasferencia de los aprendizajes en mi contexto laboral es alto ya que lo aprendido me ayudara a una mejor gestión de mi tabajo y manejo de actividades propuestas en el.","que gracias a este curso logro aprender mas cosas que me ayudaran en mi establecimiento de trabajo y me ayudara a poder enseñarle a los jóvenes de su autonomía en biblioteca","creo que falto interacción del tutor mas en profundidad con sus alumnos","creo que a la plataforma le falto alguien para orientar mas en profundidad a los alumnos del curso, lo cual ayudaría a un mayor rendimiento de estos si ese encargado estuviera."
89,Satisfecho,Sí,Sí,Sí,"Más de lo esperado","Más de 8 horas","Los conozco y me son familiares, pero no los manejo en profundidad.","3 (Bueno)","3 (Bueno)","2 (Malo)","4 (Muy bueno)","2 (Malo)","3 (Bueno)","3 (Bueno)","3 (Bueno)","3 (Bueno)","4 (Muy bueno)","3 (Bueno)","2 (Malo)","2 (Malo)","3 (Bueno)","2 (Malo)",Alto,"BUENO , PERO COMPLEJO EN PALABRAS TECNICAS","APRENDIZAJE , ADQUERIENDO UN REFORZAMIENTO DE LO QUE YO CONOCIA","PALABRAS COMPLEJA (TECNICAS)","UNA CLASIFICACION AL REALIZARZE EVALUACIONES DIAGNOSTICAS SEGUN NIVELES EDUCATIVOS 
(MAS MINNUCIOSA)"
90,"Muy Satisfecho",Sí,Sí,Sí,"Lo esperado","2-3 horas","He escuchado de los contenidos, pero no los conocía.","3 (Bueno)","3 (Bueno)","3 (Bueno)","3 (Bueno)","3 (Bueno)","3 (Bueno)","3 (Bueno)","3 (Bueno)","3 (Bueno)","3 (Bueno)","3 (Bueno)","3 (Bueno)","3 (Bueno)","3 (Bueno)","3 (Bueno)",Alto,"ALTO, YO ENTRE AL CURSO DESDE 0 Y AHORA SE Y ENTIENDO MÁS DEL MANEJO DE LA BIBLIOTECA.","LA INFORMACIÓN Y LA METODOLOGÍA.","LA VERDAD, ME GUSTO TODO.","NO TENGO SUGERENCIAS."
91,Satisfecho,Sí,Sí,Sí,"Lo esperado","4-6 horas","Los conozco y me son familiares, pero no los manejo en profundidad.","3 (Bueno)","3 (Bueno)","3 (Bueno)","4 (Muy bueno)","4 (Muy bueno)","4 (Muy bueno)","3 (Bueno)","3 (Bueno)","3 (Bueno)","3 (Bueno)","3 (Bueno)","4 (Muy bueno)","3 (Bueno)","3 (Bueno)","4 (Muy bueno)",Alto,Logrado,"los aprendizajes adquiridos","la falta de tiempo mio","es fácil y dinámico así"
92,"Muy Satisfecho",Sí,Sí,Sí,"Mucho más de lo esperado","4-6 horas","Los conozco y me son familiares, pero no los manejo en profundidad.","4 (Muy bueno)","4 (Muy bueno)","4 (Muy bueno)","4 (Muy bueno)","4 (Muy bueno)","3 (Bueno)","4 (Muy bueno)","4 (Muy bueno)","4 (Muy bueno)","4 (Muy bueno)","4 (Muy bueno)","4 (Muy bueno)","4 (Muy bueno)","3 (Bueno)","3 (Bueno)","Muy alto","Mi meta es poner todo en desarrollo, obviamente en forma paulatina , pero mi meta es llevar todo a la gestión CRA 2022","Aprender a catalogar con el sistema DEWEY","que no hubiera una clase online para finalizar.","tener en el horario alguna retroalimentación en vivo."
93,"Muy Satisfecho",Sí,Sí,Sí,"Más de lo esperado","Más de 8 horas","He escuchado de los contenidos, pero no los conocía.","4 (Muy bueno)","4 (Muy bueno)","4 (Muy bueno)","4 (Muy bueno)","3 (Bueno)","3 (Bueno)","2 (Malo)","3 (Bueno)","3 (Bueno)","3 (Bueno)","3 (Bueno)","3 (Bueno)","3 (Bueno)","3 (Bueno)","3 (Bueno)",Alto,Bueno,"Que puedo comenzar a trabajar con Abies 2.","Estuve muy perdida en cuanto a que yo apretaba el botón siguiente y parecía que todo iba bien, pero me dí cuenta que había mucho por completar. Lo otro es que  las evaluaciones aparecían vacías, a pesar de que estaban hechas, eso le pasó a varias colegas. El curso A no lo vi nunca.","que no pase eso de que las evaluaciones sumativas aparezcan vacías, a pesar de haber sido contestadas. Tal vez una mejor guía porque no encontré nunca el curso A para hacer."
94,Insatisfecho,Sí,Sí,Sí,"Menos de lo esperado","2-3 horas","Los conozco y me son familiares, pero no los manejo en profundidad.","3 (Bueno)","3 (Bueno)","3 (Bueno)","3 (Bueno)","3 (Bueno)","3 (Bueno)","3 (Bueno)","3 (Bueno)","3 (Bueno)","2 (Malo)","2 (Malo)","2 (Malo)","3 (Bueno)","3 (Bueno)","3 (Bueno)",Bajo,"Me gustaría tener más tiempo, dedicado exclusivamente a las labores de encargada ,pues debo realizar múltiples funciones.","Que existe mucho que aprender y poner en práctica día a día. Me falta largo camino que recorrer y aplicar todos los conocimientos que nos han entregado.","En un principio la falta de indicaciones para manejarse con la tecnología. y personalmente me faltó tiempo para desarrollar las actividades.","Que sean cursos con más tiempos para realizar todos los ámbitos, no tan acotados, debido a las diversas  funciones que desempeñamos dentro del establecimiento educacional."
95,Satisfecho,Sí,Sí,Sí,"Lo esperado","Más de 8 horas","Los conozco y me son familiares, pero no los manejo en profundidad.","3 (Bueno)","3 (Bueno)","3 (Bueno)","2 (Malo)","2 (Malo)","2 (Malo)","3 (Bueno)","3 (Bueno)","3 (Bueno)","4 (Muy bueno)","4 (Muy bueno)","2 (Malo)","2 (Malo)","3 (Bueno)","2 (Malo)",Alto,"Son aplicables y realizables y se puede orientar mejor nuestra labor en el cra.","El tema de la clasificación de Dewey, que me quedó bien clara y el poder interactuar con otros encargados de cra y empaparme de experiencias.","La plataforma no es fácil de trabajar y ocupo mucho tiempo, de nuestro estudio, creo que no es facilitadora ni tampoco integradora.","Que todo se contestara en la misma plataforma, sin estar subiendo y bajando documentos para completar."
96,"Muy Satisfecho",Sí,Sí,Sí,"Mucho más de lo esperado","4-6 horas","Los conozco y los manejo con profundidad.","4 (Muy bueno)","3 (Bueno)","3 (Bueno)","3 (Bueno)","3 (Bueno)","3 (Bueno)","3 (Bueno)","3 (Bueno)","3 (Bueno)","3 (Bueno)","3 (Bueno)","3 (Bueno)","3 (Bueno)","3 (Bueno)","3 (Bueno)",Alto,Alto,"Los ejemplos entregados","Muchos correos","Mas tiempo para las actividades"
97,Satisfecho,Sí,Sí,Sí,"Más de lo esperado","2-3 horas","He escuchado de los contenidos, pero no los conocía.","3 (Bueno)","3 (Bueno)","3 (Bueno)","3 (Bueno)","2 (Malo)","3 (Bueno)","2 (Malo)","3 (Bueno)","3 (Bueno)","4 (Muy bueno)","4 (Muy bueno)","3 (Bueno)","4 (Muy bueno)","3 (Bueno)","3 (Bueno)",Alto,"Excelentes, porque podre iniciar la puesta en marcha de la biblioteca desde el conocimiento, de como realizar la  función  de encargado de biblioteca  cumpliendo  con los parámetros de lo solicitado.","Lo aprendido, información desconocida para mi.","Que se  entrega la información, o se prepara la información estimando que el usuario maneja  o conoce por completo el trabajo en linea y la plataforma.","Contar con un tutor visible, al cual uno pueda dirigirse verbalmente, porque a veces no sabemos como expresar las dudas en forma escrita y al realizarlos verbalmente es mas oportuna."
98,Insatisfecho,Sí,Sí,Sí,"Lo esperado","4-6 horas","He escuchado de los contenidos, pero no los conocía.","3 (Bueno)","3 (Bueno)","3 (Bueno)","3 (Bueno)","1 (Muy malo)","1 (Muy malo)","3 (Bueno)","3 (Bueno)","3 (Bueno)","3 (Bueno)","3 (Bueno)","3 (Bueno)","3 (Bueno)","3 (Bueno)","3 (Bueno)",Alto,"Muy util","es una aprendizaje que se lleva a la practica","la plataforma y la respuestas en el caso de algún problema","mejorar la plataforma y no hacer actividades tan larga"
99,"Muy Satisfecho",Sí,Sí,Sí,"Más de lo esperado","4-6 horas","Los conozco y me son familiares, pero no los manejo en profundidad.","4 (Muy bueno)","4 (Muy bueno)","4 (Muy bueno)","4 (Muy bueno)","2 (Malo)","4 (Muy bueno)","4 (Muy bueno)","4 (Muy bueno)","4 (Muy bueno)","4 (Muy bueno)","4 (Muy bueno)","4 (Muy bueno)","4 (Muy bueno)","4 (Muy bueno)","4 (Muy bueno)","Muy alto","es una muy buena capacitación, me ha servido ,lo malo es mi tiempo...no he podido terminar con ingresara los recursos  a la plataforma","me ha orientado, yo se que me falta mucho, pero con lo que he aprendido creo que ha sido un gran avance para el orden de los recursos","no creo, estaba todo muy interesante ,.","tiempo,necesito tiempo"
100,Satisfecho,Sí,Sí,Sí,"Más de lo esperado","6-8 horas","No los conocía; no había escuchado de estos.","4 (Muy bueno)","3 (Bueno)","4 (Muy bueno)","4 (Muy bueno)","4 (Muy bueno)","4 (Muy bueno)","4 (Muy bueno)","4 (Muy bueno)","4 (Muy bueno)","4 (Muy bueno)","4 (Muy bueno)","4 (Muy bueno)","4 (Muy bueno)","4 (Muy bueno)","4 (Muy bueno)",Alto,Bueno,"La información entregada","Que el curso partiera desde la base que todos conocían los programas","Tratar de terne un taller introductorio para este curso."
101,Satisfecho,Sí,Sí,Sí,"Más de lo esperado","6-8 horas","He escuchado de los contenidos, pero no los conocía.","3 (Bueno)","3 (Bueno)","3 (Bueno)","3 (Bueno)","3 (Bueno)","2 (Malo)","2 (Malo)","3 (Bueno)","3 (Bueno)","3 (Bueno)","3 (Bueno)","2 (Malo)","2 (Malo)","3 (Bueno)","2 (Malo)","Muy alto","bueno, estoy poniendo en acción todo lo aprendido, ya que estaba confundida en cra y el curso me ido despejando las dudas","los módulos con las materia","las actividades, son confusas de ejecutar.","mejores actividades, no marear tanto con el objetivo."
102,Satisfecho,Sí,Sí,Sí,"Lo esperado","2-3 horas","Los conozco y me son familiares, pero no los manejo en profundidad.","4 (Muy bueno)","3 (Bueno)","3 (Bueno)","4 (Muy bueno)","3 (Bueno)","2 (Malo)","3 (Bueno)","3 (Bueno)","3 (Bueno)","3 (Bueno)","3 (Bueno)","2 (Malo)","3 (Bueno)","3 (Bueno)","3 (Bueno)",Alto,"Son en su mayoría temas que debemos manejar como encargados CRA, si bien no todos son desarrollados en forma permanente si es muy bueno estar al día","A sido complicado terminarlo debido a los tiempos en que se puede trabajar en ello, pero se nos ha dado tiempo en la plataforma para poder avanzar tranquilamente. Eso se agradece debido a que en mi caso no se puede utilizar como se debiera tiempo de la jornada laboral para trabajar el curso.","algunas tareas no se entendía lo que se debía hacer, incluso me equivoque en mas de una actividad y por lo tanto quedaron como malas","Que las tareas sean explicadas de mejor manera, para no cometer errores, y si es necesario se den ejemplos cuando son poco específicos en lo que se pide"
103,Satisfecho,Sí,Sí,Sí,"Lo esperado","2-3 horas","He escuchado de los contenidos, pero no los conocía.","3 (Bueno)","3 (Bueno)","3 (Bueno)","3 (Bueno)","3 (Bueno)","3 (Bueno)","3 (Bueno)","3 (Bueno)","3 (Bueno)","3 (Bueno)","3 (Bueno)","3 (Bueno)","3 (Bueno)","3 (Bueno)","3 (Bueno)",Alto,"MUY BUENO","QUE APRENDI ARTO ASTA EL MOMENTO Y ME SERVIRA A FUTURO","MUCHAS ACTIVIDADES QUE ME COSTO APRENDER","MAS INDUCCIÓNES"
104,Satisfecho,Sí,Sí,Sí,"Lo esperado","4-6 horas","Los conozco y me son familiares, pero no los manejo en profundidad.","3 (Bueno)","1 (Muy malo)","3 (Bueno)","2 (Malo)","2 (Malo)","2 (Malo)","2 (Malo)","2 (Malo)","2 (Malo)","2 (Malo)","2 (Malo)","2 (Malo)","2 (Malo)","2 (Malo)","2 (Malo)",Bajo,"Creo que no baja a los distintos contextos en que esta ubicada la biblioteca, la realidad rural difiere mucho de la urbana que se da en ciudades, en donde hay recursos y mucho más.
Hay que aterrizar el curso, muchas de las escuelas no cuentan con esa linda e ideal biblioteca a la que esta dirigido el curso.","No mucho, ya que cuando están varios curso a la vez no te puedes concentrar en uno.
Además muchos encargados de CRA tienen otras responsabilidades y hay que leer varios textos, realizar actividades y hacer pruebas, dejen una sola cosa, textos y pruebas o textos y actividades de aplicación, además poner tanto curso finalizando el año escolar y en situaciones poco normales, creo que fueron poco visionarios, esto debe ser al comienzo del año escolar.","Mucha actividad por unidad y además prueba, no todos los encargados de CRA tienen todas las horas para el curso, hay otras responsabilidades también y eso de una hora al día no resulta.","Aterrizar a la realidad rural de Chile, para no inventar información, o imaginar el ideal que muestran en la información.
Acotar a las actividades y realizar pruebas, lo uno o lo otro.
Claridad en la información y claridad en las actividades
Actividades que profundicen en el contexto real de las bibliotecas, no generalizar, eso choca con la realidad.
Las bibliotecas están en Chile un país diverso en todo, alumnos, comunidad escolar, recursos disponibles para la biblioteca, espacios mal comprendidos, mal llamadas zonas de castigo, etc. etc."
105,"Muy Satisfecho",Sí,Sí,Sí,"Más de lo esperado","4-6 horas","Los conozco y me son familiares, pero no los manejo en profundidad.","4 (Muy bueno)","3 (Bueno)","3 (Bueno)","4 (Muy bueno)","2 (Malo)","3 (Bueno)","3 (Bueno)","4 (Muy bueno)","3 (Bueno)","4 (Muy bueno)","3 (Bueno)","3 (Bueno)","3 (Bueno)","3 (Bueno)","4 (Muy bueno)",Alto,"Los aprendizajes me servirán para mejorar algunas prácticas que fui detectando a lo largo del curso","Aprender y profundizar en ciertos contenidos en los que me encontraba débil, por lo que pude complementar lo que ya conocía.","Faltó la oportunidad de aclarar ciertas dudas de Abies 2.0, ya que no he podido aclarar dudas en cuanto a los usuarios y la forma de recuperar los datos en caso de alguna dificultad técnica.
|","Trabajar en una plataforma más amigable. Ya había estudiado en e-mineduc y esta vez ha sido la única en la que he tenido tantas dificultades"
106,Satisfecho,Sí,No,Sí,"Lo esperado","6-8 horas","Los conozco y me son familiares, pero no los manejo en profundidad.","3 (Bueno)","3 (Bueno)","3 (Bueno)","3 (Bueno)","3 (Bueno)","3 (Bueno)","3 (Bueno)","3 (Bueno)","3 (Bueno)","3 (Bueno)","3 (Bueno)","3 (Bueno)","3 (Bueno)","3 (Bueno)","3 (Bueno)",Alto,"Bueno debido a la contacta comunicación con los docentes","Que pude recordar lo que había olvidado.","Tanto material anexo y link para ingresar","Menos link"
107,Satisfecho,Sí,Sí,Sí,"Lo esperado","6-8 horas","Los conozco y me son familiares, pero no los manejo en profundidad.","3 (Bueno)","3 (Bueno)","3 (Bueno)","3 (Bueno)","3 (Bueno)","3 (Bueno)","3 (Bueno)","3 (Bueno)","3 (Bueno)","3 (Bueno)","3 (Bueno)","3 (Bueno)","3 (Bueno)","3 (Bueno)","3 (Bueno)",Alto,"fue de gran ayuda para implementar estrategias que no estaban insertas en el trabajo diario de la biblioteca.","que es un curso que se podemos acomodar a nuestro tiempo, ya que no hay horas fijas de trabajo.","es un curso muy bueno, mi descontento es más por las fecha del curso, el ser fin de año es exceso de trabajo.","Solo un cambio de fecha"
108,Satisfecho,Sí,Sí,Sí,"Más de lo esperado","Más de 8 horas","Los conozco y los manejo con profundidad.","3 (Bueno)","3 (Bueno)","3 (Bueno)","3 (Bueno)","3 (Bueno)","3 (Bueno)","3 (Bueno)","3 (Bueno)","3 (Bueno)","3 (Bueno)","3 (Bueno)","3 (Bueno)","3 (Bueno)","3 (Bueno)","3 (Bueno)",Alto,buena,"la retroalimentación entregada","la cantidad de actividades","solo menor cantidad de actividades"
109,Satisfecho,Sí,Sí,Sí,"Más de lo esperado","4-6 horas","Los conozco y me son familiares, pero no los manejo en profundidad.","3 (Bueno)","3 (Bueno)","3 (Bueno)","3 (Bueno)","3 (Bueno)","3 (Bueno)","3 (Bueno)","3 (Bueno)","3 (Bueno)","3 (Bueno)","3 (Bueno)","3 (Bueno)","3 (Bueno)","3 (Bueno)","3 (Bueno)",Alto,alto,"Aprendizajes  curriculares y estrategias  de implementación","Los mensajes que llegan al correo personal de las actividades realizadas de los demás compañeros del curso.","2 actividades por modulo, es mas optimo para seguir avanzando."
110,"Muy Satisfecho",Sí,Sí,Sí,"Lo esperado","4-6 horas","Los conozco y me son familiares, pero no los manejo en profundidad.","4 (Muy bueno)","4 (Muy bueno)","4 (Muy bueno)","4 (Muy bueno)","4 (Muy bueno)","4 (Muy bueno)","4 (Muy bueno)","4 (Muy bueno)","4 (Muy bueno)","4 (Muy bueno)","4 (Muy bueno)","4 (Muy bueno)","4 (Muy bueno)","4 (Muy bueno)","4 (Muy bueno)","Muy alto","Alto porque tengo que ingresar el inventario en línea en la gestión nueva del Mineduc CRA. y Está la información del Manual para hacerlo.","Todo el materia anexado ya que me sirve para las dudas a futuro.","Los problemas técnicos al inicio pero que se solucionaron","Probar antes de iniciar el curso como un estudiante para verificar los problemas."
111,Satisfecho,Sí,Sí,Sí,"Más de lo esperado","6-8 horas","Los conozco y me son familiares, pero no los manejo en profundidad.","3 (Bueno)","3 (Bueno)","3 (Bueno)","3 (Bueno)","3 (Bueno)","3 (Bueno)","3 (Bueno)","3 (Bueno)","3 (Bueno)","3 (Bueno)","3 (Bueno)","3 (Bueno)","3 (Bueno)","3 (Bueno)","3 (Bueno)",Alto,"Bueno, los conocimientos que me entraron son valiosos para mi perfeccionamiento y poderlos llevar a la practica en la biblioteca.","Lo que mas valoro, es haber usado nuevas tecnologías para la realización del curso y los cenicientos entregados.","Le falto habernos capacitado mas para usar la plataforma.","Mi sugerencia es hacer los cursos presenciales, porque se aprende mejor. Los cursos asignados no sean al mismo tiempo ( 2 a 3 cursos)."
112,Satisfecho,Sí,Sí,Sí,"Más de lo esperado","2-3 horas","Los conozco y me son familiares, pero no los manejo en profundidad.","3 (Bueno)","3 (Bueno)","3 (Bueno)","3 (Bueno)","3 (Bueno)","4 (Muy bueno)","3 (Bueno)","3 (Bueno)","3 (Bueno)","3 (Bueno)","3 (Bueno)","3 (Bueno)","3 (Bueno)","3 (Bueno)","3 (Bueno)",Alto,Satisfactorio,"Lo aprendido","La encuesta de satisfaccion","Evitar la participacion en foros"
113,Satisfecho,Sí,Sí,Sí,"Lo esperado","Más de 8 horas","Los conozco y me son familiares, pero no los manejo en profundidad.","4 (Muy bueno)","3 (Bueno)","3 (Bueno)","3 (Bueno)","4 (Muy bueno)","2 (Malo)","3 (Bueno)","3 (Bueno)","3 (Bueno)","3 (Bueno)","2 (Malo)","3 (Bueno)","3 (Bueno)","3 (Bueno)","2 (Malo)",Bajo,"BAJO  NIVEL DE TRANSFERENCIA.","LO QUE MAS VALORO ES LAS INSTRUCCIONES PARA  MEJORAR MI GESTION DE  ENCARGADA DEL CRA","LA FALTA DE INFORMACIÓN  Y EL CONTACTO DIRECTO CON TUTORES","MI SUGERENCIA ES QUE  SE MEJORARÍA MUCHO MI  GESTIÓN SI FUERA POSIBLE  UNA VISITA EN TERRENO, ASÍ UN TUTOR PODRÍA CORREGIR MI TRABAJO Y ORIENTARME  PARA AVANZAR CON SEGURIDAD.ALINEADO CON OTROS."
114,"Muy Satisfecho",Sí,Sí,Sí,"Mucho más de lo esperado","Más de 8 horas","Los conozco y me son familiares, pero no los manejo en profundidad.","4 (Muy bueno)","3 (Bueno)","4 (Muy bueno)","4 (Muy bueno)","3 (Bueno)","3 (Bueno)","3 (Bueno)","3 (Bueno)","3 (Bueno)","3 (Bueno)","3 (Bueno)","3 (Bueno)","3 (Bueno)","3 (Bueno)","4 (Muy bueno)","Muy alto","Ya que se aclararon muchas dudad en cuanto a la utilización de la automatización de los recursos CRA, por lo tanto se realiza el cambio de inventario de Excel a Abies2.0","El tener mas claro como se utiliza Abies 2,0
A pesar de no poder descargarla al computador personal, los cometarios de los foros incentivaron y aclaran muchas dudas de como funciona y lo amigable que es.","Los mas complicado es la participación dentro de los foros ´por los tiempos que tenemos, ya que se deben utilizar tiempo de descanso, para estar pendiente. Y realmente muchas veces solo se hacen comentarios para que vean nuestra participación.","Al principio fue muy difícil la utilización de la plataforma, para futuro, ver la forma de capacitar a los estudiantes en su utilización, especialmente para quienes no tenernos tanto conocimiento en este tipo de plataforma y tenemos conocimientos básico de computación."
115,Satisfecho,Sí,Sí,Sí,"Más de lo esperado","2-3 horas","Los conozco y me son familiares, pero no los manejo en profundidad.","3 (Bueno)","3 (Bueno)","3 (Bueno)","3 (Bueno)","3 (Bueno)","3 (Bueno)","3 (Bueno)","3 (Bueno)","3 (Bueno)","3 (Bueno)","3 (Bueno)","3 (Bueno)","3 (Bueno)","3 (Bueno)","3 (Bueno)",Alto,"el nivel es bueno solo que debo tener mas conocimiento ya que es mi primer año en el CRA","valoro que a pesar de ser nueva en el CRA  en poco tiempo aprendí un poco el sistema ABIES","no me gusta intercambiar opiniones en el foro","asegurar que todos los que  participan en el curso tengan incorporados en su bibliotecas un sofware"
116,"Muy Satisfecho",No,No,Sí,"Más de lo esperado","2-3 horas","He escuchado de los contenidos, pero no los conocía.","3 (Bueno)","3 (Bueno)","3 (Bueno)","3 (Bueno)","3 (Bueno)","1 (Muy malo)","3 (Bueno)","3 (Bueno)","3 (Bueno)","3 (Bueno)","3 (Bueno)","3 (Bueno)","3 (Bueno)","2 (Malo)","3 (Bueno)",Alto,"habian terminos que no conocia y ahora si","los videos","es muy largo","debieran de dar mas fecha de termino ya que es extremadamente extenso"
117,"Muy Insatisfecho",Sí,Sí,Sí,"Lo esperado","4-6 horas","He escuchado de los contenidos, pero no los conocía.","4 (Muy bueno)","3 (Bueno)","3 (Bueno)","3 (Bueno)","3 (Bueno)","3 (Bueno)","3 (Bueno)","3 (Bueno)","3 (Bueno)","3 (Bueno)","3 (Bueno)","3 (Bueno)","3 (Bueno)","3 (Bueno)","3 (Bueno)","Muy alto","me haría una auto evaluación e los contenidos","los contenidos","que la plataforma abecés se pegaba y en algunas pruebas fallaba","mejorar la plataforma"
118,"Muy Satisfecho",Sí,Sí,Sí,"Más de lo esperado","2-3 horas","No los conocía; no había escuchado de estos.","3 (Bueno)","3 (Bueno)","3 (Bueno)","3 (Bueno)","3 (Bueno)","3 (Bueno)","3 (Bueno)","3 (Bueno)","3 (Bueno)","3 (Bueno)","3 (Bueno)","3 (Bueno)","3 (Bueno)","3 (Bueno)","3 (Bueno)",Alto,"Me sirven mucho para encargado de biblioteca","Todo me ayuda en la formación ya que para mí todo es nuevo","Nada ,todo lo aprendido nos sirve para un correcto inventario de nuestra biblioteca escolar","Que fuera en los primeros meses del año ya que a estás alturas estamos muy estresados con todo .en mi biblioteca no solo me encargo de los libros igual tengo que sacar las copias para las pruebas ,libros aptus y otras responsabilidades por lo tanto no es fácil tener tiempo para todo."
119,Satisfecho,Sí,Sí,Sí,"Más de lo esperado","4-6 horas","Los conozco y me son familiares, pero no los manejo en profundidad.","3 (Bueno)","3 (Bueno)","4 (Muy bueno)","3 (Bueno)","3 (Bueno)","3 (Bueno)","3 (Bueno)","3 (Bueno)","4 (Muy bueno)","3 (Bueno)","3 (Bueno)","3 (Bueno)","4 (Muy bueno)","4 (Muy bueno)","3 (Bueno)",Alto,"Creo que los aprendizajes recibidos los puedo transferir óptimamente  en mi colegio incluso con nuevas ideas de trabajo","Las actividades y conocimientos necesarios para realizar un trabajo más efectivo y ameno","El cuso muy bien, solo que mi conexión a internet muy mala lo demás muy bien","Que también tenga alguna jornada presencial"
120,Insatisfecho,No,No,No,"Menos de lo esperado","Más de 8 horas","Los conozco y los manejo con profundidad.","1 (Muy malo)","2 (Malo)","2 (Malo)","4 (Muy bueno)","3 (Bueno)","2 (Malo)","2 (Malo)","2 (Malo)","2 (Malo)","2 (Malo)","2 (Malo)","2 (Malo)","1 (Muy malo)","2 (Malo)","1 (Muy malo)",Bajo,"Muy bajo yo manejo el Abies 2.0","La plataforma pues aprendí a usarla y no la conocía","la plataforma","Mejorar la gramática y la ortografía en los contenidos ya  que son poco claros igual hacer preguntas como corresponden ya que no se entiende lo que quieren que uno conteste"
121,"Muy Satisfecho",Sí,Sí,Sí,"Mucho más de lo esperado","Más de 8 horas","No los conocía; no había escuchado de estos.","4 (Muy bueno)","4 (Muy bueno)","4 (Muy bueno)","4 (Muy bueno)","4 (Muy bueno)","4 (Muy bueno)","4 (Muy bueno)","4 (Muy bueno)","4 (Muy bueno)","4 (Muy bueno)","4 (Muy bueno)","4 (Muy bueno)","4 (Muy bueno)","4 (Muy bueno)","4 (Muy bueno)","Muy alto","Tiene un alto nivel de transferencia porque busca que cada participante oriente los contenidos hacia su contexto educativo","que me permitirá digitalizar el catálogo de biblioteca y organizarlo de manera tal que permita sacarle el mayor provecho posible a la colección existente y futura","nada en particular","Tener una mayor comunicación vía e-mail con los participantes"
122,Satisfecho,Sí,Sí,Sí,"Lo esperado","6-8 horas","Los conozco y me son familiares, pero no los manejo en profundidad.","4 (Muy bueno)","4 (Muy bueno)","4 (Muy bueno)","4 (Muy bueno)","4 (Muy bueno)","4 (Muy bueno)","4 (Muy bueno)","3 (Bueno)","3 (Bueno)","4 (Muy bueno)","4 (Muy bueno)","3 (Bueno)","3 (Bueno)","4 (Muy bueno)","3 (Bueno)",Alto,"el nivel de trasferencia de aprendizaje fue bueno, me sirvió de gran importancia para mi labor que realizo","lo que valore fue las herramientas que nos entregaron para automatizar los recursos del CRA","el tiempo","que se realicen con mas tiempo en cuanto a horas"
123,"Muy Satisfecho",Sí,Sí,Sí,"Mucho más de lo esperado","4-6 horas","He escuchado de los contenidos, pero no los conocía.","4 (Muy bueno)","3 (Bueno)","4 (Muy bueno)","4 (Muy bueno)","4 (Muy bueno)","4 (Muy bueno)","3 (Bueno)","4 (Muy bueno)","4 (Muy bueno)","4 (Muy bueno)","4 (Muy bueno)","3 (Bueno)","3 (Bueno)","4 (Muy bueno)","4 (Muy bueno)",Alto,"Hace no mucho que estoy tomando esta responsabilidad con el CRA. Este curso llegó en el mejor momento, aprendí  mucho, sin embargo, el tiempo me jugó una mala pasada. (no sólo me dedico a él , sino tengo muchas otras actividades). Ahora me siento preparada , con muchas más herramientas para enfrentar los  desafíos que me propuse para el año 2022 que irán en beneficio de mis estudiantes y de la comunidad educativa.","Primero, dar las gracias por la extensión del plazo para terminar actividades pendientes. la metodología que utilizan para la retroalimentación, en mi caso en algunas actividades cometí algunos errores, que pude darme cuenta gracias al foro. También, conocer la realidad de otras bibliotecas .La oportunidad de considerar a profesores (as) de la Educación de Adultos a participar de esta formación.","No  sé  si fue problema de mi computador , pero cada vez que enviaba una tarea , no podía entrar de manera  inmediata  a responder en el foro, hubieron veces que demoraba bastante, por lo que lo dejaba para otro día.","A mi parecer , creo que está bien elaborado, cada uno de los módulos. 
Quizás algunas actividades ir acompañadas de ejemplos, ya que en mi caso hubieron varias cosas que desconocía."
