﻿"Respuesta número","En general, ¿cuál es su nivel de satisfacción con el curso que acaba de terminar?","¿Recomendaría este curso a otro encargado de biblioteca?                       ","¿Volvería a realizar un curso de estas mismas características?          ","¿Eran coherentes las actividades de aprendizaje propuestas para el curso?","Según la percepción de su proceso de aprendizaje y las características de este curso, ¿cuánto considera que aprendió?","¿Cuántas horas cronológicas semanales dedicó a este curso?","¿Qué tan familiares son para usted los contenidos tratados en el curso?","Claridad de los contenidos del curso (temas, definiciones, términos conceptuales, etc.).","Contextualización de los contenidos a su realidad laboral.","La progresión de la secuencia de aprendizaje para ir tratando los contenidos del curso.","Claridad del diseño gráfico de las pantallas de la plataforma.","Facilidad de navegación en la plataforma.","El funcionamiento de la mesa de ayuda para estudiantes (mediante contacto por correo electrónico).","Claridad de las actividades de aprendizaje propuestas.","Consistencia de las actividades de aprendizaje propuestas con los aprendizajes del curso.","Coherencia de las actividades de aprendizaje propuestas.","Cantidad de información aportada por el curso.","Profundidad en el tratamiento de los aprendizajes esperados.","Claridad de las instrucciones de las actividades.","Claridad de las instrucciones y preguntas en las evaluaciones.","Calidad de las orientaciones para retroalimentar las actividades y evaluaciones.","El apoyo del tutor para responder preguntas en el foro.","¿Cómo evaluaría el nivel de transferencia de los aprendizajes a su contexto laboral?","¿Qué es lo que más valora del curso que acaba de terminar?              ","¿Qué es lo que menos le gustó del curso que acaba de terminar?          ","¿Qué sugerencias haría para mejorar el curso en el futuro?"
1,"Muy Satisfecho",Sí,Sí,Sí,"Más de lo esperado","6-8 horas","Los conozco y me son familiares, pero no los manejo en profundidad.","3 (Bueno)","3 (Bueno)","3 (Bueno)","3 (Bueno)","3 (Bueno)","3 (Bueno)","3 (Bueno)","3 (Bueno)","3 (Bueno)","4 (Muy bueno)","3 (Bueno)","4 (Muy bueno)","4 (Muy bueno)","3 (Bueno)","3 (Bueno)","Muy alto","El martirial disponible y los videos con las experiencias de otras bibliotecas",nada,"mantener el formato"
2,"Muy Satisfecho",Sí,Sí,Sí,"Mucho más de lo esperado","Más de 8 horas","He escuchado de los contenidos, pero no los conocía.","4 (Muy bueno)","4 (Muy bueno)","4 (Muy bueno)","4 (Muy bueno)","4 (Muy bueno)","4 (Muy bueno)","4 (Muy bueno)","4 (Muy bueno)","4 (Muy bueno)","4 (Muy bueno)","4 (Muy bueno)","4 (Muy bueno)","4 (Muy bueno)","4 (Muy bueno)","4 (Muy bueno)","Muy alto","Muy oficios interesante porque ataca directamente a las falencias de nuestra realidad Cómo escuela que no tiene una biblioteca organizada y coherente con las necesidades de las habilidades del Siglo 21","Me faltó tiempo para poder entregar más profundidad al estudio de estos cursos","Creo Qué hay flexibilidad todos los aspectos lo que obstaculiza es y son nuestros tiempos personales"
3,Satisfecho,Sí,Sí,Sí,"Mucho más de lo esperado","6-8 horas","He escuchado de los contenidos, pero no los conocía.","3 (Bueno)","3 (Bueno)","3 (Bueno)","3 (Bueno)","3 (Bueno)","3 (Bueno)","3 (Bueno)","3 (Bueno)","3 (Bueno)","3 (Bueno)","3 (Bueno)","3 (Bueno)","3 (Bueno)","3 (Bueno)","3 (Bueno)",Alto,"Buena información para mejorar ella calidad del establecimiento","Demasiadas actividades y poco tiempo para responder","No hacer tantas actividades formativas , realizar videos introductorios de los módulos y luego hacer las actividades sumativas ."
4,Satisfecho,Sí,Sí,Sí,"Lo esperado","2-3 horas","No los conocía; no había escuchado de estos.","3 (Bueno)","3 (Bueno)","3 (Bueno)","3 (Bueno)","2 (Malo)","3 (Bueno)","2 (Malo)","3 (Bueno)","3 (Bueno)","3 (Bueno)","3 (Bueno)","2 (Malo)","3 (Bueno)","3 (Bueno)","2 (Malo)",Bajo,"que las actividades te permiten conocer mas","me gusto todo solo que no cuento con mucho tiempo para hacerlo","que sean menos textos mas audio y visual y no tantas actividades ya que no se cuenta con tanto tiempo"
5,Satisfecho,Sí,Sí,Sí,"Más de lo esperado","Más de 8 horas","Los conozco y me son familiares, pero no los manejo en profundidad.","3 (Bueno)","4 (Muy bueno)","3 (Bueno)","3 (Bueno)","2 (Malo)","3 (Bueno)","3 (Bueno)","3 (Bueno)","4 (Muy bueno)","4 (Muy bueno)","4 (Muy bueno)","4 (Muy bueno)","2 (Malo)","3 (Bueno)","4 (Muy bueno)","Muy alto","Principalmente la calidad de los contenidos, el material de apoyo y la calidad de los videos y las explicaciones.","No me gusto un ticket de salida y la primera evaluación por que la plataforma se cerro y no me dejo responder, teniendo como nota 0 en la evaluación y un 1.0 en el ticket , los cuales mande el problema a consultar en soporte técnico y con mis tutores pero que hasta la fecha no se a resuelto y solo quiero poder responder para aprobar con buenas calificaciones el curso y no rasguñando.","Creo que lo primero es hacerlo presencial de alguna forma y con tutor y lo segundo mas veloz el área de soporte para solucionar los problemas de la pagina."
6,"Muy Satisfecho",Sí,Sí,Sí,"Mucho más de lo esperado","6-8 horas","Los conozco y me son familiares, pero no los manejo en profundidad.","4 (Muy bueno)","4 (Muy bueno)","4 (Muy bueno)","4 (Muy bueno)","4 (Muy bueno)","4 (Muy bueno)","4 (Muy bueno)","4 (Muy bueno)","4 (Muy bueno)","4 (Muy bueno)","4 (Muy bueno)","4 (Muy bueno)","4 (Muy bueno)","4 (Muy bueno)","4 (Muy bueno)","Muy alto","En primer lugar me pareció muy interesante las herramientas entregada en relación a la estructura de un informe de gestión ya que es fundamental para  nuestro trabajo y detectar la valencia y proponer mejoras en nuestra labor 
 Felicito a las tutora y organización del curso 
 Se despide afectuosamantre : Anita Dagnino","En general  una de las cosa que creo que se deberían  mejorar o disminuir es la cantidad de textos muy extensos que en algunas ocasiones nos quita tiempo al realizar las actividades que son muy largas 
Se despide afectuosamante : Anita Dagnino","-En General  es felicitar al equipo organizador de los curso y una de mis sugerencia es poder interactuar a través de una mayor cantidad de  Webinar  ya que nos permite interactuar con otras colegas y intercambiar experiencias que nos hacen crecer como persona y profesionales de la educación en forma activa y innovadora 
Se despide afectuosamente :
Anita Dagnino"
7,Insatisfecho,No,No,No,"Lo esperado","Más de 8 horas","He escuchado de los contenidos, pero no los conocía.","2 (Malo)","2 (Malo)","2 (Malo)","2 (Malo)","2 (Malo)","2 (Malo)","2 (Malo)","2 (Malo)","2 (Malo)","3 (Bueno)","2 (Malo)","2 (Malo)","2 (Malo)","3 (Bueno)","1 (Muy malo)",Bajo,"de lo poco que he aprendido lo he hecho sola","que no hay ayuda","clases presenciales"
8,Satisfecho,Sí,Sí,Sí,"Más de lo esperado","6-8 horas","No los conocía; no había escuchado de estos.","3 (Bueno)","3 (Bueno)","3 (Bueno)","3 (Bueno)","3 (Bueno)","3 (Bueno)","3 (Bueno)","3 (Bueno)","3 (Bueno)","3 (Bueno)","3 (Bueno)","3 (Bueno)","2 (Malo)","2 (Malo)","3 (Bueno)",Alto,"Los nuevos conceptos aportados por el curso que en mi opinion personal antes no me habian sido explciado de forma detallada","el tiempo que le debo dedicar al curso, ya sea en lectura, tomando apuntes respondiendo tareas etc.","cursos de modulos mas cortos y quizas con trabajos de cortas instrucciones al realizar"
9,Satisfecho,Sí,Sí,Sí,"Más de lo esperado","4-6 horas","Los conozco y me son familiares, pero no los manejo en profundidad.","4 (Muy bueno)","4 (Muy bueno)","4 (Muy bueno)","4 (Muy bueno)","4 (Muy bueno)","3 (Bueno)","3 (Bueno)","4 (Muy bueno)","4 (Muy bueno)","4 (Muy bueno)","4 (Muy bueno)","4 (Muy bueno)","4 (Muy bueno)","4 (Muy bueno)","4 (Muy bueno)","Muy alto","Los videos, muy buenos, con toda la información según las actividades.","El tiempo que tenemos, para realizar el curso.","Más tiempo para realizar el curso."
10,"Muy Satisfecho",Sí,Sí,Sí,"Más de lo esperado","Más de 8 horas","Los conozco y los manejo con profundidad.","4 (Muy bueno)","4 (Muy bueno)","3 (Bueno)","3 (Bueno)","4 (Muy bueno)","4 (Muy bueno)","4 (Muy bueno)","4 (Muy bueno)","4 (Muy bueno)","4 (Muy bueno)","4 (Muy bueno)","4 (Muy bueno)","3 (Bueno)","3 (Bueno)","4 (Muy bueno)","Muy alto","me gustó mucho pero tuve poco tiempo","La presión","Cambiar la plataforma"
11,"Muy Satisfecho",Sí,Sí,Sí,"Mucho más de lo esperado","4-6 horas","No los conocía; no había escuchado de estos.","4 (Muy bueno)","4 (Muy bueno)","4 (Muy bueno)","3 (Bueno)","3 (Bueno)","4 (Muy bueno)","4 (Muy bueno)","4 (Muy bueno)","4 (Muy bueno)","4 (Muy bueno)","4 (Muy bueno)","4 (Muy bueno)","4 (Muy bueno)","3 (Bueno)","3 (Bueno)","Muy alto","la cantidad de información clara, precisa y útil entregada","Algunos documentos venían con una letra muy pequeña e igual que su formato","Mejorar solo un poco algunos recursos complementarios."
12,Satisfecho,Sí,Sí,No,"Mucho más de lo esperado","Más de 8 horas","He escuchado de los contenidos, pero no los conocía.","4 (Muy bueno)","4 (Muy bueno)","3 (Bueno)","3 (Bueno)","3 (Bueno)","3 (Bueno)","3 (Bueno)","3 (Bueno)","3 (Bueno)","4 (Muy bueno)","3 (Bueno)","3 (Bueno)","3 (Bueno)","3 (Bueno)","3 (Bueno)","Muy alto","La adquisición de conocimientos referente a como organizar una biblioteca.","La claridad con que se presento la información.","Me gustaría que fueran mas acotados o dar más tiempos, ya que invertí mas horas de las presupuestadas, no basta con 2 meses."
13,Satisfecho,Sí,Sí,Sí,"Más de lo esperado","Más de 8 horas","He escuchado de los contenidos, pero no los conocía.","3 (Bueno)","3 (Bueno)","4 (Muy bueno)","3 (Bueno)","3 (Bueno)","2 (Malo)","3 (Bueno)","3 (Bueno)","3 (Bueno)","4 (Muy bueno)","4 (Muy bueno)","4 (Muy bueno)","3 (Bueno)","3 (Bueno)","3 (Bueno)",Alto,"aprender mas y mas la cantidad de informacion entregada","la pagina se me pegaba a ratos o caia pero era por el internet de la localidad es lentisimo aca por ende debo conectarme mas horas que el resto de mis compañeros .","poseer una plataforma mas amigable y que sea en lo posible menos pesada sobre todo para los mas aislados como  mi caso aquí me cuesta adjuntar archivos o simplemente abrir la pagina ,pero en general estoy muy conforme con lo aprendido así sean horas y horas de estudio .En mi caso poco conocía del tema por lo cual es necesario dominar conceptos y tener nuevas habilidades."
14,Satisfecho,Sí,Sí,Sí,"Lo esperado","Más de 8 horas","He escuchado de los contenidos, pero no los conocía.","3 (Bueno)","2 (Malo)","2 (Malo)","3 (Bueno)","3 (Bueno)","2 (Malo)","3 (Bueno)","3 (Bueno)","3 (Bueno)","3 (Bueno)","3 (Bueno)","3 (Bueno)","3 (Bueno)","3 (Bueno)","3 (Bueno)",Bajo,"Observar otras realidades","Su extensión","Mostrar ejemplos contextualizados en chile y no del extranjero"
15,Satisfecho,Sí,Sí,Sí,"Lo esperado","Más de 8 horas","Los conozco y me son familiares, pero no los manejo en profundidad.","3 (Bueno)","3 (Bueno)","3 (Bueno)","3 (Bueno)","3 (Bueno)","3 (Bueno)","3 (Bueno)","3 (Bueno)","3 (Bueno)","3 (Bueno)","3 (Bueno)","3 (Bueno)","3 (Bueno)","3 (Bueno)","3 (Bueno)","Muy alto","esta información que me a entregado para poder usar estas herramientas en mi biblioteca","la falta de tiempo que me impide entregar mas a este curso.","poder tener el material impreso para poder estudiarlo"
16,Satisfecho,No,No,Sí,"Lo esperado","Más de 8 horas","Los conozco y me son familiares, pero no los manejo en profundidad.","3 (Bueno)","3 (Bueno)","3 (Bueno)","3 (Bueno)","3 (Bueno)","2 (Malo)","3 (Bueno)","3 (Bueno)","3 (Bueno)","3 (Bueno)","3 (Bueno)","3 (Bueno)","3 (Bueno)","3 (Bueno)","2 (Malo)",Alto,"Que aclara las  directrices para evaluar y mejorar en  base a esto  la biblioteca desde lo teórico, ya que la realidad de cada establecimiento depende mucho de la prioridad que le den los directores de turno.","Las herramientas de diseño sugeridas que no son tan gratuitas al final.","Que fueran presenciales y mas interactivas entre los pares, donde se pueda disponer de internet y no tener que usar el mío."
17,Satisfecho,Sí,Sí,Sí,"Mucho más de lo esperado","2-3 horas","Los conozco y me son familiares, pero no los manejo en profundidad.","3 (Bueno)","3 (Bueno)","3 (Bueno)","3 (Bueno)","4 (Muy bueno)","3 (Bueno)","3 (Bueno)","3 (Bueno)","3 (Bueno)","3 (Bueno)","3 (Bueno)","3 (Bueno)","3 (Bueno)","3 (Bueno)","3 (Bueno)",Alto,"Lo que mas valoro es lo que aprendí mientras iba avanzando , cosas que no conocía y que las voy aplicar ene mi biblioteca","Que hubo actividades que no logre entender a la primera, me costo un poco, por lo tanto no aprobé un curso","La sugerencia que haría seria que no fueran al finalizar el año, deberían realizarse a principio de año escolar"
18,Satisfecho,Sí,Sí,Sí,"Más de lo esperado","6-8 horas","Los conozco y me son familiares, pero no los manejo en profundidad.","4 (Muy bueno)","4 (Muy bueno)","4 (Muy bueno)","4 (Muy bueno)","4 (Muy bueno)","4 (Muy bueno)","4 (Muy bueno)","4 (Muy bueno)","4 (Muy bueno)","4 (Muy bueno)","4 (Muy bueno)","4 (Muy bueno)","4 (Muy bueno)","4 (Muy bueno)","4 (Muy bueno)",Alto,"Los nuevos aprendizajes y como gestionar bien una biblioteca escolar.","La información que no salían en los documentos sobres algunos autores y que preguntaban en las evaluaciones sumativas.","Que sean mas considerados con la gente ya que algunos no tenemos mucho para estudiar o entrar al curso y siempre llegan mensajes de bloqueos de actividades por lo mismo."
19,Insatisfecho,No,No,No,"Más de lo esperado","Más de 8 horas","He escuchado de los contenidos, pero no los conocía.","2 (Malo)","4 (Muy bueno)","3 (Bueno)","3 (Bueno)","3 (Bueno)","1 (Muy malo)","3 (Bueno)","3 (Bueno)","3 (Bueno)","3 (Bueno)","3 (Bueno)","2 (Malo)","3 (Bueno)","3 (Bueno)","1 (Muy malo)",Bajo,"el tiempo que tuve que dedicarle","el poco apoyo de  los tutores y la plataforma debe ser mensos enredada mas amigable.","mayor claridad en la plataforma. No logra enterder lo enrredada que es."
20,Satisfecho,Sí,Sí,Sí,"Lo esperado","Más de 8 horas","He escuchado de los contenidos, pero no los conocía.","3 (Bueno)","3 (Bueno)","3 (Bueno)","2 (Malo)","2 (Malo)","3 (Bueno)","3 (Bueno)","3 (Bueno)","3 (Bueno)","3 (Bueno)","3 (Bueno)","3 (Bueno)","3 (Bueno)","3 (Bueno)","3 (Bueno)",Alto,"DARME CUENTA DE  LA SITUACION ACTUAL Y DESCUBRIR MI   BIBLIOTECA","LA PARTE TECNOLOGICA DONDE HAY QUE REALIZAR ACTIVIDADES QUE NO MANEJO MUCHO","PIENSO QUE ES MUY COMPLETO SOLAMENTE ME GUSTARIA  QUE PRIMERAMENTE NOS ENTREGARAN CURSOS DE TECNOLOGIA ACTUAL YA QUE SE NOS HACE DIFICIL  HACER TAREAS EN PLATAFORMAS ACTUALES QUE NO MANEJAMOS POR LA EDAD"
21,Satisfecho,Sí,Sí,Sí,"Lo esperado","4-6 horas","He escuchado de los contenidos, pero no los conocía.","3 (Bueno)","3 (Bueno)","3 (Bueno)","3 (Bueno)","3 (Bueno)","3 (Bueno)","3 (Bueno)","3 (Bueno)","3 (Bueno)","3 (Bueno)","3 (Bueno)","3 (Bueno)","3 (Bueno)","3 (Bueno)","3 (Bueno)","Muy alto","los contenidos  fueron presentados en distintas modalidades y esto hizo atractivo y fácil de hacer.","muy personalmente me falto introducción a los temas, creo que se asume que el participante sabe mas de lo que en realidad sabemos.","poner a disposición mas material anexo y lecturas complementarias de carácter voluntario."
22,Satisfecho,Sí,Sí,Sí,"Mucho más de lo esperado","6-8 horas","No los conocía; no había escuchado de estos.","4 (Muy bueno)","4 (Muy bueno)","4 (Muy bueno)","3 (Bueno)","4 (Muy bueno)","4 (Muy bueno)","3 (Bueno)","3 (Bueno)","4 (Muy bueno)","4 (Muy bueno)","4 (Muy bueno)","4 (Muy bueno)","3 (Bueno)","3 (Bueno)","4 (Muy bueno)","Muy alto","La gran diferencia a lo que sabia","Las preguntas las encontré muy similares, y creo haberme equivocado.","Para las personas que tenemos dificultades de entender a mayor grado una lectura, encontré que las preguntas se parecían en cierto grado, mi mejor aprendizaje es en terreno y no tanto a través de pantalla."
23,Satisfecho,Sí,Sí,No,"Más de lo esperado","Más de 8 horas","No los conocía; no había escuchado de estos.","3 (Bueno)","3 (Bueno)","3 (Bueno)","3 (Bueno)","3 (Bueno)","2 (Malo)","3 (Bueno)","3 (Bueno)","3 (Bueno)","3 (Bueno)","3 (Bueno)","3 (Bueno)","3 (Bueno)","3 (Bueno)","2 (Malo)",Alto,"Que me enseño que existen herramientas para evaluar un trabajo planificado, Que podemos realizar encuestas para poder ser evaluados. y en fon varios temas que no conocia.","Que tenia demasiada lectura, mucho documento por leer para el tiempo que se tiene para realizar los cursos.","Debieran ser todos guiados para así uno salir en el momento de dudas y no esperar a que respondan o la persona que uno se comunica no es la encargada de dicho curso y la respuesta al final queda en nada."
24,Insatisfecho,Sí,No,No,"Más de lo esperado","Más de 8 horas","Los conozco y me son familiares, pero no los manejo en profundidad.","1 (Muy malo)","2 (Malo)","2 (Malo)","4 (Muy bueno)","2 (Malo)","3 (Bueno)","2 (Malo)","3 (Bueno)","3 (Bueno)","3 (Bueno)","3 (Bueno)","1 (Muy malo)","1 (Muy malo)","2 (Malo)","3 (Bueno)",Bajo,"Valoro lo aprendido, pero falta claridad de la plataforma, la plataforma digital sirve para que el usuario  obtenga la información correcta para hacer sus tareas.","La información no es clara, algunos  videos no muestran los contenidos del curso que estamos haciendo  no explican bien, falta claridad , no se entienden las preguntas de la evaluación, me confunden, es muy poco tiempo para responder.","Yo sugiero que sea mas clara la información, grabar los videos que expliquen bien como debemos realizar las tareas donde enviarlas, informando bien donde se encuentra el foro dar mas tiempo para la evaluación y poder responder con tranquilidad  así no nos estresamos, y realizar el curso con agrado ."
25,Satisfecho,Sí,Sí,Sí,"Más de lo esperado","4-6 horas","He escuchado de los contenidos, pero no los conocía.","3 (Bueno)","3 (Bueno)","3 (Bueno)","3 (Bueno)","3 (Bueno)","2 (Malo)","3 (Bueno)","3 (Bueno)","3 (Bueno)","3 (Bueno)","4 (Muy bueno)","3 (Bueno)","3 (Bueno)","3 (Bueno)","3 (Bueno)",Alto,"Los temas son muy relevantes, que antes no tenía mucho conocimiento sobre ello.","La plataforma, ya que no fue un poco difícil","Prefiero clases presenciales o en linea."
26,"Muy Satisfecho",Sí,Sí,Sí,"Más de lo esperado","Más de 8 horas","Los conozco y me son familiares, pero no los manejo en profundidad.","3 (Bueno)","4 (Muy bueno)","3 (Bueno)","4 (Muy bueno)","3 (Bueno)","4 (Muy bueno)","4 (Muy bueno)","4 (Muy bueno)","3 (Bueno)","3 (Bueno)","3 (Bueno)","3 (Bueno)","4 (Muy bueno)","1 (Muy malo)","4 (Muy bueno)","Muy alto","Valoro el hecho de que mi realidad era muy cercana a los contenidos que me entregaba el curso, por lo que pude ir practicando en el trabajo.","No saber los resultados de los tickets de salida",Ninguna
27,Satisfecho,Sí,Sí,Sí,"Más de lo esperado","6-8 horas","Los conozco y me son familiares, pero no los manejo en profundidad.","4 (Muy bueno)","4 (Muy bueno)","4 (Muy bueno)","4 (Muy bueno)","4 (Muy bueno)","3 (Bueno)","4 (Muy bueno)","4 (Muy bueno)","4 (Muy bueno)","4 (Muy bueno)","4 (Muy bueno)","3 (Bueno)","4 (Muy bueno)","4 (Muy bueno)","3 (Bueno)","Muy alto","Buenas tardes, valoro los términos la metodología y el aprendizaje.","La plataforma ,ya que muy lento en responder.","Me gustaría que fuera también presencial, ya que se podrían despegar de mejor manera nuestras dudas."
28,"Muy Satisfecho",Sí,No,Sí,"Más de lo esperado","4-6 horas","Los conozco y me son familiares, pero no los manejo en profundidad.","3 (Bueno)","3 (Bueno)","3 (Bueno)","3 (Bueno)","2 (Malo)","2 (Malo)","3 (Bueno)","3 (Bueno)","3 (Bueno)","3 (Bueno)","3 (Bueno)","3 (Bueno)","2 (Malo)","3 (Bueno)","3 (Bueno)","Muy alto","La verdad que no sabia como  crear una encuestas","Que las evaluaciones no siempre tenían relación con el material estudiado en los módulos.
además el curso C creo haberlo  terminado, pero me aparece con un 11% , no se que pasa , creo que donde no participe del Foros.","Creo que la información previa es poco clara, la verdad es que me llamaron y me dijeron que tenia que inscribirme en el curso C, pero después de terminar el curso C me aparecieron más el curso G y curso F.
Les hice esta consulta a las tutoras, pero no respondieron y los realice."
29,Satisfecho,Sí,No,Sí,"Lo esperado","2-3 horas","Los conozco y me son familiares, pero no los manejo en profundidad.","3 (Bueno)","3 (Bueno)","3 (Bueno)","3 (Bueno)","4 (Muy bueno)","3 (Bueno)","3 (Bueno)","3 (Bueno)","3 (Bueno)","3 (Bueno)","3 (Bueno)","3 (Bueno)","3 (Bueno)","3 (Bueno)","4 (Muy bueno)",Alto,"que apredi cosas que no manejaba y que pondré en práctica en la biblioteca de mi colegio.","que fue mu largo","cursos mas cortos"
30,Satisfecho,Sí,Sí,Sí,"Más de lo esperado","4-6 horas","He escuchado de los contenidos, pero no los conocía.","3 (Bueno)","3 (Bueno)","3 (Bueno)","3 (Bueno)","4 (Muy bueno)","4 (Muy bueno)","3 (Bueno)","3 (Bueno)","3 (Bueno)","3 (Bueno)","4 (Muy bueno)","3 (Bueno)","4 (Muy bueno)","3 (Bueno)","3 (Bueno)","Muy alto","lo aprendido y la eficacia con la que responden las dudas.","las autoevaluaciones","menos trabajos formativos."
31,Satisfecho,Sí,No,No,"Lo esperado","Más de 8 horas","He escuchado de los contenidos, pero no los conocía.","3 (Bueno)","3 (Bueno)","3 (Bueno)","3 (Bueno)","2 (Malo)","3 (Bueno)","3 (Bueno)","3 (Bueno)","3 (Bueno)","3 (Bueno)","3 (Bueno)","2 (Malo)","3 (Bueno)","3 (Bueno)","2 (Malo)",Bajo,"logre entender algo se me hace difícil.","es emaciada información para llegar a un mismo fin.","que separaran los cursos uno para quienes no tienen biblioteca cra aun y otros para quienes ya la usan"
32,Satisfecho,Sí,Sí,Sí,"Lo esperado","4-6 horas","Los conozco y me son familiares, pero no los manejo en profundidad.","3 (Bueno)","3 (Bueno)","3 (Bueno)","3 (Bueno)","3 (Bueno)","3 (Bueno)","3 (Bueno)","4 (Muy bueno)","3 (Bueno)","3 (Bueno)","3 (Bueno)","3 (Bueno)","3 (Bueno)","3 (Bueno)","3 (Bueno)",Alto,"las herramientas para mejorar las gestiones de la biblioteca y las diversas plataformas o herramientas para desarrollar planificación o organizacion de la biblioteca","la realización de los foros ya que costaba bastante la participación debido que no todos los comentarios de los usuarios se veian visibles apesar de que las respuestas ya pasaban su tiempo de edicion","para mejorar el curso puedo  sugerir mayor tiempo para desarrollar los formularios debido que algunas personas no cuentan con el tiempo suficiente para responderlos antes de  la fecha de cierre"
33,Satisfecho,Sí,Sí,No,"Más de lo esperado","Más de 8 horas","He escuchado de los contenidos, pero no los conocía.","3 (Bueno)","3 (Bueno)","3 (Bueno)","3 (Bueno)","3 (Bueno)","3 (Bueno)","3 (Bueno)","3 (Bueno)","3 (Bueno)","3 (Bueno)","3 (Bueno)","3 (Bueno)","3 (Bueno)","3 (Bueno)","3 (Bueno)","Muy alto","los conocimiento entregados sirven y ayudan bastante como encargados de bibliotecas","muchas preguntas no estaban formuladas con mucha claridad.","como sugerencia, formular las preguntas con mayor claridad."
34,"Muy Satisfecho",Sí,Sí,Sí,"Mucho más de lo esperado","6-8 horas","Los conozco y me son familiares, pero no los manejo en profundidad.","4 (Muy bueno)","4 (Muy bueno)","3 (Bueno)","4 (Muy bueno)","4 (Muy bueno)","3 (Bueno)","3 (Bueno)","4 (Muy bueno)","4 (Muy bueno)","3 (Bueno)","3 (Bueno)","3 (Bueno)","3 (Bueno)","3 (Bueno)","3 (Bueno)","Muy alto","Que los conocimientos adquiridos son fundamentales para desarrollar mis funciones correctamente y lograr de esta manera potenciar aún más mi biblioteca escolar.","Que los encargados de soporte técnico se demoraran  tanto en solucionar algunos problemas, ya que nosotros disponemos de muy poco tiempo para dedicarle al curso y al estar estos problemas no podíamos avanzar.","mas tiempo."
35,"Muy Satisfecho",Sí,Sí,Sí,"Más de lo esperado","2-3 horas","Los conozco y me son familiares, pero no los manejo en profundidad.","4 (Muy bueno)","4 (Muy bueno)","4 (Muy bueno)","3 (Bueno)","3 (Bueno)","3 (Bueno)","3 (Bueno)","3 (Bueno)","3 (Bueno)","4 (Muy bueno)","3 (Bueno)","3 (Bueno)","3 (Bueno)","3 (Bueno)","3 (Bueno)",Alto,"valoro la gran disponibilidad de los tutores","me gusto todo, por que aprendí cosas que en ejercicio diario no sabia","sugeriría, que se pudiera identificar, los roles en que se desempeñan los estudiantes, para poder brindar tiempos necesarios, lo digo por que en mi caso trabajo como asistente de la educación, y realizo diferente trabajos en el colegio, muchas veces, no me queda tiempo para realizar los cursos"
36,Satisfecho,Sí,Sí,Sí,"Lo esperado","Más de 8 horas","Los conozco y me son familiares, pero no los manejo en profundidad.","3 (Bueno)","3 (Bueno)","3 (Bueno)","2 (Malo)","3 (Bueno)","3 (Bueno)","3 (Bueno)","3 (Bueno)","3 (Bueno)","3 (Bueno)","3 (Bueno)","3 (Bueno)","3 (Bueno)","3 (Bueno)","3 (Bueno)",Alto,"LO APRENDIDO Y LA EXPLICACIONES DE WEBIMAR.","LO QUE NO ME GUSTA EE QUE SEA A PAR CON OTRO CURSO","QUE SE ASIGNEN LOS CURSOS UNO EN UNO"
37,Satisfecho,Sí,Sí,Sí,"Más de lo esperado","Más de 8 horas","Los conozco y me son familiares, pero no los manejo en profundidad.","3 (Bueno)","3 (Bueno)","3 (Bueno)","3 (Bueno)","3 (Bueno)","3 (Bueno)","3 (Bueno)","3 (Bueno)","3 (Bueno)","3 (Bueno)","3 (Bueno)","3 (Bueno)","3 (Bueno)","3 (Bueno)","2 (Malo)",Bajo,"La instancia para aclarar dudas","Poca respuesta de los tutores","La materia era mucha. Sugiero más tiempo para terminar bien el curso."
38,Satisfecho,Sí,No,Sí,"Lo esperado","Más de 8 horas","No los conocía; no había escuchado de estos.","3 (Bueno)","1 (Muy malo)","3 (Bueno)","2 (Malo)","2 (Malo)","3 (Bueno)","2 (Malo)","3 (Bueno)","3 (Bueno)","3 (Bueno)","3 (Bueno)","3 (Bueno)","2 (Malo)","2 (Malo)","3 (Bueno)","Muy bajo","Valoro todo, ya que soy nueva en biblioteca y desempeño muchas funciones y sola, no tenia el conocimiento que acabo de aprender","Lo que hace referencia a planillas y excel, gráficos, cálculo, etc","No realizar planillas ya que por lo menos yo, estoy a punto de pensionarme y ya se me hace difícil trabajar con esos programas"
