﻿"Respuesta número","En general, ¿cuál es su nivel de satisfacción con el curso que acaba de terminar?","¿Recomendaría este curso a otro encargado de biblioteca?                       ","¿Volvería a realizar un curso de estas mismas características?          ","¿Eran coherentes las actividades de aprendizaje propuestas para el curso?","Según la percepción de su proceso de aprendizaje y las características de este curso, ¿cuánto considera que aprendió?","¿Cuántas horas cronológicas semanales dedicó a este curso?","¿Qué tan familiares son para usted los contenidos tratados en el curso?","Claridad de los contenidos del curso (temas, definiciones, términos conceptuales, etc.).","Contextualización de los contenidos a su realidad laboral.","La progresión de la secuencia de aprendizaje para ir tratando los contenidos del curso.","Claridad del diseño gráfico de las pantallas de la plataforma.","Facilidad de navegación en la plataforma.","El funcionamiento de la mesa de ayuda para estudiantes (mediante contacto por correo electrónico).","Claridad de las actividades de aprendizaje propuestas.","Consistencia de las actividades de aprendizaje propuestas con los aprendizajes del curso.","Coherencia de las actividades de aprendizaje propuestas.","Cantidad de información aportada por el curso.","Profundidad en el tratamiento de los aprendizajes esperados.","Claridad de las instrucciones de las actividades.","Claridad de las instrucciones y preguntas en las evaluaciones.","Calidad de las orientaciones para retroalimentar las actividades y evaluaciones.","El apoyo del tutor para responder preguntas en el foro.","¿Cómo evaluaría el nivel de transferencia de los aprendizajes a su contexto laboral?","¿Cómo evaluaría el nivel de transferencia de los aprendizajes a su contexto laboral?","¿Qué es lo que más valora del curso que acaba de terminar?              ","¿Qué es lo que menos le gustó del curso que acaba de terminar?          ","¿Qué sugerencias haría para mejorar el curso en el futuro?"
1,Satisfecho,Sí,Sí,Sí,"Mucho más de lo esperado","Más de 8 horas","He escuchado de los contenidos, pero no los conocía.","4 (Muy bueno)","3 (Bueno)","4 (Muy bueno)","3 (Bueno)","3 (Bueno)","3 (Bueno)","4 (Muy bueno)","4 (Muy bueno)","4 (Muy bueno)","4 (Muy bueno)","4 (Muy bueno)","3 (Bueno)","3 (Bueno)","3 (Bueno)","3 (Bueno)",Alto,"Los contenidos entregados en este curso me ayudan a ejercer mejor mi labor .","Los nuevos metodos y conocimientos entregados los cuales puedo aplicarlos a mi trabajo.","No poder contestar los trabajos ya que no me manejo mucho con el computador  y poco amigable la plataforma para personas mayores.","Reitero simplificar la plataforma para facilitar acceso a personas mayores."
2,Satisfecho,Sí,Sí,Sí,"Lo esperado","4-6 horas","Los conozco y me son familiares, pero no los manejo en profundidad.","3 (Bueno)","2 (Malo)","3 (Bueno)","3 (Bueno)","2 (Malo)","3 (Bueno)","2 (Malo)","3 (Bueno)","3 (Bueno)","3 (Bueno)","3 (Bueno)","3 (Bueno)","3 (Bueno)","3 (Bueno)","3 (Bueno)",Alto,"Lo evalúo bien , porque tiene harta información que es muy útil en mi caso, en mi trabajo diario.","Valoro el detalle de cada modulo, los cuales están bien explicado, con harto material de apoyo.","Lo que no me gustó es la fecha en que se realizó, debido a que es un periodo con muchas actividades a nivel colegio.","Como sugerencia, solo les diría el cambio de fecha de inicio de los cursos  y que no sea al finalizar el año."
3,Satisfecho,Sí,Sí,Sí,"Lo esperado","6-8 horas","Los conozco y me son familiares, pero no los manejo en profundidad.","3 (Bueno)","3 (Bueno)","3 (Bueno)","3 (Bueno)","3 (Bueno)","3 (Bueno)","3 (Bueno)","3 (Bueno)","3 (Bueno)","3 (Bueno)","3 (Bueno)","3 (Bueno)","3 (Bueno)","3 (Bueno)","3 (Bueno)","Muy alto","Positivo, para una mejor gestión de la Unidad de Información.","La Profundidad que fueron abordados contenidos que uno maneja a priori.","La fecha en que impartió.","Que planificaran mas la fecha en que imparten estos cursos que tanta ayuda nos brinda para utilizar de mejor manera los recursos que uno cuenta en la Biblioteca Escolar CRA."
4,Insatisfecho,No,No,Sí,"Menos de lo esperado","4-6 horas","Los conozco y los manejo con profundidad.","3 (Bueno)","3 (Bueno)","3 (Bueno)","3 (Bueno)","3 (Bueno)","2 (Malo)","2 (Malo)","3 (Bueno)","3 (Bueno)","3 (Bueno)","2 (Malo)","2 (Malo)","2 (Malo)","2 (Malo)","2 (Malo)",Bajo,"La mayoría de los conocimientos adquiridos ya se están utilizando en biblioteca.","Valoro el hecho de que los recursos utilizados fueron bastante claros.","No quedé conforme con las pocas instrucciones que tenía cada actividad. Muchas veces dejaba espacios abiertos que permitían que cada persona trabajara de acuerdo a su criterio.","Más información en cada actividad y un tutor/a que conteste de forma clara a cada una de las inquietudes."
5,"Muy Insatisfecho",No,No,No,"Menos de lo esperado","6-8 horas","Los conozco y me son familiares, pero no los manejo en profundidad.","2 (Malo)","2 (Malo)","2 (Malo)","2 (Malo)","1 (Muy malo)","1 (Muy malo)","2 (Malo)","2 (Malo)","2 (Malo)","2 (Malo)","2 (Malo)","1 (Muy malo)","1 (Muy malo)","2 (Malo)","1 (Muy malo)",Bajo,"Esperaba mas mas claridad e interactividad en las actividades y contenidos a desarrollar.","Que logre terminar el curso.","plataforma, los tutores y soporte.","Que sean mas interactivos abarcando los mismos contenidos pero que la plataforma sea mas amigable y que el tiempo de duración para aprobar sea acorde a nuestra labores de nuestros establecimientos educaciones."
6,Satisfecho,Sí,Sí,Sí,"Lo esperado","6-8 horas","He escuchado de los contenidos, pero no los conocía.","3 (Bueno)","3 (Bueno)","3 (Bueno)","3 (Bueno)","3 (Bueno)","3 (Bueno)","3 (Bueno)","3 (Bueno)","3 (Bueno)","3 (Bueno)","3 (Bueno)","3 (Bueno)","3 (Bueno)","3 (Bueno)","3 (Bueno)",Alto,buenos,"toda la información que nos envían para poder desarrollar las evaluaciones","todo me gusto",nada
7,Satisfecho,Sí,Sí,Sí,"Más de lo esperado","4-6 horas","Los conozco y me son familiares, pero no los manejo en profundidad.","4 (Muy bueno)","3 (Bueno)","3 (Bueno)","3 (Bueno)","2 (Malo)","3 (Bueno)","2 (Malo)","3 (Bueno)","3 (Bueno)","3 (Bueno)","3 (Bueno)","2 (Malo)","2 (Malo)","2 (Malo)","2 (Malo)",Alto,"Espero el próximo año poder aplicar todos los conocimientos adquiridos en este curso ya que este año a sido un poco complejo","Adquirí  muchos conocimientos ,la facilidad de conexión, entrega de información adecuada.","Que en algunos casos las tares que no pedían no eran tan claras las instrucciones .","Que por lo menos en más de una oportunidad podamos compartir con el tutor encargado para aclarar dudas ,y tener algún tipo de retroalimentación sobre lo que estamos realizando."
8,Satisfecho,Sí,Sí,Sí,"Más de lo esperado","4-6 horas","Los conozco y me son familiares, pero no los manejo en profundidad.","3 (Bueno)","3 (Bueno)","3 (Bueno)","3 (Bueno)","3 (Bueno)","3 (Bueno)","4 (Muy bueno)","4 (Muy bueno)","4 (Muy bueno)","4 (Muy bueno)","4 (Muy bueno)","4 (Muy bueno)","4 (Muy bueno)","4 (Muy bueno)","4 (Muy bueno)",Alto,"es un apoyo positivo , los aprendizajes son siempre bien recibidos","los contenidos son claros y de fácil acceso a la información","los tiempos para realizar actividades y tareas muy cortos","los tiempos ,"
9,Satisfecho,Sí,Sí,Sí,"Más de lo esperado","4-6 horas","Los conozco y me son familiares, pero no los manejo en profundidad.","3 (Bueno)","3 (Bueno)","3 (Bueno)","3 (Bueno)","3 (Bueno)","3 (Bueno)","3 (Bueno)","3 (Bueno)","3 (Bueno)","3 (Bueno)","3 (Bueno)","3 (Bueno)","3 (Bueno)","3 (Bueno)","3 (Bueno)",Alto,"con un 7 ya que me servirá mucho ya que muchas cosas no conocía","es el aprender cosas nuevas","no tener claro el como enviar las tareas me costo mucho","nada lo encontré muy bueno"
10,"Muy Satisfecho",Sí,Sí,Sí,"Más de lo esperado","Más de 8 horas","Los conozco y me son familiares, pero no los manejo en profundidad.","3 (Bueno)","4 (Muy bueno)","4 (Muy bueno)","4 (Muy bueno)","4 (Muy bueno)","4 (Muy bueno)","4 (Muy bueno)","4 (Muy bueno)","4 (Muy bueno)","4 (Muy bueno)","4 (Muy bueno)","4 (Muy bueno)","4 (Muy bueno)","4 (Muy bueno)","4 (Muy bueno)","Muy alto","bueno aprendí mucho mas  de lo  esperado, tengo mas  herramientas para desenvolverme en biblioteca","la participación con los tutores especialistas y la participación con otros colegas aprendí mucho de ellos y nos  apoyamos mucho por wattsap
gracias","no pude hacer los gráficos no se hacerlos, el tiempo son muy  cortos","un poco mas de tiempo"
11,"Muy Satisfecho",Sí,Sí,Sí,"Más de lo esperado","4-6 horas","Los conozco y me son familiares, pero no los manejo en profundidad.","4 (Muy bueno)","4 (Muy bueno)","4 (Muy bueno)","3 (Bueno)","3 (Bueno)","4 (Muy bueno)","4 (Muy bueno)","4 (Muy bueno)","3 (Bueno)","4 (Muy bueno)","3 (Bueno)","3 (Bueno)","3 (Bueno)","3 (Bueno)","3 (Bueno)",Alto,"Es un gran aporte a los encargados de las Bibliotecas CRA","Valoro el poder terminar los cursos, a pesar de las dificultades tecnológicas de mi parte, sin dejar de lado los inmensos aportes de la plataforma hacia los usuarios","Muchas preguntas ambiguas, por lo difícil de entender.","Mayor aporte de tutores. Esto se notó al inicio del curso. Parece que al final se notó mejor"
12,"Muy Satisfecho",Sí,Sí,Sí,"Mucho más de lo esperado","Más de 8 horas","Los conozco y me son familiares, pero no los manejo en profundidad.","4 (Muy bueno)","4 (Muy bueno)","4 (Muy bueno)","4 (Muy bueno)","4 (Muy bueno)","4 (Muy bueno)","3 (Bueno)","4 (Muy bueno)","4 (Muy bueno)","4 (Muy bueno)","4 (Muy bueno)","4 (Muy bueno)","4 (Muy bueno)","4 (Muy bueno)","4 (Muy bueno)","Muy alto","Porque nuestra biblioteca necesita modernización en algunos aspectos y todos los módulos contribuyen en ese sentido. Todos los procesos técnicos y tecnológicos  estudiados benefician  para que el Centro lector y la bbiblioteca escolar CRA logre sus objetivos  y metas planificados.","Haberlo podido terminarlo y pensar que los objetivos  planteados fueron alcanzados de manera satisfactoria.  Ahora soy capaz de conversar respecto a los temas tratados y tengo fundamento para argumentar frente al grupo.","No sé creo que todo fue agradable.
No sabría que apuntar. Tal vez haber tenido retroalimentación en las actividades.
Atte.","Creo que este curso importante de Catalogación ... debe hacersae en otro tiempo, pues se junta con otras actividades de fin de año que no permiten aprovechar todo el tiempo disponible. 
En lo personal, le contaré que tuve una operación dental que me significó estar fuera de actividad cinco días o más.  
Atte."
13,"Muy Satisfecho",Sí,Sí,Sí,"Más de lo esperado","4-6 horas","Los conozco y me son familiares, pero no los manejo en profundidad.","4 (Muy bueno)","4 (Muy bueno)","4 (Muy bueno)","4 (Muy bueno)","4 (Muy bueno)","2 (Malo)","3 (Bueno)","3 (Bueno)","3 (Bueno)","4 (Muy bueno)","3 (Bueno)","3 (Bueno)","3 (Bueno)","3 (Bueno)","3 (Bueno)",Alto,"Bueno, son aprendizajes que efectivamente se pueden aplicar a nuestro trabajo diario e implementar para mejorar la labor que realizamos en biblioteca.","Los contenidos son presentados de forma clara y la plataforma bastante amigable.","Que se me asignaron dos cursos paralelamente. Al trabajar no tengo disponibilidad de tiempo para hacer ambos juntos. Quise posponer uno y no me responden los correos de coordinación ni soporte.","Que la comunicación con coordinación y soporte vía email sea fluida. Me gustaría recibir respuesta a las inquietudes que envié."
14,Satisfecho,Sí,Sí,Sí,"Más de lo esperado","6-8 horas","Los conozco y me son familiares, pero no los manejo en profundidad.","3 (Bueno)","4 (Muy bueno)","3 (Bueno)","4 (Muy bueno)","4 (Muy bueno)","3 (Bueno)","3 (Bueno)","3 (Bueno)","4 (Muy bueno)","4 (Muy bueno)","4 (Muy bueno)","3 (Bueno)","4 (Muy bueno)","4 (Muy bueno)","4 (Muy bueno)","Muy alto","Agradecer la enseñanza y contenidos entregados, porque lo aprendido realmente nos facilitara el trabajo diario y podemos entregar un mejor servicio a los usuarios.","Lo que más valoro es aprender los procesos que debemos realizar para tener una biblioteca organizada y automatizada  para un mejor servicio.","En el módulo 4, lo encontré un poco más complicado de poder realizar  las tareas.","Sólo agradecer su gestiones por entregarnos de la mejor manera las herramientas para poder entregar un servicio de calidad."
15,Satisfecho,Sí,Sí,Sí,"Más de lo esperado","4-6 horas","He escuchado de los contenidos, pero no los conocía.","3 (Bueno)","3 (Bueno)","3 (Bueno)","3 (Bueno)","3 (Bueno)","3 (Bueno)","2 (Malo)","3 (Bueno)","3 (Bueno)","3 (Bueno)","3 (Bueno)","3 (Bueno)","3 (Bueno)","3 (Bueno)","3 (Bueno)",Alto,"bueno, pero dependerá del establecimiento las posibilidades de ponerlos en practica.","Los aprendizajes obtenidos.","Los problemas de la plataforma en ocasiones al momento de responder las evaluaciones.","Más material de apoyo y mas claridad en este."
16,Satisfecho,Sí,Sí,Sí,"Mucho más de lo esperado","2-3 horas","No los conocía; no había escuchado de estos.","3 (Bueno)","3 (Bueno)","3 (Bueno)","3 (Bueno)","3 (Bueno)","2 (Malo)","3 (Bueno)","3 (Bueno)","3 (Bueno)","4 (Muy bueno)","4 (Muy bueno)","3 (Bueno)","3 (Bueno)","3 (Bueno)","2 (Malo)","Muy alto",bueno,"Para mi todo esto es algo nuevo, aprendí mucho de este curso","la poca comunicación con tutores","que en cada curso se encuentre un tutor guiando a los estudiantes.
Y no tantos trabajos, tareas etc."
17,"Muy Satisfecho",Sí,Sí,Sí,"Más de lo esperado","Más de 8 horas","Los conozco y me son familiares, pero no los manejo en profundidad.","3 (Bueno)","3 (Bueno)","3 (Bueno)","3 (Bueno)","4 (Muy bueno)","3 (Bueno)","3 (Bueno)","3 (Bueno)","3 (Bueno)","3 (Bueno)","3 (Bueno)","3 (Bueno)","3 (Bueno)","3 (Bueno)","3 (Bueno)",Alto,"Alto, logre aprendizajes muy significativos para mi trabajo en la biblioteca escolar.
Que han mejorado mi labor en ella,","Principalmente el Manejo de ABIES 2.0.
 en general de todo el material fui aprendiendo, para mejorar mi rol en la biblioteca.","algunas actividades de aplicación que me costaron por no saber manejar la forma de enviarlas.","yo creo que este curso se debería realizar en forma presencial para aprender a utilizar todos los procesos de catalogación y registro de los materiales ya que en muchos casos como el mío en particular no los conocía bien y me costo ya que no manejaba muy bien la tecnología del computador solo lo más básico, pero igual se agradece ya que tuve que apoyo y logre desarrollar en este curso habilidades y buenos aprendizajes que aplicare el año 2022"
18,Satisfecho,Sí,Sí,Sí,"Más de lo esperado","4-6 horas","He escuchado de los contenidos, pero no los conocía.","3 (Bueno)","4 (Muy bueno)","3 (Bueno)","3 (Bueno)","2 (Malo)","3 (Bueno)","2 (Malo)","3 (Bueno)","3 (Bueno)","3 (Bueno)","3 (Bueno)","2 (Malo)","3 (Bueno)","2 (Malo)","3 (Bueno)",Alto,"Muy pertinente auque no tenemos el programa Abies 2.0","El trabajo de conceptualizacion en el curso y el modo de  asimilarlo","Lo  que me costó más es la parte técnica 
¿ Cómo subir informacion, cómo enviar fotos.","Dar una mejora gradualidad a los contenidos. Me costó, porque no tenemos el programa Abies 2.0. por lo tanto, las actividades me fueron más complejas de realizar."
19,"Muy Satisfecho",Sí,Sí,Sí,"Lo esperado","Más de 8 horas","Los conozco y me son familiares, pero no los manejo en profundidad.","4 (Muy bueno)","3 (Bueno)","3 (Bueno)","3 (Bueno)","4 (Muy bueno)","3 (Bueno)","4 (Muy bueno)","4 (Muy bueno)","4 (Muy bueno)","4 (Muy bueno)","4 (Muy bueno)","3 (Bueno)","3 (Bueno)","4 (Muy bueno)","3 (Bueno)","Muy alto","me ha servido mucho ya que actualmente estoy trabajando con el nuevo sistema de inventario, una vez terminado este implementaré abies, ya que no me atrevía a usarlo.","que me ha dado más conocimiento en lo que es catalogación y  cuidado de la colección, ahora podré implementar todo lo aprendido en el curso.","que por desinformación comencé tarde el curso y no pude participar de las actividades en tiempo real con los demás participantes","más información personalizada cuando comienzan los cursos. no recibí correo de cuando comenzaba, tuve que realizarlo casi a  último plazo."
20,"Muy Satisfecho",Sí,Sí,Sí,"Mucho más de lo esperado","2-3 horas","Los conozco y me son familiares, pero no los manejo en profundidad.","4 (Muy bueno)","3 (Bueno)","4 (Muy bueno)","4 (Muy bueno)","3 (Bueno)","3 (Bueno)","4 (Muy bueno)","3 (Bueno)","4 (Muy bueno)","4 (Muy bueno)","3 (Bueno)","3 (Bueno)","4 (Muy bueno)","3 (Bueno)","1 (Muy malo)","Muy alto","muy bueno","lo bien estructurado del curso y que estuviera por módulos de aprendizaje","que no tuviéramos un tutor en la finalización del curso aunque sea de autoaprendizaje ya que creo es importante una retroalimentación.","ninguna se valora la entrega en estas condiciones de pandemia y que pusieran igual los recursos para poder realizar el curso."
21,Satisfecho,Sí,Sí,Sí,"Más de lo esperado","4-6 horas","Los conozco y los manejo con profundidad.","3 (Bueno)","4 (Muy bueno)","3 (Bueno)","3 (Bueno)","3 (Bueno)","3 (Bueno)","3 (Bueno)","4 (Muy bueno)","4 (Muy bueno)","3 (Bueno)","3 (Bueno)","3 (Bueno)","3 (Bueno)","3 (Bueno)","3 (Bueno)","Muy alto","Pienso que es un nivel bastante alto ya que se espera que se pueda implementar todos estos aprendizajes a nuestra biblioteca, lo bueno es que tenemos las herramientas ahora, pero el tiempo y las miles de actividades que se realizan a diario , a veces no permite abocarse totalmente al trabajo en el CRA. Puede estar la voluntad, ganas e interés pero esto va a depender de varios factores.","Me gustó mucho este curso ya que tenia claridad de mucho de estos temas, me sirvió para afianzarlos y aprendí nuevas estrategias y muchas actividades que se pueden aplicar en la biblioteca . fue muy educativo.","Lo que menos me gustó fue lo paralelo del curso con el trabajo presencial del colegio lo que implico quedarse hasta altas horas de la noche trabajando, dejar a la familia de lado, trabajar los fines de semana para poder avanzar... Además que se juntaron los curso pudiendo haber hecho de uno en uno de mejor manera y no tres en el mismo tiempo y horario.","Sugiero hacer cursos de uno en uno con fecha de inicio y término para cada uno y así poder ordenarse en el tiempo y trabajarlos secuencialmente."
22,"Muy Satisfecho",Sí,Sí,Sí,"Más de lo esperado","4-6 horas","Los conozco y me son familiares, pero no los manejo en profundidad.","3 (Bueno)","4 (Muy bueno)","3 (Bueno)","2 (Malo)","1 (Muy malo)","2 (Malo)","4 (Muy bueno)","3 (Bueno)","3 (Bueno)","4 (Muy bueno)","3 (Bueno)","3 (Bueno)","3 (Bueno)","3 (Bueno)","1 (Muy malo)",Bajo,"Bajo,no logro tener una constancia en el cargo que me permita desarrollar lo aprendido","Todo,es demasiado bueno","La plataforma","Cambiar la plataforma y la de contactarnos"
23,Satisfecho,No,No,Sí,"Menos de lo esperado","2-3 horas","He escuchado de los contenidos, pero no los conocía.","3 (Bueno)","3 (Bueno)","3 (Bueno)","3 (Bueno)","3 (Bueno)","2 (Malo)","3 (Bueno)","3 (Bueno)","3 (Bueno)","3 (Bueno)","3 (Bueno)","3 (Bueno)","3 (Bueno)","3 (Bueno)","2 (Malo)",Bajo,"Falto tiempo","Aprendi cosas que solo había escuchado.","El poco tiempo ,ya que en estas fechas hay mucho trabajo.","Que sea presencial."
24,Satisfecho,Sí,No,Sí,"Más de lo esperado","4-6 horas","Los conozco y me son familiares, pero no los manejo en profundidad.","3 (Bueno)","3 (Bueno)","3 (Bueno)","3 (Bueno)","3 (Bueno)","3 (Bueno)","3 (Bueno)","3 (Bueno)","3 (Bueno)","3 (Bueno)","3 (Bueno)","3 (Bueno)","3 (Bueno)","3 (Bueno)","3 (Bueno)",Alto,APROPIADO,"ES TIEMPO PARA HACER EL CURSO","FALTA DE TIEMPO","TRBAJAR EN EQUPOS"
25,"Muy Satisfecho",Sí,Sí,Sí,"Mucho más de lo esperado","4-6 horas","Los conozco y me son familiares, pero no los manejo en profundidad.","4 (Muy bueno)","3 (Bueno)","4 (Muy bueno)","4 (Muy bueno)","4 (Muy bueno)","3 (Bueno)","4 (Muy bueno)","4 (Muy bueno)","4 (Muy bueno)","4 (Muy bueno)","4 (Muy bueno)","4 (Muy bueno)","4 (Muy bueno)","4 (Muy bueno)","3 (Bueno)",Alto,Buenos,Catalogación,"Totalmente conforme","Esto debería ser anual , ya que todos los años se van actualizando cosas."
26,Satisfecho,Sí,Sí,Sí,"Más de lo esperado","6-8 horas","Los conozco y me son familiares, pero no los manejo en profundidad.","3 (Bueno)","3 (Bueno)","3 (Bueno)","4 (Muy bueno)","4 (Muy bueno)","3 (Bueno)","3 (Bueno)","3 (Bueno)","3 (Bueno)","4 (Muy bueno)","3 (Bueno)","3 (Bueno)","3 (Bueno)","3 (Bueno)","3 (Bueno)","Muy alto","Excelente,   llevo poco tiempo en este cargo, por lo tanto me fue muy útil.","la metodología y la información del curso me pareció clara y ordenada.","el tiempo y fecha para realizar el curso no me fueron muy adecuados. &quot;fin de año lleva mucho trabajo&quot;.","solo sugiero el cambio de fecha y mas tiempo para este curso ya que es mucha información y trabajos. 
fin de año es complicado dedicarse al 100%."
27,"Muy Satisfecho",Sí,Sí,Sí,"Más de lo esperado","6-8 horas","Los conozco y me son familiares, pero no los manejo en profundidad.","4 (Muy bueno)","4 (Muy bueno)","4 (Muy bueno)","4 (Muy bueno)","4 (Muy bueno)","3 (Bueno)","4 (Muy bueno)","4 (Muy bueno)","4 (Muy bueno)","4 (Muy bueno)","4 (Muy bueno)","3 (Bueno)","4 (Muy bueno)","3 (Bueno)","3 (Bueno)",Alto,"Un aporte muy importante, un 7","La calidad de los contenidos.","La comunicación.","No tengo"
28,"Muy Satisfecho",Sí,Sí,Sí,"Más de lo esperado","4-6 horas","Los conozco y me son familiares, pero no los manejo en profundidad.","4 (Muy bueno)","4 (Muy bueno)","3 (Bueno)","3 (Bueno)","3 (Bueno)","4 (Muy bueno)","4 (Muy bueno)","4 (Muy bueno)","4 (Muy bueno)","3 (Bueno)","3 (Bueno)","4 (Muy bueno)","4 (Muy bueno)","3 (Bueno)","4 (Muy bueno)",Alto,"Este curso ha sido muy motivador para  continuar el proceso de automatización","la entrega de información asociada a manejo de plataformas y manuales utiles para la biblioteca","La dificultad para trabajar en la plataforma, no pude subir mis actividades desarrolladas e interactuar en el foro","Considero necesario más asesoría para uso de la plataforma que contiene los cursos y más videos explicativos en los procesos de clasificar, catalogar, uso abies, emisión de informes, etc"
29,"Muy Satisfecho",Sí,Sí,Sí,"Lo esperado","4-6 horas","Los conozco y me son familiares, pero no los manejo en profundidad.","3 (Bueno)","3 (Bueno)","3 (Bueno)","3 (Bueno)","3 (Bueno)","3 (Bueno)","3 (Bueno)","3 (Bueno)","3 (Bueno)","3 (Bueno)","3 (Bueno)","3 (Bueno)","3 (Bueno)","3 (Bueno)","3 (Bueno)",Alto,"regular, tengo que aplicar lo aprendido.","me llamo la atención la forma de hacer el curso de autoaprendizaje","que los trabajos solo se enviaban a los foros.","Realizar trabajos de aprendizajes para los encargados, pero no enviando a foros"
30,"Muy Satisfecho",Sí,Sí,Sí,"Mucho más de lo esperado","Más de 8 horas","Los conozco y me son familiares, pero no los manejo en profundidad.","3 (Bueno)","2 (Malo)","3 (Bueno)","4 (Muy bueno)","4 (Muy bueno)","1 (Muy malo)","3 (Bueno)","3 (Bueno)","3 (Bueno)","4 (Muy bueno)","2 (Malo)","3 (Bueno)","3 (Bueno)","2 (Malo)","2 (Malo)","Muy alto","Muy bueno ya que el 2020 se implementará el Abies 2.0 con el cual no estaba muy familiarizada, con lo aprendido ya tengo una base para empezar a trabajarlo.","Conocer a fondo la función y lo importante que es la biblioteca, darme cuenta de las fortalezas y debilidades que tenemos. Ojalá pueda transmitirlos a toda la comunidad educativa y que la valoren tanto como yo.","Los que no tenemos implementado el Abies 2.0 y el CDD no pudimos realizar algunas actividades.","En realidad sería separar de acuerdo a la implementación de cada biblioteca, para que el aprendizaje fuera más cercano a la realidad"
31,Satisfecho,Sí,Sí,Sí,"Lo esperado","6-8 horas","Los conozco y me son familiares, pero no los manejo en profundidad.","3 (Bueno)","3 (Bueno)","3 (Bueno)","3 (Bueno)","2 (Malo)","3 (Bueno)","3 (Bueno)","3 (Bueno)","3 (Bueno)","3 (Bueno)","3 (Bueno)","3 (Bueno)","3 (Bueno)","3 (Bueno)","3 (Bueno)",Alto,"me sirvió mucho a saber un poco mas como hay que mantener los libro y a realizar prestamos .","que nos hayan enseñada como mantener en buen estado los libros","que a veces  en los cursos solo explicaban las actividades que había que realizar .","que el curso no tenga tantos trabajos ya que son muy pocas las horas que uno tiene libre , y que los cursos se han en la mañana"
32,"Muy Satisfecho",Sí,Sí,Sí,"Lo esperado","2-3 horas","Los conozco y me son familiares, pero no los manejo en profundidad.","3 (Bueno)","4 (Muy bueno)","3 (Bueno)","3 (Bueno)","2 (Malo)","2 (Malo)","3 (Bueno)","3 (Bueno)","3 (Bueno)","3 (Bueno)","3 (Bueno)","3 (Bueno)","3 (Bueno)","3 (Bueno)","2 (Malo)",Alto,"Lo evaluo bien porque todos los temas que se trataron son de cotidiana aplicación para mi labor.","Los documentos de aprendizaje","el formato de la secuencia de las actividades","El desarrollo del sitio y formato de las evaluaciones"
33,Insatisfecho,Sí,Sí,Sí,"Menos de lo esperado","2-3 horas","He escuchado de los contenidos, pero no los conocía.","3 (Bueno)","3 (Bueno)","3 (Bueno)","3 (Bueno)","3 (Bueno)","3 (Bueno)","3 (Bueno)","3 (Bueno)","3 (Bueno)","3 (Bueno)","3 (Bueno)","3 (Bueno)","3 (Bueno)","3 (Bueno)","3 (Bueno)",Bajo,"Esperaba aprender mucho más.","Adquirí más noción en algunos aspectos pero no fue aprovechado al 100%","La fecha de ejecución.","Dictar cursos de aprendizajes en marzo, o después de esa fecha, no a final de año."
34,Satisfecho,Sí,Sí,Sí,"Lo esperado","2-3 horas","Los conozco y me son familiares, pero no los manejo en profundidad.","3 (Bueno)","3 (Bueno)","3 (Bueno)","3 (Bueno)","3 (Bueno)","3 (Bueno)","2 (Malo)","3 (Bueno)","3 (Bueno)","3 (Bueno)","2 (Malo)","2 (Malo)","3 (Bueno)","3 (Bueno)","3 (Bueno)",Alto,"son completamente aplicables","nos indica que vamos por un buen camino en lo realizado","las actividades","profundizar en el ABIES 2.0"
35,"Muy Satisfecho",Sí,Sí,Sí,"Lo esperado","2-3 horas","Los conozco y los manejo con profundidad.","3 (Bueno)","3 (Bueno)","3 (Bueno)","3 (Bueno)","3 (Bueno)","3 (Bueno)","3 (Bueno)","3 (Bueno)","3 (Bueno)","3 (Bueno)","3 (Bueno)","3 (Bueno)","3 (Bueno)","3 (Bueno)","3 (Bueno)",Alto,BUENO,"LOS NUEVOS CONOCIMIENTO","EL TUTOR","QUE SEA PRESENCIAL"
36,Satisfecho,Sí,No,Sí,"Más de lo esperado","6-8 horas","Los conozco y me son familiares, pero no los manejo en profundidad.","3 (Bueno)","3 (Bueno)","3 (Bueno)","3 (Bueno)","3 (Bueno)","3 (Bueno)","3 (Bueno)","3 (Bueno)","3 (Bueno)","3 (Bueno)","3 (Bueno)","3 (Bueno)","3 (Bueno)","3 (Bueno)","3 (Bueno)",Alto,Óptimo,"Conocimientos que no tenía. Motivación para aprender más.","Muy poco el tiempo considerando otras obligaciones y horario.","Trabajos en equipo para una mejor retroalimentación."
37,"Muy Insatisfecho",Sí,Sí,Sí,"Lo esperado","Más de 8 horas","Los conozco y los manejo con profundidad.","4 (Muy bueno)","4 (Muy bueno)","4 (Muy bueno)","4 (Muy bueno)","4 (Muy bueno)","3 (Bueno)","4 (Muy bueno)","4 (Muy bueno)","4 (Muy bueno)","4 (Muy bueno)","4 (Muy bueno)","4 (Muy bueno)","4 (Muy bueno)","4 (Muy bueno)","3 (Bueno)",Alto,"Claro y práctico","Se valora que se haya podido realizar en el tiempo disponible","Todo me gustó","Está muy bien hecho"
38,Satisfecho,No,No,Sí,"Lo esperado","Más de 8 horas","Los conozco y me son familiares, pero no los manejo en profundidad.","3 (Bueno)","3 (Bueno)","3 (Bueno)","3 (Bueno)","4 (Muy bueno)","3 (Bueno)","3 (Bueno)","3 (Bueno)","3 (Bueno)","3 (Bueno)","3 (Bueno)","3 (Bueno)","2 (Malo)","3 (Bueno)","3 (Bueno)",Bajo,"eran temas ya conocidos, que se estaban utilizando desde antes en el establecimiento.","Que se refuercen contenidos  para realizar un buen trabajo en nuestras bibliotecas.","que se asignen 2 cursos simultaneamente.","Otorgar un curso a la vez, para poder desarrollar bien las actividades."
