﻿"Respuesta número","En general, ¿cuál es su nivel de satisfacción con el curso que acaba de terminar?","¿Recomendaría este curso a otro encargado de biblioteca?","¿Volvería a realizar un curso de estas mismas características?          ","¿Eran coherentes las actividades de aprendizaje propuestas para el curso?","Según la percepción de su proceso de aprendizaje y las características de este curso, ¿cuánto considera que aprendió?","¿Cuántas horas cronológicas semanales dedicó a este curso?","¿Qué tan familiares son para usted los contenidos tratados en el curso?","Claridad de los contenidos del curso (temas, definiciones, términos conceptuales, etc.).","Contextualización de los contenidos a su realidad laboral.","La progresión de la secuencia de aprendizaje para ir tratando los contenidos del curso.","Claridad del diseño gráfico de las pantallas de la plataforma.","Facilidad de navegación en la plataforma.","El funcionamiento de la mesa de ayuda para estudiantes (mediante contacto por correo electrónico).","Claridad de las actividades de aprendizaje propuestas.","Consistencia de las actividades de aprendizaje propuestas con los aprendizajes del curso.","Coherencia de las actividades de aprendizaje propuestas.","Cantidad de información aportada por el curso.","Profundidad en el tratamiento de los aprendizajes esperados.","Claridad de las instrucciones de las actividades.","Claridad de las instrucciones y preguntas en las evaluaciones.","Calidad de las orientaciones para retroalimentar las actividades y evaluaciones.","El apoyo del tutor para responder preguntas en el foro.","¿Cómo evaluaría el nivel de transferencia de los aprendizajes a su contexto laboral?","¿Qué es lo que más valora del curso que acaba de terminar?              ","¿Qué es lo que menos le gustó del curso que acaba de terminar?          ","¿Qué sugerencias haría para mejorar el curso en el futuro?"
1,Satisfecho,Sí,Sí,Sí,"Más de lo esperado","4-6 horas","No los conocía; no había escuchado de estos.","4 (Muy bueno)","3 (Bueno)","3 (Bueno)","3 (Bueno)","3 (Bueno)","3 (Bueno)","3 (Bueno)","3 (Bueno)","3 (Bueno)","3 (Bueno)","3 (Bueno)","3 (Bueno)","3 (Bueno)","3 (Bueno)","3 (Bueno)","Muy alto","el material de lectura","los foros","que las tutoras orienten mejor"
2,Satisfecho,Sí,Sí,Sí,"Lo esperado","2-3 horas","No los conocía; no había escuchado de estos.","3 (Bueno)","2 (Malo)","2 (Malo)","3 (Bueno)","3 (Bueno)","2 (Malo)","3 (Bueno)","3 (Bueno)","3 (Bueno)","3 (Bueno)","3 (Bueno)","3 (Bueno)","2 (Malo)","3 (Bueno)","3 (Bueno)",Bajo,"La información del uso de libros digitales y las diferentes plataformas para acceder a ellos.","La cantidad de material a leer y poco tiempo de realizar la capacitación.","Organizar e informar con claridad las horas dedicadas a la capacitación al Director."
3,Satisfecho,No,No,Sí,"Lo esperado","4-6 horas","Los conozco y me son familiares, pero no los manejo en profundidad.","3 (Bueno)","3 (Bueno)","3 (Bueno)","4 (Muy bueno)","4 (Muy bueno)","3 (Bueno)","3 (Bueno)","3 (Bueno)","3 (Bueno)","4 (Muy bueno)","3 (Bueno)","4 (Muy bueno)","4 (Muy bueno)","3 (Bueno)","3 (Bueno)","Muy alto","La experiencia de haber realizado el curso","La experiencia con los tutores, solo dieron la bienvenida y nunca se comunicaron, para saber como iba con el curso ya que al inicio me costo un poco adaptarme y gracias al apoyo de algunos profesores de enlaces pude entender la plataforma","Que sea mas personal y consulten a los alumnos como es su experiencia momentánea ya que hay alumnos como mi caso que toman por primera vez estos cursos y no están familiarizados con la plataforma"
4,"Muy Satisfecho",No,Sí,Sí,"Más de lo esperado","2-3 horas","Los conozco y me son familiares, pero no los manejo en profundidad.","4 (Muy bueno)","3 (Bueno)","3 (Bueno)","3 (Bueno)","3 (Bueno)","3 (Bueno)","3 (Bueno)","3 (Bueno)","3 (Bueno)","3 (Bueno)","3 (Bueno)","3 (Bueno)","3 (Bueno)","3 (Bueno)","3 (Bueno)","Muy alto","Lo que mas valoro es el aprendizaje y poder usar los recursos y poder innovar en mi Biblioteca.","Me hubiera gustado que hubiera sido mas interactivo mas didáctico el enseñar,mas participación con las  personas encargadas del curso.","Que hubiera mas participación de ambas partes clases online ,presenciales mas participación activa de las personas que participaban el conocernos mas y retroalimentarnos de cada uno."
5,Satisfecho,Sí,Sí,Sí,"Más de lo esperado","Más de 8 horas","Los conozco y me son familiares, pero no los manejo en profundidad.","3 (Bueno)","3 (Bueno)","3 (Bueno)","3 (Bueno)","4 (Muy bueno)","3 (Bueno)","3 (Bueno)","4 (Muy bueno)","4 (Muy bueno)","4 (Muy bueno)","4 (Muy bueno)","4 (Muy bueno)","4 (Muy bueno)","3 (Bueno)","3 (Bueno)",Alto,"El material completario","Que las preguntas y consultas demorara tanto en responder y aveces solo mencionar el soporte técnico","Que el mismo curso fuera presencial con tutor y no de auto aprendizaje"
6,Satisfecho,Sí,No,Sí,"Más de lo esperado","2-3 horas","He escuchado de los contenidos, pero no los conocía.","4 (Muy bueno)","3 (Bueno)","3 (Bueno)","4 (Muy bueno)","3 (Bueno)","3 (Bueno)","3 (Bueno)","3 (Bueno)","3 (Bueno)","3 (Bueno)","3 (Bueno)","4 (Muy bueno)","3 (Bueno)","3 (Bueno)","4 (Muy bueno)",Alto,"El apoyo de las tutoras. La información para poder mejorar el área de trabajo y aportes para la biblioteca","Los webinars día viernes x la tarde","Hacer los webinars dentro del horario de trabajo."
7,Satisfecho,Sí,Sí,Sí,"Más de lo esperado","2-3 horas","Los conozco y me son familiares, pero no los manejo en profundidad.","4 (Muy bueno)","3 (Bueno)","3 (Bueno)","4 (Muy bueno)","3 (Bueno)","3 (Bueno)","3 (Bueno)","3 (Bueno)","3 (Bueno)","4 (Muy bueno)","3 (Bueno)","3 (Bueno)","3 (Bueno)","4 (Muy bueno)","3 (Bueno)",Alto,"Las actividades de Aprendizajes son muy claras y precisas. También el gran apoyo de los videos.","Las Evaluaciones, las respuesta son muy parecidas y confunden.","Que sean más cortos y dinámicos."
8,Insatisfecho,Sí,Sí,Sí,"Lo esperado","2-3 horas","Los conozco y me son familiares, pero no los manejo en profundidad.","4 (Muy bueno)","4 (Muy bueno)","4 (Muy bueno)","4 (Muy bueno)","4 (Muy bueno)","3 (Bueno)","4 (Muy bueno)","4 (Muy bueno)","4 (Muy bueno)","4 (Muy bueno)","4 (Muy bueno)","4 (Muy bueno)","2 (Malo)","4 (Muy bueno)","2 (Malo)",Alto,"LOS CONTENIDOS SON CLAROS","EL POCO COMPROMISO DE LOS TUTORES","QUE FUERA EN OTRA EPOCA"
9,Satisfecho,Sí,Sí,Sí,"Lo esperado","4-6 horas","No los conocía; no había escuchado de estos.","3 (Bueno)","3 (Bueno)","3 (Bueno)","2 (Malo)","2 (Malo)","2 (Malo)","3 (Bueno)","3 (Bueno)","3 (Bueno)","3 (Bueno)","3 (Bueno)","3 (Bueno)","3 (Bueno)","3 (Bueno)","3 (Bueno)",Alto,"conocí un mundo nuevo para mi","la plataforma para mi no fue muy clara","la verdad las sugerencias se las dejo a las personas que conocen mas del rubro."
10,"Muy Satisfecho",Sí,Sí,Sí,"Mucho más de lo esperado","2-3 horas","He escuchado de los contenidos, pero no los conocía.","4 (Muy bueno)","4 (Muy bueno)","4 (Muy bueno)","3 (Bueno)","3 (Bueno)","4 (Muy bueno)","4 (Muy bueno)","4 (Muy bueno)","4 (Muy bueno)","3 (Bueno)","4 (Muy bueno)","4 (Muy bueno)","4 (Muy bueno)","4 (Muy bueno)","4 (Muy bueno)","Muy alto","Sin duda lo aprendido en este curso me servirá mucho, ya que soy nueva en biblioteca.","Al principia me costo manejar la plataforma.","Mas instrucción en el manejo de la plataforma ya que todos no la manejamos muy bien."
11,Satisfecho,Sí,Sí,Sí,"Más de lo esperado","6-8 horas","He escuchado de los contenidos, pero no los conocía.","3 (Bueno)","3 (Bueno)","3 (Bueno)","3 (Bueno)","3 (Bueno)","2 (Malo)","2 (Malo)","3 (Bueno)","3 (Bueno)","3 (Bueno)","3 (Bueno)","2 (Malo)","3 (Bueno)","2 (Malo)","2 (Malo)",Alto,"Lo aprendido.","El poco tiempo que hay para terminar el curso ya que se trabaja todo el día y es difícil poder dedicar un par de horas al curso.","Más tiempo para poder terminar el curso."
12,Satisfecho,Sí,Sí,Sí,"Lo esperado","2-3 horas","Los conozco y me son familiares, pero no los manejo en profundidad.","3 (Bueno)","3 (Bueno)","3 (Bueno)","3 (Bueno)","3 (Bueno)","3 (Bueno)","3 (Bueno)","3 (Bueno)","3 (Bueno)","3 (Bueno)","3 (Bueno)","3 (Bueno)","3 (Bueno)","3 (Bueno)","3 (Bueno)","Muy alto","que puede tener mas material para la biblioteca.","participar en los a foros.","podria ser mas apoyos para las personas que realizan el curso ya que quedan dudas."
13,Satisfecho,Sí,Sí,Sí,"Mucho más de lo esperado","2-3 horas","Los conozco y me son familiares, pero no los manejo en profundidad.","4 (Muy bueno)","4 (Muy bueno)","3 (Bueno)","3 (Bueno)","3 (Bueno)","3 (Bueno)","3 (Bueno)","4 (Muy bueno)","4 (Muy bueno)","4 (Muy bueno)","4 (Muy bueno)","4 (Muy bueno)","4 (Muy bueno)","3 (Bueno)","3 (Bueno)",Alto,"La entrega de información y formación de mi persona, que me entregaron ya que muchas cosas no manejaba  por estar primera ves encargada de CRA.","Para mi estuvo todo muy bien ,yo falle con mi tiempo,se complico ya que uno realiza muchas cosas más en el colegio y mi preocupación siempre fue no poder avanzar lo que ahora me preocupa con los que debe entregar con los curso que continúan.","Plantearle, a los directivos de los establecimiento en que consiste el curso y el tiempo que se necesita para elaborar tareas y entregarlas, generar conciencia a cada director de los establecimiento  lo importante que es nuestra labor en biblioteca."
14,Satisfecho,Sí,Sí,Sí,"Mucho más de lo esperado","2-3 horas","Los conozco y me son familiares, pero no los manejo en profundidad.","4 (Muy bueno)","4 (Muy bueno)","4 (Muy bueno)","3 (Bueno)","3 (Bueno)","3 (Bueno)","3 (Bueno)","3 (Bueno)","3 (Bueno)","3 (Bueno)","3 (Bueno)","3 (Bueno)","3 (Bueno)","3 (Bueno)","3 (Bueno)","Muy alto","Me ha permitido una retroalimentación de lo ya aprendido anteriormente en otros cursos. Muchas gracias","Que al responder las preguntas no tengo alternativa inmediata para saber si respondí bien o mal aun cuando hay un 2do. intento no quedé conforme","Que no fuera tan esquematizado sino también acepten en parte nuestras respuestas pues es la realidad que vivimos en nuestra biblioteca."
15,Satisfecho,No,No,Sí,"Lo esperado","2-3 horas","No los conocía; no había escuchado de estos.","3 (Bueno)","3 (Bueno)","3 (Bueno)","3 (Bueno)","3 (Bueno)","3 (Bueno)","3 (Bueno)","3 (Bueno)","3 (Bueno)","3 (Bueno)","3 (Bueno)","3 (Bueno)","3 (Bueno)","3 (Bueno)","3 (Bueno)",Bajo,"La implementaron del cra","Cuando debes subir documentos pdf","Que fuera más claras con respecto a realización de  actividades"
16,"Muy Satisfecho",Sí,Sí,Sí,"Más de lo esperado","2-3 horas","He escuchado de los contenidos, pero no los conocía.","4 (Muy bueno)","4 (Muy bueno)","3 (Bueno)","4 (Muy bueno)","4 (Muy bueno)","4 (Muy bueno)","4 (Muy bueno)","4 (Muy bueno)","4 (Muy bueno)","4 (Muy bueno)","4 (Muy bueno)","4 (Muy bueno)","4 (Muy bueno)","4 (Muy bueno)","4 (Muy bueno)",Alto,"Que me ayudo mucho ya que hace un año que estoy encargada de una bibliocra.","muy poco tiempo para contestar las preguntas.","me gustaría que fueran presenciales si fuera posible."
17,Satisfecho,Sí,No,Sí,"Lo esperado","Más de 8 horas","Los conozco y me son familiares, pero no los manejo en profundidad.","4 (Muy bueno)","4 (Muy bueno)","4 (Muy bueno)","4 (Muy bueno)","4 (Muy bueno)","3 (Bueno)","4 (Muy bueno)","4 (Muy bueno)","4 (Muy bueno)","4 (Muy bueno)","4 (Muy bueno)","4 (Muy bueno)","4 (Muy bueno)","4 (Muy bueno)","4 (Muy bueno)",Alto,"Lo mas valorado, es la nueva tecnología, conceptos que se fueron dando en cada modulo.","Fue la falta de información, cuando se necesitaba contactarse para hacer consultas, al igual que en correos electrónico.
Aunque no tenia tutora para ese modulo de letra c.","Como sugerencia, seria que para los próximos  cursos  puedan dar mas tiempo ,ya que como encargadas debemos cumplir nuestras labores de biblioteca en nuestros establecimientos, a pesar que estamos autorizadas por nuestros Directores."
18,Satisfecho,Sí,Sí,Sí,"Más de lo esperado","4-6 horas","Los conozco y me son familiares, pero no los manejo en profundidad.","3 (Bueno)","4 (Muy bueno)","3 (Bueno)","3 (Bueno)","3 (Bueno)","3 (Bueno)","3 (Bueno)","3 (Bueno)","3 (Bueno)","2 (Malo)","2 (Malo)","2 (Malo)","3 (Bueno)","2 (Malo)","3 (Bueno)",Alto,"El tema en general es bueno, lo cual  hace replantearse al un mejor espacio, contexto del cra (sobre todo en lo digital estoy al debe)","Me costo tomar el ritmo del curso encontré confuso el comienzo.","Mas claridad al seguir los módulos y mas material de apoyo"
19,"Muy Satisfecho",Sí,Sí,Sí,"Lo esperado","2-3 horas","Los conozco y me son familiares, pero no los manejo en profundidad.","4 (Muy bueno)","2 (Malo)","3 (Bueno)","3 (Bueno)","4 (Muy bueno)","3 (Bueno)","2 (Malo)","2 (Malo)","3 (Bueno)","4 (Muy bueno)","3 (Bueno)","4 (Muy bueno)","3 (Bueno)","2 (Malo)","3 (Bueno)","Muy alto","Material de apoyo interesante y útil
Responsabilidad de los tutores","Actividades muy largas","Actividades más acotadas y entrega de la información de otras maneras."
20,Satisfecho,Sí,Sí,Sí,"Más de lo esperado","6-8 horas","He escuchado de los contenidos, pero no los conocía.","4 (Muy bueno)","3 (Bueno)","4 (Muy bueno)","4 (Muy bueno)","3 (Bueno)","4 (Muy bueno)","4 (Muy bueno)","4 (Muy bueno)","4 (Muy bueno)","4 (Muy bueno)","4 (Muy bueno)","4 (Muy bueno)","3 (Bueno)","4 (Muy bueno)","4 (Muy bueno)",Alto,"Que se tome importancia a la labor de la persona a cargo de la biblioteca CRA","Me gustó mucho el curso",Ninguna
21,Satisfecho,Sí,Sí,Sí,"Más de lo esperado","2-3 horas","No los conocía; no había escuchado de estos.","4 (Muy bueno)","4 (Muy bueno)","4 (Muy bueno)","4 (Muy bueno)","3 (Bueno)","3 (Bueno)","3 (Bueno)","3 (Bueno)","3 (Bueno)","4 (Muy bueno)","3 (Bueno)","3 (Bueno)","3 (Bueno)","3 (Bueno)","3 (Bueno)",Alto,"Cada aprendizaje, realmente a sido de ayuda para mi, aprender la importancia de la biblioteca .","que fuera online, me hubiera gustado que fuera presencial.","que todos los cursos sean con tutoría online en este caso de estudio, si es presencial mucho mejor."
22,Satisfecho,Sí,Sí,Sí,"Más de lo esperado","6-8 horas","Los conozco y me son familiares, pero no los manejo en profundidad.","4 (Muy bueno)","4 (Muy bueno)","3 (Bueno)","1 (Muy malo)","1 (Muy malo)","1 (Muy malo)","4 (Muy bueno)","3 (Bueno)","4 (Muy bueno)","4 (Muy bueno)","4 (Muy bueno)","4 (Muy bueno)","4 (Muy bueno)","3 (Bueno)","1 (Muy malo)","Muy alto","mas herramientas para desarrollar mi desempeño laboral. mas estrategias de aprendizaje.","que los tutores nunca me ayudaron. 0 asistencia. no conestaron ni siquiera mis mensajes.","que la plataformas sean mas agradables y tengan un lenguaje mas practico y a la vez mayor y mejor contacto con los tutores"
23,"Muy Insatisfecho",Sí,Sí,Sí,"Mucho más de lo esperado","2-3 horas","No los conocía; no había escuchado de estos.","4 (Muy bueno)","3 (Bueno)","4 (Muy bueno)","3 (Bueno)","3 (Bueno)","3 (Bueno)","3 (Bueno)","3 (Bueno)","4 (Muy bueno)","4 (Muy bueno)","4 (Muy bueno)","4 (Muy bueno)","4 (Muy bueno)","4 (Muy bueno)","4 (Muy bueno)",Alto,"El que puedo ser capas de terminar una propuesta, que me enseñan a entender ¿Qué es una biblioteca?","No es que no me gustara, solo que no soy buena para la tecnología, y e costo entender como realizar los trabajos, como bajar documentos.","Cambiar la forma de presentar la pagina, o en los aforos nos puedan enseñar a usar la plataforma, donde ingresar y los pasos a seguir para terminar."
24,Satisfecho,Sí,Sí,Sí,"Lo esperado","2-3 horas","He escuchado de los contenidos, pero no los conocía.","3 (Bueno)","3 (Bueno)","4 (Muy bueno)","4 (Muy bueno)","3 (Bueno)","2 (Malo)","3 (Bueno)","3 (Bueno)","3 (Bueno)","4 (Muy bueno)","3 (Bueno)","4 (Muy bueno)","3 (Bueno)","3 (Bueno)","2 (Malo)",Alto,"valoro mucho sus contenidos y la claridad de estos que me servirán para aplicarlos al contexto de la biblioteca en la que me desempeño","la conectividad de los tutores","Debería haber jornadas presenciales para aclarar dudas y así mejorar el manejo de la plataforma"
25,Satisfecho,Sí,Sí,Sí,"Lo esperado","2-3 horas","He escuchado de los contenidos, pero no los conocía.","3 (Bueno)","3 (Bueno)","3 (Bueno)","3 (Bueno)","2 (Malo)","2 (Malo)","3 (Bueno)","3 (Bueno)","3 (Bueno)","3 (Bueno)","3 (Bueno)","2 (Malo)","3 (Bueno)","3 (Bueno)","2 (Malo)",Bajo,"valoro lo aprendido ya que no lo conocía.","lo que menos me agrado es que, no he podido entrar al foro después
 de muchos intentos.","como sugerencia enviar correo a Directores para poder realizar los módulos en horario laboral ,ocupar las dos horas de estudio en el establecimiento."
26,"Muy Insatisfecho",Sí,Sí,Sí,"Menos de lo esperado","2-3 horas","No los conocía; no había escuchado de estos.","4 (Muy bueno)","3 (Bueno)","3 (Bueno)","3 (Bueno)","3 (Bueno)","3 (Bueno)","3 (Bueno)","3 (Bueno)","3 (Bueno)","4 (Muy bueno)","4 (Muy bueno)","4 (Muy bueno)","4 (Muy bueno)","3 (Bueno)","4 (Muy bueno)","Muy alto","Que lo aprendido es algo que yo ignoraba pensaba que la biblioteca era un espacio mas dentro de un colegio. pero hoy creo que es un pulmón importante para la ayuda del aprendizaje del alumno y toda la comunidad educativa.","no hay observación","por mi experiencia mas aprendí de los videos los encontré espectacular"
27,Insatisfecho,No,No,Sí,"Lo esperado","4-6 horas","He escuchado de los contenidos, pero no los conocía.","3 (Bueno)","3 (Bueno)","3 (Bueno)","3 (Bueno)","3 (Bueno)","3 (Bueno)","3 (Bueno)","3 (Bueno)","3 (Bueno)","3 (Bueno)","3 (Bueno)","3 (Bueno)","3 (Bueno)","3 (Bueno)","3 (Bueno)",Alto,"Las asistentes muy amables, la información entregada fue de utilidad.","Mas que nada la información es justa y precisa.","Que la plataforma sea mas eficiente, ya que la evaluaciones no se pueden responder, solo podía responder una pregunta y se cerraba la evaluación."
28,Satisfecho,Sí,Sí,Sí,"Más de lo esperado","4-6 horas","Los conozco y me son familiares, pero no los manejo en profundidad.","3 (Bueno)","3 (Bueno)","3 (Bueno)","3 (Bueno)","3 (Bueno)","3 (Bueno)","3 (Bueno)","3 (Bueno)","3 (Bueno)","3 (Bueno)","3 (Bueno)","2 (Malo)","3 (Bueno)","3 (Bueno)","2 (Malo)",Alto,"Los conocimientos nuevos y desconocidos para mi.","En realidad estaba todo bien, lo que no me gusto es que el tiempo se hace muy corto y con el trabajo ,la casa uno termina estudiando muy poco.","Uno que es nueva en estos cursos le es muy difícil pedir ayuda y se hace difícil avanzar al no entender."
29,"Muy Insatisfecho",Sí,No,Sí,"Menos de lo esperado","2-3 horas","He escuchado de los contenidos, pero no los conocía.","3 (Bueno)","3 (Bueno)","3 (Bueno)","2 (Malo)","1 (Muy malo)","1 (Muy malo)","2 (Malo)","2 (Malo)","2 (Malo)","1 (Muy malo)","3 (Bueno)","1 (Muy malo)","1 (Muy malo)","1 (Muy malo)","1 (Muy malo)","Muy bajo","no puedo valorar ya que estoy muy insatisfecha con lo poco amigable para las personas que no somos informaticas.","estoy muy decepcionada ayuda nada mail sin respuesta.","debe ser en linea el chat con la tutora, no pude hacer un reintento."
30,Insatisfecho,Sí,Sí,Sí,"Lo esperado","6-8 horas","Los conozco y me son familiares, pero no los manejo en profundidad.","3 (Bueno)","3 (Bueno)","3 (Bueno)","3 (Bueno)","4 (Muy bueno)","2 (Malo)","3 (Bueno)","3 (Bueno)","3 (Bueno)","4 (Muy bueno)","3 (Bueno)","3 (Bueno)","3 (Bueno)","3 (Bueno)","3 (Bueno)",Alto,"Aprender cosas nuevas ,a pesar que me costo mucho, pues no soy tegnologíca y enviar las actividades
fue lo más complicado.","Poder inviar los trabajos.","El curso es bueno ,tiene mucha información ,a lo mejor fue mucho para mí, por uso se me complico realizar el curso.
       GRACIAS."
31,Satisfecho,Sí,Sí,Sí,"Lo esperado","2-3 horas","Los conozco y me son familiares, pero no los manejo en profundidad.","3 (Bueno)","3 (Bueno)","3 (Bueno)","3 (Bueno)","2 (Malo)","3 (Bueno)","3 (Bueno)","3 (Bueno)","3 (Bueno)","3 (Bueno)","3 (Bueno)","3 (Bueno)","3 (Bueno)","3 (Bueno)","3 (Bueno)",Alto,"Este curso no pude real izarlo como esperaba , por un tema laboral de tiempo , ya que tuve mucho trabajo y mi tiempo era escaso , pero si me gusto y aprendí cosas nuevas , que me serán de gran utilidad.","lo que no me gusto fue que al principio me costo mucho entrar a las actividades, por un problema en la plataforma , que me atraso en todos los contenidos. y me costo terminarlo en las horas requeridas.","implementación de mejor acceso a las actividades."
32,Satisfecho,Sí,Sí,Sí,"Lo esperado","Más de 8 horas","No los conocía; no había escuchado de estos.","4 (Muy bueno)","4 (Muy bueno)","3 (Bueno)","3 (Bueno)","3 (Bueno)","2 (Malo)","3 (Bueno)","3 (Bueno)","3 (Bueno)","3 (Bueno)","3 (Bueno)","3 (Bueno)","3 (Bueno)","3 (Bueno)","2 (Malo)",Alto,"el apoyo de los compañeros","no responder la ayuda que uno necesitaba saber","que fuera con tutoria para hacer las pregunta que uno no entiende bien"
33,Insatisfecho,No,No,Sí,"Menos de lo esperado","6-8 horas","Los conozco y me son familiares, pero no los manejo en profundidad.","2 (Malo)","1 (Muy malo)","1 (Muy malo)","4 (Muy bueno)","2 (Malo)","1 (Muy malo)","4 (Muy bueno)","3 (Bueno)","3 (Bueno)","3 (Bueno)","3 (Bueno)","2 (Malo)","2 (Malo)","3 (Bueno)","2 (Malo)",Bajo,"PLATAFORMA ABIERTA","TE NPERMITE AVANZAR SIN HABER TERMINADO UN PASO","MEJORAR LA PAGINA"
34,"Muy Satisfecho",Sí,Sí,Sí,"Mucho más de lo esperado","6-8 horas","Los conozco y me son familiares, pero no los manejo en profundidad.","4 (Muy bueno)","4 (Muy bueno)","4 (Muy bueno)","3 (Bueno)","3 (Bueno)","3 (Bueno)","4 (Muy bueno)","4 (Muy bueno)","4 (Muy bueno)","4 (Muy bueno)","4 (Muy bueno)","3 (Bueno)","4 (Muy bueno)","3 (Bueno)","3 (Bueno)",Alto,"entender y comprender mas detalladamente cada área de la biblioteca y llevarla a cabo en nuestro establecimiento.","que tuve algunos problemas en las evaluaciones, ya que se cerraban antes de tiempo.","revisar contantemente el tema de la plataforma ya que  presenta algunos problemas al momento de rendir las evaluaciones, pero todo lo demás excelente."
35,Satisfecho,Sí,Sí,Sí,"Más de lo esperado","Más de 8 horas","Los conozco y me son familiares, pero no los manejo en profundidad.","3 (Bueno)","3 (Bueno)","3 (Bueno)","3 (Bueno)","3 (Bueno)","2 (Malo)","3 (Bueno)","3 (Bueno)","3 (Bueno)","3 (Bueno)","3 (Bueno)","3 (Bueno)","2 (Malo)","3 (Bueno)","2 (Malo)",Alto,"Lo que mas valoro son los aprendizaje adquiridos, Para poder ponerlos en practica en el CRA,","El no tener contacto con los compañeros 
No tener respuesta del tutor antes mis dudas.
 Los distractores que colocaban en las evaluaciones,
Muchas actividades que realizar","Poder interactuar mas con los compañeros , ya que en los foros si no  se enviaban las respuesta no se podía  participar."
36,Satisfecho,Sí,Sí,Sí,"Lo esperado","4-6 horas","Los conozco y me son familiares, pero no los manejo en profundidad.","3 (Bueno)","3 (Bueno)","3 (Bueno)","3 (Bueno)","3 (Bueno)","3 (Bueno)","3 (Bueno)","3 (Bueno)","3 (Bueno)","3 (Bueno)","3 (Bueno)","3 (Bueno)","3 (Bueno)","3 (Bueno)","3 (Bueno)",Alto,"No podría valorar antes de haber tenido una buena capacitaciòn.","Los tiempos estimados ya que dependiendo de la conectividad no alcanzas a finalizar y las opciones ya ya finalizados","Primero realizar una buena capacitación y debiera ser por regiones haci seria mas entendible y mas personalizado."
37,Satisfecho,Sí,Sí,Sí,"Lo esperado","Más de 8 horas","No los conocía; no había escuchado de estos.","4 (Muy bueno)","4 (Muy bueno)","4 (Muy bueno)","3 (Bueno)","3 (Bueno)","4 (Muy bueno)","3 (Bueno)","3 (Bueno)","3 (Bueno)","4 (Muy bueno)","3 (Bueno)","3 (Bueno)","3 (Bueno)","3 (Bueno)","3 (Bueno)",Alto,"YO RECIÉN ENTRE A TRABAJAR DE BIBLIOTECARIA Y NO SABIA NADA PERO EL CURSO ME HA AYUDADO MUCHO","QUE EL TIEMPO PARA RESPONDER LAS EVALUACIONES TENGAN POCO TIEMPO","QUE NO NOS CONDICIONEN EL TIEMPO TAN CORTO"
38,Satisfecho,Sí,Sí,Sí,"Lo esperado","4-6 horas","He escuchado de los contenidos, pero no los conocía.","2 (Malo)","3 (Bueno)","2 (Malo)","2 (Malo)","2 (Malo)","2 (Malo)","2 (Malo)","2 (Malo)","3 (Bueno)","3 (Bueno)","2 (Malo)","2 (Malo)","2 (Malo)","2 (Malo)","2 (Malo)",Bajo,"Algunas  actividades cortas y claras.","Algunos textos muy extensos y poca claridad en instrucciones del curso","sugiero textos cortos y claros, en actividades, también mas tiempo  para realizar los cursos."
39,"Muy Insatisfecho",No,No,Sí,"Lo esperado","2-3 horas","No los conocía; no había escuchado de estos.","4 (Muy bueno)","3 (Bueno)","3 (Bueno)","1 (Muy malo)","1 (Muy malo)","2 (Malo)","2 (Malo)","3 (Bueno)","3 (Bueno)","4 (Muy bueno)","3 (Bueno)","3 (Bueno)","2 (Malo)","1 (Muy malo)","2 (Malo)",Alto,NADA,"QUE NO PUEDE CONTESTAR LAS EVALUACIONES","DISPONIBILIDAD AL MOMENTO DE PEDIR AYUDA , Y QUE TENGAN UNA PLATAFORMA CPMPLETA NO A MEDIAS"
40,Satisfecho,Sí,Sí,Sí,"Más de lo esperado","Más de 8 horas","Los conozco y me son familiares, pero no los manejo en profundidad.","3 (Bueno)","4 (Muy bueno)","3 (Bueno)","4 (Muy bueno)","4 (Muy bueno)","3 (Bueno)","4 (Muy bueno)","4 (Muy bueno)","4 (Muy bueno)","4 (Muy bueno)","4 (Muy bueno)","4 (Muy bueno)","4 (Muy bueno)","4 (Muy bueno)","4 (Muy bueno)","Muy alto","Los horarios... ya que podíamos hacer el curso durante las 24 horas .","La evaluación sumativa numero 1 
ya que después de varios intentos pude lograr entrar y completarla","revisar bien los problemas técnicos que se puedan presentar .solo eso por lo general muy bueno el curso ,gracias"
41,Insatisfecho,Sí,Sí,Sí,"Lo esperado","2-3 horas","No los conocía; no había escuchado de estos.","3 (Bueno)","3 (Bueno)","4 (Muy bueno)","4 (Muy bueno)","2 (Malo)","3 (Bueno)","4 (Muy bueno)","4 (Muy bueno)","3 (Bueno)","4 (Muy bueno)","4 (Muy bueno)","2 (Malo)","2 (Malo)","2 (Malo)","3 (Bueno)","Muy alto","RESPONDEN LAS PREGUNTAS EN LAS QUE ME EQUIVOQUE Y ASI ANALIZO EN LO QUE YO ESTOY MAL","LA PAGINA NO ME DIO EL TIEMPO SUFICIENTE PARA RESPONDER Y LOS CUESTIONARIOS DE 5 PREGUNTAS NO LOS PUDE RESPONDER PORQUE ME CORTO EL TIEMPO DE 20 MINUTOS Y NO PUD CALIFICAR BIEN AL TENER ESTE DEFECTO LA PAGINA",NINGUNA
42,Satisfecho,Sí,Sí,Sí,"Más de lo esperado","4-6 horas","He escuchado de los contenidos, pero no los conocía.","4 (Muy bueno)","4 (Muy bueno)","3 (Bueno)","3 (Bueno)","3 (Bueno)","3 (Bueno)","4 (Muy bueno)","4 (Muy bueno)","4 (Muy bueno)","3 (Bueno)","3 (Bueno)","4 (Muy bueno)","4 (Muy bueno)","3 (Bueno)","3 (Bueno)","Muy alto","La información técnica del mobiliario y los espacios y la posibilidad de comparar realidades de otras bibliotecas","Tener que esperar la interacción en las actividades del foro ya que te hacia perder mucho tiempo para seguir con la misma actividad","Presentar a los participantes del curso antes de iniciar las actividades y con esto hacer mas fluida la interacción"
43,"Muy Satisfecho",Sí,Sí,Sí,"Más de lo esperado","2-3 horas","Los conozco y me son familiares, pero no los manejo en profundidad.","4 (Muy bueno)","4 (Muy bueno)","4 (Muy bueno)","4 (Muy bueno)","4 (Muy bueno)","4 (Muy bueno)","4 (Muy bueno)","4 (Muy bueno)","4 (Muy bueno)","4 (Muy bueno)","4 (Muy bueno)","4 (Muy bueno)","4 (Muy bueno)","4 (Muy bueno)","4 (Muy bueno)",Alto,"la sencillez al explicar y manera creativa para incentivar a uno a mejorar su espacio y la de sus alumnos",nada,"no creo que no haya nada que mejorar es muy fácil entender todo"
44,"Muy Insatisfecho",Sí,Sí,Sí,"Lo esperado","4-6 horas","He escuchado de los contenidos, pero no los conocía.","3 (Bueno)","4 (Muy bueno)","3 (Bueno)","3 (Bueno)","3 (Bueno)","3 (Bueno)","3 (Bueno)","3 (Bueno)","3 (Bueno)","3 (Bueno)","3 (Bueno)","3 (Bueno)","3 (Bueno)","3 (Bueno)","3 (Bueno)",Alto,"son indispensables para la adquisición de nuevas herramientas y poder aplicarlas en el futuro.","por mencionar algo podria ser cosas de las cuales tenia un poco de conocimiento",nada.
45,Satisfecho,Sí,Sí,No,"Más de lo esperado","2-3 horas","Los conozco y me son familiares, pero no los manejo en profundidad.","3 (Bueno)","3 (Bueno)","3 (Bueno)","3 (Bueno)","3 (Bueno)","3 (Bueno)","3 (Bueno)","3 (Bueno)","3 (Bueno)","4 (Muy bueno)","3 (Bueno)","3 (Bueno)","3 (Bueno)","3 (Bueno)","3 (Bueno)",Bajo,"El curso en si es bueno .el contenido es muy técnico.","Pocos minutos para contestar los cuestionarios.","Falta mas acompañamiento .para la actividad."
46,Satisfecho,Sí,Sí,Sí,"Lo esperado","4-6 horas","He escuchado de los contenidos, pero no los conocía.","4 (Muy bueno)","2 (Malo)","3 (Bueno)","4 (Muy bueno)","4 (Muy bueno)","2 (Malo)","3 (Bueno)","3 (Bueno)","3 (Bueno)","3 (Bueno)","2 (Malo)","3 (Bueno)","3 (Bueno)","3 (Bueno)","2 (Malo)",Alto,"La información clara de lo que se debe saber en cuanto a los espacios en una biblioteca. El método de enseñanza y como realizar las actividades.","Lo que menos me gusto, encontré que la información muy resumida y nunca entendí los aforos.","Aclarar mejor las dudas de los participantes , contener mas información sobre los temas a tratar."
47,"Muy Satisfecho",Sí,No,Sí,"Mucho más de lo esperado","Más de 8 horas","Los conozco y me son familiares, pero no los manejo en profundidad.","4 (Muy bueno)","3 (Bueno)","3 (Bueno)","3 (Bueno)","1 (Muy malo)","3 (Bueno)","4 (Muy bueno)","4 (Muy bueno)","4 (Muy bueno)","2 (Malo)","3 (Bueno)","4 (Muy bueno)","3 (Bueno)","3 (Bueno)","3 (Bueno)",Alto,"Valoro la información entregada sobre la biblioteca 
hay cosas que no sabia me encanto","La plataforma se cae mucho, enredada, no todos conocemos de tecnología.
Mucho que leer","_ hacer comprender a los directivo la importancia de lo que nos están enseñando y el enfoque que tiene de aprendizaje. 
-
- Resumir los textos 
en lo que se va a trabajar"
48,Satisfecho,Sí,Sí,Sí,"Lo esperado","6-8 horas","He escuchado de los contenidos, pero no los conocía.","3 (Bueno)","3 (Bueno)","3 (Bueno)","3 (Bueno)","3 (Bueno)","3 (Bueno)","3 (Bueno)","3 (Bueno)","3 (Bueno)","3 (Bueno)","3 (Bueno)","3 (Bueno)","3 (Bueno)","3 (Bueno)","3 (Bueno)","Muy alto","los nuevos conocimientos adquiridos","son muchas actividades","Menos actividades"
49,Insatisfecho,Sí,No,Sí,"Lo esperado","6-8 horas","He escuchado de los contenidos, pero no los conocía.","3 (Bueno)","3 (Bueno)","3 (Bueno)","2 (Malo)","1 (Muy malo)","2 (Malo)","2 (Malo)","3 (Bueno)","3 (Bueno)","2 (Malo)","2 (Malo)","2 (Malo)","3 (Bueno)","2 (Malo)","3 (Bueno)",Bajo,"Es como organizar las  estanterías , señaleticas de la biblioteca.","Lo menos que me gusto fueron los módulos , porque uno no podía ver que le faltaba por hacer.","Tener mas información sobre lo que se va a prender en el curso."
50,"Muy Insatisfecho",Sí,Sí,Sí,"Menos de lo esperado","2-3 horas","Los conozco y me son familiares, pero no los manejo en profundidad.","2 (Malo)","2 (Malo)","3 (Bueno)","3 (Bueno)","1 (Muy malo)","3 (Bueno)","2 (Malo)","3 (Bueno)","3 (Bueno)","3 (Bueno)","3 (Bueno)","2 (Malo)","2 (Malo)","2 (Malo)","3 (Bueno)",Alto,"la grafica y los contenidos son buenos","lamentablemente no lo pude terminar por falta de tiempo, ya que estamos con mucho trabajo de fin de año","que sean en periodo de inicio de clases"
51,"Muy Satisfecho",Sí,Sí,Sí,"Más de lo esperado","6-8 horas","No los conocía; no había escuchado de estos.","4 (Muy bueno)","4 (Muy bueno)","4 (Muy bueno)","4 (Muy bueno)","4 (Muy bueno)","4 (Muy bueno)","4 (Muy bueno)","4 (Muy bueno)","4 (Muy bueno)","4 (Muy bueno)","4 (Muy bueno)","4 (Muy bueno)","4 (Muy bueno)","4 (Muy bueno)","4 (Muy bueno)","Muy alto","El actualizarme","El poco tiempo","Dar mayor tiempo"
52,Satisfecho,Sí,Sí,Sí,"Más de lo esperado","2-3 horas","Los conozco y me son familiares, pero no los manejo en profundidad.","4 (Muy bueno)","3 (Bueno)","4 (Muy bueno)","3 (Bueno)","3 (Bueno)","3 (Bueno)","3 (Bueno)","3 (Bueno)","4 (Muy bueno)","4 (Muy bueno)","4 (Muy bueno)","4 (Muy bueno)","3 (Bueno)","3 (Bueno)","3 (Bueno)",Alto,"Es el contenido del curso","Fue la plataforma es un poco complicada","una tutoría mas clara como se debe  usar la plataforma"
53,"Muy Insatisfecho",No,No,Sí,"Más de lo esperado","Más de 8 horas","Los conozco y me son familiares, pero no los manejo en profundidad.","4 (Muy bueno)","4 (Muy bueno)","4 (Muy bueno)","4 (Muy bueno)","1 (Muy malo)","4 (Muy bueno)","4 (Muy bueno)","4 (Muy bueno)","4 (Muy bueno)","4 (Muy bueno)","4 (Muy bueno)","4 (Muy bueno)","4 (Muy bueno)","4 (Muy bueno)","3 (Bueno)",Alto,"el contenido del material proporcionado.","que no pude terminar ni una evaluación ya que al ingresar me aparecía automáticamente finalizada","que fueran mas cantidades de intentos o que por lo menos fuera en mas tiempo para que no vuelva a suceder esto."
54,"Muy Satisfecho",Sí,Sí,Sí,"Más de lo esperado","2-3 horas","Los conozco y me son familiares, pero no los manejo en profundidad.","4 (Muy bueno)","4 (Muy bueno)","3 (Bueno)","4 (Muy bueno)","3 (Bueno)","4 (Muy bueno)","3 (Bueno)","3 (Bueno)","3 (Bueno)","4 (Muy bueno)","3 (Bueno)","3 (Bueno)","3 (Bueno)","3 (Bueno)","4 (Muy bueno)",Alto,"valoro el apoyo brindado y darnos la oportunidad de capacitarnos y actualizarnos en cuanto a la tecnología para con llevar mejor nuestro trabajo en la actualidad","En general a mi me sirvió mucho","Igual estaba un poco difícil ingresar al cuestionario y por eso no respondí por que no me manejaba  mucho ya que hace mucho tiempo que no ingresaba ala plataforma y está totalmente diferente implementada ."
55,"Muy Satisfecho",Sí,Sí,Sí,"Lo esperado","2-3 horas","Los conozco y me son familiares, pero no los manejo en profundidad.","3 (Bueno)","3 (Bueno)","3 (Bueno)","3 (Bueno)","3 (Bueno)","4 (Muy bueno)","3 (Bueno)","3 (Bueno)","4 (Muy bueno)","4 (Muy bueno)","3 (Bueno)","3 (Bueno)","3 (Bueno)","3 (Bueno)","4 (Muy bueno)",Alto,"Las  nuevas tecnologias que se integran a la bibliotecas escolares cra","en verdad no tengo alguna critica del curso","que los cursos fueran presenciales y por lo menos 1 ves  al año ,para tener un mejor manejo"
56,Satisfecho,Sí,No,Sí,"Lo esperado","6-8 horas","Los conozco y me son familiares, pero no los manejo en profundidad.","3 (Bueno)","3 (Bueno)","3 (Bueno)","3 (Bueno)","3 (Bueno)","3 (Bueno)","3 (Bueno)","3 (Bueno)","3 (Bueno)","3 (Bueno)","3 (Bueno)","3 (Bueno)","3 (Bueno)","3 (Bueno)","3 (Bueno)",Bajo,"La información sobre algunos programas que no entendía y saber cuales eran las verdaderas funciones de un encargado de biblioteca escolar.","Curso muy extenso. Mucho contenido  y en algunas ocasiones los cuestionarios repetidos. Se supone que es un curso y que deben respetar y aceptar las respuestas que uno da. Todos deberíamos aprobar ya que es un curso para adquirir conocimientos y cada quién aporta en la medida de sus posibilidades.","Curso más corto, concreto y sin tantas  actividades."
57,"Muy Insatisfecho",No,No,Sí,"Menos de lo esperado","4-6 horas","He escuchado de los contenidos, pero no los conocía.","3 (Bueno)","3 (Bueno)","3 (Bueno)","3 (Bueno)","2 (Malo)","1 (Muy malo)","3 (Bueno)","3 (Bueno)","3 (Bueno)","2 (Malo)","2 (Malo)","2 (Malo)","2 (Malo)","2 (Malo)","2 (Malo)",Bajo,"la informacion (material para leer)","lo que menos me gusta es que nopuedo subir nada de mis evidencias desde que el curso y los otros cursos comenzaron, no púedo realizar las evaluaciones por que se cierran a los 5 minutos que las comienzo, no se que hacer, siento que he aprendido pero no lo puedo demostrar y siento que de alguna me va a afectar algo que no es mi culpa.
he enviado mails, tratado de hablar con alguien y el nivel de respuesta es muy deplorable","simplificar la plataforma, asi todos podremos enviar nuestras evaluaciones y actividades"
58,"Muy Insatisfecho",Sí,Sí,Sí,"Lo esperado","4-6 horas","No los conocía; no había escuchado de estos.","4 (Muy bueno)","4 (Muy bueno)","4 (Muy bueno)","4 (Muy bueno)","4 (Muy bueno)","4 (Muy bueno)","4 (Muy bueno)","4 (Muy bueno)","4 (Muy bueno)","4 (Muy bueno)","4 (Muy bueno)","4 (Muy bueno)","4 (Muy bueno)","4 (Muy bueno)","4 (Muy bueno)","Muy alto","claro y preciso","soy nuevo en esto","que fuera presencial"
59,Satisfecho,Sí,Sí,Sí,"Más de lo esperado","2-3 horas","He escuchado de los contenidos, pero no los conocía.","3 (Bueno)","3 (Bueno)","4 (Muy bueno)","4 (Muy bueno)","3 (Bueno)","3 (Bueno)","3 (Bueno)","3 (Bueno)","3 (Bueno)","3 (Bueno)","3 (Bueno)","3 (Bueno)","3 (Bueno)","3 (Bueno)","3 (Bueno)",Alto,"La claridad en la entrega de aprendizajes y la disposición por responder consultas","Lo que menos me fue la forma para poder ingresar a los foros","Tal vez contar con una manera mas fácil para ingresar a las evaluaciones y foros"
60,Satisfecho,Sí,No,Sí,"Lo esperado","4-6 horas","Los conozco y me son familiares, pero no los manejo en profundidad.","3 (Bueno)","3 (Bueno)","3 (Bueno)","2 (Malo)","2 (Malo)","3 (Bueno)","3 (Bueno)","3 (Bueno)","4 (Muy bueno)","4 (Muy bueno)","3 (Bueno)","3 (Bueno)","2 (Malo)","3 (Bueno)","3 (Bueno)","Muy alto","los contenidos","la plataforma","mejorar las instrucciones de uso de la plataforma y la forma de evaluación"
61,Satisfecho,Sí,No,No,"Lo esperado","4-6 horas","Los conozco y me son familiares, pero no los manejo en profundidad.","3 (Bueno)","2 (Malo)","3 (Bueno)","2 (Malo)","3 (Bueno)","3 (Bueno)","3 (Bueno)","3 (Bueno)","3 (Bueno)","3 (Bueno)","3 (Bueno)","3 (Bueno)","3 (Bueno)","3 (Bueno)","3 (Bueno)","Muy alto","El aprendizaje otorgado","Los foros, no pude participar !","La verdad es que me pareció muy  complicado el proceso de lo curso, con tanto trabajo y participación en foros.
ya que personalmente no tengo mucho tiempo para las actividades, pero avance y aprendí bastante"
62,Satisfecho,Sí,Sí,Sí,"Lo esperado","4-6 horas","He escuchado de los contenidos, pero no los conocía.","3 (Bueno)","4 (Muy bueno)","4 (Muy bueno)","4 (Muy bueno)","3 (Bueno)","3 (Bueno)","3 (Bueno)","3 (Bueno)","3 (Bueno)","3 (Bueno)","3 (Bueno)","3 (Bueno)","3 (Bueno)","3 (Bueno)","3 (Bueno)",Alto,"claro y precisó","corto tiempo de evaluación.","mayor tiempo, de  aprendizaje."
63,"Muy Satisfecho",Sí,Sí,Sí,"Más de lo esperado","4-6 horas","Los conozco y me son familiares, pero no los manejo en profundidad.","4 (Muy bueno)","4 (Muy bueno)","4 (Muy bueno)","4 (Muy bueno)","3 (Bueno)","3 (Bueno)","4 (Muy bueno)","4 (Muy bueno)","4 (Muy bueno)","4 (Muy bueno)","4 (Muy bueno)","4 (Muy bueno)","4 (Muy bueno)","4 (Muy bueno)","3 (Bueno)","Muy alto","Las orientaciones y claridad de los temas la ayuda para la organización y manejo total de todas las áreas.","El poco tiempo que uno puede dedicar a aprender y capacitarse.","Programarlo con días específicos o con horario"
64,Satisfecho,No,No,Sí,"Menos de lo esperado","2-3 horas","Los conozco y me son familiares, pero no los manejo en profundidad.","3 (Bueno)","3 (Bueno)","3 (Bueno)","3 (Bueno)","3 (Bueno)","3 (Bueno)","3 (Bueno)","3 (Bueno)","3 (Bueno)","3 (Bueno)","4 (Muy bueno)","3 (Bueno)","3 (Bueno)","2 (Malo)","1 (Muy malo)",Alto,"Que conocí personas muy buenas","Mucha lectura y tiempo muy poco","Mi sugerencia seria que las tutoras estuvieran mas con nosotras por si nos equivocamos"
65,Satisfecho,Sí,No,Sí,"Lo esperado","Más de 8 horas","Los conozco y me son familiares, pero no los manejo en profundidad.","3 (Bueno)","3 (Bueno)","3 (Bueno)","3 (Bueno)","3 (Bueno)","3 (Bueno)","3 (Bueno)","3 (Bueno)","3 (Bueno)","3 (Bueno)","3 (Bueno)","3 (Bueno)","3 (Bueno)","3 (Bueno)","2 (Malo)",Alto,"Aprendí como aplicar conceptos que no  manejaba bien.
Además me vi obligada a aprender el uso de Drive, Excel, Word , que resultan ser muy útiles en mi trabajo.","La retroalimentación de la tutora, la primera vez que pregunte contesto, pero la segunda no fue contestada.","Dejar más claro cómo enviar las actividades desde el inicio del curso, sobretodo para las personas que no manejan todas las herramientas tecnológicas."
66,Insatisfecho,No,No,Sí,"Lo esperado","6-8 horas","Los conozco y me son familiares, pero no los manejo en profundidad.","2 (Malo)","3 (Bueno)","2 (Malo)","3 (Bueno)","2 (Malo)","2 (Malo)","2 (Malo)","3 (Bueno)","3 (Bueno)","3 (Bueno)","3 (Bueno)","2 (Malo)","2 (Malo)","1 (Muy malo)","2 (Malo)",Alto,"El tema es muy interesante ,pero hay cosas que no se entiendan  y cuando uno pregunta no son explicitas en dar la respuesta.En las pruebas sumativas no hay una retroalimentacion de las respuestas que están mala.","El tiempo,cuando empezamos este curso yo estoy en in diplomado y dos cosas juntas es estresante.","los módulos deberían tener menos actividades son muchas para cada modulo."
67,Satisfecho,Sí,Sí,Sí,"Más de lo esperado","6-8 horas","He escuchado de los contenidos, pero no los conocía.","3 (Bueno)","3 (Bueno)","3 (Bueno)","3 (Bueno)","3 (Bueno)","2 (Malo)","3 (Bueno)","3 (Bueno)","3 (Bueno)","3 (Bueno)","3 (Bueno)","3 (Bueno)","3 (Bueno)","3 (Bueno)","3 (Bueno)","Muy alto","aprendí cosas que realmente no reconocía","la plataforma se me cae acá en la localidad  no logro responder","por favor mejorar la plataforma que aparecieran las respuestas en solo una hoja así uno responde de una sola vez a lo mejor por eso se cae la plataforma con las respuestas no todos sabemos como manipular la pagina podemos cometer errores"
68,"Muy Satisfecho",Sí,Sí,Sí,"Mucho más de lo esperado","2-3 horas","He escuchado de los contenidos, pero no los conocía.","3 (Bueno)","3 (Bueno)","3 (Bueno)","3 (Bueno)","3 (Bueno)","3 (Bueno)","3 (Bueno)","3 (Bueno)","3 (Bueno)","4 (Muy bueno)","3 (Bueno)","3 (Bueno)","4 (Muy bueno)","3 (Bueno)","3 (Bueno)",Alto,"Valoro todo el conocimiento que obtuve en este curso en general, mucho de este conocimiento no lo tenía, ahora me siento muy feliz y tranquila porque se de cosas que no tenía idea.
Gracias","El tiempo, es lo único que me complicó, me estrezaba en algunos momentos, pero me siento tranquila ya que aprendí muchas cosas a pesar del estres. Gracias","Más inducción para usar la plataforma, me costó un poco."
69,"Muy Insatisfecho",Sí,Sí,Sí,"Mucho más de lo esperado","2-3 horas","No los conocía; no había escuchado de estos.","4 (Muy bueno)","4 (Muy bueno)","4 (Muy bueno)","4 (Muy bueno)","3 (Bueno)","3 (Bueno)","4 (Muy bueno)","4 (Muy bueno)","4 (Muy bueno)","4 (Muy bueno)","4 (Muy bueno)","3 (Bueno)","4 (Muy bueno)","4 (Muy bueno)","3 (Bueno)","Muy alto","Lo mas valorable de este curso que he dado cuenta las carencias que presenta la biblioteca de mi colegio.","Los tiempos para entregar las actividades","Los tiempos que fueran mas extensos para entregar las actividades."
70,Satisfecho,Sí,Sí,Sí,"Mucho más de lo esperado","6-8 horas","He escuchado de los contenidos, pero no los conocía.","3 (Bueno)","3 (Bueno)","3 (Bueno)","4 (Muy bueno)","2 (Malo)","3 (Bueno)","3 (Bueno)","3 (Bueno)","3 (Bueno)","4 (Muy bueno)","4 (Muy bueno)","3 (Bueno)","3 (Bueno)","3 (Bueno)","2 (Malo)",Alto,"Los conocimientos entregados , la claridad en los videos","Que la plataforma se cerraba y no alcanzaba a contestar el cuestionario completo al seguir en la segunda página","Un tiempo mas prolongado porque igual se me hace corto, pues tengo otras actividades que me impiden conectarme con mas tiempo ."
71,"Muy Satisfecho",Sí,Sí,Sí,"Menos de lo esperado","2-3 horas","He escuchado de los contenidos, pero no los conocía.","3 (Bueno)","3 (Bueno)","4 (Muy bueno)","4 (Muy bueno)","4 (Muy bueno)","4 (Muy bueno)","3 (Bueno)","3 (Bueno)","3 (Bueno)","4 (Muy bueno)","4 (Muy bueno)","4 (Muy bueno)","3 (Bueno)","4 (Muy bueno)","4 (Muy bueno)",Alto,"El haber aprendido cosas que no conocía y poder utilizarlas en mi lugar de trabajo.","Que es un poco extenso.","Creo que debería ser con un poco de mas tiepo."
72,"Muy Insatisfecho",No,No,No,"Menos de lo esperado","Más de 8 horas","He escuchado de los contenidos, pero no los conocía.","1 (Muy malo)","2 (Malo)","2 (Malo)","1 (Muy malo)","1 (Muy malo)","1 (Muy malo)","1 (Muy malo)","1 (Muy malo)","2 (Malo)","2 (Malo)","2 (Malo)","2 (Malo)","2 (Malo)","2 (Malo)","1 (Muy malo)","Muy bajo","En realidad no lo puedo evaluar positivamente, me pierdo, hay mucho que leer, y poco tiempo para hacerlo compatible con el trabajo.
poco claro.","Poca claridad del manejo de la plataforma, no responde el tutor. No es muy claro si lo respondido fue enviado. Poco amigable el sistema.","Mas claridad en el manejo de la plataforma. personalmente no es positivo trabajar y aprender así. Se necesita un guía presente."
73,"Muy Satisfecho",Sí,Sí,Sí,"Mucho más de lo esperado","4-6 horas","Los conozco y me son familiares, pero no los manejo en profundidad.","4 (Muy bueno)","4 (Muy bueno)","4 (Muy bueno)","4 (Muy bueno)","4 (Muy bueno)","4 (Muy bueno)","4 (Muy bueno)","4 (Muy bueno)","4 (Muy bueno)","4 (Muy bueno)","4 (Muy bueno)","4 (Muy bueno)","4 (Muy bueno)","4 (Muy bueno)","4 (Muy bueno)","Muy alto","valoro el apoyo constante de los tutores que me brindaron toda la ayuda necesaria.","En general me gusto todo el curso.","me gusto el curso como es."
74,Satisfecho,Sí,Sí,Sí,"Más de lo esperado","4-6 horas","Los conozco y me son familiares, pero no los manejo en profundidad.","4 (Muy bueno)","4 (Muy bueno)","4 (Muy bueno)","4 (Muy bueno)","3 (Bueno)","3 (Bueno)","3 (Bueno)","3 (Bueno)","4 (Muy bueno)","3 (Bueno)","3 (Bueno)","4 (Muy bueno)","3 (Bueno)","4 (Muy bueno)","3 (Bueno)","Muy alto","que tenia varios videos era didáctico.","las actividades","mas didácticos"
75,"Muy Satisfecho",Sí,Sí,Sí,"Más de lo esperado","2-3 horas","No los conocía; no había escuchado de estos.","3 (Bueno)","3 (Bueno)","3 (Bueno)","3 (Bueno)","3 (Bueno)","3 (Bueno)","3 (Bueno)","3 (Bueno)","3 (Bueno)","3 (Bueno)","3 (Bueno)","3 (Bueno)","3 (Bueno)","3 (Bueno)","3 (Bueno)",Alto,"Adquirir conocimientos nuevos","Que sea virtual",Nada
76,Satisfecho,Sí,Sí,Sí,"Más de lo esperado","4-6 horas","Los conozco y me son familiares, pero no los manejo en profundidad.","4 (Muy bueno)","4 (Muy bueno)","3 (Bueno)","4 (Muy bueno)","4 (Muy bueno)","2 (Malo)","3 (Bueno)","3 (Bueno)","3 (Bueno)","3 (Bueno)","3 (Bueno)","3 (Bueno)","3 (Bueno)","4 (Muy bueno)","2 (Malo)",Alto,"El contenido de todas las materias y poder aportar con mas conocimientos para poder cumplir con una buena labor en mi trabajo.","Que no podía hacer consultar por que para mi no fueron claros los medios de comunicación.","Un poco más claro los contactos con las tutoras, ya que el curso que yo realice no tenia tutora y cuando tenía alguna duda no sabía como comunicarme con uds. ya que  envié algunos mensajes y nunca me contestaron."
77,Insatisfecho,Sí,Sí,Sí,"Mucho más de lo esperado","Más de 8 horas","Los conozco y me son familiares, pero no los manejo en profundidad.","4 (Muy bueno)","3 (Bueno)","3 (Bueno)","3 (Bueno)","4 (Muy bueno)","3 (Bueno)","3 (Bueno)","3 (Bueno)","3 (Bueno)","4 (Muy bueno)","4 (Muy bueno)","2 (Malo)","2 (Malo)","3 (Bueno)","3 (Bueno)","Muy alto","me sirvió bastante, ya que puedo incorporar experiencias y conocimientos que se ha desarrollado en otras bibliotecas","Muy poco tiempo, para desarrollar las actividades.","Dar mas horas, para desarrollar las actividades, además que sean mas claros en en orientar las instrucciones de las actividades."
78,Satisfecho,Sí,Sí,Sí,"Lo esperado","2-3 horas","No los conocía; no había escuchado de estos.","4 (Muy bueno)","4 (Muy bueno)","4 (Muy bueno)","4 (Muy bueno)","4 (Muy bueno)","2 (Malo)","4 (Muy bueno)","3 (Bueno)","3 (Bueno)","3 (Bueno)","3 (Bueno)","3 (Bueno)","3 (Bueno)","3 (Bueno)","3 (Bueno)",Alto,"VALORO TODO,PORQUE NO SABIA NADA SOBRE LAS BIBLIOTECAS CRA.","TODO ESTUVO BIEN.","POR EL MOMENTO NADA."
79,Satisfecho,Sí,Sí,Sí,"Más de lo esperado","4-6 horas","Los conozco y me son familiares, pero no los manejo en profundidad.","4 (Muy bueno)","4 (Muy bueno)","4 (Muy bueno)","4 (Muy bueno)","4 (Muy bueno)","4 (Muy bueno)","4 (Muy bueno)","4 (Muy bueno)","4 (Muy bueno)","4 (Muy bueno)","4 (Muy bueno)","4 (Muy bueno)","4 (Muy bueno)","4 (Muy bueno)","4 (Muy bueno)","Muy alto","la calidad de la formación","la poca participación de algunos compañeros","sugiero que a futuro el curso sea con visita presencial"
80,"Muy Satisfecho",Sí,Sí,Sí,"Mucho más de lo esperado","6-8 horas","Los conozco y me son familiares, pero no los manejo en profundidad.","4 (Muy bueno)","4 (Muy bueno)","4 (Muy bueno)","3 (Bueno)","3 (Bueno)","3 (Bueno)","3 (Bueno)","3 (Bueno)","3 (Bueno)","3 (Bueno)","3 (Bueno)","4 (Muy bueno)","3 (Bueno)","3 (Bueno)","3 (Bueno)","Muy alto","La cantidad de contenido fue muy bueno para actualizar el conocimiento y avanzar en nuevas propuestas a realizar en la Biblioteca Escolar.","Los modulos demasiado extensos muchas veces redundaban en lo mismo. Demasiado largo trabaje en el colegio y despues en casa por lo extenso de los modulos .","Simplemente que no se tan extenso  y con mas tiempo para desarrollarlo por lo demas me parece  muy bueno."
81,Satisfecho,Sí,No,Sí,"Más de lo esperado","4-6 horas","Los conozco y me son familiares, pero no los manejo en profundidad.","3 (Bueno)","3 (Bueno)","4 (Muy bueno)","3 (Bueno)","2 (Malo)","2 (Malo)","3 (Bueno)","3 (Bueno)","3 (Bueno)","3 (Bueno)","3 (Bueno)","2 (Malo)","3 (Bueno)","3 (Bueno)","3 (Bueno)",Alto,"Creo que nos enseña a darnos cuenta de muchas cosas que a veces dejamos de lado y no damos importancia, siendo la base de nuestro trabajo como bibliotecaria. Ahora tengo mucho mas claro sobre los espacios que de debe tener una  biblioteca y  como influyen en los aprendizajes de los estudiantes.","Todo el material audiovisual y escrito me sirvió mucho pero al momento de la evaluaciones tuve muchos problemas ya que salía que ya la había rendido siendo la pagina la que estaba mal, trate de contactarme con una tutora  y no tuve respuesta ya que no estaban conectadas y al no recibir ayuda busque y mande correos a la plataforma y ellos me indicaron los pasos a seguir.","Creo que quizás es un poco complicada para trabajar ya que al inicio no esta bien explicado como uno debe entrar a los cursos, ya que salen dos veces curso sala 1 y curso sala 2 y me doy cuenta que son cosas distintas ya que e tenido que entrar para verificar si es que hay alguna actividad que hacer. Otra cosa es saber donde uno puede ver el tiempo que lleva en la plataforma ya que no hay ninguna parte que indique eso, solo uno entra en alumnos y sale una hora X pero si uno suma todos los días que uno esta en la pagina debería salir el tiempo  total que uno accede a la plataforma."
82,Satisfecho,Sí,Sí,Sí,"Lo esperado","2-3 horas","Los conozco y me son familiares, pero no los manejo en profundidad.","3 (Bueno)","3 (Bueno)","3 (Bueno)","4 (Muy bueno)","4 (Muy bueno)","3 (Bueno)","3 (Bueno)","3 (Bueno)","3 (Bueno)","3 (Bueno)","3 (Bueno)","3 (Bueno)","3 (Bueno)","3 (Bueno)","3 (Bueno)",Alto,"La preocupación para poder terminar el curso","Que yo no tuve tiempo para realizarlo con la calma que se merece este curso.","Eliminar la participación en los foros"
83,Insatisfecho,Sí,Sí,Sí,"Más de lo esperado","4-6 horas","Los conozco y me son familiares, pero no los manejo en profundidad.","3 (Bueno)","3 (Bueno)","3 (Bueno)","3 (Bueno)","3 (Bueno)","3 (Bueno)","3 (Bueno)","3 (Bueno)","3 (Bueno)","3 (Bueno)","3 (Bueno)","3 (Bueno)","3 (Bueno)","3 (Bueno)","3 (Bueno)",Alto,"Que define coceptos , ideas para reorganizar espacios de acuerdo a los tiempos que estamos viviendo.  Y da posibilidades de adquirir mayores conocimientos.","Que no logré realizar las actividades en el tiempo indicado por falta de conectividad y no contar con las herramientas necesarias por diversos motivos","Que sea algo mas sencillo y se pueda adecuar a nuestra realidad rural"
84,Satisfecho,Sí,Sí,Sí,"Lo esperado","6-8 horas","Los conozco y me son familiares, pero no los manejo en profundidad.","3 (Bueno)","2 (Malo)","3 (Bueno)","3 (Bueno)","3 (Bueno)","3 (Bueno)","3 (Bueno)","3 (Bueno)","3 (Bueno)","3 (Bueno)","3 (Bueno)","3 (Bueno)","3 (Bueno)","3 (Bueno)","3 (Bueno)",Bajo,"Me servirá para reorganizar mi biblioteca","No están bien organizados los curso en relación a los tiempos, ya que se me juntaron con dos mas de los cuales uno no podre tomar.","El curso es bueno pero deberían hacer una encuesta de como son las reales Bibliotecas de las Escuelas Municipales y de ciudades pequeñas. Lamentablemente esta basado en una biblioteca ideal. la cual esta muy lejos de la nuestra."
85,Satisfecho,Sí,No,Sí,"Lo esperado","Más de 8 horas","He escuchado de los contenidos, pero no los conocía.","3 (Bueno)","3 (Bueno)","3 (Bueno)","1 (Muy malo)","1 (Muy malo)","2 (Malo)","3 (Bueno)","3 (Bueno)","3 (Bueno)","3 (Bueno)","3 (Bueno)","2 (Malo)","1 (Muy malo)","2 (Malo)","2 (Malo)",Alto,"conocimiento del trabajo a realizar","la forma de realizar las preguntas en las evaluaciones con respuestas equivocadas consideradas buenas.","Que las preguntas y respuestas de las evaluaciones  sean coherentes y correctas en relación al material entregado."
86,Satisfecho,Sí,Sí,Sí,"Lo esperado","2-3 horas","He escuchado de los contenidos, pero no los conocía.","3 (Bueno)","3 (Bueno)","3 (Bueno)","3 (Bueno)","3 (Bueno)","3 (Bueno)","3 (Bueno)","3 (Bueno)","3 (Bueno)","3 (Bueno)","3 (Bueno)","3 (Bueno)","3 (Bueno)","3 (Bueno)","3 (Bueno)",Alto,"QUE SE APRENDIERON NUEVAS COSAS PARA PONER EN PRÁCTICA EN NUESTRA BIBLIOTECA","QUE FUE MUY LARGO","NADA, LO ENCONTRÉ BUENO"
87,Satisfecho,Sí,Sí,Sí,"Más de lo esperado","6-8 horas","Los conozco y los manejo con profundidad.","4 (Muy bueno)","4 (Muy bueno)","4 (Muy bueno)","4 (Muy bueno)","4 (Muy bueno)","4 (Muy bueno)","4 (Muy bueno)","4 (Muy bueno)","4 (Muy bueno)","4 (Muy bueno)","4 (Muy bueno)","4 (Muy bueno)","4 (Muy bueno)","4 (Muy bueno)","4 (Muy bueno)","Muy alto","R. La importancia del uso de señaléticas de ubicación, de contenidos y de normativas, además de incorporar los enlaces de los medios digitales con que cuenta la Biblioteca Escolar CRA.","Que no se tome en consideración la utilización de los manuales BiblioCRA, destinados desde Prekínder a 4to medio, donde se invita a los estudiantes a trabajar las diversas actividades que presentan en su planificación, cuando visitan la biblioteca en un periodo de 45 minutos semanales.","Que las actividades realizadas y que fueron subidas al foro también fueran consideradas como calificación, ya que representa la realidad de trabajo esforzado que se ha concretado en las Bibliotecas Escolares CRA, la cual se va actualizando todos los años, de acuerdo a las necesidades y propuestas señaladas por la comunidad educativa, principalmente de los docentes y los estudiantes en los diferentes cursos."
88,Satisfecho,Sí,Sí,Sí,"Menos de lo esperado","2-3 horas","No los conocía; no había escuchado de estos.","3 (Bueno)","3 (Bueno)","3 (Bueno)","3 (Bueno)","3 (Bueno)","3 (Bueno)","3 (Bueno)","3 (Bueno)","4 (Muy bueno)","3 (Bueno)","3 (Bueno)","3 (Bueno)","3 (Bueno)","3 (Bueno)","3 (Bueno)",Alto,"que entrega bastante información al respecto de como debería funcionar una biblioteca.","que no manejo la información mas básica al respecto de bibliotecas además de  la modalidad online ya que es mas difícil la interacción y aclara dudas para los que no manejamos el tema.","que se haga un estudio con respecto a los encargado que recién estamos iniciando para entregar la información mas básica al respecto"
89,"Muy Satisfecho",Sí,Sí,Sí,"Más de lo esperado","2-3 horas","He escuchado de los contenidos, pero no los conocía.","4 (Muy bueno)","3 (Bueno)","3 (Bueno)","2 (Malo)","2 (Malo)","3 (Bueno)","3 (Bueno)","3 (Bueno)","3 (Bueno)","4 (Muy bueno)","4 (Muy bueno)","2 (Malo)","2 (Malo)","3 (Bueno)","3 (Bueno)",Alto,"Contiene Información relevante para aplicar en Bibliotecas CRA. Muchas cosas no las sabia, espero poder aportar un poco mas al colegio con esta información","No entendí muy bien la dinámica de las tareas y foros","Mejor accesibilidad visual, muchas veces me perdi en buscar el curso, no entendia muy bien donde debia dirigirme para empezar o comentar en el foro"
90,Satisfecho,Sí,Sí,Sí,"Lo esperado","2-3 horas","Los conozco y me son familiares, pero no los manejo en profundidad.","3 (Bueno)","4 (Muy bueno)","3 (Bueno)","4 (Muy bueno)","3 (Bueno)","3 (Bueno)","3 (Bueno)","3 (Bueno)","3 (Bueno)","3 (Bueno)","3 (Bueno)","3 (Bueno)","3 (Bueno)","3 (Bueno)","3 (Bueno)","Muy alto","que hemos aprendido mas cosas sobre el funcionamiento de la biblioteca","todo bien",nada
91,"Muy Satisfecho",Sí,Sí,Sí,"Mucho más de lo esperado","4-6 horas","Los conozco y me son familiares, pero no los manejo en profundidad.","4 (Muy bueno)","4 (Muy bueno)","4 (Muy bueno)","4 (Muy bueno)","4 (Muy bueno)","4 (Muy bueno)","4 (Muy bueno)","4 (Muy bueno)","4 (Muy bueno)","4 (Muy bueno)","4 (Muy bueno)","4 (Muy bueno)","4 (Muy bueno)","4 (Muy bueno)","4 (Muy bueno)","Muy alto","En primer lugar que entrega una gran cantidad de  herramientas pedagógicas y estrategias para mejorar los espacios , optimizar los recurso y implementar los espacios con una mayor organización en relación a la distribución del mobiliario y sus estanterías  , nos permite visualizar nuestras falencias y fortalezas que tenemos como definir nuestro plan de trabajo en función de las necesidades y requerimientos de nuestros estudiantes y usuarios","En general me pareció una plataforma fácil de acceder a todas las actividades solo me gustaria que los foro a los cuales  uno tenía  que  entrar estuvieran desde el principio y no en la mitad de algunos módulos , ya que si estuvieran al final de cada módulo nos permite retroalimentar en conjunto con las demás colegas y visualizar distintas estrategias para realizar nuestro trabajo en forma eficiente","En general creo que como está organizado es muy bueno , pero como sugerencias me gustaría que hubieran más actividades creativas en la que las encargadas demostrará cómo están trabajando a través de la creación de cuentos , utilización de aplicaciones de creación y más foros de deflexión"
92,"Muy Satisfecho",Sí,Sí,Sí,"Lo esperado","4-6 horas","Los conozco y me son familiares, pero no los manejo en profundidad.","4 (Muy bueno)","4 (Muy bueno)","4 (Muy bueno)","3 (Bueno)","4 (Muy bueno)","4 (Muy bueno)","4 (Muy bueno)","4 (Muy bueno)","4 (Muy bueno)","4 (Muy bueno)","4 (Muy bueno)","4 (Muy bueno)","4 (Muy bueno)","4 (Muy bueno)","4 (Muy bueno)","Muy alto","Los nuevos conocimientos adquiridos para ejercer como encargado de CRA.","No tengo comentario.","se realicen por Meet o Zoom algunas clases."
93,Satisfecho,Sí,Sí,Sí,"Más de lo esperado","2-3 horas","Los conozco y me son familiares, pero no los manejo en profundidad.","3 (Bueno)","3 (Bueno)","3 (Bueno)","3 (Bueno)","3 (Bueno)","3 (Bueno)","3 (Bueno)","3 (Bueno)","4 (Muy bueno)","3 (Bueno)","3 (Bueno)","3 (Bueno)","3 (Bueno)","3 (Bueno)","3 (Bueno)",Alto,"los vídeos eran bastantes claro en respecto de información","no se entiende mucho lo de las actividades","es mejor las actividades tipo  evaluaciones."
94,"Muy Satisfecho",Sí,Sí,Sí,"Mucho más de lo esperado","2-3 horas","He escuchado de los contenidos, pero no los conocía.","4 (Muy bueno)","4 (Muy bueno)","4 (Muy bueno)","4 (Muy bueno)","3 (Bueno)","3 (Bueno)","4 (Muy bueno)","4 (Muy bueno)","4 (Muy bueno)","4 (Muy bueno)","4 (Muy bueno)","4 (Muy bueno)","3 (Bueno)","4 (Muy bueno)","3 (Bueno)",Alto,"La claridad al expresar los contenidos.",Nada.,Ninguna
95,Satisfecho,Sí,Sí,Sí,"Lo esperado","2-3 horas","He escuchado de los contenidos, pero no los conocía.","3 (Bueno)","3 (Bueno)","3 (Bueno)","3 (Bueno)","3 (Bueno)","3 (Bueno)","3 (Bueno)","3 (Bueno)","3 (Bueno)","3 (Bueno)","3 (Bueno)","3 (Bueno)","3 (Bueno)","3 (Bueno)","3 (Bueno)",Bajo,"Se agradece la oportunidad, siempre adquirir nuevos conocimientos será muy bueno.","Que desarrollé una evaluación en donde la respuesta que yo marqué era la correcta y la consideraron mala.","Más cercanía con el  tutor/a."
96,"Muy Insatisfecho",No,No,No,"Menos de lo esperado","2-3 horas","No los conocía; no había escuchado de estos.","1 (Muy malo)","2 (Malo)","2 (Malo)","1 (Muy malo)","2 (Malo)","2 (Malo)","2 (Malo)","2 (Malo)","2 (Malo)","2 (Malo)","2 (Malo)","2 (Malo)","2 (Malo)","2 (Malo)","2 (Malo)","Muy bajo","Lo que se valora es querer capacitar a los encargados de biblioteca","lo que menos me gusto es que deberían haber averiguado por las cargas horarias de los encargados de biblioteca porque los cursos son muy largo y no alcanza el tiempo.","Que las capacitaciones sean mas cortas, mas amigables y con instrucciones claras."
97,Satisfecho,Sí,Sí,Sí,"Más de lo esperado","4-6 horas","He escuchado de los contenidos, pero no los conocía.","4 (Muy bueno)","3 (Bueno)","3 (Bueno)","2 (Malo)","3 (Bueno)","2 (Malo)","3 (Bueno)","3 (Bueno)","3 (Bueno)","3 (Bueno)","3 (Bueno)","3 (Bueno)","3 (Bueno)","3 (Bueno)","2 (Malo)",Alto,"Lo que me enseño, ya que soy nueva en el cargo.","La mala accesibilidad a la plataforma.","Que sea una plataforma mas amena, ya que al principio no salía nada sobre los foros y no podía entrar a ellos lo que retraso la realización de las actividades."
98,"Muy Satisfecho",Sí,Sí,Sí,"Más de lo esperado","Más de 8 horas","Los conozco y me son familiares, pero no los manejo en profundidad.","4 (Muy bueno)","3 (Bueno)","4 (Muy bueno)","4 (Muy bueno)","3 (Bueno)","3 (Bueno)","4 (Muy bueno)","3 (Bueno)","3 (Bueno)","4 (Muy bueno)","4 (Muy bueno)","3 (Bueno)","4 (Muy bueno)","4 (Muy bueno)","3 (Bueno)","Muy alto","La capacidad de miras mas allá de lo que existe, obtener ideas para mejorar .","No es muy claro el orden de los cursos, si es que se debe hacer en orden","Tener orden de cursos"
99,"Muy Satisfecho",Sí,Sí,Sí,"Más de lo esperado","Más de 8 horas","No los conocía; no había escuchado de estos.","4 (Muy bueno)","4 (Muy bueno)","4 (Muy bueno)","4 (Muy bueno)","3 (Bueno)","3 (Bueno)","3 (Bueno)","4 (Muy bueno)","4 (Muy bueno)","4 (Muy bueno)","4 (Muy bueno)","3 (Bueno)","1 (Muy malo)","4 (Muy bueno)","3 (Bueno)",Alto,"El poder aprender a generar nuevos espacios de aprendizaje y inclusión dentro de mi biblioteca.","El no tener un contacto con respuesta inmediata, y que los cuestionarios o test no estén bien hecho ya que respondía 1 pregunta y se me cerraba automáticamente afectando mi nota.","Mejorara los canales de comunicación ya que no están bien identificados o claros donde poder hablar en caso de algún problema"
100,"Muy Satisfecho",Sí,Sí,Sí,"Mucho más de lo esperado","Más de 8 horas","He escuchado de los contenidos, pero no los conocía.","4 (Muy bueno)","4 (Muy bueno)","4 (Muy bueno)","4 (Muy bueno)","4 (Muy bueno)","4 (Muy bueno)","4 (Muy bueno)","4 (Muy bueno)","4 (Muy bueno)","4 (Muy bueno)","4 (Muy bueno)","4 (Muy bueno)","4 (Muy bueno)","4 (Muy bueno)","4 (Muy bueno)","Muy alto","lo que mas valoro es poder aprender aun mas sobre esta linda labor que realizamos","lo que menos me gusto es que no le pude dar el tiempo que quise usar realmente","nada todo excelente"
101,"Muy Satisfecho",Sí,Sí,Sí,"Lo esperado","2-3 horas","No los conocía; no había escuchado de estos.","3 (Bueno)","3 (Bueno)","3 (Bueno)","3 (Bueno)","3 (Bueno)","3 (Bueno)","3 (Bueno)","3 (Bueno)","3 (Bueno)","3 (Bueno)","3 (Bueno)","3 (Bueno)","3 (Bueno)","3 (Bueno)","3 (Bueno)",Bajo,"Las actividades están bien planteadas y lo mejor que todas venían con un video de apoyo.","lo negativo  es que solo se puede comunicar con el guía solo por mensajes de correo podría instaurar un curso mas explicativo a través de las plataforma zoom o meet","tener mas comunicación directa con los guías de los cursos"
102,Satisfecho,Sí,Sí,Sí,"Más de lo esperado","2-3 horas","Los conozco y me son familiares, pero no los manejo en profundidad.","3 (Bueno)","3 (Bueno)","3 (Bueno)","3 (Bueno)","3 (Bueno)","3 (Bueno)","3 (Bueno)","3 (Bueno)","3 (Bueno)","3 (Bueno)","3 (Bueno)","3 (Bueno)","3 (Bueno)","3 (Bueno)","3 (Bueno)",Alto,"siempre valoro mucho el aprender y aplicar nuevas ideas para motivar mucho mas a los jovenes.","el poder organizar un grupo de cierta  cantidad de alumnos al momento de ingresar a la biblioteca.","a futuro implementar mas actividades, participaciones."
103,Satisfecho,Sí,Sí,Sí,"Más de lo esperado","Más de 8 horas","Los conozco y me son familiares, pero no los manejo en profundidad.","3 (Bueno)","4 (Muy bueno)","3 (Bueno)","3 (Bueno)","3 (Bueno)","3 (Bueno)","3 (Bueno)","3 (Bueno)","3 (Bueno)","3 (Bueno)","3 (Bueno)","3 (Bueno)","3 (Bueno)","3 (Bueno)","3 (Bueno)",Alto,"BUENA GRAFICA, CONTENIDO","MUCHOS MODULOS PARA UN CURSO, EL TIEMPO PARA UNA TRABAJADORA Y DUEÑA DE CASA NO ALCANZA PARA CONECTARSE","MENOS MODULOS"
104,Satisfecho,Sí,Sí,Sí,"Más de lo esperado","2-3 horas","Los conozco y me son familiares, pero no los manejo en profundidad.","3 (Bueno)","4 (Muy bueno)","4 (Muy bueno)","4 (Muy bueno)","4 (Muy bueno)","2 (Malo)","3 (Bueno)","3 (Bueno)","3 (Bueno)","4 (Muy bueno)","4 (Muy bueno)","4 (Muy bueno)","3 (Bueno)","3 (Bueno)","3 (Bueno)","Muy alto","me ha jugado encontra el tiempo pero estoy satifecha con los conocimientos adqueridos potenciar mi desempeño en el cra","muy intencivo el curso  ya que hay mucha  meteria que es dirigida a los docentes que  en pandemia ha sido  muy dífícil su colaraboración","más apoyo de los tutores mas   flexibilidad lde los tiempo para entrega de los trabajos ya que   tenemos   que  umplir con el horario de trabajo ."
105,Satisfecho,Sí,Sí,Sí,"Mucho más de lo esperado","6-8 horas","Los conozco y me son familiares, pero no los manejo en profundidad.","4 (Muy bueno)","4 (Muy bueno)","4 (Muy bueno)","4 (Muy bueno)","4 (Muy bueno)","1 (Muy malo)","4 (Muy bueno)","4 (Muy bueno)","4 (Muy bueno)","4 (Muy bueno)","4 (Muy bueno)","4 (Muy bueno)","4 (Muy bueno)","3 (Bueno)","1 (Muy malo)","Muy alto","A pesar de ser algo totalmente nuevo para mí, aprendi bastante y voy a implementar todo lo nuevo aprendido.","Que no pude realizar las pruebas diagnosticas, ya que por problemas en la plataforma no me dejaba contestar. se cerraban automaticamente altiro.","Que tengan una comunicación mas fluida los tutores o personal de apoyo por mi problema no obtuve respuesta pronta, lo que me atrasa en mi proceso de formación."
106,"Muy Satisfecho",Sí,Sí,Sí,"Más de lo esperado","4-6 horas","Los conozco y me son familiares, pero no los manejo en profundidad.","4 (Muy bueno)","3 (Bueno)","4 (Muy bueno)","3 (Bueno)","4 (Muy bueno)","3 (Bueno)","4 (Muy bueno)","4 (Muy bueno)","4 (Muy bueno)","4 (Muy bueno)","4 (Muy bueno)","4 (Muy bueno)","3 (Bueno)","3 (Bueno)","3 (Bueno)",Alto,"Que aprendí sobre hartas cosas de la biblioteca como el espacio, como poder llegar a tener una biblioteca eficaz para toda la comunidad educativa.","la verdad no hay nada lo que me allá gustado, la verdad me pareció muy interesante.","nada ,lo encontré muy bueno y me sirvió mucho para aprender y desarrollarme como persona"
107,Satisfecho,Sí,Sí,No,"Lo esperado","2-3 horas","Los conozco y me son familiares, pero no los manejo en profundidad.","3 (Bueno)","3 (Bueno)","3 (Bueno)","3 (Bueno)","3 (Bueno)","3 (Bueno)","3 (Bueno)","3 (Bueno)","3 (Bueno)","3 (Bueno)","3 (Bueno)","2 (Malo)","2 (Malo)","2 (Malo)","2 (Malo)",Bajo,"Lo que más se valora del curso es que es gratuito.","El formato de la plataforma","Preferiría que fuera presencial."
108,Satisfecho,Sí,Sí,Sí,"Más de lo esperado","4-6 horas","Los conozco y me son familiares, pero no los manejo en profundidad.","3 (Bueno)","3 (Bueno)","4 (Muy bueno)","4 (Muy bueno)","4 (Muy bueno)","4 (Muy bueno)","3 (Bueno)","4 (Muy bueno)","4 (Muy bueno)","3 (Bueno)","3 (Bueno)","3 (Bueno)","3 (Bueno)","3 (Bueno)","4 (Muy bueno)",Alto,"aprendí bastante ,por que yo es primera vez que trabajo en biblioteca y me servirá para ir mejorando","metodología mas interactuada, encuentro yo que aprendería mas según mi opinión","mas contenidos ,me costo un poco entenderlos, por que mucho tiempo que no estudiaba y se hacia difícil por además estuve con algunos problemas familiares"
109,Satisfecho,Sí,Sí,Sí,"Mucho más de lo esperado","Más de 8 horas","No los conocía; no había escuchado de estos.","3 (Bueno)","3 (Bueno)","3 (Bueno)","2 (Malo)","2 (Malo)","1 (Muy malo)","3 (Bueno)","3 (Bueno)","3 (Bueno)","3 (Bueno)","3 (Bueno)","2 (Malo)","4 (Muy bueno)","2 (Malo)","2 (Malo)",Alto,"El aprendizaje, ya que para mi es todo nuevo, jamás había tenido formación para trabajar en una  Biblioteca","Lo poco amigable de la página, me costó mucho enviar mis trabajos, pedí ayuda, pero no me respondieron.","Qué sea más fácil enviar los trabajos. Que la página sea mas simple"
110,Satisfecho,Sí,Sí,Sí,"Más de lo esperado","6-8 horas","No los conocía; no había escuchado de estos.","4 (Muy bueno)","4 (Muy bueno)","4 (Muy bueno)","4 (Muy bueno)","4 (Muy bueno)","4 (Muy bueno)","4 (Muy bueno)","4 (Muy bueno)","4 (Muy bueno)","4 (Muy bueno)","4 (Muy bueno)","4 (Muy bueno)","4 (Muy bueno)","4 (Muy bueno)","3 (Bueno)","Muy alto","Que la teoría se practica al instante, lo que me atrevería decir APRENDIENDO Y HACIENDO, lo que me agrada mucho.","Es que no encontré nada malo porque cuando hay aprendizaje hay cambio de conducta.","- aQue estos cursos se deben aplicar en vacaciones ya que tendremos más tiempo para dedicar exclusivamente al curso. ya que soy Docente y me doy un tiempo adicional, pero feliz por algo nuevo."
111,Satisfecho,Sí,Sí,Sí,"Más de lo esperado","4-6 horas","Los conozco y me son familiares, pero no los manejo en profundidad.","3 (Bueno)","3 (Bueno)","3 (Bueno)","3 (Bueno)","3 (Bueno)","3 (Bueno)","3 (Bueno)","3 (Bueno)","3 (Bueno)","3 (Bueno)","3 (Bueno)","3 (Bueno)","3 (Bueno)","3 (Bueno)","3 (Bueno)",Alto,"Conocer a profundidad los enlaces","En general todo lo encontré interesante","Más videos de acuerdo a lo que están explicándo en forma teórica"
112,"Muy Satisfecho",Sí,No,Sí,"Lo esperado","4-6 horas","No los conocía; no había escuchado de estos.","2 (Malo)","3 (Bueno)","3 (Bueno)","3 (Bueno)","1 (Muy malo)","1 (Muy malo)","2 (Malo)","2 (Malo)","3 (Bueno)","3 (Bueno)","3 (Bueno)","2 (Malo)","3 (Bueno)","2 (Malo)","2 (Malo)","Muy bajo","valoro que las evaluaciones se hagan 2 veces .","la poca amabilidad del soporte y de la pagina porque tuve que reclamar mucho , no podía iniciar el curso porque no tenia los elementos para poder desarrollarlo.","que sean presenciales o que sea por zoom o una plataforma viable. y confiable por la pagina no cumple con los requisitos y además es muy enredado."
113,Satisfecho,Sí,Sí,Sí,"Más de lo esperado","2-3 horas","He escuchado de los contenidos, pero no los conocía.","3 (Bueno)","3 (Bueno)","3 (Bueno)","3 (Bueno)","3 (Bueno)","3 (Bueno)","3 (Bueno)","3 (Bueno)","3 (Bueno)","3 (Bueno)","3 (Bueno)","3 (Bueno)","3 (Bueno)","3 (Bueno)","3 (Bueno)","Muy alto",todo,todo,ninguna
114,Satisfecho,Sí,Sí,Sí,"Lo esperado","2-3 horas","No los conocía; no había escuchado de estos.","3 (Bueno)","3 (Bueno)","3 (Bueno)","3 (Bueno)","3 (Bueno)","3 (Bueno)","3 (Bueno)","3 (Bueno)","3 (Bueno)","3 (Bueno)","3 (Bueno)","3 (Bueno)","3 (Bueno)","3 (Bueno)","3 (Bueno)",Alto,"tener una idea de como fomentar la lectura en los alumnos.","mucha información que muchas veces no entendía ya que es primera vez que trabajo como encargada de Biblioteca","estos cursos deberían ser presenciales. pero entiendo que debido a la cituación que estamos viviendo no se puede"
115,Insatisfecho,No,No,No,"Menos de lo esperado","4-6 horas","No los conocía; no había escuchado de estos.","1 (Muy malo)","2 (Malo)","1 (Muy malo)","1 (Muy malo)","1 (Muy malo)","1 (Muy malo)","1 (Muy malo)","2 (Malo)","2 (Malo)","1 (Muy malo)","1 (Muy malo)","2 (Malo)","2 (Malo)","2 (Malo)","2 (Malo)","Muy bajo","Prácticamente no valoro nada ya que toda vez que pedía ayuda se demoraban mucho en responder.","La mala comunicación.","Primero tener una buena llegada con los tutores."
116,Insatisfecho,Sí,No,Sí,"Lo esperado","2-3 horas","He escuchado de los contenidos, pero no los conocía.","4 (Muy bueno)","3 (Bueno)","3 (Bueno)","3 (Bueno)","3 (Bueno)","3 (Bueno)","3 (Bueno)","3 (Bueno)","3 (Bueno)","3 (Bueno)","3 (Bueno)","3 (Bueno)","3 (Bueno)","3 (Bueno)","3 (Bueno)","Muy alto","que te guiaran las tutoras","my difícil de realizar no estaba claro el proceso","que sea un curso mas corto y mas claro"
117,Satisfecho,Sí,Sí,Sí,"Más de lo esperado","6-8 horas","Los conozco y me son familiares, pero no los manejo en profundidad.","3 (Bueno)","4 (Muy bueno)","3 (Bueno)","4 (Muy bueno)","2 (Malo)","2 (Malo)","3 (Bueno)","3 (Bueno)","3 (Bueno)","3 (Bueno)","3 (Bueno)","3 (Bueno)","3 (Bueno)","3 (Bueno)","2 (Malo)",Alto,"Es un curso muy intenso, mucha información, no esperaba algo tan contundente en aprendizaje","Al iniciar el curso no estaban habilitados los foros para realizar las actividades, por lo que costó seguir, además habían fallas en el cuestionario N°2 y N°3","Que respondan rápido las inquietudes de los estudiantes, en especial solucionen rápido las fallas que presenta el curso."
