﻿"Respuesta número","En general, ¿cuál es su nivel de satisfacción con el curso que acaba de terminar?","¿Recomendaría este curso a otro encargado de biblioteca?","¿Volvería a realizar un curso de estas mismas características?          ","¿Eran coherentes las actividades de aprendizaje propuestas para el curso?","Según la percepción de su proceso de aprendizaje y las características de este curso, ¿cuánto considera que aprendió?","¿Cuántas horas cronológicas semanales dedicó a este curso?","¿Qué tan familiares son para usted los contenidos tratados en el curso?","Claridad de los contenidos del curso (temas, definiciones, términos conceptuales, etc.).","Contextualización de los contenidos a su realidad laboral.","La progresión de la secuencia de aprendizaje para ir tratando los contenidos del curso.","Claridad del diseño gráfico de las pantallas de la plataforma.","Facilidad de navegación en la plataforma.","El funcionamiento de la mesa de ayuda para estudiantes (mediante contacto por correo electrónico).","Claridad de las actividades de aprendizaje propuestas.","Consistencia de las actividades de aprendizaje propuestas con los aprendizajes del curso.","Coherencia de las actividades de aprendizaje propuestas.","Cantidad de información aportada por el curso.","Profundidad en el tratamiento de los aprendizajes esperados.","Claridad de las instrucciones de las actividades.","Claridad de las instrucciones y preguntas en las evaluaciones.","Calidad de las orientaciones para retroalimentar las actividades y evaluaciones.","El apoyo del tutor para responder preguntas en el foro.","¿Cómo evaluaría el nivel de transferencia de los aprendizajes a su contexto laboral?","¿Qué es lo que más valora del curso que acaba de terminar?              ","¿Qué es lo que menos le gustó del curso que acaba de terminar?          ","¿Qué sugerencias haría para mejorar el curso en el futuro?"
1,Insatisfecho,No,No,Sí,"Menos de lo esperado","4-6 horas","Los conozco y me son familiares, pero no los manejo en profundidad.","3 (Bueno)","3 (Bueno)","3 (Bueno)","3 (Bueno)","1 (Muy malo)","1 (Muy malo)","3 (Bueno)","3 (Bueno)","3 (Bueno)","3 (Bueno)","3 (Bueno)","3 (Bueno)","3 (Bueno)","1 (Muy malo)","1 (Muy malo)",Bajo,"los videos explicativos, son mucho más claros en las explicaciones","Que no respondan dudas, que no sean rápidos con las repuestas","Que eliminen el autoaprendizaje, pésimo!"
2,Satisfecho,Sí,Sí,Sí,"Lo esperado","4-6 horas","Los conozco y me son familiares, pero no los manejo en profundidad.","3 (Bueno)","3 (Bueno)","3 (Bueno)","3 (Bueno)","3 (Bueno)","3 (Bueno)","3 (Bueno)","3 (Bueno)","3 (Bueno)","3 (Bueno)","3 (Bueno)","3 (Bueno)","3 (Bueno)","3 (Bueno)","3 (Bueno)",Alto,"Los aprendizajes que he obtenido, ya que me facilitan la labor que realizo","Qu se hayan realizado a fines de año, pues nos encontramos con mucho trabajo en la escuela.","Que los cursos sean impartidos separados para así lograr mejor los objetivos de aprendizaje para mejorar el trabajo en la biblioteca"
3,Satisfecho,Sí,Sí,Sí,"Más de lo esperado","4-6 horas","Los conozco y me son familiares, pero no los manejo en profundidad.","3 (Bueno)","3 (Bueno)","3 (Bueno)","3 (Bueno)","3 (Bueno)","3 (Bueno)","3 (Bueno)","3 (Bueno)","3 (Bueno)","3 (Bueno)","3 (Bueno)","3 (Bueno)","3 (Bueno)","3 (Bueno)","3 (Bueno)",Alto,"La entrega de conocimientos nuevos que me permite desarrollar de mejor manera en el que hacer diario de mi trabajo.","La dificultad en el uso de la plataforma, debido a que son artos módulos que responder y mucha información dentro de cada modulo,","Acotaría los cursos en menos cantidades de módulos, y aumentaría la cantidad de intentos en cada cuestionario."
4,"Muy Satisfecho",Sí,Sí,Sí,"Más de lo esperado","2-3 horas","He escuchado de los contenidos, pero no los conocía.","4 (Muy bueno)","4 (Muy bueno)","4 (Muy bueno)","4 (Muy bueno)","4 (Muy bueno)","4 (Muy bueno)","4 (Muy bueno)","4 (Muy bueno)","4 (Muy bueno)","4 (Muy bueno)","4 (Muy bueno)","4 (Muy bueno)","4 (Muy bueno)","4 (Muy bueno)","4 (Muy bueno)",Alto,"La claridad con que se entrega la información.","No hay nada que no me haya gustado.","La verdad la línea de continuidad y seguimiento es muy bueno deberían seguir siendo así de claras."
5,"Muy Insatisfecho",No,No,No,"Menos de lo esperado","4-6 horas","He escuchado de los contenidos, pero no los conocía.","1 (Muy malo)","1 (Muy malo)","1 (Muy malo)","1 (Muy malo)","1 (Muy malo)","1 (Muy malo)","1 (Muy malo)","1 (Muy malo)","2 (Malo)","2 (Malo)","2 (Malo)","2 (Malo)","1 (Muy malo)","2 (Malo)","1 (Muy malo)",Bajo,Nada,"La falta de interacción entre participantes y que los contenidos no fueron un aporte ni se enseñó nada","Hacer un curso implica enseñar, y aquí no se efectuó ."
6,Satisfecho,Sí,Sí,Sí,"Lo esperado","2-3 horas","Los conozco y me son familiares, pero no los manejo en profundidad.","3 (Bueno)","4 (Muy bueno)","3 (Bueno)","3 (Bueno)","3 (Bueno)","3 (Bueno)","3 (Bueno)","3 (Bueno)","3 (Bueno)","3 (Bueno)","3 (Bueno)","3 (Bueno)","3 (Bueno)","3 (Bueno)","3 (Bueno)","Muy alto","Impacto en la labor educativa que realizo día a día","Claridad en las instrucciones","Claridad en las instrucciones"
7,Satisfecho,Sí,No,Sí,"Lo esperado","2-3 horas","He escuchado de los contenidos, pero no los conocía.","3 (Bueno)","3 (Bueno)","3 (Bueno)","3 (Bueno)","3 (Bueno)","2 (Malo)","3 (Bueno)","3 (Bueno)","3 (Bueno)","3 (Bueno)","3 (Bueno)","3 (Bueno)","3 (Bueno)","3 (Bueno)","2 (Malo)",Alto,"Que pude profundizar en los conocimientos que ya tenía","Mala época para hacerlo ya que estamos casi en el termino del año escolar","Que no se dieran  2 cursos juntos pues  a pesar de que se dio mas tiempo para entregar las evaluaciones , los plazos para el curso A y C  eran el mismo día"
8,"Muy Satisfecho",Sí,Sí,Sí,"Más de lo esperado","4-6 horas","Los conozco y me son familiares, pero no los manejo en profundidad.","4 (Muy bueno)","4 (Muy bueno)","4 (Muy bueno)","4 (Muy bueno)","4 (Muy bueno)","4 (Muy bueno)","4 (Muy bueno)","3 (Bueno)","4 (Muy bueno)","4 (Muy bueno)","3 (Bueno)","4 (Muy bueno)","4 (Muy bueno)","4 (Muy bueno)","3 (Bueno)","Muy alto","muy buenos cursos, muy  completo.","no tengo nada que decir en este caso.","no hay sugerencias, porque a m me paecio todo muy claro y entendible."
9,Satisfecho,Sí,No,Sí,"Lo esperado","4-6 horas","He escuchado de los contenidos, pero no los conocía.","3 (Bueno)","2 (Malo)","3 (Bueno)","3 (Bueno)","2 (Malo)","3 (Bueno)","2 (Malo)","3 (Bueno)","3 (Bueno)","3 (Bueno)","3 (Bueno)","2 (Malo)","3 (Bueno)","2 (Malo)","3 (Bueno)",Bajo,"La información entregada y que puede ser descargada para recurrir a ella más adelante","La falta de claridad en las instrucciones y actividades a realizar, así como también en los plazos y fechas","Realizar una mejor calendarización, ya que el segundo semestre es más atareado y se dispone de menos tiempo para realizar capacitaciones"
10,Satisfecho,Sí,Sí,Sí,"Más de lo esperado","2-3 horas","No los conocía; no había escuchado de estos.","3 (Bueno)","3 (Bueno)","3 (Bueno)","3 (Bueno)","3 (Bueno)","3 (Bueno)","3 (Bueno)","3 (Bueno)","3 (Bueno)","3 (Bueno)","3 (Bueno)","3 (Bueno)","3 (Bueno)","3 (Bueno)","3 (Bueno)",Alto,"La clasificación de las señaliticas y el manual del espacio.","Dado que se remita al acta de compromiso, sería bueno que esta estuviera en esta aula tambíen,","Un ejercicio interactivo de identificar y discriminar los mejores muebles para la biblioteca."
11,"Muy Satisfecho",Sí,Sí,Sí,"Más de lo esperado","6-8 horas","Los conozco y me son familiares, pero no los manejo en profundidad.","4 (Muy bueno)","4 (Muy bueno)","4 (Muy bueno)","4 (Muy bueno)","4 (Muy bueno)","3 (Bueno)","4 (Muy bueno)","4 (Muy bueno)","4 (Muy bueno)","4 (Muy bueno)","4 (Muy bueno)","3 (Bueno)","4 (Muy bueno)","4 (Muy bueno)","3 (Bueno)","Muy alto","que me entregó conocimientos del CRA  que no conocía, y aprendí cómo debe organizar la biblioteca considerando siempre los objetivos de esta.","Que en las evaluaciones solo aparecieran preguntas solo del módulo que se está estudiando.","Encontré una pregunta de evaluacion sobre el termino que la biblioteca digital está habilitada 24/7 y la respuesta era atención nocturna y encontré que no era la respuesta correcta. porque es permanente día y noche."
12,"Muy Satisfecho",Sí,Sí,Sí,"Más de lo esperado","4-6 horas","Los conozco y me son familiares, pero no los manejo en profundidad.","4 (Muy bueno)","4 (Muy bueno)","4 (Muy bueno)","4 (Muy bueno)","4 (Muy bueno)","4 (Muy bueno)","4 (Muy bueno)","4 (Muy bueno)","4 (Muy bueno)","4 (Muy bueno)","4 (Muy bueno)","4 (Muy bueno)","4 (Muy bueno)","4 (Muy bueno)","4 (Muy bueno)","Muy alto","los aprendizajes y los temas tratados","me gustó todo",ninguna
13,Satisfecho,Sí,Sí,Sí,"Lo esperado","2-3 horas","Los conozco y me son familiares, pero no los manejo en profundidad.","3 (Bueno)","3 (Bueno)","3 (Bueno)","3 (Bueno)","3 (Bueno)","3 (Bueno)","3 (Bueno)","3 (Bueno)","3 (Bueno)","3 (Bueno)","3 (Bueno)","3 (Bueno)","3 (Bueno)","3 (Bueno)","3 (Bueno)",Alto,"Oportunidad de aprendizaje.","Tiempo destinado","Realizar curso en el primer semestre"
14,Satisfecho,Sí,No,Sí,"Más de lo esperado","4-6 horas","Los conozco y me son familiares, pero no los manejo en profundidad.","3 (Bueno)","4 (Muy bueno)","4 (Muy bueno)","3 (Bueno)","2 (Malo)","3 (Bueno)","4 (Muy bueno)","4 (Muy bueno)","4 (Muy bueno)","4 (Muy bueno)","3 (Bueno)","4 (Muy bueno)","3 (Bueno)","2 (Malo)","3 (Bueno)",Alto,"Las herramienta que me entregaron para poder mejorar mi trabajo en la biblioteca escolar.","Lo que menos me gustó del curso tiene que ver con la dificultad para trabajar en la plataforma. El curso en cuanto a contenidos y actividades me pareció muy interesante.","Cambiar la fecha de realización. En cualquier establecimiento educacional el fin de año es la época con mayor carga laboral y a los cursos hay que dedicarles tiempo. Muchas veces tuve que desarrollar las actividades fuera de mi horario de trabajo, porque no me alcanzaba el tiempo."
15,"Muy Satisfecho",Sí,Sí,Sí,"Más de lo esperado","6-8 horas","Los conozco y me son familiares, pero no los manejo en profundidad.","3 (Bueno)","3 (Bueno)","3 (Bueno)","3 (Bueno)","3 (Bueno)","3 (Bueno)","3 (Bueno)","3 (Bueno)","3 (Bueno)","3 (Bueno)","3 (Bueno)","2 (Malo)","3 (Bueno)","3 (Bueno)","3 (Bueno)",Alto,"Mejorar mis conocimientos en el área virtual-digital","Las instrucciones poco claras al realizar las actividades","Que las instrucciones de las actividades propuestas sean mas claras y directas."
16,Satisfecho,Sí,Sí,Sí,"Más de lo esperado","Más de 8 horas","Los conozco y los manejo con profundidad.","3 (Bueno)","3 (Bueno)","3 (Bueno)","3 (Bueno)","3 (Bueno)","3 (Bueno)","3 (Bueno)","3 (Bueno)","3 (Bueno)","3 (Bueno)","3 (Bueno)","3 (Bueno)","3 (Bueno)","3 (Bueno)","3 (Bueno)","Muy alto","El contenido tratado de cada módulo.","Falta de tutoria y apoyo de los coordinadores.","Mas conexión entre el foro y los estudiantes."
17,Insatisfecho,No,No,Sí,"Menos de lo esperado","6-8 horas","Los conozco y me son familiares, pero no los manejo en profundidad.","3 (Bueno)","3 (Bueno)","3 (Bueno)","1 (Muy malo)","2 (Malo)","1 (Muy malo)","2 (Malo)","3 (Bueno)","3 (Bueno)","3 (Bueno)","3 (Bueno)","1 (Muy malo)","2 (Malo)","2 (Malo)","1 (Muy malo)",Bajo,"Secuencia y consecuencia","sistema de foros, retroalimentación, tutoria","Mayor independencia en trabajos, menos foros."
18,"Muy Insatisfecho",Sí,No,Sí,"Lo esperado","Más de 8 horas","He escuchado de los contenidos, pero no los conocía.","4 (Muy bueno)","3 (Bueno)","3 (Bueno)","3 (Bueno)","3 (Bueno)","4 (Muy bueno)","3 (Bueno)","4 (Muy bueno)","3 (Bueno)","3 (Bueno)","3 (Bueno)","3 (Bueno)","3 (Bueno)","3 (Bueno)","3 (Bueno)",Alto,"Los conocimientos sobre las señalizaciones el uso adecuado de los espacios.","Me costo familiarizarme con la participación en los foros.","Mas claridad en la instrucción de participación en los foros."
19,"Muy Insatisfecho",Sí,Sí,Sí,"Más de lo esperado","2-3 horas","Los conozco y me son familiares, pero no los manejo en profundidad.","4 (Muy bueno)","3 (Bueno)","3 (Bueno)","3 (Bueno)","3 (Bueno)","4 (Muy bueno)","3 (Bueno)","3 (Bueno)","3 (Bueno)","3 (Bueno)","3 (Bueno)","3 (Bueno)","3 (Bueno)","3 (Bueno)","4 (Muy bueno)",Bajo,"La importancia y el rol preponderante de  la bibliotecaria en la Misión y objetivos de la enseñanza aprendizaje de los estudiantes","Me gusto todo","reflexiones y comentarios de bibliotecarios de diferentes nivel económico  de como ofrecen en su nivel los servicios de la Biblioteca"
20,Satisfecho,No,No,Sí,"Más de lo esperado","4-6 horas","No los conocía; no había escuchado de estos.","3 (Bueno)","3 (Bueno)","3 (Bueno)","3 (Bueno)","3 (Bueno)","3 (Bueno)","3 (Bueno)","3 (Bueno)","3 (Bueno)","3 (Bueno)","3 (Bueno)","3 (Bueno)","3 (Bueno)","3 (Bueno)","3 (Bueno)","Muy alto",todo,nada,"que aya una perdona junto con nosotros guiandonos"
21,"Muy Satisfecho",Sí,Sí,Sí,"Más de lo esperado","Más de 8 horas","He escuchado de los contenidos, pero no los conocía.","3 (Bueno)","3 (Bueno)","3 (Bueno)","3 (Bueno)","3 (Bueno)","2 (Malo)","3 (Bueno)","3 (Bueno)","3 (Bueno)","3 (Bueno)","3 (Bueno)","3 (Bueno)","3 (Bueno)","3 (Bueno)","2 (Malo)",Alto,"El cargo de la Biblioteca Cra me fue asignado hace poco, no sabia nada y ahora puedo decir que aprendí mucho, Ahora tengo clara mi labor de Encargada CRA.","Que la tutor no respondió nunca.","Agilizar las respuestas de parte de los tutores."
22,Satisfecho,No,No,Sí,"Lo esperado","6-8 horas","Los conozco y me son familiares, pero no los manejo en profundidad.","3 (Bueno)","3 (Bueno)","3 (Bueno)","3 (Bueno)","3 (Bueno)","3 (Bueno)","3 (Bueno)","3 (Bueno)","3 (Bueno)","3 (Bueno)","3 (Bueno)","3 (Bueno)","3 (Bueno)","3 (Bueno)","3 (Bueno)",Alto,"toda la informacion","no tengo nada que decir","Creo que esta bien"
23,Satisfecho,Sí,Sí,Sí,"Más de lo esperado","6-8 horas","He escuchado de los contenidos, pero no los conocía.","4 (Muy bueno)","3 (Bueno)","3 (Bueno)","3 (Bueno)","3 (Bueno)","3 (Bueno)","4 (Muy bueno)","3 (Bueno)","4 (Muy bueno)","4 (Muy bueno)","4 (Muy bueno)","3 (Bueno)","3 (Bueno)","3 (Bueno)","3 (Bueno)",Alto,"Aprender a responder y participar de los foros y a completar las actividades solicitadas","Este curso C, me pareció muy bueno y algo más fácil de responder. Nunca había participado de ésta metodología de trabajo, por lo que el curso A y el B fueron complejos","Más tiempo para realizarlos. Fue muy difícil el comienzo con el curso A y B, pero el C me costó menos"
24,Satisfecho,Sí,Sí,Sí,"Más de lo esperado","2-3 horas","Los conozco y me son familiares, pero no los manejo en profundidad.","2 (Malo)","3 (Bueno)","3 (Bueno)","2 (Malo)","3 (Bueno)","3 (Bueno)","3 (Bueno)","3 (Bueno)","3 (Bueno)","3 (Bueno)","3 (Bueno)","3 (Bueno)","3 (Bueno)","3 (Bueno)","3 (Bueno)",Alto,"Duración adecuada","Exceso de  formato de foro","Usar más análisis de casos"
25,Insatisfecho,No,No,Sí,"Lo esperado","2-3 horas","Los conozco y me son familiares, pero no los manejo en profundidad.","2 (Malo)","2 (Malo)","2 (Malo)","2 (Malo)","2 (Malo)","2 (Malo)","3 (Bueno)","2 (Malo)","2 (Malo)","2 (Malo)","3 (Bueno)","3 (Bueno)","3 (Bueno)","2 (Malo)","3 (Bueno)",Bajo,"La posibilidad de perfeccionamiento para los encargados de las Bibliotecas CRA.","A mi parecer no es muy explícita la información para seguir los cursos asignados.","Que la realización de los cursos, no se hagan con excesiva información, dado que no se alcanza a estudiar en su totalidad, por el tiempo acotado que disponemos."
26,"Muy Insatisfecho",Sí,Sí,Sí,"Más de lo esperado","4-6 horas","He escuchado de los contenidos, pero no los conocía.","4 (Muy bueno)","4 (Muy bueno)","4 (Muy bueno)","4 (Muy bueno)","4 (Muy bueno)","3 (Bueno)","4 (Muy bueno)","4 (Muy bueno)","4 (Muy bueno)","4 (Muy bueno)","4 (Muy bueno)","4 (Muy bueno)","4 (Muy bueno)","3 (Bueno)","3 (Bueno)",Alto,"de gran ayuda todo lo que se enseña en el curso","nada que decir, me gusto el curso.","nada a mejorar"
27,Satisfecho,Sí,No,Sí,"Lo esperado","4-6 horas","Los conozco y me son familiares, pero no los manejo en profundidad.","3 (Bueno)","3 (Bueno)","3 (Bueno)","3 (Bueno)","3 (Bueno)","3 (Bueno)","3 (Bueno)","3 (Bueno)","3 (Bueno)","3 (Bueno)","3 (Bueno)","3 (Bueno)","3 (Bueno)","3 (Bueno)","3 (Bueno)","Muy alto","el aprender cosas que no sabia","la falta de tutores","mas tutores para que sea mas rápida las respuestas a nuestras dudas"
28,"Muy Satisfecho",Sí,Sí,Sí,"Más de lo esperado","Más de 8 horas","He escuchado de los contenidos, pero no los conocía.","4 (Muy bueno)","3 (Bueno)","4 (Muy bueno)","3 (Bueno)","3 (Bueno)","3 (Bueno)","4 (Muy bueno)","4 (Muy bueno)","4 (Muy bueno)","3 (Bueno)","3 (Bueno)","4 (Muy bueno)","4 (Muy bueno)","4 (Muy bueno)","3 (Bueno)",Alto,"La información de las plataformas digitales que desconocía.","Lo mismo que el punto anterior como en mi biblioteca no hay computadores son irrealizables muchas de las sugerencias.","Creo que tener más claro los contextos reales de las bibliotecas , la gran mayoría son salas acondicionadas para uso de bibliotecas, no muchos encargados manejan las plataformas digitales y hay problemas de insumos, además me di cuenta que muchos estamos en el cargo hace poco y justo tocó lo de la pandemia, por lo tanto, las condiciones de atención son muy sui generis."
29,"Muy Satisfecho",Sí,Sí,Sí,"Más de lo esperado","6-8 horas","Los conozco y me son familiares, pero no los manejo en profundidad.","3 (Bueno)","3 (Bueno)","3 (Bueno)","4 (Muy bueno)","4 (Muy bueno)","3 (Bueno)","3 (Bueno)","3 (Bueno)","3 (Bueno)","4 (Muy bueno)","4 (Muy bueno)","3 (Bueno)","3 (Bueno)","4 (Muy bueno)","3 (Bueno)",Alto,"La cantidad de información, dar a conocer la relevancia de una biblioteca dentro del establecimiento","reconozco mis falencias... pero considero que 4 cursos en paralelo en muy desgastante, pues no consideran el trabajo en la escuela, sobre todo este tiempo en pandemia.   por salud mental en mi caso muchos cursos a la vez.   en distintos tiempos aprendo y disfruto más","Que los cursos no deben ser en paralelo, la idea es aprender con tranquilidad y no sentirse bajo presión.   aún así he aprendido y se agradece"
30,Satisfecho,Sí,Sí,Sí,"Lo esperado","6-8 horas","Los conozco y me son familiares, pero no los manejo en profundidad.","3 (Bueno)","3 (Bueno)","3 (Bueno)","3 (Bueno)","3 (Bueno)","2 (Malo)","3 (Bueno)","3 (Bueno)","3 (Bueno)","3 (Bueno)","3 (Bueno)","3 (Bueno)","3 (Bueno)","3 (Bueno)","3 (Bueno)",Alto,"El aprendizaje","El tiempo del curso fue muy corto","Mas tiempo para la realización del curso"
31,"Muy Satisfecho",Sí,Sí,Sí,"Mucho más de lo esperado","6-8 horas","Los conozco y me son familiares, pero no los manejo en profundidad.","4 (Muy bueno)","4 (Muy bueno)","4 (Muy bueno)","4 (Muy bueno)","3 (Bueno)","3 (Bueno)","3 (Bueno)","3 (Bueno)","3 (Bueno)","4 (Muy bueno)","4 (Muy bueno)","4 (Muy bueno)","3 (Bueno)","3 (Bueno)","4 (Muy bueno)",Alto,"la informacion entregada , y las nuevas herramientas que tengo para desarrollar  y entregar  un mejor servicio, colaboracion a mis estudiantes y comunidad","el tiempo de duración para realizar las evaluaciones  ,","mejorar los tiempoos"
32,Satisfecho,Sí,Sí,Sí,"Más de lo esperado","6-8 horas","Los conozco y me son familiares, pero no los manejo en profundidad.","4 (Muy bueno)","3 (Bueno)","4 (Muy bueno)","4 (Muy bueno)","3 (Bueno)","3 (Bueno)","4 (Muy bueno)","4 (Muy bueno)","3 (Bueno)","4 (Muy bueno)","3 (Bueno)","3 (Bueno)","3 (Bueno)","3 (Bueno)","3 (Bueno)",Alto,"Este curso me gusto por el aprendizaje de los espacios, recursos digitales.","no me gusta mucho las preguntas sumativas creo saberlo y al contestar me va mal.","Esta muy bien estructurado,y todo claro, sugerencias mala las fechas de los cursos, tenemos mucho trabajo en la escuela y todo este curso se puede hacer en las casas, opino otra fecha de esta capacitación, gracias.."
33,"Muy Satisfecho",Sí,Sí,Sí,"Más de lo esperado","4-6 horas","Los conozco y me son familiares, pero no los manejo en profundidad.","4 (Muy bueno)","4 (Muy bueno)","4 (Muy bueno)","4 (Muy bueno)","4 (Muy bueno)","4 (Muy bueno)","4 (Muy bueno)","4 (Muy bueno)","4 (Muy bueno)","4 (Muy bueno)","4 (Muy bueno)","4 (Muy bueno)","4 (Muy bueno)","4 (Muy bueno)","4 (Muy bueno)","Muy alto","Los videos son muy explicativos",nada,"esta bien"
34,Satisfecho,Sí,Sí,Sí,"Más de lo esperado","6-8 horas","Los conozco y me son familiares, pero no los manejo en profundidad.","3 (Bueno)","3 (Bueno)","3 (Bueno)","3 (Bueno)","3 (Bueno)","3 (Bueno)","3 (Bueno)","3 (Bueno)","3 (Bueno)","3 (Bueno)","3 (Bueno)","3 (Bueno)","3 (Bueno)","3 (Bueno)","3 (Bueno)",Alto,"La información técnica tratada","El formato, me costo mucho entender que actividades pertenecían a que curso. Además de los plazos de estos","Mayor claridad en los puntos señalados anteriormente"
35,Insatisfecho,No,No,Sí,"Menos de lo esperado","6-8 horas","Los conozco y me son familiares, pero no los manejo en profundidad.","2 (Malo)","2 (Malo)","2 (Malo)","1 (Muy malo)","1 (Muy malo)","2 (Malo)","2 (Malo)","2 (Malo)","2 (Malo)","2 (Malo)","2 (Malo)","2 (Malo)","2 (Malo)","2 (Malo)","1 (Muy malo)",Bajo,"Algunos contenidos que manejaba pero no al 100%","Plataforma, tutores y soporte","cursos mas interactivos y con material didáctico además de adecuación de los tiempos"
36,Insatisfecho,No,No,Sí,"Menos de lo esperado","2-3 horas","Los conozco y me son familiares, pero no los manejo en profundidad.","3 (Bueno)","3 (Bueno)","3 (Bueno)","3 (Bueno)","3 (Bueno)","3 (Bueno)","3 (Bueno)","3 (Bueno)","3 (Bueno)","3 (Bueno)","3 (Bueno)","3 (Bueno)","3 (Bueno)","3 (Bueno)","3 (Bueno)",Alto,"La libertad de horario para realizar el trabajo, pese a que tenemos otras actividades que cumplir, laborales y familiares.","Exceso de información, muchos anexos que leer en poco tiempo ya que aunque queramos se dificulta el tiempo porque somos trabajadoras con horario que cumplir y dueñas de casa.","Que el curso sea realizado a lo largo del año, asignando más tiempo a cada módulo."
37,Satisfecho,Sí,Sí,Sí,"Más de lo esperado","2-3 horas","He escuchado de los contenidos, pero no los conocía.","3 (Bueno)","3 (Bueno)","3 (Bueno)","3 (Bueno)","3 (Bueno)","3 (Bueno)","3 (Bueno)","3 (Bueno)","3 (Bueno)","3 (Bueno)","3 (Bueno)","3 (Bueno)","3 (Bueno)","3 (Bueno)","3 (Bueno)",Alto,"Que es mi segundo año desarrollando este cargo y no he tenido mucho la oportunidad de poder desarrollarme en lo que va de los años incluyendo que el trabajo por estos dos años ha sido netamente virtual","es algo personal, que no le pude dedicar todo el tiempo que me habría gustado","pienso que es un poco complejo en la parte de desarrollo para las personas que aun a pesar de las condiciones no se manejan en la internet"
38,Satisfecho,Sí,No,Sí,"Más de lo esperado","2-3 horas","No los conocía; no había escuchado de estos.","3 (Bueno)","3 (Bueno)","3 (Bueno)","2 (Malo)","2 (Malo)","3 (Bueno)","3 (Bueno)","3 (Bueno)","3 (Bueno)","3 (Bueno)","3 (Bueno)","3 (Bueno)","2 (Malo)","3 (Bueno)","3 (Bueno)",Alto,"Aprendí que el encargado debe estar actualizado y buscar las formas de atraer a los usuarios a la biblioteca.","Que no podía trabajar en la biblioteca porque se prioriza la atención a los usuarios o colegas.","Que fuera menos textos y que la plataforma sea mas sencilla"
39,Satisfecho,Sí,Sí,Sí,"Lo esperado","6-8 horas","He escuchado de los contenidos, pero no los conocía.","3 (Bueno)","3 (Bueno)","3 (Bueno)","3 (Bueno)","3 (Bueno)","3 (Bueno)","3 (Bueno)","3 (Bueno)","3 (Bueno)","3 (Bueno)","3 (Bueno)","3 (Bueno)","3 (Bueno)","2 (Malo)","2 (Malo)",Alto,"entregan dos intentos para las evaluaciones","las actividades muy extensas , no contamos con tantas horas disponibles para desarrollar las actividades","actividades no tan extensas"
40,"Muy Satisfecho",Sí,Sí,Sí,"Más de lo esperado","4-6 horas","Los conozco y me son familiares, pero no los manejo en profundidad.","4 (Muy bueno)","4 (Muy bueno)","4 (Muy bueno)","3 (Bueno)","4 (Muy bueno)","3 (Bueno)","3 (Bueno)","3 (Bueno)","4 (Muy bueno)","4 (Muy bueno)","4 (Muy bueno)","4 (Muy bueno)","4 (Muy bueno)","3 (Bueno)","3 (Bueno)",Alto,"aprender a sdr mejor bibliotecaria","que en esta etapa no tuve presencia de tutoria","mas actividades de analisis"
