﻿"Respuesta número","En general, ¿cuál es su nivel de satisfacción con el curso que acaba de terminar?","¿Recomendaría este curso a otro encargado de biblioteca?","¿Volvería a realizar un curso de estas mismas características?","¿Eran coherentes las actividades de aprendizaje propuestas para el curso?","Según la percepción de su proceso de aprendizaje y las características de este curso, ¿cuánto considera que aprendió?","¿Cuántas horas cronológicas semanales dedicó a este curso?","¿Qué tan familiares son para usted los contenidos tratados en el curso?","Claridad de los contenidos del curso (temas, definiciones, términos conceptuales, etc.).","Contextualización de los contenidos a su realidad laboral.","La progresión de la secuencia de aprendizaje para ir tratando los contenidos del curso.","Claridad del diseño gráfico de las pantallas de la plataforma.","Facilidad de navegación en la plataforma.","El funcionamiento de la mesa de ayuda para estudiantes (mediante contacto por correo electrónico).","Claridad de las actividades de aprendizaje propuestas.","Consistencia de las actividades de aprendizaje propuestas con los aprendizajes del curso.","Coherencia de las actividades de aprendizaje propuestas.","Cantidad de información aportada por el curso.","Profundidad en el tratamiento de los aprendizajes esperados.","Claridad de las instrucciones de las actividades.","Claridad de las instrucciones y preguntas en las evaluaciones.","Claridad de las instrucciones y preguntas en las evaluaciones.","Calidad de las orientaciones para retroalimentar las actividades y evaluaciones.","El apoyo del tutor para responder preguntas en el foro.","¿Cómo evaluaría el nivel de transferencia de los aprendizajes a su contexto laboral?","¿Qué es lo que más valora del curso que acaba de terminar?              ","¿Qué es lo que menos le gustó del curso que acaba de terminar?          ","¿Qué sugerencias haría para mejorar el curso en el futuro?"
1,Satisfecho,Sí,Sí,Sí,"Mucho más de lo esperado","6-8 horas","Los conozco y me son familiares, pero no los manejo en profundidad.","3 (Bueno)","3 (Bueno)","3 (Bueno)","3 (Bueno)","2 (Malo)","3 (Bueno)","3 (Bueno)","3 (Bueno)","3 (Bueno)","3 (Bueno)","3 (Bueno)","3 (Bueno)","3 (Bueno)","3 (Bueno)","3 (Bueno)","3 (Bueno)",Alto,,,
2,Satisfecho,Sí,Sí,Sí,"Más de lo esperado","6-8 horas","Los conozco y me son familiares, pero no los manejo en profundidad.","3 (Bueno)","4 (Muy bueno)","3 (Bueno)","3 (Bueno)","4 (Muy bueno)","3 (Bueno)","3 (Bueno)","3 (Bueno)","3 (Bueno)","4 (Muy bueno)","3 (Bueno)","3 (Bueno)","3 (Bueno)","3 (Bueno)","3 (Bueno)","2 (Malo)","Muy alto","La calidad y lo acotado de la información.","La fecha en que se realizan los cursos. Deberían ser 3 Meses, y a mitad de año: Julio, Agosto y Septiembre.","Debería haber interacción de la tutora, en los foros. Ser guía, y retroalimentar a los alumnos."
3,Insatisfecho,Sí,Sí,Sí,"Lo esperado","2-3 horas","He escuchado de los contenidos, pero no los conocía.","2 (Malo)","3 (Bueno)","3 (Bueno)","2 (Malo)","2 (Malo)","3 (Bueno)","3 (Bueno)","2 (Malo)","3 (Bueno)","3 (Bueno)","3 (Bueno)","3 (Bueno)","2 (Malo)","2 (Malo)","3 (Bueno)","3 (Bueno)",Alto,"información necesaria para sacar adelante la biblioteca","me costo mucho, llegar a donde quedaba y entender como funciona la pagina, creo que es poco amable","que sea mas claro los puntos que uno va avanzando y donde quedo"
4,"Muy satisfecho",Sí,Sí,Sí,"Mucho más de lo esperado","4-6 horas","Los conozco y me son familiares, pero no los manejo en profundidad.","3 (Bueno)","4 (Muy bueno)","4 (Muy bueno)","4 (Muy bueno)","4 (Muy bueno)","4 (Muy bueno)","4 (Muy bueno)","4 (Muy bueno)","4 (Muy bueno)","4 (Muy bueno)","4 (Muy bueno)","3 (Bueno)","4 (Muy bueno)","4 (Muy bueno)","4 (Muy bueno)","3 (Bueno)",Alto,"primeramente muy satisfecho por el curso, aprendí considerablemente .muy agradecido.","la verdad que todo me gusto del curso, solo rescato lo bueno y lo mas importante.","mas apoyo de los tutores en responder ciertas dudas, pero rescato lo bueno y con eso estoy satisfecha con lo que he logrado"
5,Satisfecho,Sí,Sí,Sí,"Más de lo esperado","6-8 horas","Los conozco y me son familiares, pero no los manejo en profundidad.","3 (Bueno)","3 (Bueno)","3 (Bueno)","3 (Bueno)","3 (Bueno)","2 (Malo)","3 (Bueno)","3 (Bueno)","3 (Bueno)","3 (Bueno)","3 (Bueno)","3 (Bueno)","3 (Bueno)","3 (Bueno)","3 (Bueno)","2 (Malo)",Alto,,,
6,Insatisfecho,Sí,Sí,Sí,"Lo esperado","2-3 horas","Los conozco y me son familiares, pero no los manejo en profundidad.","3 (Bueno)","3 (Bueno)","3 (Bueno)","3 (Bueno)","3 (Bueno)","3 (Bueno)","3 (Bueno)","3 (Bueno)","3 (Bueno)","3 (Bueno)","3 (Bueno)","3 (Bueno)","3 (Bueno)","3 (Bueno)","3 (Bueno)","3 (Bueno)",Bajo,"un poco enredado los contenidos","un poco enredado los contenidos","un poco enredado los contenidos mas tiempo porque fin de año todo se hace mas complicado"
7,Insatisfecho,No,No,No,"Menos de lo esperado","2-3 horas","He escuchado de los contenidos, pero no los conocía.","2 (Malo)","2 (Malo)","2 (Malo)","2 (Malo)","3 (Bueno)","3 (Bueno)","2 (Malo)","2 (Malo)","2 (Malo)","2 (Malo)","2 (Malo)","2 (Malo)","2 (Malo)","2 (Malo)","1 (Muy malo)","3 (Bueno)",Bajo,nada,"no hay retroalimentacion","que se retroalimente... 
las preguntas mal  evaluadas nunca supe cual era la alternativa correcta"
8,Satisfecho,Sí,No,Sí,"Menos de lo esperado","4-6 horas","Los conozco y me son familiares, pero no los manejo en profundidad.","4 (Muy bueno)","3 (Bueno)","3 (Bueno)","4 (Muy bueno)","3 (Bueno)","4 (Muy bueno)","2 (Malo)","3 (Bueno)","3 (Bueno)","3 (Bueno)","3 (Bueno)","2 (Malo)","2 (Malo)","2 (Malo)","2 (Malo)","3 (Bueno)",Bajo,"El tiempo y dedicación de los tutores, el material en videos","Que fue de autoaprendizaje y on line, difícil de concentrar","que fuese presencial para compartir experiencias con otros encargados y así se dedica uno solo a eso, trabajando es demasiada la distracción"
9,"Muy satisfecho",Sí,Sí,Sí,"Mucho más de lo esperado","6-8 horas","Los conozco y me son familiares, pero no los manejo en profundidad.","4 (Muy bueno)","4 (Muy bueno)","4 (Muy bueno)","4 (Muy bueno)","3 (Bueno)","4 (Muy bueno)","4 (Muy bueno)","4 (Muy bueno)","4 (Muy bueno)","4 (Muy bueno)","4 (Muy bueno)","4 (Muy bueno)","3 (Bueno)","3 (Bueno)","4 (Muy bueno)","4 (Muy bueno)","Muy alto","lo que más valoro es que las actividades propuestas ayudaban a visualizar los contenidos en el contexto de la biblioteca escolar CRA en la que se trabaja, es decir, aplicándolo a la realidad.","Lo que menos me gusto es que la algunas peguntas de la valuación final de cada módulo no tenían tanta relación con las actividades propuestas para aprender los contenidos tratados en el curso.","Primero que si pudieran hacer preguntas que estuvieran más relacionadas a las actividades hechas y los aprendizajes que de ellas se lograron sería mejor. 
segundo que a medida que se vayan completando las actividades se vean de otro color o tengan un ticket o se señale que la actividad fue completada para que se tenga un apoyo visual de que se ha completado y que no, porque el porcentaje de logro del curso no señala claramente que actividades falta por terminar.   
Finalmente, esta encuesta la he completado por lo menos 4 veces y nunca dice si fue enviada con éxito."
10,Satisfecho,Sí,Sí,Sí,"Más de lo esperado","Más de 8 horas","Los conozco y me son familiares, pero no los manejo en profundidad.","3 (Bueno)","3 (Bueno)","3 (Bueno)","3 (Bueno)","3 (Bueno)","3 (Bueno)","3 (Bueno)","3 (Bueno)","3 (Bueno)","3 (Bueno)","3 (Bueno)","3 (Bueno)","3 (Bueno)","3 (Bueno)","3 (Bueno)","3 (Bueno)",Alto,"La actualización de los contenidos y la interacción con otras instituciones culturales.","El tiempo de dedicación al curso,  siendo  incompatible responder a dos cursos al mismo tiempo  y además, anexar  el trabajo docente.","Me costó mucho descargar los PDF para realizar el trabajo y convertirlo a Word en mi computador.
Se me borró un trabajo que ya tenía terminado."
11,Satisfecho,Sí,Sí,Sí,"Más de lo esperado","Más de 8 horas","Los conozco y me son familiares, pero no los manejo en profundidad.","3 (Bueno)","3 (Bueno)","3 (Bueno)","3 (Bueno)","3 (Bueno)","3 (Bueno)","3 (Bueno)","3 (Bueno)","3 (Bueno)","3 (Bueno)","3 (Bueno)","3 (Bueno)","3 (Bueno)","3 (Bueno)","3 (Bueno)","3 (Bueno)",Alto,"BUENO, LA CANTIDAD DE ESTRATEGIAS QUE UNO PUEDE IR PROBANDO PARA SACAR ADELANTE LA BIBLIOTECA  Y ASI LA CONOZCAN MAS ALLÁ DEL COLEGIO","IGUAL MUY EXTENSO EL CURSO Y MUCHAS HORAS EN EL COMPUTADOR,PARTIENDO QUE UNO NO ES TAN TECNÓLOGICO","ESTE CURSO EN FORMA PRESENCIAL."
12,Satisfecho,Sí,No,Sí,"Lo esperado","4-6 horas","Los conozco y me son familiares, pero no los manejo en profundidad.","3 (Bueno)","3 (Bueno)","3 (Bueno)","3 (Bueno)","3 (Bueno)","3 (Bueno)","3 (Bueno)","3 (Bueno)","3 (Bueno)","3 (Bueno)","3 (Bueno)","3 (Bueno)","3 (Bueno)","3 (Bueno)","3 (Bueno)","2 (Malo)",Alto,"La forma de entregar la información. Como se abre espacios hacia la comunidad la Biblioteca Escolar.","No poder conectarme siempre por  tener poco  tiempo, pero de alguna manera trate de hacerlo .","Que sea más clarificador en algunos conceptos..

Gracias.."
13,"Muy satisfecho",Sí,Sí,Sí,"Más de lo esperado","Más de 8 horas","He escuchado de los contenidos, pero no los conocía.","4 (Muy bueno)","3 (Bueno)","3 (Bueno)","3 (Bueno)","3 (Bueno)","3 (Bueno)","3 (Bueno)","3 (Bueno)","3 (Bueno)","3 (Bueno)","3 (Bueno)","3 (Bueno)","3 (Bueno)","3 (Bueno)","3 (Bueno)","3 (Bueno)",Alto,"Que aprendí bastantes cosas que desconocía y que debo poner en practica en biblioteca.","La falta de tiempo","que sean en persona."
14,Satisfecho,Sí,Sí,Sí,"Más de lo esperado","4-6 horas","He escuchado de los contenidos, pero no los conocía.","3 (Bueno)","2 (Malo)","3 (Bueno)","3 (Bueno)","3 (Bueno)","3 (Bueno)","3 (Bueno)","3 (Bueno)","3 (Bueno)","4 (Muy bueno)","3 (Bueno)","3 (Bueno)","3 (Bueno)","3 (Bueno)","4 (Muy bueno)","3 (Bueno)",Bajo,"aun no lo termino, pero el aprender otras tecnicas y manejos avanzados es muy importante para mejor mi labor.","aun no lo termino","tener mas tiempo en el lugar de trabajo para poder enfocarse el 100 porciento."
15,Satisfecho,Sí,Sí,Sí,"Lo esperado","6-8 horas","Los conozco y me son familiares, pero no los manejo en profundidad.","3 (Bueno)","3 (Bueno)","3 (Bueno)","3 (Bueno)","3 (Bueno)","3 (Bueno)","3 (Bueno)","3 (Bueno)","3 (Bueno)","4 (Muy bueno)","3 (Bueno)","3 (Bueno)","3 (Bueno)","3 (Bueno)","3 (Bueno)","3 (Bueno)",Alto,"Poder conocer a más compañeros y conocer sus realidades. Aparte que también son muy buenos los aprendizajes que nos están dejando a través de estos cursos.","Lo que menos me gustó fue que fuera mucha información de un viaje, y que los trabajos sean tan extensos ya que me cuesta manejarme en lo tecnológico y falta apoyo de parte del colegio.","Que los cursos que nos den en un futuro sean mas separados entre fechas ya que es mucha la información y se nos confunden los cursos."
16,Satisfecho,Sí,Sí,Sí,"Más de lo esperado","6-8 horas","He escuchado de los contenidos, pero no los conocía.","3 (Bueno)","3 (Bueno)","3 (Bueno)","3 (Bueno)","3 (Bueno)","3 (Bueno)","3 (Bueno)","3 (Bueno)","3 (Bueno)","3 (Bueno)","3 (Bueno)","3 (Bueno)","3 (Bueno)","3 (Bueno)","3 (Bueno)","3 (Bueno)","Muy alto","entrega herramientas prácticas para las funciones de un encargado o encargada.","las actividades son muy extensas y debido  que no se dispone de tiempo se dificulta llevarlas a cabo.","que las actividades fueran mas cortas y concretas."
17,Satisfecho,Sí,Sí,Sí,"Más de lo esperado","2-3 horas","He escuchado de los contenidos, pero no los conocía.","3 (Bueno)","3 (Bueno)","3 (Bueno)","3 (Bueno)","3 (Bueno)","3 (Bueno)","3 (Bueno)","3 (Bueno)","3 (Bueno)","3 (Bueno)","3 (Bueno)","3 (Bueno)","3 (Bueno)","3 (Bueno)","3 (Bueno)","3 (Bueno)",Alto,"El variado conocimiento técnico recibido.","no existió el menos.","Que este se realizara a mitad de año. Principio de año escolar y termino de año son de mucho stress laboral."
18,Satisfecho,Sí,Sí,Sí,"Más de lo esperado","4-6 horas","He escuchado de los contenidos, pero no los conocía.","3 (Bueno)","3 (Bueno)","3 (Bueno)","3 (Bueno)","2 (Malo)","3 (Bueno)","3 (Bueno)","3 (Bueno)","3 (Bueno)","3 (Bueno)","3 (Bueno)","3 (Bueno)","3 (Bueno)","3 (Bueno)","3 (Bueno)","3 (Bueno)",Alto,"los aprendizajes logrados","LA NAVEGACION POR LA PLATAFORMA","MEJORAR LA PLATAFORMA"
19,Insatisfecho,No,No,No,"Menos de lo esperado","4-6 horas","He escuchado de los contenidos, pero no los conocía.","3 (Bueno)","3 (Bueno)","2 (Malo)","2 (Malo)","2 (Malo)","3 (Bueno)","2 (Malo)","2 (Malo)","2 (Malo)","2 (Malo)","2 (Malo)","2 (Malo)","2 (Malo)","2 (Malo)","2 (Malo)","3 (Bueno)",Bajo,"entrego informacion que no conocia","no hay una eseñanza clara ni precisa donde uno pueda resolver dudas de forma inmediata","realizar tutorias o clases virtuales en donde uno escuche como explican los temas, solo leer no permite generar aprendizajes significativos"
20,"Muy satisfecho",Sí,Sí,Sí,"Más de lo esperado","2-3 horas","He escuchado de los contenidos, pero no los conocía.","3 (Bueno)","3 (Bueno)","3 (Bueno)","4 (Muy bueno)","4 (Muy bueno)","4 (Muy bueno)","4 (Muy bueno)","3 (Bueno)","3 (Bueno)","3 (Bueno)","3 (Bueno)","4 (Muy bueno)","3 (Bueno)","4 (Muy bueno)","4 (Muy bueno)","4 (Muy bueno)","Muy alto","la enseñanza que me deja para poder desarrollar mejor mi labor","Solo el tiempo de trabajo, ya que para mi en mi caso son fechas de muchas actividades laborales.","que las fechas de realización no sean en meses de termino o comienzo de año, ya que son fechas al menos para mi complicadas aun teniendo todas las facilidades de mis superiores."
21,Satisfecho,Sí,No,Sí,"Más de lo esperado","Más de 8 horas","He escuchado de los contenidos, pero no los conocía.","3 (Bueno)","3 (Bueno)","3 (Bueno)","3 (Bueno)","4 (Muy bueno)","3 (Bueno)","3 (Bueno)","3 (Bueno)","3 (Bueno)","3 (Bueno)","3 (Bueno)","3 (Bueno)","2 (Malo)","2 (Malo)","2 (Malo)","3 (Bueno)",Alto,"Lo nuevos conocimientos adquiridos","Su nivel de exigencia en cuanto a su contenido , ya que lo considere muy elevado  sobre todo las evaluaciones muy complejas sus preguntas .considerando que no todos los encargados somos docentes.","1. Bajar nivel  de contenidos
2. Tomar en cuenta que no todos los encargados somos docentes
3. Las evaluaciones en relación a este curso tenían mas relación con la docencia."
22,Satisfecho,Sí,Sí,Sí,"Lo esperado","Más de 8 horas","He escuchado de los contenidos, pero no los conocía.","3 (Bueno)","3 (Bueno)","3 (Bueno)","3 (Bueno)","3 (Bueno)","3 (Bueno)","3 (Bueno)","3 (Bueno)","3 (Bueno)","3 (Bueno)","3 (Bueno)","3 (Bueno)","3 (Bueno)","3 (Bueno)","3 (Bueno)","3 (Bueno)",Alto,"aprender hacer un proyecto","habían conceptos muy académicos que no entendí","Se debería realizar en conjunto a la coordinadora, cra, por temas mas de docentes que encargada"
23,Satisfecho,Sí,Sí,Sí,"Lo esperado","Más de 8 horas","Los conozco y me son familiares, pero no los manejo en profundidad.","3 (Bueno)","3 (Bueno)","3 (Bueno)","3 (Bueno)","3 (Bueno)","3 (Bueno)","3 (Bueno)","3 (Bueno)","3 (Bueno)","3 (Bueno)","3 (Bueno)","3 (Bueno)","3 (Bueno)","3 (Bueno)","3 (Bueno)","3 (Bueno)",Alto,"Los aprendizajes.","Opinar en el foro sobre los trabajos de otros estudiantes","Mejoraría un poco más las indicaciones de las diferentes actividades."
24,Satisfecho,Sí,Sí,Sí,"Más de lo esperado","4-6 horas","Los conozco y me son familiares, pero no los manejo en profundidad.","4 (Muy bueno)","3 (Bueno)","3 (Bueno)","3 (Bueno)","3 (Bueno)","3 (Bueno)","3 (Bueno)","3 (Bueno)","3 (Bueno)","4 (Muy bueno)","3 (Bueno)","3 (Bueno)","3 (Bueno)","3 (Bueno)","3 (Bueno)","3 (Bueno)",Alto,"Contenidos muy claros.","Todo me gusto.","Que dure más tiempo."
25,Insatisfecho,Sí,Sí,Sí,"Mucho más de lo esperado","2-3 horas","No los conocía; no había escuchado de estos.","4 (Muy bueno)","2 (Malo)","4 (Muy bueno)","3 (Bueno)","1 (Muy malo)","2 (Malo)","3 (Bueno)","4 (Muy bueno)","3 (Bueno)","4 (Muy bueno)","4 (Muy bueno)","3 (Bueno)","3 (Bueno)","3 (Bueno)","4 (Muy bueno)","3 (Bueno)",Bajo,"La información recibida. 
La gran cantidad de posibilidades del CRA.","No estar a la altura de la tecnología para  desarrollar el curso.","Seguir siempre con la educación permanente."
26,"Muy insatisfecho",Sí,Sí,Sí,"Más de lo esperado","6-8 horas","Los conozco y me son familiares, pero no los manejo en profundidad.","4 (Muy bueno)","4 (Muy bueno)","4 (Muy bueno)","4 (Muy bueno)","4 (Muy bueno)","4 (Muy bueno)","4 (Muy bueno)","4 (Muy bueno)","4 (Muy bueno)","4 (Muy bueno)","4 (Muy bueno)","4 (Muy bueno)","4 (Muy bueno)","4 (Muy bueno)","4 (Muy bueno)","4 (Muy bueno)","Muy alto","Aprender más sobre todas las posibilidades para implementar en la biblioteca","Todo me gustó","Más videos para que sea más interactivo"
27,Satisfecho,Sí,Sí,Sí,"Lo esperado","4-6 horas","No los conocía; no había escuchado de estos.","3 (Bueno)","3 (Bueno)","3 (Bueno)","3 (Bueno)","3 (Bueno)","3 (Bueno)","3 (Bueno)","3 (Bueno)","3 (Bueno)","3 (Bueno)","3 (Bueno)","3 (Bueno)","3 (Bueno)","3 (Bueno)","3 (Bueno)","3 (Bueno)",Bajo,"Los conocimientos adquiridos","Tiempo acotado, ya que debo realizar otras misiones en el establecimiento, se requiere tiempo para estudiar, asimilar la información y el Jefe de UTP  tiene escaso tiempo, ya que tiene mucho trabajo.","Ampliar tiempo de duración del curso y disponer de un medio para generar consultas sobre los contenidos tratados."
28,Satisfecho,Sí,Sí,Sí,"Lo esperado","6-8 horas","Los conozco y me son familiares, pero no los manejo en profundidad.","3 (Bueno)","3 (Bueno)","3 (Bueno)","3 (Bueno)","2 (Malo)","2 (Malo)","3 (Bueno)","3 (Bueno)","3 (Bueno)","3 (Bueno)","3 (Bueno)","2 (Malo)","3 (Bueno)","3 (Bueno)","2 (Malo)","2 (Malo)",Bajo,"Que aprendí nuevas herramientas para desarrollar mi trabajo.","La fecha en que los pusieron, demasiado trabajo en el colegio en este momento y muy poco tiempo para terminarlo.Estresada!!","Que los tutores cumplieran su rol a cabalidad, uno les escribe una pregunta y contestan muy tarde."
29,Satisfecho,Sí,Sí,Sí,"Más de lo esperado","2-3 horas","He escuchado de los contenidos, pero no los conocía.","3 (Bueno)","3 (Bueno)","3 (Bueno)","3 (Bueno)","3 (Bueno)","2 (Malo)","3 (Bueno)","3 (Bueno)","3 (Bueno)","3 (Bueno)","3 (Bueno)","3 (Bueno)","3 (Bueno)","3 (Bueno)","3 (Bueno)","3 (Bueno)","Muy alto","El aprender cosas nuevas","No tener un tutor para resolver dudas y preguntas","Tener  un tutor para preguntar antes de subir trabajos"
30,Satisfecho,Sí,Sí,Sí,"Más de lo esperado","2-3 horas","Los conozco y me son familiares, pero no los manejo en profundidad.","3 (Bueno)","3 (Bueno)","3 (Bueno)","4 (Muy bueno)","3 (Bueno)","3 (Bueno)","3 (Bueno)","3 (Bueno)","3 (Bueno)","4 (Muy bueno)","4 (Muy bueno)","3 (Bueno)","3 (Bueno)","3 (Bueno)","3 (Bueno)","3 (Bueno)",Alto,"Los aprendizajes, que podré incorporar a la cotidianidad de mi labor.","El poco tiempo que tuve para poder realizar las actividades prácticas.
Por motivos de enfermedad.","Que sólo asignen un curso por mes y durante el año lectivo, no al finalizar el año por la cantidad de actividades que hay de cierre de año."
31,Satisfecho,Sí,Sí,Sí,"Más de lo esperado","6-8 horas","He escuchado de los contenidos, pero no los conocía.","3 (Bueno)","3 (Bueno)","3 (Bueno)","4 (Muy bueno)","4 (Muy bueno)","2 (Malo)","3 (Bueno)","2 (Malo)","2 (Malo)","3 (Bueno)","3 (Bueno)","3 (Bueno)","2 (Malo)","3 (Bueno)","2 (Malo)","2 (Malo)",Alto,"Aprendizajes esperados","Tiempo de ejecución","Mejor plataforma para la retroalimentación."
32,"Muy insatisfecho",Sí,Sí,Sí,"Más de lo esperado","2-3 horas","Los conozco y me son familiares, pero no los manejo en profundidad.","3 (Bueno)","3 (Bueno)","3 (Bueno)","3 (Bueno)","3 (Bueno)","3 (Bueno)","3 (Bueno)","3 (Bueno)","3 (Bueno)","3 (Bueno)","3 (Bueno)","3 (Bueno)","3 (Bueno)","3 (Bueno)","3 (Bueno)","4 (Muy bueno)",Alto,"Que se puede llevar a cabo en la biblioteca todo lo aprendido","El poco tiempo para practicar","Poder tener mas tiempo para realizar el curso"
33,Satisfecho,Sí,No,Sí,"Más de lo esperado","4-6 horas","Los conozco y me son familiares, pero no los manejo en profundidad.","4 (Muy bueno)","3 (Bueno)","3 (Bueno)","4 (Muy bueno)","4 (Muy bueno)","3 (Bueno)","3 (Bueno)","3 (Bueno)","3 (Bueno)","3 (Bueno)","3 (Bueno)","4 (Muy bueno)","4 (Muy bueno)","4 (Muy bueno)","3 (Bueno)","2 (Malo)",Alto,"Los contenidos claros, y se que me van ayudar mucho a mi labor.","La cantidad de tiempo que dan  para poder realizar el curso.","que dure mas tiempo el curso, que sea de manera presencial o online por vía zoom o similares"
34,Satisfecho,Sí,Sí,Sí,"Más de lo esperado","6-8 horas","He escuchado de los contenidos, pero no los conocía.","3 (Bueno)","3 (Bueno)","3 (Bueno)","3 (Bueno)","3 (Bueno)","3 (Bueno)","3 (Bueno)","3 (Bueno)","3 (Bueno)","3 (Bueno)","3 (Bueno)","3 (Bueno)","3 (Bueno)","3 (Bueno)","3 (Bueno)","3 (Bueno)",Alto,"La Retroalimentación realizada en el foro con los participantes","El tiempo asignado","Programar los tiempos"
35,Satisfecho,Sí,No,Sí,"Más de lo esperado","4-6 horas","Los conozco y los manejo con profundidad.","3 (Bueno)","3 (Bueno)","4 (Muy bueno)","2 (Malo)","2 (Malo)","4 (Muy bueno)","4 (Muy bueno)","4 (Muy bueno)","4 (Muy bueno)","4 (Muy bueno)","4 (Muy bueno)","4 (Muy bueno)","4 (Muy bueno)","4 (Muy bueno)","4 (Muy bueno)","3 (Bueno)",Alto,"Que nos ayuda a poner en practica la gestión cultural y permite que otros encargados de CRA puedas también aplicar los conocimientos culturales aprendidos.","La poca retroalimentación.","Mejorar la plataforma ya que es muy compleja."
36,Insatisfecho,Sí,No,No,"Menos de lo esperado","2-3 horas","No los conocía; no había escuchado de estos.","3 (Bueno)","2 (Malo)","3 (Bueno)","3 (Bueno)","3 (Bueno)","3 (Bueno)","3 (Bueno)","3 (Bueno)","3 (Bueno)","2 (Malo)","3 (Bueno)","3 (Bueno)","3 (Bueno)","3 (Bueno)","2 (Malo)","3 (Bueno)",Bajo,"Lo que pude aprender y entender .","La cantidad de actividades por modulo","Mayor tiempo para realizar las actividades , realizar los cursos  a principio de año 
clases presenciales ."
37,"Muy satisfecho",Sí,Sí,Sí,"Mucho más de lo esperado","4-6 horas","He escuchado de los contenidos, pero no los conocía.","4 (Muy bueno)","4 (Muy bueno)","4 (Muy bueno)","4 (Muy bueno)","4 (Muy bueno)","4 (Muy bueno)","4 (Muy bueno)","4 (Muy bueno)","4 (Muy bueno)","4 (Muy bueno)","4 (Muy bueno)","4 (Muy bueno)","4 (Muy bueno)","4 (Muy bueno)","4 (Muy bueno)","4 (Muy bueno)","Muy alto","Lo que más valoro es el haber podido realizar el proyecto relacionado con la vinculación con otras instituciones, ya que gracias a esto, se va a implementar el próximo año en mi biblioteca, ya que a UTP le pareció muy interesante. Lo otro que me gustó mucho y que desconocía, fue lo del mapeo territorial.","Lo único que puedo comentar, es que fue un poco estresante realizar tantas actividades, lo digo por el momento en que estamos, finalizando el semestre y hay mucho trabajo,. Pero fue una gran experiencia, pues estaba muy débil en cuanto a los contenidos trabajados en el curso y me va a servir mucho de ahora en adelante.","Que la duración de los cursos sea de mayor tiempo, pues hay que dedicarle muchas horas para realizar como corresponde todas las actividades."
38,Satisfecho,Sí,Sí,Sí,"Lo esperado","4-6 horas","Los conozco y me son familiares, pero no los manejo en profundidad.","3 (Bueno)","3 (Bueno)","3 (Bueno)","3 (Bueno)","3 (Bueno)","2 (Malo)","3 (Bueno)","3 (Bueno)","3 (Bueno)","3 (Bueno)","3 (Bueno)","2 (Malo)","3 (Bueno)","3 (Bueno)","3 (Bueno)","2 (Malo)",Alto,"Que me entrega herramientas para una mejor gestión.","Las actividades son muy extensas y ocupan gran parte de nuestro horario dentro y fuera del trabajo .","actividades no tan extensas"
39,Insatisfecho,Sí,Sí,Sí,"Menos de lo esperado","2-3 horas","He escuchado de los contenidos, pero no los conocía.","3 (Bueno)","2 (Malo)","3 (Bueno)","3 (Bueno)","3 (Bueno)","3 (Bueno)","3 (Bueno)","3 (Bueno)","3 (Bueno)","3 (Bueno)","3 (Bueno)","3 (Bueno)","3 (Bueno)","3 (Bueno)","3 (Bueno)","2 (Malo)",Bajo,"Considero que no todo es aplicable a las realidades de cada biblioteca.","Demasiado POCO Tiempo que tenemos algunos encargados CRA , ya que además de ser encargada CRA en mi caso estoy a cargo de la parte administrativa de la escuela y turnos de recreo.",ninguna.
40,Satisfecho,Sí,Sí,Sí,"Más de lo esperado","2-3 horas","Los conozco y me son familiares, pero no los manejo en profundidad.","3 (Bueno)","3 (Bueno)","3 (Bueno)","3 (Bueno)","3 (Bueno)","3 (Bueno)","3 (Bueno)","3 (Bueno)","3 (Bueno)","3 (Bueno)","3 (Bueno)","3 (Bueno)","3 (Bueno)","3 (Bueno)","3 (Bueno)","3 (Bueno)",Alto,"Aclaró muchas dudas para la calidad de mi trabajo","lla fecha del curso en este tiempo tenemos mucho trabajo","Mayor contacto con los tutores para la solución de dudas"
41,Satisfecho,Sí,No,Sí,"Lo esperado","Más de 8 horas","Los conozco y me son familiares, pero no los manejo en profundidad.","3 (Bueno)","3 (Bueno)","3 (Bueno)","3 (Bueno)","3 (Bueno)","3 (Bueno)","3 (Bueno)","3 (Bueno)","3 (Bueno)","3 (Bueno)","3 (Bueno)","3 (Bueno)","3 (Bueno)","3 (Bueno)","3 (Bueno)","3 (Bueno)",Alto,"Lo que valoro en este curso es el rol que debemos tener como encargadas de bibliotecas y los nuevos desafíos de planes de lecturas y actividades.","No encontré muy claros los videos,  me falto mas información del curso.","Realizar este curso en forma presencial."
42,Satisfecho,Sí,Sí,Sí,"Lo esperado","4-6 horas","Los conozco y me son familiares, pero no los manejo en profundidad.","3 (Bueno)","3 (Bueno)","3 (Bueno)","3 (Bueno)","3 (Bueno)","3 (Bueno)","3 (Bueno)","3 (Bueno)","3 (Bueno)","3 (Bueno)","3 (Bueno)","3 (Bueno)","3 (Bueno)","3 (Bueno)","3 (Bueno)","3 (Bueno)",Alto,"El contenido","muchos participantes","Me gustaría que fuese más personalizado"
43,Satisfecho,Sí,Sí,Sí,"Más de lo esperado","2-3 horas","Los conozco y me son familiares, pero no los manejo en profundidad.","3 (Bueno)","3 (Bueno)","3 (Bueno)","3 (Bueno)","3 (Bueno)","3 (Bueno)","3 (Bueno)","3 (Bueno)","3 (Bueno)","3 (Bueno)","3 (Bueno)","3 (Bueno)","3 (Bueno)","3 (Bueno)","3 (Bueno)","3 (Bueno)",Alto,"La entrega fue bien ejecutada, clara y consistente con todo lo que se tarto en cada modulo.","que debiesen comenzar antes, no en los últimos meses del año, esto por un tema de tiempo, a final de año siempre hay más cosas que hacer en cada colegio.","Comenzar con los cursos en mayo, junio a mas tardar."
44,"Muy satisfecho",Sí,Sí,Sí,"Lo esperado","6-8 horas","Los conozco y me son familiares, pero no los manejo en profundidad.","4 (Muy bueno)","2 (Malo)","3 (Bueno)","4 (Muy bueno)","3 (Bueno)","2 (Malo)","3 (Bueno)","3 (Bueno)","3 (Bueno)","3 (Bueno)","3 (Bueno)","3 (Bueno)","3 (Bueno)","3 (Bueno)","3 (Bueno)","3 (Bueno)",Alto,"La información entregada con claridad , con datos.","La fecha en que se realizó y el poco tiempo por las fechas que nos encontramos, por el trabajo.","Realizarlo con más tiempos y tal vez por ejemplos de actividades ya realizadas ,como lo hicieron y como resultó a nivel escolar."
45,"Muy satisfecho",Sí,Sí,Sí,"Mucho más de lo esperado","Más de 8 horas","He escuchado de los contenidos, pero no los conocía.","3 (Bueno)","4 (Muy bueno)","4 (Muy bueno)","4 (Muy bueno)","4 (Muy bueno)","3 (Bueno)","4 (Muy bueno)","4 (Muy bueno)","4 (Muy bueno)","4 (Muy bueno)","3 (Bueno)","3 (Bueno)","3 (Bueno)","4 (Muy bueno)","3 (Bueno)","3 (Bueno)","Muy alto","que aprendí como hacer redes con mi entorno","que había poca comunicación con los tutores","quizás que todos los cursos sean con clases ya se a través de clases online porque creo que uno aprende mas."
46,Satisfecho,Sí,Sí,Sí,"Lo esperado","2-3 horas","Los conozco y me son familiares, pero no los manejo en profundidad.","3 (Bueno)","3 (Bueno)","3 (Bueno)","3 (Bueno)","3 (Bueno)","2 (Malo)","3 (Bueno)","3 (Bueno)","3 (Bueno)","3 (Bueno)","2 (Malo)","3 (Bueno)","3 (Bueno)","3 (Bueno)","3 (Bueno)","2 (Malo)","Muy alto","El contenido","Qué cuando existen dudas es difícil contactarse con los encargados.","Mayor presencia de quienes imparten los cursos para resolver consultas y dudas."
47,Satisfecho,Sí,Sí,Sí,"Lo esperado","4-6 horas","He escuchado de los contenidos, pero no los conocía.","3 (Bueno)","3 (Bueno)","3 (Bueno)","3 (Bueno)","3 (Bueno)","3 (Bueno)","3 (Bueno)","3 (Bueno)","3 (Bueno)","3 (Bueno)","3 (Bueno)","3 (Bueno)","3 (Bueno)","3 (Bueno)","3 (Bueno)","3 (Bueno)",Alto,"el rol que tenemos las encargadas de las bibliotecas
y el tiempo extra que nos dieron","muy poca información de como subir las actividades horas que uno debiera tener para pasar el curso","video explicativos paso a paso para poder responder y subir las actividades
y las horas que uno debiera tener para pasar el curso"
48,Satisfecho,Sí,Sí,Sí,"Lo esperado","Más de 8 horas","Los conozco y me son familiares, pero no los manejo en profundidad.","3 (Bueno)","3 (Bueno)","3 (Bueno)","3 (Bueno)","2 (Malo)","3 (Bueno)","3 (Bueno)","3 (Bueno)","3 (Bueno)","3 (Bueno)","3 (Bueno)","3 (Bueno)","3 (Bueno)","3 (Bueno)","3 (Bueno)","3 (Bueno)",Alto,"Que se pudo realizar a pesar de todo nuestro estrés y en condiciones de pandemia .","la poco claridad y contacto para realizar las tareas .","Me gustaría que se pudieran realizar todas las capacitaciones presenciar y que fueran mas lúdicas con entrega de material concreto ."
49,Satisfecho,No,No,Sí,"Menos de lo esperado","2-3 horas","Los conozco y me son familiares, pero no los manejo en profundidad.","3 (Bueno)","3 (Bueno)","2 (Malo)","3 (Bueno)","3 (Bueno)","2 (Malo)","2 (Malo)","2 (Malo)","2 (Malo)","2 (Malo)","2 (Malo)","2 (Malo)","3 (Bueno)","3 (Bueno)","2 (Malo)","2 (Malo)",Bajo,"Que al ser online uno maneja su tiempo","Falta de profesor para apoyar y aclarar dudas","Presencia mas fuerte del docente del curso"
50,Insatisfecho,Sí,No,Sí,"Menos de lo esperado","2-3 horas","Los conozco y me son familiares, pero no los manejo en profundidad.","3 (Bueno)","3 (Bueno)","3 (Bueno)","2 (Malo)","2 (Malo)","2 (Malo)","3 (Bueno)","3 (Bueno)","3 (Bueno)","3 (Bueno)","3 (Bueno)","2 (Malo)","3 (Bueno)","3 (Bueno)","2 (Malo)","2 (Malo)",Alto,"Lenguaje técnico  y aprendizajes del àrea en gestión pedagógica , por ejemplo en el caso práctico.","La modalidad; la complejidad del curso,en mi opinión requiere mas apoyo, quizá debió ser con tutotìa o presencial.","La complejidad del curso requiere tutorìa o realizarlo de manera presencial."
51,Satisfecho,Sí,Sí,Sí,"Lo esperado","Más de 8 horas","Los conozco y me son familiares, pero no los manejo en profundidad.","3 (Bueno)","3 (Bueno)","3 (Bueno)","3 (Bueno)","3 (Bueno)","3 (Bueno)","3 (Bueno)","3 (Bueno)","3 (Bueno)","3 (Bueno)","2 (Malo)","2 (Malo)","2 (Malo)","2 (Malo)","2 (Malo)","2 (Malo)",Bajo,"Conocer y compartir el trabajo de la biblioteca con otros colegas.","No hay retroalimentación en las tareas en el foro por parte de la tutora.","Entregar más información, mejorar la plataforma, preguntas mas claras y precisas, recibir retroalimentación de la tutora en las tareas de foro."
52,Insatisfecho,No,No,No,"Lo esperado","2-3 horas","Los conozco y me son familiares, pero no los manejo en profundidad.","3 (Bueno)","3 (Bueno)","3 (Bueno)","1 (Muy malo)","2 (Malo)","1 (Muy malo)","2 (Malo)","2 (Malo)","2 (Malo)","2 (Malo)","2 (Malo)","2 (Malo)","1 (Muy malo)","1 (Muy malo)","1 (Muy malo)","1 (Muy malo)",Bajo,"En realidad el  curso no me gusto","El curso no me gusto.","Curso con actividades mas cortas y mas claras"
53,Satisfecho,Sí,Sí,Sí,"Más de lo esperado","Más de 8 horas","Los conozco y me son familiares, pero no los manejo en profundidad.","3 (Bueno)","3 (Bueno)","3 (Bueno)","3 (Bueno)","3 (Bueno)","3 (Bueno)","3 (Bueno)","4 (Muy bueno)","3 (Bueno)","3 (Bueno)","3 (Bueno)","3 (Bueno)","3 (Bueno)","3 (Bueno)","3 (Bueno)","3 (Bueno)",Alto,"Se valora todo lo aprendido, que las bibliotecas son espacios culturales y artísticos..","curso para mi fue  extenso","me gustaría que siempre se realicen estos cursos  con tutores."
54,Insatisfecho,No,No,Sí,"Menos de lo esperado","4-6 horas","Los conozco y me son familiares, pero no los manejo en profundidad.","2 (Malo)","3 (Bueno)","3 (Bueno)","2 (Malo)","2 (Malo)","2 (Malo)","2 (Malo)","2 (Malo)","2 (Malo)","2 (Malo)","2 (Malo)","2 (Malo)","2 (Malo)","2 (Malo)","2 (Malo)","2 (Malo)",Bajo,nada,"El autoaprendizaje y   la forma  de entrega de la plataforma","que el curso sea con mas tiempo por cada modulo.-"
55,Satisfecho,Sí,Sí,Sí,"Lo esperado","2-3 horas","He escuchado de los contenidos, pero no los conocía.","3 (Bueno)","2 (Malo)","3 (Bueno)","3 (Bueno)","4 (Muy bueno)","4 (Muy bueno)","3 (Bueno)","3 (Bueno)","3 (Bueno)","3 (Bueno)","3 (Bueno)","3 (Bueno)","2 (Malo)","2 (Malo)","3 (Bueno)","3 (Bueno)",Alto,"conocer la múltiples plataformas que se dispone para trabajar en conjunto.","el poco tiempo que dispuse para realizarlo.","mayor tiempo y quizás en otra fecha a realizarlo."
56,Satisfecho,Sí,Sí,Sí,"Lo esperado","2-3 horas","He escuchado de los contenidos, pero no los conocía.","3 (Bueno)","3 (Bueno)","3 (Bueno)","3 (Bueno)","3 (Bueno)","4 (Muy bueno)","3 (Bueno)","3 (Bueno)","3 (Bueno)","3 (Bueno)","3 (Bueno)","3 (Bueno)","3 (Bueno)","3 (Bueno)","3 (Bueno)","3 (Bueno)",Alto,"que los tutores estuvieran siempre a disposición de responder las dudas.","el tiempo","sugiero que los cursos no se realicen a fin de año ,ya que hay muchas actividades internas tales como: Licenciatura ,Premiación ,pruebas de síntesis etc."
57,Satisfecho,Sí,Sí,Sí,"Más de lo esperado","4-6 horas","Los conozco y me son familiares, pero no los manejo en profundidad.","4 (Muy bueno)","4 (Muy bueno)","4 (Muy bueno)","3 (Bueno)","3 (Bueno)","3 (Bueno)","3 (Bueno)","3 (Bueno)","3 (Bueno)","3 (Bueno)","3 (Bueno)","3 (Bueno)","3 (Bueno)","3 (Bueno)","3 (Bueno)","3 (Bueno)","Muy alto",,,
58,"Muy insatisfecho",No,No,No,"Menos de lo esperado","2-3 horas","He escuchado de los contenidos, pero no los conocía.","2 (Malo)","1 (Muy malo)","2 (Malo)","3 (Bueno)","4 (Muy bueno)","2 (Malo)","2 (Malo)","3 (Bueno)","2 (Malo)","3 (Bueno)","2 (Malo)","2 (Malo)","2 (Malo)","2 (Malo)","2 (Malo)","2 (Malo)",Bajo,,,
59,Satisfecho,Sí,Sí,Sí,"Más de lo esperado","2-3 horas","Los conozco y me son familiares, pero no los manejo en profundidad.","3 (Bueno)","4 (Muy bueno)","4 (Muy bueno)","4 (Muy bueno)","4 (Muy bueno)","3 (Bueno)","4 (Muy bueno)","4 (Muy bueno)","4 (Muy bueno)","3 (Bueno)","4 (Muy bueno)","4 (Muy bueno)","4 (Muy bueno)","4 (Muy bueno)","4 (Muy bueno)","4 (Muy bueno)",Alto,"Todo el material dispuesto para el aprendizaje","El nivel de dificultad de preguntas, sin embargo, me parece coherente","ninguna, es un muy buen curso"
60,Satisfecho,Sí,No,Sí,"Lo esperado","6-8 horas","No los conocía; no había escuchado de estos.","3 (Bueno)","3 (Bueno)","3 (Bueno)","3 (Bueno)","3 (Bueno)","3 (Bueno)","3 (Bueno)","3 (Bueno)","3 (Bueno)","3 (Bueno)","3 (Bueno)","3 (Bueno)","3 (Bueno)","3 (Bueno)","3 (Bueno)","3 (Bueno)",Alto,"los contenidos","la ayuda de las personas encargadas del curso","yo prefiero cursos presenciales."
61,"Muy insatisfecho",No,No,No,"Lo esperado","Más de 8 horas","Los conozco y me son familiares, pero no los manejo en profundidad.","3 (Bueno)","2 (Malo)","3 (Bueno)","2 (Malo)","2 (Malo)","1 (Muy malo)","1 (Muy malo)","2 (Malo)","2 (Malo)","3 (Bueno)","3 (Bueno)","1 (Muy malo)","1 (Muy malo)","1 (Muy malo)","1 (Muy malo)","1 (Muy malo)",Bajo,"La realización de instancias de aprendizaje.","La plataforma.
Las actividades que no pude realizar.
El correo de soporte que demoró en responder o no respondió mis consultas.
La tutora que no colaboré con los estudiantes.","Que Soporte responda las consultas.
Que la tutora ayude a los estudiantes.
Que la plataforma funcione."
62,Satisfecho,Sí,Sí,Sí,"Más de lo esperado","6-8 horas","Los conozco y me son familiares, pero no los manejo en profundidad.","4 (Muy bueno)","3 (Bueno)","3 (Bueno)","4 (Muy bueno)","4 (Muy bueno)","3 (Bueno)","3 (Bueno)","3 (Bueno)","3 (Bueno)","4 (Muy bueno)","4 (Muy bueno)","3 (Bueno)","3 (Bueno)","3 (Bueno)","3 (Bueno)","3 (Bueno)",Alto,"La calidad y claridad de la información","El sistema para responder las evaluaciones sumativas","Que no hubiera coincidencia de fechas para una persona al realizar cursos."
63,Satisfecho,Sí,Sí,Sí,"Lo esperado","Más de 8 horas","Los conozco y me son familiares, pero no los manejo en profundidad.","3 (Bueno)","3 (Bueno)","3 (Bueno)","4 (Muy bueno)","4 (Muy bueno)","3 (Bueno)","4 (Muy bueno)","3 (Bueno)","3 (Bueno)","3 (Bueno)","3 (Bueno)","3 (Bueno)","3 (Bueno)","3 (Bueno)","3 (Bueno)","3 (Bueno)",Alto,"La paciencia que tienen para  con nosotros","no si el curso es bueno, mi problema es que me pongo demasiado nerviosa y me bloqueo","no, todo bien el problema es mío"
64,Satisfecho,Sí,Sí,Sí,"Lo esperado","2-3 horas","Los conozco y me son familiares, pero no los manejo en profundidad.","4 (Muy bueno)","4 (Muy bueno)","4 (Muy bueno)","4 (Muy bueno)","4 (Muy bueno)","4 (Muy bueno)","4 (Muy bueno)","4 (Muy bueno)","4 (Muy bueno)","4 (Muy bueno)","4 (Muy bueno)","4 (Muy bueno)","4 (Muy bueno)","4 (Muy bueno)","4 (Muy bueno)","4 (Muy bueno)",Alto,"los conocimientos y la metodología de enseñanza","algunas actividades son muy complejas pero abordables.","ser mas interactivo."
65,Satisfecho,Sí,Sí,Sí,"Menos de lo esperado","2-3 horas","Los conozco y me son familiares, pero no los manejo en profundidad.","3 (Bueno)","3 (Bueno)","3 (Bueno)","3 (Bueno)","3 (Bueno)","3 (Bueno)","3 (Bueno)","3 (Bueno)","3 (Bueno)","3 (Bueno)","3 (Bueno)","3 (Bueno)","3 (Bueno)","3 (Bueno)","3 (Bueno)","3 (Bueno)",Bajo,"dificil pero nos deja mucha enseñanza.","bastante informacion y buenos sus contenidos excelentes.","mas tiempo y mejor tutoria"
66,"Muy satisfecho",Sí,Sí,Sí,"Lo esperado","4-6 horas","Los conozco y me son familiares, pero no los manejo en profundidad.","4 (Muy bueno)","3 (Bueno)","4 (Muy bueno)","4 (Muy bueno)","3 (Bueno)","4 (Muy bueno)","3 (Bueno)","3 (Bueno)","4 (Muy bueno)","4 (Muy bueno)","4 (Muy bueno)","3 (Bueno)","3 (Bueno)","3 (Bueno)","3 (Bueno)","3 (Bueno)",Alto,"La información sobre los temas","Creo que las actividades son un poco extensas y el tiempo con el que uno cuenta es poco.","Las actividades más cortas"
67,Satisfecho,Sí,Sí,Sí,"Más de lo esperado","4-6 horas","Los conozco y me son familiares, pero no los manejo en profundidad.","3 (Bueno)","3 (Bueno)","3 (Bueno)","3 (Bueno)","4 (Muy bueno)","3 (Bueno)","3 (Bueno)","3 (Bueno)","3 (Bueno)","3 (Bueno)","3 (Bueno)","4 (Muy bueno)","4 (Muy bueno)","4 (Muy bueno)","3 (Bueno)","3 (Bueno)","Muy alto","Los conocimientos que adquirí para aplicarlos en el CRA","las escasas preguntas en algunas evaluaciones, ya que elevaba aun mas el nivel de exigencia","Hacer link para acercar mas los módulos a los participantes"
68,Satisfecho,Sí,Sí,Sí,"Menos de lo esperado","Más de 8 horas","Los conozco y me son familiares, pero no los manejo en profundidad.","3 (Bueno)","3 (Bueno)","3 (Bueno)","3 (Bueno)","3 (Bueno)","1 (Muy malo)","2 (Malo)","3 (Bueno)","3 (Bueno)","3 (Bueno)","3 (Bueno)","3 (Bueno)","2 (Malo)","2 (Malo)","3 (Bueno)","1 (Muy malo)",Bajo,"La mucha información otorgada.","La fecha en que se dictó.","Que jamás las capacitaciones sean en los últimos meses del año, porque quienes dictan los cursos y no trabajan &quot;in situ&quot; en las escuelas y a cargo de bibliotecas, no saben, lo que es comenzar la jornada atendiendo las necesidades de esta, atendiendo cursos con alumnos, luego atendiendo recreos con estos y todo lo que significa cuidar protocolos sanitarios, ingresando a clases para preparar material, facilitando recursos, prestando material, atendiendo consultas, entregando información, ingresando recursos al Abies, ingresando los mismos al programa de Inventarios instaurado por el Mineduc y además, estudiar para &quot;este curso&quot;. Sin contar que como el tiempo es escaso en el trabajo, debemos llegar a estudiar a casa  y tratar de realizar las tareas asignadas por dicho curso, con el respectivo temor, al no aprobar, de ser informado este resultado a las jefaturas, ya que no utilizan los correos enviados y determinados por el alumno, si no que toda la información la envían a los correos del Slep y que dicho sea de paso, son conocidos por esta dependencia ya que son ellos quienes los crearon.
    De esta manera, sólo puedo decir que ha sido una muy mala idea imponernos esta capacitación en estas fechas, por el consiguiente riesgo de no rendir como quisiéramos."
69,Satisfecho,Sí,Sí,Sí,"Más de lo esperado","4-6 horas","No los conocía; no había escuchado de estos.","3 (Bueno)","3 (Bueno)","3 (Bueno)","3 (Bueno)","3 (Bueno)","3 (Bueno)","3 (Bueno)","3 (Bueno)","3 (Bueno)","3 (Bueno)","3 (Bueno)","3 (Bueno)","3 (Bueno)","3 (Bueno)","3 (Bueno)","3 (Bueno)",Alto,,,
70,Satisfecho,Sí,Sí,Sí,"Más de lo esperado","6-8 horas","He escuchado de los contenidos, pero no los conocía.","3 (Bueno)","3 (Bueno)","3 (Bueno)","3 (Bueno)","3 (Bueno)","3 (Bueno)","3 (Bueno)","3 (Bueno)","3 (Bueno)","2 (Malo)","3 (Bueno)","2 (Malo)","3 (Bueno)","3 (Bueno)","2 (Malo)","3 (Bueno)",Bajo,,,
71,Satisfecho,Sí,Sí,Sí,"Lo esperado","4-6 horas","He escuchado de los contenidos, pero no los conocía.","3 (Bueno)","3 (Bueno)","3 (Bueno)","3 (Bueno)","3 (Bueno)","2 (Malo)","3 (Bueno)","3 (Bueno)","3 (Bueno)","3 (Bueno)","3 (Bueno)","3 (Bueno)","3 (Bueno)","3 (Bueno)","3 (Bueno)","2 (Malo)",Alto,"los nuevos aprendizajes adquiridos","el poco tiempo.","mas tiempo"
72,Satisfecho,Sí,Sí,Sí,"Lo esperado","2-3 horas","Los conozco y me son familiares, pero no los manejo en profundidad.","3 (Bueno)","3 (Bueno)","3 (Bueno)","3 (Bueno)","2 (Malo)","3 (Bueno)","3 (Bueno)","3 (Bueno)","3 (Bueno)","3 (Bueno)","3 (Bueno)","3 (Bueno)","3 (Bueno)","3 (Bueno)","3 (Bueno)","3 (Bueno)",Alto,"los links y videos informativos","la poca comunicación con el tutor","tener cursos con u tutor más activo"
73,Satisfecho,Sí,No,No,"Más de lo esperado","Más de 8 horas","Los conozco y los manejo con profundidad.","3 (Bueno)","3 (Bueno)","3 (Bueno)","3 (Bueno)","3 (Bueno)","3 (Bueno)","3 (Bueno)","3 (Bueno)","3 (Bueno)","3 (Bueno)","3 (Bueno)","3 (Bueno)","3 (Bueno)","3 (Bueno)","4 (Muy bueno)","3 (Bueno)",Alto,"El tiempo para contestar las pruebas ya que el curso anterior se cerro la plataforma y no pude realizar por segunda vez la prueba","Los trabajos son muy largos","Los trabajos a realizar precisos, ya que uno en cada trabajo demora entre 2 a 4 horas en realizarlo"
74,Insatisfecho,No,No,No,"Menos de lo esperado","2-3 horas","Los conozco y me son familiares, pero no los manejo en profundidad.","2 (Malo)","2 (Malo)","2 (Malo)","3 (Bueno)","2 (Malo)","2 (Malo)","2 (Malo)","2 (Malo)","2 (Malo)","2 (Malo)","2 (Malo)","2 (Malo)","2 (Malo)","2 (Malo)","2 (Malo)","2 (Malo)",Bajo,"NO TENGO OPINION","LA CLARIDAD DE LA INFORMACION","QUE FUERA MAS FLUIDO Y QUE LAS PREGUNTAS TENGAN RELACION CON LOS CONTENIDOS"
75,Satisfecho,Sí,No,Sí,"Lo esperado","2-3 horas","Los conozco y me son familiares, pero no los manejo en profundidad.","3 (Bueno)","3 (Bueno)","3 (Bueno)","3 (Bueno)","3 (Bueno)","3 (Bueno)","3 (Bueno)","3 (Bueno)","3 (Bueno)","3 (Bueno)","3 (Bueno)","3 (Bueno)","3 (Bueno)","3 (Bueno)","3 (Bueno)","3 (Bueno)",Bajo,"Las estrategias presentadas para facilitar la busqueda de información.","El desarrolo de las actividades presentadas muy extensas.","Presentar videos explicativos para eel desarrollo de las actividades."
76,"Muy satisfecho",Sí,Sí,Sí,"Lo esperado","6-8 horas","Los conozco y me son familiares, pero no los manejo en profundidad.","4 (Muy bueno)","4 (Muy bueno)","4 (Muy bueno)","4 (Muy bueno)","4 (Muy bueno)","4 (Muy bueno)","4 (Muy bueno)","4 (Muy bueno)","4 (Muy bueno)","4 (Muy bueno)","4 (Muy bueno)","4 (Muy bueno)","4 (Muy bueno)","4 (Muy bueno)","4 (Muy bueno)","4 (Muy bueno)","Muy alto","las estrategia que vinculan las biblioteca escolar con diversas actividades.","Que para responder la encuesta sea con tiempo.","Tener encuentros presenciales."
77,Satisfecho,Sí,Sí,Sí,"Más de lo esperado","2-3 horas","He escuchado de los contenidos, pero no los conocía.","3 (Bueno)","3 (Bueno)","3 (Bueno)","3 (Bueno)","3 (Bueno)","3 (Bueno)","3 (Bueno)","3 (Bueno)","3 (Bueno)","3 (Bueno)","3 (Bueno)","3 (Bueno)","3 (Bueno)","3 (Bueno)","3 (Bueno)","3 (Bueno)",Alto,"Podré colocar en práctica mis conocimientos adquiridos en este curso, en mi diario vivir como Encargada CRA en mi biblioteca","se hace muy poco el tiempo, ya que se envió en conjunto con otro curso.  Es muy difícil terminarlo al 100%, debido a que, de igual forma, se cumplen funciones en nuestro trabajo.","No hacer cursos en paralelo con otros"
78,Satisfecho,Sí,Sí,No,"Lo esperado","4-6 horas","Los conozco y me son familiares, pero no los manejo en profundidad.","3 (Bueno)","3 (Bueno)","3 (Bueno)","3 (Bueno)","4 (Muy bueno)","3 (Bueno)","3 (Bueno)","3 (Bueno)","3 (Bueno)","3 (Bueno)","3 (Bueno)","3 (Bueno)","3 (Bueno)","3 (Bueno)","3 (Bueno)","4 (Muy bueno)",Alto,"La importancia del rol de la biblioteca hacia una comunidad.","En algunas actividades se pedía participación de UTP, y los cursos no  se  realizan en horario de trabajo, eso complico que algunas actividades no fueran respondidas.","Que el curso sea mas explicativo."
79,Satisfecho,Sí,No,Sí,"Lo esperado","6-8 horas","Los conozco y me son familiares, pero no los manejo en profundidad.","4 (Muy bueno)","3 (Bueno)","3 (Bueno)","4 (Muy bueno)","3 (Bueno)","3 (Bueno)","3 (Bueno)","3 (Bueno)","3 (Bueno)","3 (Bueno)","3 (Bueno)","3 (Bueno)","3 (Bueno)","3 (Bueno)","3 (Bueno)","3 (Bueno)",Alto,"que concentra muchos contenidos y uno puede aplicarlos a su contexto","que es demasiado... es un curso como para personas que no saben nada....igual creo que no me fue tan bien, porque no tengo nada de tiempo para esto, pero me interesa hacerlo.","hacer niveles de conocimiento."
80,Satisfecho,Sí,Sí,Sí,"Lo esperado","Más de 8 horas","He escuchado de los contenidos, pero no los conocía.","4 (Muy bueno)","3 (Bueno)","3 (Bueno)","3 (Bueno)","3 (Bueno)","2 (Malo)","3 (Bueno)","3 (Bueno)","3 (Bueno)","3 (Bueno)","3 (Bueno)","2 (Malo)","3 (Bueno)","3 (Bueno)","3 (Bueno)","2 (Malo)",Bajo,"Al comienzo no sabía bien qué me iba a encontrar, pero debo decirles que superó mis expectativas.","El poco tiempo para realizar el curso, ya que no solo trabajo con los libros también tengo varias tareas mas asignadas por eso","dar un poco mas de tiempo, y no tan largas las actividades"
81,"Muy satisfecho",Sí,Sí,Sí,"Mucho más de lo esperado","6-8 horas","Los conozco y me son familiares, pero no los manejo en profundidad.","4 (Muy bueno)","3 (Bueno)","4 (Muy bueno)","4 (Muy bueno)","4 (Muy bueno)","4 (Muy bueno)","4 (Muy bueno)","4 (Muy bueno)","4 (Muy bueno)","4 (Muy bueno)","4 (Muy bueno)","4 (Muy bueno)","4 (Muy bueno)","4 (Muy bueno)","4 (Muy bueno)","3 (Bueno)",Alto,"Ha sido un aporte para el desarrollo del trabajo como encargado de biblioteca por los contenidos entregados que nos hacen ver lo que se espera de una persona que se desempeña como tal.","Tal vez hacer 2 cursos al mismo tiempo fue muy demandante porque el anterior lo terminé después del plazo y me quedó menos tiempo y tuve que destinar más horas al día de dedicación para terminarlo.","Podrá sugerir que los que hagan el curso J tomen primero el curso anterior, el curso I. Hubo momentos en que sentí que me faltaba información del fomento lector para tener más comprensión de este curso J. Otra cosa sería sugerir que todos los encargados de biblioteca hagan estos cursos para ocupar estos cargos."
82,Satisfecho,Sí,Sí,Sí,"Más de lo esperado","Más de 8 horas","Los conozco y me son familiares, pero no los manejo en profundidad.","4 (Muy bueno)","3 (Bueno)","4 (Muy bueno)","4 (Muy bueno)","4 (Muy bueno)","3 (Bueno)","4 (Muy bueno)","4 (Muy bueno)","4 (Muy bueno)","4 (Muy bueno)","4 (Muy bueno)","4 (Muy bueno)","4 (Muy bueno)","4 (Muy bueno)","3 (Bueno)","4 (Muy bueno)","Muy alto","Valoro los conocimientos otorgados ya que fueron de mucho aporte para el trabajo que realizo.","El tiempo, lo encontré muy corto.","Mi única sugerencia seria que estos cursos fueran presenciales y con tutores, para aclarar las dudas que se nos presente.
Pero en si es muy bueno."
83,Insatisfecho,Sí,Sí,Sí,"Lo esperado","4-6 horas","Los conozco y me son familiares, pero no los manejo en profundidad.","4 (Muy bueno)","3 (Bueno)","3 (Bueno)","3 (Bueno)","3 (Bueno)","3 (Bueno)","3 (Bueno)","3 (Bueno)","3 (Bueno)","3 (Bueno)","3 (Bueno)","3 (Bueno)","3 (Bueno)","3 (Bueno)","3 (Bueno)","3 (Bueno)",Alto,"Poder trabajar algunos conceptos con mayor profundidad","Las tareas y foros","más video explicativos dentro de los módulos sobre el tema tratado"
84,"Muy insatisfecho",No,No,No,"Menos de lo esperado","Más de 8 horas","He escuchado de los contenidos, pero no los conocía.","2 (Malo)","2 (Malo)","2 (Malo)","2 (Malo)","1 (Muy malo)","2 (Malo)","2 (Malo)","2 (Malo)","2 (Malo)","2 (Malo)","2 (Malo)","1 (Muy malo)","1 (Muy malo)","1 (Muy malo)","1 (Muy malo)","2 (Malo)",Alto,"TENER NOCIÓN DE LO QUE SE TRATA","la cantidad de material para leer y desarrollar ,con tan poco tiempo,hay que pensar que también se debe trabajar y mas aun en el contexto de pandemia.","los tutores presenciales,así no se puede trabajar,si tenemos una duda, no se tiene a quien preguntar,o que nos orienten,pero en forma presencial,por lo tanto, no volveré a tomar un curso así, sin tutor en forma presencial."
85,Satisfecho,Sí,Sí,Sí,"Más de lo esperado","6-8 horas","He escuchado de los contenidos, pero no los conocía.","3 (Bueno)","3 (Bueno)","3 (Bueno)","2 (Malo)","2 (Malo)","3 (Bueno)","3 (Bueno)","3 (Bueno)","3 (Bueno)","3 (Bueno)","3 (Bueno)","3 (Bueno)","2 (Malo)","3 (Bueno)","3 (Bueno)","3 (Bueno)","Muy alto","La idea manejo de proyectos","nada mayormente, era bastante entrenado y habían muchos temas conocidos","Que se realicen por lo menos la instrucciones de manera fisica"
86,Satisfecho,Sí,Sí,Sí,"Más de lo esperado","2-3 horas","He escuchado de los contenidos, pero no los conocía.","3 (Bueno)","3 (Bueno)","3 (Bueno)","3 (Bueno)","3 (Bueno)","3 (Bueno)","3 (Bueno)","3 (Bueno)","3 (Bueno)","3 (Bueno)","3 (Bueno)","3 (Bueno)","4 (Muy bueno)","4 (Muy bueno)","4 (Muy bueno)","3 (Bueno)",Alto,"El poder conocer a través de un mapeo todas las instituciones y/o organismos con los cuales nos podemos vincular.","Me gusto todo porque de cada actividad fui aprendiendo algo nuevo que no conocía.","Que estén todos los recursos interactivos cargados en la plataforma así cuando nos piden una actividad la podamos desarrollar sin problemas, me paso con una actividad respondí y  subí la actividad  según lo que encontré, pero veía que los compañeros hablaban e otro caso, y después de unos días vi que habían puesto el video del recurso interactivo. Pero lo demás todo bien. No tuve mayores problemas como en el curso B que realice antes."
87,Satisfecho,Sí,Sí,Sí,"Lo esperado","4-6 horas","Los conozco y los manejo con profundidad.","3 (Bueno)","3 (Bueno)","3 (Bueno)","3 (Bueno)","3 (Bueno)","1 (Muy malo)","3 (Bueno)","3 (Bueno)","3 (Bueno)","3 (Bueno)","3 (Bueno)","2 (Malo)","3 (Bueno)","3 (Bueno)","2 (Malo)","1 (Muy malo)",Alto,,,
88,Satisfecho,Sí,Sí,Sí,"Lo esperado","4-6 horas","Los conozco y me son familiares, pero no los manejo en profundidad.","3 (Bueno)","3 (Bueno)","3 (Bueno)","3 (Bueno)","3 (Bueno)","3 (Bueno)","3 (Bueno)","3 (Bueno)","3 (Bueno)","3 (Bueno)","3 (Bueno)","3 (Bueno)","3 (Bueno)","3 (Bueno)","3 (Bueno)","3 (Bueno)",Alto,"Lo que mas valoro es el aprendizaje que me dejo aunque se que no me fue muy bien por la falta de tiempo","Que al principio me costo un poco entender la plataforma y por eso me atrase  mucho","La sugerencia seria que no se junten con otros cursos porque uno se enreda mucho ,"
89,Satisfecho,Sí,Sí,Sí,"Más de lo esperado","4-6 horas","Los conozco y me son familiares, pero no los manejo en profundidad.","4 (Muy bueno)","3 (Bueno)","3 (Bueno)","3 (Bueno)","3 (Bueno)","3 (Bueno)","3 (Bueno)","3 (Bueno)","3 (Bueno)","4 (Muy bueno)","4 (Muy bueno)","3 (Bueno)","3 (Bueno)","3 (Bueno)","3 (Bueno)","3 (Bueno)",Alto,"Las estrategías entregadas para el trabajo colaboativo.","Que no existe una pestaña que especifique las activiades que ya ralizaste, lo que hace que en ocaciones existan confuciones.","Que se consideraran las justificaciones, puesto que en mi caso estube con COVID y no alcance a responde la sumativa 4 del módulo B y no se me dió opción a darla."
90,Satisfecho,Sí,Sí,Sí,"Lo esperado","6-8 horas","Los conozco y me son familiares, pero no los manejo en profundidad.","3 (Bueno)","3 (Bueno)","3 (Bueno)","3 (Bueno)","3 (Bueno)","3 (Bueno)","3 (Bueno)","3 (Bueno)","3 (Bueno)","3 (Bueno)","3 (Bueno)","3 (Bueno)","3 (Bueno)","3 (Bueno)","3 (Bueno)","3 (Bueno)",Alto,"la practica de proyectos y conocer mas sitios donde poder postular a proyectos","que no tuve ayuda del tutor ya que se demora demasiado en contestar","mas expedito, que sea mas fácil de entender para personas que no saben mucho de computación"
91,"Muy satisfecho",Sí,Sí,Sí,"Lo esperado","2-3 horas","Los conozco y me son familiares, pero no los manejo en profundidad.","4 (Muy bueno)","4 (Muy bueno)","4 (Muy bueno)","4 (Muy bueno)","4 (Muy bueno)","3 (Bueno)","4 (Muy bueno)","3 (Bueno)","4 (Muy bueno)","3 (Bueno)","3 (Bueno)","4 (Muy bueno)","4 (Muy bueno)","4 (Muy bueno)","4 (Muy bueno)","2 (Malo)",Alto,"CLARIDAD, ACTIVIDADES    COHERENTES,",NADA,NINGUNA
92,"Muy insatisfecho",Sí,Sí,Sí,"Lo esperado","2-3 horas","No los conocía; no había escuchado de estos.","3 (Bueno)","3 (Bueno)","3 (Bueno)","3 (Bueno)","3 (Bueno)","3 (Bueno)","3 (Bueno)","2 (Malo)","3 (Bueno)","3 (Bueno)","3 (Bueno)","3 (Bueno)","3 (Bueno)","2 (Malo)","2 (Malo)","3 (Bueno)",Bajo,"la verdad no  lo entendì","me gustaria hacerlo de nuevo","no lo se"
93,Satisfecho,Sí,No,Sí,"Lo esperado","4-6 horas","Los conozco y me son familiares, pero no los manejo en profundidad.","3 (Bueno)","3 (Bueno)","2 (Malo)","2 (Malo)","1 (Muy malo)","1 (Muy malo)","2 (Malo)","3 (Bueno)","3 (Bueno)","3 (Bueno)","3 (Bueno)","2 (Malo)","2 (Malo)","2 (Malo)","2 (Malo)","1 (Muy malo)",Alto,"SUMA DE NUEVOS CONCEPTOS","FALLO EN PLATAFORMA: NO ACCESO A FORO Y ENCUESTA DE SATISFACCIÓN NO OPERATIVA","QUE LA PLATAFORMA ESTE 100% OPERATIVA PARA NOSOTROS LOS USUARIOS"
94,Satisfecho,Sí,Sí,Sí,"Más de lo esperado","6-8 horas","Los conozco y me son familiares, pero no los manejo en profundidad.","3 (Bueno)","3 (Bueno)","3 (Bueno)","3 (Bueno)","3 (Bueno)","3 (Bueno)","3 (Bueno)","3 (Bueno)","3 (Bueno)","4 (Muy bueno)","4 (Muy bueno)","3 (Bueno)","3 (Bueno)","3 (Bueno)","3 (Bueno)","2 (Malo)",Alto,"Todo lo que he aprendido en este curso. Ha sido muy bueno especialmente para apoyar en mi labor de encargada de biblioteca.","Los tiempos, pues al entrar a clases presenciales estamos con horario completo y realizando diversas actividades, aunque aquí en en trabajo se nos dio todas las facilidades la labor que tenemos que hacer en la escuela se tiene que realizar.","Que se impartieran  los cursos en un periodo o no todos los cursos tan seguidos. 
Gracias por los aprendizajes."
95,Satisfecho,Sí,Sí,Sí,"Más de lo esperado","Más de 8 horas","Los conozco y me son familiares, pero no los manejo en profundidad.","3 (Bueno)","4 (Muy bueno)","4 (Muy bueno)","4 (Muy bueno)","4 (Muy bueno)","4 (Muy bueno)","3 (Bueno)","3 (Bueno)","3 (Bueno)","4 (Muy bueno)","4 (Muy bueno)","3 (Bueno)","3 (Bueno)","3 (Bueno)","4 (Muy bueno)","4 (Muy bueno)","Muy alto","Que es un gran aporte en nuestro trabajo y que lo enseñado quiero ponerlo en práctica.","La extensión de cada módulo, tenía muchas actividades para el tiempo dispuesto para el curso y el que tenemos.","Módulos más breves, y fecha en que se realicen los cursos no sea en periodos de finalización, por que es cuando tenemos más trabajo."
96,Satisfecho,No,Sí,Sí,"Mucho más de lo esperado","6-8 horas","Los conozco y me son familiares, pero no los manejo en profundidad.","3 (Bueno)","4 (Muy bueno)","3 (Bueno)","3 (Bueno)","3 (Bueno)","4 (Muy bueno)","3 (Bueno)","3 (Bueno)","3 (Bueno)","4 (Muy bueno)","3 (Bueno)","3 (Bueno)","3 (Bueno)","3 (Bueno)","4 (Muy bueno)","4 (Muy bueno)","Muy alto","Muchos conceptos nuevos y estrategias que implementare en mi trabajo diario","La época del año no es la propicia para estos cursos, ya que hay mucho trabajo y tuve que trabajar los fines de semana y creo que no corresponde, debiese ser los primeros meses del año.","Cambiar las fechas, no hacerlo a final de año es muy complicado."
97,Satisfecho,Sí,Sí,Sí,"Más de lo esperado","Más de 8 horas","Los conozco y me son familiares, pero no los manejo en profundidad.","3 (Bueno)","3 (Bueno)","3 (Bueno)","3 (Bueno)","3 (Bueno)","3 (Bueno)","3 (Bueno)","3 (Bueno)","3 (Bueno)","3 (Bueno)","3 (Bueno)","3 (Bueno)","3 (Bueno)","3 (Bueno)","3 (Bueno)","3 (Bueno)",Alto,"valoro claramente los aprendizajes adquiridos","muy poco el plazo del termino del curso","extender el plazo de la realización del curso, fue muy breve"
98,Insatisfecho,Sí,Sí,Sí,"Lo esperado","Más de 8 horas","Los conozco y me son familiares, pero no los manejo en profundidad.","4 (Muy bueno)","4 (Muy bueno)","1 (Muy malo)","1 (Muy malo)","1 (Muy malo)","1 (Muy malo)","3 (Bueno)","3 (Bueno)","3 (Bueno)","3 (Bueno)","3 (Bueno)","2 (Malo)","2 (Malo)","2 (Malo)","1 (Muy malo)","1 (Muy malo)",Alto,"- Los temas tratados
- Que lo aprendido lo puedo llevar a mi contexto laboral.","- La falta de tiempo para revisar y estudiar los módulos y desarrollar las actividades.
- La plataforma muy engorrosa
- Falta que en cada módulo se indique claramente las fechas y horarios de cierre de la plataforma para enviar las actividades.
-Deficiente claridad en las instrucciones y preguntas de las evaluaciones, que se prestan para confundir.
- Deficiente apoyo del Tutor y retroalimentación.
PERO SOBRE TODO ME FALTÓ TIEMPO, PARA AHONDAR EN LAS POSIBILIDADES DE APRENDIZAJE DE ESTE CURSO Y EL CURSO B, PUES TUVE QUE HACERLO AL MISMO TIEMPO, LO QUE SE PRESTABA PARA CONFUSIÓN Y MUCHO ESTRÉS.","- Que cada módulo se abra y cierre en un tiempo preestablecido y claramente escrito al inicio del módulo.
- Que en las preguntas de las evaluaciones, siempre haya una introducción al tema, pues es tanta información y en mi caso con dos cursos al mismo tiempo, que muchas veces, debía volver atrás para entender que me estaban preguntando.
- CADA ESTUDIANTE DEBERÍA TOMAR SÓLO UN CURSO A LA VEZ, para sacar mejor provecho de esta instancia de Formación."
99,"Muy insatisfecho",Sí,Sí,Sí,"Mucho más de lo esperado","Más de 8 horas","Los conozco y me son familiares, pero no los manejo en profundidad.","4 (Muy bueno)","4 (Muy bueno)","4 (Muy bueno)","4 (Muy bueno)","4 (Muy bueno)","3 (Bueno)","4 (Muy bueno)","4 (Muy bueno)","4 (Muy bueno)","4 (Muy bueno)","4 (Muy bueno)","4 (Muy bueno)","4 (Muy bueno)","4 (Muy bueno)","4 (Muy bueno)","4 (Muy bueno)","Muy alto","Todos los aprendizajes que fueron muchísimos.","Todo me gustó.","Solicitaría un poco mas de tiempo para ir a un ritmo mas tranquilo, sobre todo por las que trabajamos y somos dueñas de casa, esto sería fantástico."
100,"Muy satisfecho",Sí,Sí,Sí,"Más de lo esperado","6-8 horas","Los conozco y me son familiares, pero no los manejo en profundidad.","3 (Bueno)","4 (Muy bueno)","4 (Muy bueno)","3 (Bueno)","3 (Bueno)","3 (Bueno)","3 (Bueno)","3 (Bueno)","3 (Bueno)","3 (Bueno)","4 (Muy bueno)","3 (Bueno)","3 (Bueno)","3 (Bueno)","3 (Bueno)","3 (Bueno)",Alto,"Como se expuso el contenido con infografia fácil de entender, material audio visual muy bueno","Fue el Manual de biblioteca y la las nuevas estrategias de","Me gusto esta capacitación"
101,Satisfecho,Sí,Sí,Sí,"Lo esperado","4-6 horas","He escuchado de los contenidos, pero no los conocía.","3 (Bueno)","3 (Bueno)","3 (Bueno)","4 (Muy bueno)","4 (Muy bueno)","3 (Bueno)","3 (Bueno)","3 (Bueno)","3 (Bueno)","3 (Bueno)","3 (Bueno)","2 (Malo)","3 (Bueno)","3 (Bueno)","3 (Bueno)","3 (Bueno)",Alto,"Toda la información entregada, es un buen aporte para nuestro trabajo.","El poco tiempo que nosotros teníamos para leer todos los documentos complementarios para poder responder cada modulo y poder enviar las tareas asignadas.","Yo creó que son muchos los contenidos para el poco tiempo que tenemos, es lo única sugerencia."
102,Satisfecho,Sí,No,Sí,"Más de lo esperado","Más de 8 horas","Los conozco y me son familiares, pero no los manejo en profundidad.","3 (Bueno)","3 (Bueno)","3 (Bueno)","3 (Bueno)","3 (Bueno)","2 (Malo)","2 (Malo)","2 (Malo)","2 (Malo)","2 (Malo)","3 (Bueno)","2 (Malo)","2 (Malo)","2 (Malo)","2 (Malo)","2 (Malo)",Bajo,"En si el curso es bueno, pero con una retroalimentación activa,",".- No tuve  una retroalimentación de mis foros enviados a la plataforma.
.- El tiempo de desarrollo del curso muy corto, siendo que el curso tiene mucho contenido.",".- Una retroalimentación activa, presente.
.- El curso tiene que ser dictado pensado que las personas solo hagan un curso a la vez y no más de uno.
.- Más tiempo para desarrollar los contenidos.
.- Pésimo fin de año para cursos."
103,"Muy satisfecho",Sí,Sí,Sí,"Mucho más de lo esperado","Más de 8 horas","Los conozco y me son familiares, pero no los manejo en profundidad.","4 (Muy bueno)","4 (Muy bueno)","3 (Bueno)","4 (Muy bueno)","3 (Bueno)","4 (Muy bueno)","3 (Bueno)","3 (Bueno)","4 (Muy bueno)","4 (Muy bueno)","4 (Muy bueno)","4 (Muy bueno)","4 (Muy bueno)","4 (Muy bueno)","4 (Muy bueno)","4 (Muy bueno)","Muy alto","La entrega de conocimientos nuevos, los cuales implementaré en mi biblioteca","No tengo comentarios, ya que la entrega de los conocimientos fue muy buena","Sin sugerencias, ya que el curso fue excelente."
104,Insatisfecho,Sí,No,Sí,"Menos de lo esperado","2-3 horas","He escuchado de los contenidos, pero no los conocía.","3 (Bueno)","3 (Bueno)","3 (Bueno)","3 (Bueno)","3 (Bueno)","3 (Bueno)","3 (Bueno)","3 (Bueno)","3 (Bueno)","3 (Bueno)","3 (Bueno)","3 (Bueno)","3 (Bueno)","3 (Bueno)","3 (Bueno)","3 (Bueno)",Bajo,"la información entregada.","las actividades muy complejas . no pude terminarlas por ser nueva en el area de biblioteca","que sea presencial y las actividades mas sencillas."
105,Satisfecho,Sí,Sí,Sí,"Menos de lo esperado","2-3 horas","No los conocía; no había escuchado de estos.","3 (Bueno)","3 (Bueno)","3 (Bueno)","3 (Bueno)","3 (Bueno)","3 (Bueno)","3 (Bueno)","3 (Bueno)","3 (Bueno)","3 (Bueno)","3 (Bueno)","3 (Bueno)","3 (Bueno)","3 (Bueno)","3 (Bueno)","3 (Bueno)",Alto,"Que me entrego herramientas para mejorar mi rol.","Los foros.",ninguna
106,Satisfecho,Sí,Sí,Sí,"Más de lo esperado","2-3 horas","He escuchado de los contenidos, pero no los conocía.","3 (Bueno)","3 (Bueno)","3 (Bueno)","3 (Bueno)","3 (Bueno)","3 (Bueno)","3 (Bueno)","3 (Bueno)","3 (Bueno)","3 (Bueno)","3 (Bueno)","3 (Bueno)","3 (Bueno)","3 (Bueno)","3 (Bueno)","3 (Bueno)",Alto,,,
107,Satisfecho,Sí,Sí,Sí,"Más de lo esperado","Más de 8 horas","No los conocía; no había escuchado de estos.","3 (Bueno)","3 (Bueno)","3 (Bueno)","3 (Bueno)","3 (Bueno)","1 (Muy malo)","2 (Malo)","3 (Bueno)","3 (Bueno)","3 (Bueno)","3 (Bueno)","1 (Muy malo)","1 (Muy malo)","1 (Muy malo)","2 (Malo)","1 (Muy malo)",Alto,"Es mi primera capacitación, por lo tanto toda la información es nueva y era necesaria para desenvolverme y desarrollar bien mi trabajo y atención a los usuarios","Como es mi primera capacitación, no entender algunos términos me dificultaba entender las preguntas y tareas, necesité mucho tiempo extra (días y también muchísimas noches para poder realizar las actividades y estudiar más de una vez las materias)  ya que no tenía ejemplos de como quedan las actividades ya realizadas y me significó buscar en internet y preguntar mucho para lograr comprender","Tutores para todos los cursos, hablé con más de una colega que estaba en las mismas condiciones de no poder comprender términos muy rebuscados para nosotras y por ende las preguntas algunas veces se nos hacían difícil de comprender. Talvez realizar un curso mas básico para personas sin capacitación anterior y con tutores."
108,Satisfecho,Sí,Sí,Sí,"Más de lo esperado","2-3 horas","Los conozco y me son familiares, pero no los manejo en profundidad.","3 (Bueno)","3 (Bueno)","3 (Bueno)","3 (Bueno)","3 (Bueno)","3 (Bueno)","3 (Bueno)","3 (Bueno)","3 (Bueno)","3 (Bueno)","3 (Bueno)","3 (Bueno)","3 (Bueno)","3 (Bueno)","3 (Bueno)","3 (Bueno)",Alto,,,
