﻿"Respuesta número","En general, ¿cuál es su nivel de satisfacción con el curso que acaba de terminar?","¿Recomendaría este curso a otro encargado de biblioteca?                       ","¿Volvería a realizar un curso de estas mismas características?          ","¿Eran coherentes las actividades de aprendizaje propuestas para el curso?","Según la percepción de su proceso de aprendizaje y las características de este curso, ¿cuánto considera que aprendió?","¿Cuántas horas cronológicas semanales dedicó a este curso?","¿Qué tan familiares son para usted los contenidos tratados en el curso?","Claridad de los contenidos del curso (temas, definiciones, términos conceptuales, etc.).","Contextualización de los contenidos a su realidad laboral.","La progresión de la secuencia de aprendizaje para ir tratando los contenidos del curso.","Claridad del diseño gráfico de las pantallas de la plataforma.","Facilidad de navegación en la plataforma.","El funcionamiento de la mesa de ayuda para estudiantes (mediante contacto por correo electrónico).","Claridad de las actividades de aprendizaje propuestas.","Consistencia de las actividades de aprendizaje propuestas con los aprendizajes del curso.","Coherencia de las actividades de aprendizaje propuestas.","Cantidad de información aportada por el curso.","Profundidad en el tratamiento de los aprendizajes esperados.","Claridad de las instrucciones de las actividades.","Claridad de las instrucciones y preguntas en las evaluaciones.","Calidad de las orientaciones para retroalimentar las actividades y evaluaciones.","El apoyo del tutor para responder preguntas en el foro.","¿Cómo evaluaría el nivel de transferencia de los aprendizajes a su contexto laboral?","¿Qué es lo que más valora del curso que acaba de terminar?              ","¿Qué es lo que menos le gustó del curso que acaba de terminar?          ","¿Qué sugerencias haría para mejorar el curso en el futuro?"
1,"Muy Insatisfecho",Sí,Sí,Sí,"Lo esperado","Más de 8 horas","He escuchado de los contenidos, pero no los conocía.","3 (Bueno)","3 (Bueno)","3 (Bueno)","3 (Bueno)","3 (Bueno)","3 (Bueno)","3 (Bueno)","3 (Bueno)","3 (Bueno)","3 (Bueno)","3 (Bueno)","3 (Bueno)","3 (Bueno)","3 (Bueno)","3 (Bueno)",Alto,"los recursos, los libros y videos explicativos","que el correo se llena de spam por los foros","eliminar las notificaciones de los foros"
2,Satisfecho,Sí,Sí,Sí,"Más de lo esperado","4-6 horas","Los conozco y me son familiares, pero no los manejo en profundidad.","3 (Bueno)","3 (Bueno)","3 (Bueno)","3 (Bueno)","3 (Bueno)","3 (Bueno)","3 (Bueno)","3 (Bueno)","3 (Bueno)","3 (Bueno)","3 (Bueno)","3 (Bueno)","3 (Bueno)","3 (Bueno)","3 (Bueno)",Alto,"Que son contenidos que uno maneja pero no los conoce en plenitud","El tiempo, ya que pude dedicar poco tiempo por la época de termino de año y la pandemia","Que fuera más personalizado,  y en grupos."
3,"Muy Satisfecho",Sí,Sí,Sí,"Más de lo esperado","Más de 8 horas","Los conozco y me son familiares, pero no los manejo en profundidad.","3 (Bueno)","3 (Bueno)","3 (Bueno)","3 (Bueno)","3 (Bueno)","3 (Bueno)","3 (Bueno)","3 (Bueno)","3 (Bueno)","3 (Bueno)","3 (Bueno)","3 (Bueno)","3 (Bueno)","3 (Bueno)","3 (Bueno)",Alto,"LOS VIDEOS  Y HACER DECALOGOS","EL TIEMPO PARA REALIZAR EL CURSO","MASYOR TIEMPO PARA HACER LAS ACTIVIDADES."
4,Satisfecho,Sí,Sí,Sí,"Lo esperado","4-6 horas","He escuchado de los contenidos, pero no los conocía.","3 (Bueno)","3 (Bueno)","3 (Bueno)","3 (Bueno)","3 (Bueno)","3 (Bueno)","3 (Bueno)","3 (Bueno)","3 (Bueno)","3 (Bueno)","3 (Bueno)","3 (Bueno)","3 (Bueno)","3 (Bueno)","3 (Bueno)",Alto,"La posibilidad de hacer el curso y lo aprendido.","Tal vez poco tiempo","Dar más tiempo, ya que por nuestros trabajos el tiempo se hace corto"
5,Satisfecho,Sí,Sí,Sí,"Lo esperado","4-6 horas","He escuchado de los contenidos, pero no los conocía.","3 (Bueno)","4 (Muy bueno)","3 (Bueno)","2 (Malo)","2 (Malo)","3 (Bueno)","3 (Bueno)","3 (Bueno)","3 (Bueno)","3 (Bueno)","3 (Bueno)","3 (Bueno)","3 (Bueno)","3 (Bueno)","2 (Malo)",Alto,"los conceptos nuevos que pude aprender.","La forma en que se desarrollaban las actividades","Que la pagina sea mas amigable."
6,"Muy Satisfecho",Sí,Sí,Sí,"Más de lo esperado","2-3 horas","No los conocía; no había escuchado de estos.","4 (Muy bueno)","4 (Muy bueno)","4 (Muy bueno)","4 (Muy bueno)","4 (Muy bueno)","4 (Muy bueno)","4 (Muy bueno)","4 (Muy bueno)","4 (Muy bueno)","4 (Muy bueno)","4 (Muy bueno)","4 (Muy bueno)","4 (Muy bueno)","4 (Muy bueno)","4 (Muy bueno)","Muy alto","Los aprendizajes adquiridos",nada,"Quizás que sean con un poco más de tiempo. aunque la verdad el trabajo de uno es el que le impide avanzar como quisiera"
7,Satisfecho,Sí,Sí,Sí,"Más de lo esperado","6-8 horas","Los conozco y me son familiares, pero no los manejo en profundidad.","3 (Bueno)","3 (Bueno)","3 (Bueno)","3 (Bueno)","4 (Muy bueno)","4 (Muy bueno)","3 (Bueno)","3 (Bueno)","3 (Bueno)","4 (Muy bueno)","3 (Bueno)","3 (Bueno)","2 (Malo)","3 (Bueno)","3 (Bueno)",Bajo,"Las actividades planteadas.","Las evaluaciones.","Coherencia entre actividades y evaluaciones."
8,"Muy Insatisfecho",Sí,Sí,Sí,"Lo esperado","4-6 horas","Los conozco y me son familiares, pero no los manejo en profundidad.","3 (Bueno)","3 (Bueno)","3 (Bueno)","4 (Muy bueno)","4 (Muy bueno)","4 (Muy bueno)","4 (Muy bueno)","4 (Muy bueno)","4 (Muy bueno)","4 (Muy bueno)","4 (Muy bueno)","4 (Muy bueno)","4 (Muy bueno)","4 (Muy bueno)","3 (Bueno)",Alto,"LA CAPACIDAD QUE BRINDA¿ PARA AMPLIAR LA PARTE PRACTICA EN LA SALA DE BIBLIOTECA.","QUE AL PRINCIPIO ME COSTO ADAPTARME POR LA CANTIDAD DE INFORMACION QUE TENIA QUE MANEJAR .","QUE DIERA UNA FECHA TOPE PARA TRABAJAR ENTRE MODULO Y MODULO."
9,Satisfecho,Sí,Sí,No,"Lo esperado","2-3 horas","Los conozco y me son familiares, pero no los manejo en profundidad.","3 (Bueno)","2 (Malo)","3 (Bueno)","3 (Bueno)","1 (Muy malo)","3 (Bueno)","3 (Bueno)","3 (Bueno)","3 (Bueno)","3 (Bueno)","3 (Bueno)","4 (Muy bueno)","4 (Muy bueno)","3 (Bueno)","4 (Muy bueno)",Alto,"Siempre se aprende algo nuevo","La plataforma... un enredo madre!","Mejorar lo platadorma"
10,Insatisfecho,No,No,Sí,"Menos de lo esperado","2-3 horas","He escuchado de los contenidos, pero no los conocía.","2 (Malo)","2 (Malo)","2 (Malo)","2 (Malo)","3 (Bueno)","2 (Malo)","2 (Malo)","2 (Malo)","2 (Malo)","2 (Malo)","2 (Malo)","2 (Malo)","2 (Malo)","1 (Muy malo)","2 (Malo)",Bajo,NADA,"EN LAS PREGUNTAS DONDE ME EQUIVOQUÉ EN NINGÚN MOMENTO TUVE RETROALIMENTACIÓN...","QUE DESPUÉS DE UNA EVALUACIÓN ACLAREN LA ALTERNATIVA CORRECTA"
11,"Muy Satisfecho",Sí,Sí,Sí,"Mucho más de lo esperado","2-3 horas","No los conocía; no había escuchado de estos.","3 (Bueno)","3 (Bueno)","3 (Bueno)","3 (Bueno)","3 (Bueno)","2 (Malo)","3 (Bueno)","3 (Bueno)","3 (Bueno)","3 (Bueno)","3 (Bueno)","3 (Bueno)","3 (Bueno)","3 (Bueno)","2 (Malo)","Muy alto","lo aprendido, para mi es todo nuevo","muchos trabajos, tareas a desarrollar y la poca comunicación con los tutores. Y la demora de solucionar problemas de la plataforma","mayor comunicación tutora- alumn@s
y mejorara en la disminución de actividades de cada modulo"
12,"Muy Satisfecho",Sí,Sí,Sí,"Más de lo esperado","6-8 horas","Los conozco y me son familiares, pero no los manejo en profundidad.","3 (Bueno)","3 (Bueno)","3 (Bueno)","3 (Bueno)","3 (Bueno)","2 (Malo)","3 (Bueno)","3 (Bueno)","3 (Bueno)","3 (Bueno)","3 (Bueno)","3 (Bueno)","2 (Malo)","2 (Malo)","2 (Malo)",Alto,"Las actividades realizadas y el material de apoyo para comprenderlas y estrategias para llevarlas a nuestra realidad.","No vi  preocupación, apoyo ni retroalimentación de mi tutora, como en otros cursos Cra.","Que los cursos no se abrieran con fechas muy topadas o se diera más tiempo para realizarlos."
13,"Muy Satisfecho",Sí,Sí,Sí,"Más de lo esperado","4-6 horas","Los conozco y me son familiares, pero no los manejo en profundidad.","3 (Bueno)","3 (Bueno)","3 (Bueno)","3 (Bueno)","3 (Bueno)","4 (Muy bueno)","4 (Muy bueno)","3 (Bueno)","4 (Muy bueno)","3 (Bueno)","3 (Bueno)","4 (Muy bueno)","4 (Muy bueno)","4 (Muy bueno)","4 (Muy bueno)",Alto,"Los contenidos entregados para aprender a realizar un proyecto, potenciar el fomento lector y la animación  la lectura.","No disponer del tiempo necesario   para desarrollar  todas las actividades.","Debería ser en una próxima oportunidad en los meses de mayo a Septiembre, los últimos meses son muy recargados de trabajo."
14,"Muy Satisfecho",Sí,Sí,Sí,"Más de lo esperado","6-8 horas","Los conozco y me son familiares, pero no los manejo en profundidad.","3 (Bueno)","3 (Bueno)","3 (Bueno)","3 (Bueno)","3 (Bueno)","3 (Bueno)","3 (Bueno)","3 (Bueno)","3 (Bueno)","3 (Bueno)","3 (Bueno)","3 (Bueno)","3 (Bueno)","3 (Bueno)","2 (Malo)",Alto,"el contenido","el no tener tiempo para poder aprovecharlo mejor","que nos autoricen a cerrar la biblioteca al menos una hora para poder estudiar"
15,"Muy Satisfecho",Sí,Sí,Sí,"Mucho más de lo esperado","4-6 horas","Los conozco y me son familiares, pero no los manejo en profundidad.","4 (Muy bueno)","4 (Muy bueno)","4 (Muy bueno)","4 (Muy bueno)","4 (Muy bueno)","4 (Muy bueno)","4 (Muy bueno)","4 (Muy bueno)","4 (Muy bueno)","4 (Muy bueno)","4 (Muy bueno)","4 (Muy bueno)","4 (Muy bueno)","4 (Muy bueno)","4 (Muy bueno)","Muy alto","Lo que más valoro, es que todas las actividades que realicé las podré desarrollar en mi Biblioteca, fue un gran aporte porque me sirvió para desarrollar mi creatividad en cuanto a la promoción de la lectura y cultura.","Me habría gustado haber tenido más tiempo, ya que a fin de año hay mucho por hacer en el colegio.","Realizar el curso en otra fecha, no al final del año escolar, ya que hay mucho trabajo en el colegio."
16,Satisfecho,No,No,Sí,"Lo esperado","4-6 horas","Los conozco y me son familiares, pero no los manejo en profundidad.","4 (Muy bueno)","4 (Muy bueno)","4 (Muy bueno)","4 (Muy bueno)","4 (Muy bueno)","4 (Muy bueno)","4 (Muy bueno)","4 (Muy bueno)","4 (Muy bueno)","4 (Muy bueno)","4 (Muy bueno)","4 (Muy bueno)","4 (Muy bueno)","4 (Muy bueno)","4 (Muy bueno)","Muy alto","la documentación entregada.","a finales de cada año es muy complicado hacer un curso, los tiempos en el colegio son extremadamente  ocupados (reemplazos, graduaciones, pruebas finales,jefatura de curso, etc.) etc)","no se realicen en esta temporada, en los colegios siempre fin de año es muy agotador"
17,Satisfecho,Sí,Sí,Sí,"Lo esperado","Más de 8 horas","No los conocía; no había escuchado de estos.","3 (Bueno)","3 (Bueno)","3 (Bueno)","3 (Bueno)","3 (Bueno)","3 (Bueno)","3 (Bueno)","3 (Bueno)","3 (Bueno)","3 (Bueno)","3 (Bueno)","3 (Bueno)","2 (Malo)","2 (Malo)","3 (Bueno)",Alto,"Que a pesar de lo complejo de la falta de tiempo, creo poder iniciarme en la biblioteca de mi Liceo, y seguir con ánimo.","Por la falta de tiempo, mucha lectura, deberían ser módulos más breves. Las evaluaciones me hacían confundir de lo que había aprendido.","Que sea en otro momento del año, fue muy estresante. 
Que las evaluaciones no sean tan rebuscadas, sentí poca empatía, en las evaluaciones, no sentí que fuera  para reforzar nuestros logros. Quede con muchas dudas."
18,Satisfecho,Sí,No,Sí,"Lo esperado","2-3 horas","He escuchado de los contenidos, pero no los conocía.","3 (Bueno)","3 (Bueno)","3 (Bueno)","1 (Muy malo)","1 (Muy malo)","2 (Malo)","2 (Malo)","3 (Bueno)","3 (Bueno)","3 (Bueno)","3 (Bueno)","3 (Bueno)","3 (Bueno)","3 (Bueno)","4 (Muy bueno)",Bajo,"Bueno pero corto el tiempo para complementar con el trabajo","la plataforma","yo no trabajo en biblioteca aún y al realizar la prueba de diagnostico solo me asignaron desde el curso H, debería haber sido todos los cursos"
19,Satisfecho,Sí,Sí,Sí,"Más de lo esperado","6-8 horas","Los conozco y me son familiares, pero no los manejo en profundidad.","3 (Bueno)","3 (Bueno)","3 (Bueno)","3 (Bueno)","3 (Bueno)","3 (Bueno)","3 (Bueno)","3 (Bueno)","3 (Bueno)","3 (Bueno)","3 (Bueno)","3 (Bueno)","3 (Bueno)","3 (Bueno)","3 (Bueno)",Alto,"que me dejan clarito todo","muchas tareas","que sean mas materia y no mucha tareas"
20,Satisfecho,Sí,Sí,Sí,"Lo esperado","2-3 horas","Los conozco y me son familiares, pero no los manejo en profundidad.","3 (Bueno)","3 (Bueno)","3 (Bueno)","3 (Bueno)","3 (Bueno)","3 (Bueno)","3 (Bueno)","3 (Bueno)","3 (Bueno)","3 (Bueno)","3 (Bueno)","3 (Bueno)","3 (Bueno)","3 (Bueno)","3 (Bueno)",Alto,"El enfoque actualizado y mediador de quienes trabajamos en la Bibliocra","Respuestas ambiguas, varias pudieran ser las correctas. Pudiera ser más claro.","Lo mismo de la respuesta anterior"
21,"Muy Satisfecho",Sí,No,Sí,"Más de lo esperado","Más de 8 horas","Los conozco y me son familiares, pero no los manejo en profundidad.","3 (Bueno)","3 (Bueno)","3 (Bueno)","2 (Malo)","1 (Muy malo)","3 (Bueno)","3 (Bueno)","3 (Bueno)","3 (Bueno)","3 (Bueno)","3 (Bueno)","3 (Bueno)","3 (Bueno)","3 (Bueno)","3 (Bueno)",Alto,"los contenidos aprendidos","los contenidos aprendidos","que faciliten la forma de navegar en el curso"
22,"Muy Satisfecho",Sí,Sí,Sí,"Mucho más de lo esperado","2-3 horas","He escuchado de los contenidos, pero no los conocía.","4 (Muy bueno)","4 (Muy bueno)","4 (Muy bueno)","4 (Muy bueno)","4 (Muy bueno)","4 (Muy bueno)","4 (Muy bueno)","4 (Muy bueno)","4 (Muy bueno)","4 (Muy bueno)","4 (Muy bueno)","4 (Muy bueno)","4 (Muy bueno)","4 (Muy bueno)","4 (Muy bueno)","Muy alto","Actualizar contenidos y aprendizajes","El poco tiempo asignado para realizar curso","Ampliar los tiempos para realizar curso"
23,Satisfecho,Sí,Sí,Sí,"Más de lo esperado","6-8 horas","Los conozco y me son familiares, pero no los manejo en profundidad.","4 (Muy bueno)","4 (Muy bueno)","3 (Bueno)","4 (Muy bueno)","4 (Muy bueno)","3 (Bueno)","3 (Bueno)","3 (Bueno)","3 (Bueno)","3 (Bueno)","3 (Bueno)","3 (Bueno)","3 (Bueno)","3 (Bueno)","1 (Muy malo)",Alto,"los contenidos entregados","las evaluaciones y el material audiodivisual.","que los tutores fueran mas activos en la retroalimentación de las actividades"
24,"Muy Insatisfecho",No,No,No,"Menos de lo esperado","6-8 horas","Los conozco y me son familiares, pero no los manejo en profundidad.","2 (Malo)","1 (Muy malo)","1 (Muy malo)","1 (Muy malo)","1 (Muy malo)","1 (Muy malo)","1 (Muy malo)","1 (Muy malo)","1 (Muy malo)","1 (Muy malo)","1 (Muy malo)","1 (Muy malo)","1 (Muy malo)","1 (Muy malo)","1 (Muy malo)","Muy bajo","Sin comentarios... 
nada que valorar.","Haber quedado demasiado frustrada, decepcionada. Esperaba aprender...","Sugiero respeto por el tiempo que una destina a estas Capacitaciones sobre todo a estas alturas del año."
25,"Muy Satisfecho",Sí,Sí,Sí,"Más de lo esperado","4-6 horas","He escuchado de los contenidos, pero no los conocía.","3 (Bueno)","3 (Bueno)","4 (Muy bueno)","4 (Muy bueno)","4 (Muy bueno)","3 (Bueno)","3 (Bueno)","3 (Bueno)","3 (Bueno)","3 (Bueno)","3 (Bueno)","3 (Bueno)","3 (Bueno)","3 (Bueno)","3 (Bueno)",Alto,"Me entregó material que puedo seguir revisando para ampliar mis conocimientos.","Creo que había muchas tareas, y la verdad es que a veces contamos con muy poco tiempo para realizarlas , ya que entre trabajo y otros cursos no da tiempo.","Que hubiesen mas webinars"
26,Satisfecho,Sí,No,No,"Lo esperado","2-3 horas","Los conozco y me son familiares, pero no los manejo en profundidad.","3 (Bueno)","3 (Bueno)","3 (Bueno)","3 (Bueno)","3 (Bueno)","2 (Malo)","3 (Bueno)","3 (Bueno)","3 (Bueno)","3 (Bueno)","3 (Bueno)","2 (Malo)","2 (Malo)","2 (Malo)","3 (Bueno)",Alto,"los conocimientos adquiridos","la forma de subir archivos, considero que el hecho de subirlos al foro se hace complicado","si es Tutorial, debería ser más fácil aclarar dudas sobre un modulo."
27,Satisfecho,Sí,Sí,Sí,"Menos de lo esperado","2-3 horas","Los conozco y me son familiares, pero no los manejo en profundidad.","3 (Bueno)","3 (Bueno)","3 (Bueno)","4 (Muy bueno)","3 (Bueno)","2 (Malo)","3 (Bueno)","2 (Malo)","3 (Bueno)","3 (Bueno)","3 (Bueno)","3 (Bueno)","3 (Bueno)","2 (Malo)","2 (Malo)",Bajo,"El constante interés en querer capacitar a las encargadas CRA.","Que sean mas de un curso a la vez, dificulta la realización de este, mas bien a esta altura del año donde aparte de las funciones que tenemos como encargadas CRA se nos pide la colaboración en otras actividades como licenciaturas.
Las convocatorias tampoco estaban claras me vine a enterar de que estaba en un tercer curso 3 días antes de que dicho curso terminará.","Falta una comunicación mas directa y fluida con los tutores. Un correo donde el participante se pueda comunicar en forma directa con su tutor (al menos yo trate y no pude)."
28,Insatisfecho,No,No,No,"Menos de lo esperado","4-6 horas","Los conozco y me son familiares, pero no los manejo en profundidad.","2 (Malo)","2 (Malo)","2 (Malo)","2 (Malo)","2 (Malo)","2 (Malo)","2 (Malo)","2 (Malo)","2 (Malo)","2 (Malo)","2 (Malo)","2 (Malo)","2 (Malo)","2 (Malo)","2 (Malo)",Bajo,Nada,"La poca claridad de todo","Mejorar las formas"
29,"Muy Insatisfecho",Sí,No,Sí,"Mucho más de lo esperado","Más de 8 horas","Los conozco y me son familiares, pero no los manejo en profundidad.","4 (Muy bueno)","4 (Muy bueno)","4 (Muy bueno)","4 (Muy bueno)","4 (Muy bueno)","3 (Bueno)","4 (Muy bueno)","4 (Muy bueno)","3 (Bueno)","4 (Muy bueno)","4 (Muy bueno)","4 (Muy bueno)","4 (Muy bueno)","3 (Bueno)","3 (Bueno)","Muy alto","nuevos aprendizajes y poder tener una mejor visión de la labor de un bibliotecario.","no dispongo del tiempo necesario para realizarlos ( trabajo desde casa)","que fueran a través de capacitaciones presenciales y dentro del horario de trabajo."
30,"Muy Satisfecho",Sí,Sí,Sí,"Más de lo esperado","2-3 horas","Los conozco y me son familiares, pero no los manejo en profundidad.","3 (Bueno)","3 (Bueno)","4 (Muy bueno)","2 (Malo)","3 (Bueno)","3 (Bueno)","3 (Bueno)","3 (Bueno)","3 (Bueno)","4 (Muy bueno)","3 (Bueno)","4 (Muy bueno)","4 (Muy bueno)","3 (Bueno)","4 (Muy bueno)",Alto,"Valoro la pertinencia del tema con la finalidad y propuesta de lo que se espera de los CRA.","Varias cosas, por un lado la fecha de realización, al ser final de año se junta con varias tareas de cierre y el tiempo escasea. Hay un excesivo uso de actividades escritas y tienden a ser de objetivos similares.
La participación de los miembros del curso es un tanto compleja, al ser varios uno tiende a perderse en el comentario o donde intervenir.
La plataforma que aloja el curso no es intuitiva, requiere de cierta experiencia previa; pero además no permite que los contenidos sean entregados de manera lúdica,  lo cual se evidencia en lo plano de los recursos.","Evaluar la plataforma en la que se aloja el curso y como presentar los mismos contenidos de manera más didáctica, sin abusar del texto o del pdf."
