﻿"Respuesta número","En general, ¿cuál es su nivel de satisfacción con el curso que acaba de terminar?","¿Recomendaría este curso a otro encargado de biblioteca?                       ","¿Volvería a realizar un curso de estas mismas características?          ","¿Eran coherentes las actividades de aprendizaje propuestas para el curso?","Según la percepción de su proceso de aprendizaje y las características de este curso, ¿cuánto considera que aprendió?","¿Cuántas horas cronológicas semanales dedicó a este curso?","¿Qué tan familiares son para usted los contenidos tratados en el curso?","Claridad de los contenidos del curso (temas, definiciones, términos conceptuales, etc.).","Contextualización de los contenidos a su realidad laboral.","La progresión de la secuencia de aprendizaje para ir tratando los contenidos del curso.","Claridad del diseño gráfico de las pantallas de la plataforma.","Facilidad de navegación en la plataforma.","El funcionamiento de la mesa de ayuda para estudiantes (mediante contacto por correo electrónico).","Claridad de las actividades de aprendizaje propuestas.","Consistencia de las actividades de aprendizaje propuestas con los aprendizajes del curso.","Coherencia de las actividades de aprendizaje propuestas.","Cantidad de información aportada por el curso.","Profundidad en el tratamiento de los aprendizajes esperados.","Claridad de las instrucciones de las actividades.","Claridad de las instrucciones y preguntas en las evaluaciones.","Calidad de las orientaciones para retroalimentar las actividades y evaluaciones.","El apoyo del tutor para responder preguntas en el foro.","¿Cómo evaluaría el nivel de transferencia de los aprendizajes a su contexto laboral?","¿Qué es lo que más valora del curso que acaba de terminar?              ","¿Qué es lo que menos le gustó del curso que acaba de terminar?          ","¿Qué sugerencias haría para mejorar el curso en el futuro?"
1,Satisfecho,Sí,Sí,Sí,"Más de lo esperado","4-6 horas","Los conozco y me son familiares, pero no los manejo en profundidad.","3 (Bueno)","4 (Muy bueno)","3 (Bueno)","4 (Muy bueno)","2 (Malo)","3 (Bueno)","3 (Bueno)","4 (Muy bueno)","3 (Bueno)","3 (Bueno)","3 (Bueno)","3 (Bueno)","3 (Bueno)","3 (Bueno)","3 (Bueno)",Alto,"Excelente información detallada, muy completa.","No tengo claro si era mi internet, pero demoraba mucho en cargar la plataforma y los cursos en sí, cuando estaba respondiendo.","El curso es bueno, pero siento que son demasiados, en una fecha en la cuál es complejo dedicar el tiempo que realmente requieren. Más aún cuando tenemos distintas funciones en nuestro establecimiento, no solo ser coordinador."
2,Satisfecho,Sí,Sí,Sí,"Más de lo esperado","Más de 8 horas","No los conocía; no había escuchado de estos.","3 (Bueno)","2 (Malo)","4 (Muy bueno)","4 (Muy bueno)","3 (Bueno)","3 (Bueno)","3 (Bueno)","3 (Bueno)","3 (Bueno)","4 (Muy bueno)","3 (Bueno)","3 (Bueno)","4 (Muy bueno)","3 (Bueno)","3 (Bueno)",Bajo,"lo que mas valore fueron los nuevos aprendizajes que obtuve ya que eh aprendido cosas nuevas las cuales podre poner en practica en mi biblioteca escolar","Lo que menos me gusto fue el poco tiempo que tuve para poder terminar ya que en el colegio no me daba el tiempo para hacerlo así que fue una gran tarea para hacerlo  en casa.","seria genial que nos dieran mas tiempo y no todos los cursos al mismo tiempo ya que en mi caso no pude realizar el &quot;curso C &quot; por falta de tiempo ya que a pesar de ser trabajadoras de un establecimiento también  somos madres y dueñas de casa , muchas gracias :)"
3,Satisfecho,Sí,Sí,Sí,"Lo esperado","6-8 horas","He escuchado de los contenidos, pero no los conocía.","3 (Bueno)","3 (Bueno)","3 (Bueno)","3 (Bueno)","3 (Bueno)","3 (Bueno)","3 (Bueno)","3 (Bueno)","3 (Bueno)","3 (Bueno)","3 (Bueno)","3 (Bueno)","3 (Bueno)","3 (Bueno)","3 (Bueno)",Alto,APRENDER,PLATAFORMA,ORDEN
4,Satisfecho,Sí,Sí,Sí,"Lo esperado","4-6 horas","Los conozco y me son familiares, pero no los manejo en profundidad.","3 (Bueno)","3 (Bueno)","3 (Bueno)","3 (Bueno)","3 (Bueno)","2 (Malo)","3 (Bueno)","3 (Bueno)","3 (Bueno)","3 (Bueno)","3 (Bueno)","3 (Bueno)","2 (Malo)","2 (Malo)","2 (Malo)",Alto,"los materiales dado para estudiar","el examen finales las preguntas eran muy parecidas ,y abocaban a los mismo","que las opciones del examen sean mas claro por que me confundí en casi todas"
5,Satisfecho,Sí,Sí,Sí,"Mucho más de lo esperado","4-6 horas","Los conozco y me son familiares, pero no los manejo en profundidad.","4 (Muy bueno)","3 (Bueno)","3 (Bueno)","3 (Bueno)","3 (Bueno)","2 (Malo)","3 (Bueno)","3 (Bueno)","3 (Bueno)","3 (Bueno)","3 (Bueno)","3 (Bueno)","3 (Bueno)","3 (Bueno)","3 (Bueno)",Alto,"que al no ser aun una bibliotecaria ya que mi labor es auxiliar de aseo valoro mucho que se tome en cuenta a todo el personal que quiera estudiar y salir adelante.que presten toda la ayuda sufieciete que uno pueda necesitar y que es muy valorable todo lo que ya sea aprender y enseñar.","todo me parecio bien","que puedan mandar el material impreso ya que a veces las conecciones en algunos lugares no son buenas o que algunas no tengamos internet en casa.asi si elmaterial fuera tambien enviado se podria trabajar mas arduamente  en mi caso."
6,Insatisfecho,No,No,No,"Menos de lo esperado","Más de 8 horas","Los conozco y me son familiares, pero no los manejo en profundidad.","3 (Bueno)","3 (Bueno)","3 (Bueno)","4 (Muy bueno)","2 (Malo)","3 (Bueno)","2 (Malo)","3 (Bueno)","3 (Bueno)","3 (Bueno)","2 (Malo)","1 (Muy malo)","2 (Malo)","1 (Muy malo)","1 (Muy malo)",Bajo,"El contenido de la Información, amplio y diverso.","Los foros y gran cantidad de tiempo en las actividades.","Que los módulos fueran mas cortos, por los horarios de trabajo que poseemos."
7,Insatisfecho,Sí,No,Sí,"Lo esperado","4-6 horas","He escuchado de los contenidos, pero no los conocía.","3 (Bueno)","3 (Bueno)","2 (Malo)","3 (Bueno)","3 (Bueno)","3 (Bueno)","2 (Malo)","3 (Bueno)","3 (Bueno)","3 (Bueno)","3 (Bueno)","2 (Malo)","2 (Malo)","3 (Bueno)","3 (Bueno)",Bajo,"Conocer y poder organizar mejor el trabajo en la biblioteca, para ayudar a los estudiantes y profesores","Muchos contenidos que  revisar y leer, para lo cual se requiere mayor tiempo y claridad.","Un curso con mayor claridad, lograr desarrollar bien las actividades propuestas y no mayor cantidad de cursos donde se debe contar con más tiempo. Además, el regreso en pandemia es complicado para el desarrollo total de módulos propuestos."
8,"Muy Insatisfecho",Sí,Sí,Sí,"Mucho más de lo esperado","2-3 horas","He escuchado de los contenidos, pero no los conocía.","4 (Muy bueno)","4 (Muy bueno)","4 (Muy bueno)","4 (Muy bueno)","4 (Muy bueno)","4 (Muy bueno)","4 (Muy bueno)","4 (Muy bueno)","4 (Muy bueno)","4 (Muy bueno)","4 (Muy bueno)","4 (Muy bueno)","4 (Muy bueno)","4 (Muy bueno)","4 (Muy bueno)","Muy alto","El haber aprendido cosas que no conocía ni dominaba.","Al principio las evaluaciones que contaban con tiempo de respuestas.","Aclarar en la pagina la duración exacta de los cursos, fecha de termino."
9,Insatisfecho,Sí,Sí,Sí,"Más de lo esperado","4-6 horas","Los conozco y me son familiares, pero no los manejo en profundidad.","4 (Muy bueno)","3 (Bueno)","3 (Bueno)","3 (Bueno)","2 (Malo)","3 (Bueno)","3 (Bueno)","3 (Bueno)","3 (Bueno)","3 (Bueno)","3 (Bueno)","3 (Bueno)","3 (Bueno)","3 (Bueno)","3 (Bueno)",Bajo,"La diferentes estrategias a realizar para el mejor uso de la biblioteca y las diferentes actividades que se pueden hacer para fomentar el hábito lector.","El poco tiempo para responder los cuestionarios, y los problemas tecnicos de la plataforma.","mas enlaces de webinar
mas tiempo para cada curso"
10,"Muy Satisfecho",Sí,Sí,Sí,"Mucho más de lo esperado","4-6 horas","He escuchado de los contenidos, pero no los conocía.","3 (Bueno)","3 (Bueno)","3 (Bueno)","3 (Bueno)","3 (Bueno)","3 (Bueno)","3 (Bueno)","3 (Bueno)","3 (Bueno)","3 (Bueno)","3 (Bueno)","3 (Bueno)","3 (Bueno)","3 (Bueno)","3 (Bueno)",Alto,"TODA LA INFORMACION ES BUENÍSIMA","TODO ME HA GUSTADO","NUMERO DE TELÉFONO PARA LLAMAR Y TENER RESPUESTA INMEDIATA"
11,Satisfecho,Sí,Sí,Sí,"Lo esperado","2-3 horas","No los conocía; no había escuchado de estos.","3 (Bueno)","3 (Bueno)","3 (Bueno)","4 (Muy bueno)","4 (Muy bueno)","4 (Muy bueno)","4 (Muy bueno)","4 (Muy bueno)","3 (Bueno)","3 (Bueno)","4 (Muy bueno)","3 (Bueno)","3 (Bueno)","4 (Muy bueno)","3 (Bueno)",Alto,"Las distintas fuentes citadas y a su vez el amplio rango de la información sobre la biblioteca","Quizas una interaccion o una cita virtual por semana",nada
12,Satisfecho,Sí,Sí,Sí,"Lo esperado","2-3 horas","He escuchado de los contenidos, pero no los conocía.","4 (Muy bueno)","4 (Muy bueno)","4 (Muy bueno)","4 (Muy bueno)","4 (Muy bueno)","2 (Malo)","4 (Muy bueno)","4 (Muy bueno)","4 (Muy bueno)","4 (Muy bueno)","4 (Muy bueno)","4 (Muy bueno)","4 (Muy bueno)","4 (Muy bueno)","4 (Muy bueno)","Muy alto","que estaba todo muy claro para la comprensión de todos.","que no logro ver las actividades de mis otros compañeros, aún cuando subo la mía","ver el tema de la retroalimentación entre pares"
13,Satisfecho,Sí,Sí,Sí,"Lo esperado","4-6 horas","He escuchado de los contenidos, pero no los conocía.","3 (Bueno)","3 (Bueno)","3 (Bueno)","4 (Muy bueno)","3 (Bueno)","3 (Bueno)","3 (Bueno)","4 (Muy bueno)","4 (Muy bueno)","3 (Bueno)","4 (Muy bueno)","3 (Bueno)","3 (Bueno)","3 (Bueno)","3 (Bueno)","Muy alto","Información del el currículum (IFLA).
Definiciónde lña Biblioteca Escolar.
Estándares para las Bibliotecas Escolares CRA.","Plataforma desconocida
Falta de  tiempo.","Flexibilidad las actividades"
14,Satisfecho,Sí,No,Sí,"Lo esperado","4-6 horas","He escuchado de los contenidos, pero no los conocía.","3 (Bueno)","3 (Bueno)","3 (Bueno)","3 (Bueno)","3 (Bueno)","3 (Bueno)","3 (Bueno)","4 (Muy bueno)","4 (Muy bueno)","3 (Bueno)","3 (Bueno)","4 (Muy bueno)","3 (Bueno)","4 (Muy bueno)","3 (Bueno)",Alto,"TENER MAS HERRAMIENTAS PARA PODER TRABAJAR DE MEJOR FORMA.","La cantidad de horas para dedicarle,pues también hago clases y eso me impedía estar 100% .","Que hubiera otra forma de preparación y que el encargado de biblioteca sólo tuviera esa actividad para estar por completo dedicado a ello"
15,Satisfecho,Sí,No,Sí,"Lo esperado","Más de 8 horas","Los conozco y me son familiares, pero no los manejo en profundidad.","3 (Bueno)","3 (Bueno)","3 (Bueno)","3 (Bueno)","3 (Bueno)","3 (Bueno)","3 (Bueno)","3 (Bueno)","3 (Bueno)","3 (Bueno)","3 (Bueno)","3 (Bueno)","3 (Bueno)","3 (Bueno)","3 (Bueno)",Alto,"Los objetivos.
Ejemplos de actividades","El tiempo para responder. Está diseñado para veloces escritores. sugiero 30 minutos en vez de 20.","Hay actividades que no son aplicables a la realidad  actual."
16,Satisfecho,Sí,Sí,Sí,"Mucho más de lo esperado","4-6 horas","Los conozco y me son familiares, pero no los manejo en profundidad.","2 (Malo)","3 (Bueno)","3 (Bueno)","4 (Muy bueno)","3 (Bueno)","3 (Bueno)","3 (Bueno)","3 (Bueno)","3 (Bueno)","3 (Bueno)","3 (Bueno)","3 (Bueno)","3 (Bueno)","3 (Bueno)","3 (Bueno)",Alto,"BUENA LA INFORMACION","MUCHO MATERIAL Y POCO TIEMPO",SI
17,Satisfecho,Sí,Sí,Sí,"Más de lo esperado","Más de 8 horas","Los conozco y me son familiares, pero no los manejo en profundidad.","3 (Bueno)","3 (Bueno)","3 (Bueno)","3 (Bueno)","2 (Malo)","2 (Malo)","2 (Malo)","3 (Bueno)","3 (Bueno)","2 (Malo)","3 (Bueno)","3 (Bueno)","3 (Bueno)","2 (Malo)","2 (Malo)",Alto,Retroalimentación,Plataforma,"Indicara evaluaciones realizadas y pendientes con facilidad"
18,"Muy Satisfecho",Sí,Sí,Sí,"Mucho más de lo esperado","6-8 horas","Los conozco y los manejo con profundidad.","4 (Muy bueno)","4 (Muy bueno)","4 (Muy bueno)","4 (Muy bueno)","4 (Muy bueno)","4 (Muy bueno)","4 (Muy bueno)","4 (Muy bueno)","4 (Muy bueno)","4 (Muy bueno)","4 (Muy bueno)","4 (Muy bueno)","4 (Muy bueno)","4 (Muy bueno)","4 (Muy bueno)","Muy alto","La gran cantidad de información  relevante que confirma nuestra buena acción  como encargadas.","Absolutamente nada.","No tengo sugerencia alguna."
19,Satisfecho,Sí,Sí,Sí,"Lo esperado","2-3 horas","No los conocía; no había escuchado de estos.","3 (Bueno)","3 (Bueno)","3 (Bueno)","3 (Bueno)","2 (Malo)","3 (Bueno)","3 (Bueno)","3 (Bueno)","3 (Bueno)","3 (Bueno)","3 (Bueno)","3 (Bueno)","3 (Bueno)","3 (Bueno)","3 (Bueno)",Bajo,"las respuestas son muy similares confunden","me complico la navegación, tuve que viajar a la ciudad no tenia cobertura.-","Estudiar mas"
20,Insatisfecho,Sí,Sí,Sí,"Más de lo esperado","2-3 horas","Los conozco y me son familiares, pero no los manejo en profundidad.","3 (Bueno)","3 (Bueno)","3 (Bueno)","3 (Bueno)","3 (Bueno)","3 (Bueno)","3 (Bueno)","3 (Bueno)","3 (Bueno)","3 (Bueno)","3 (Bueno)","3 (Bueno)","3 (Bueno)","3 (Bueno)","3 (Bueno)",Bajo,"Identificar y reconocer el desempeño y el perfil del encargado de CRA. Reconocer la importancia que tiene esta labor","Las pocas posibilidad de enmedar errores, podrían ser más alternativas de ayuda.","Quizás proporcionar más tiempo."
21,Satisfecho,Sí,Sí,Sí,"Lo esperado","6-8 horas","He escuchado de los contenidos, pero no los conocía.","3 (Bueno)","3 (Bueno)","3 (Bueno)","3 (Bueno)","3 (Bueno)","3 (Bueno)","3 (Bueno)","3 (Bueno)","3 (Bueno)","3 (Bueno)","3 (Bueno)","3 (Bueno)","3 (Bueno)","3 (Bueno)","3 (Bueno)",Alto,"Desarrollo de la información entregada","Evaluaciones formativas y foros","Nada en especial"
22,"Muy Insatisfecho",No,No,No,"Menos de lo esperado","2-3 horas","Los conozco y me son familiares, pero no los manejo en profundidad.","3 (Bueno)","3 (Bueno)","4 (Muy bueno)","2 (Malo)","1 (Muy malo)","2 (Malo)","2 (Malo)","2 (Malo)","2 (Malo)","2 (Malo)","2 (Malo)","1 (Muy malo)","1 (Muy malo)","1 (Muy malo)","1 (Muy malo)","Muy bajo",nada,"estaba todo enrredado ,la comunicacion nunca fluyo","hacerlo con tutoria y directa ,no hacerlos cursos todoscasi juntos ,ya que no se dispone todo el tiempo para hacerlos"
23,Insatisfecho,No,No,No,"Más de lo esperado","2-3 horas","No los conocía; no había escuchado de estos.","2 (Malo)","2 (Malo)","2 (Malo)","3 (Bueno)","3 (Bueno)","3 (Bueno)","2 (Malo)","2 (Malo)","3 (Bueno)","3 (Bueno)","3 (Bueno)","2 (Malo)","3 (Bueno)","2 (Malo)","3 (Bueno)",Bajo,"que nos puedan perfeccionar sobretodo a las personas que no tenemos ninguna base en lo aprendido","no podia entender, buscaba las respuestas en las guías y no las encontraba","creo que deberían preguntar si tenemos o no alguna formación ya que había preguntas que una auxiliar del cra no entendería"
24,Satisfecho,Sí,No,Sí,"Más de lo esperado","2-3 horas","He escuchado de los contenidos, pero no los conocía.","3 (Bueno)","3 (Bueno)","3 (Bueno)","4 (Muy bueno)","4 (Muy bueno)","4 (Muy bueno)","3 (Bueno)","3 (Bueno)","3 (Bueno)","3 (Bueno)","3 (Bueno)","3 (Bueno)","3 (Bueno)","3 (Bueno)","3 (Bueno)","Muy alto","valoro la información dada es muy completa .","creo que la tecnología a mi persona me jugo encontra","me gustaría mas tiempo ,son muy cortos los plazos"
25,Satisfecho,Sí,Sí,Sí,"Más de lo esperado","6-8 horas","He escuchado de los contenidos, pero no los conocía.","4 (Muy bueno)","3 (Bueno)","4 (Muy bueno)","3 (Bueno)","3 (Bueno)","3 (Bueno)","3 (Bueno)","3 (Bueno)","4 (Muy bueno)","4 (Muy bueno)","4 (Muy bueno)","4 (Muy bueno)","3 (Bueno)","3 (Bueno)","3 (Bueno)",Alto,"actualización de conocimientos","lo extenso, cantidad de módulos y actividades","menos actividades ya que estamos trabajando y no sólo cumpliendo funciones de biblioteca."
26,Insatisfecho,Sí,Sí,No,"Lo esperado","Más de 8 horas","No los conocía; no había escuchado de estos.","3 (Bueno)","3 (Bueno)","2 (Malo)","3 (Bueno)","3 (Bueno)","3 (Bueno)","3 (Bueno)","2 (Malo)","2 (Malo)","2 (Malo)","2 (Malo)","3 (Bueno)","3 (Bueno)","3 (Bueno)","2 (Malo)","Muy bajo","Que aprendí algunas cosas que no sabia .","que pusieron muchas tareas con foros y a uno que les cuesta un poco se me hizo un poco difícil.","que empezara los primeros días de clase que no lo tiren a mirad de año cuando uno esta mas ocupada."
27,"Muy Satisfecho",Sí,Sí,Sí,"Mucho más de lo esperado","2-3 horas","Los conozco y me son familiares, pero no los manejo en profundidad.","4 (Muy bueno)","4 (Muy bueno)","4 (Muy bueno)","4 (Muy bueno)","2 (Malo)","2 (Malo)","2 (Malo)","2 (Malo)","2 (Malo)","2 (Malo)","2 (Malo)","2 (Malo)","2 (Malo)","4 (Muy bueno)","4 (Muy bueno)",Alto,"Que aprenda todo lo relacionado con Biblioteca Cras","Las actividades","mas ayuda en todo sentido"
28,Satisfecho,Sí,Sí,Sí,"Mucho más de lo esperado","Más de 8 horas","Los conozco y me son familiares, pero no los manejo en profundidad.","4 (Muy bueno)","3 (Bueno)","4 (Muy bueno)","4 (Muy bueno)","3 (Bueno)","3 (Bueno)","3 (Bueno)","3 (Bueno)","4 (Muy bueno)","3 (Bueno)","3 (Bueno)","3 (Bueno)","3 (Bueno)","3 (Bueno)","3 (Bueno)",Alto,"Conocer detalles de esta profesión que no sabia","Los tiemps ya que algunas actividades se cerraban  solas y no dejaba contestar","Ver esos detalles ya que perjudican a los alumnos"
29,"Muy Insatisfecho",No,No,Sí,"Más de lo esperado","2-3 horas","Los conozco y me son familiares, pero no los manejo en profundidad.","3 (Bueno)","3 (Bueno)","3 (Bueno)","3 (Bueno)","3 (Bueno)","3 (Bueno)","3 (Bueno)","3 (Bueno)","3 (Bueno)","3 (Bueno)","3 (Bueno)","3 (Bueno)","3 (Bueno)","3 (Bueno)","3 (Bueno)","Muy alto","LAS ENSEÑANZAS QUE DEJA","ME GUSTO TODO MUY COMPLETO","MAS TIEMPO PARA DESARROLLAR ACTIVIDADES"
30,Insatisfecho,No,No,Sí,"Lo esperado","Más de 8 horas","Los conozco y me son familiares, pero no los manejo en profundidad.","3 (Bueno)","3 (Bueno)","2 (Malo)","3 (Bueno)","3 (Bueno)","3 (Bueno)","3 (Bueno)","3 (Bueno)","3 (Bueno)","3 (Bueno)","3 (Bueno)","2 (Malo)","3 (Bueno)","3 (Bueno)","3 (Bueno)",Alto,"Logre aprender muchos conceptos que antes desconocía y me facilita implementarlos en mi establecimiento.","La plataforma me es difícil de comprender.","Que la información que se entregue sea mas precisa para que así se consiga comprender perfectamente"
31,Satisfecho,Sí,Sí,Sí,"Más de lo esperado","4-6 horas","Los conozco y me son familiares, pero no los manejo en profundidad.","3 (Bueno)","3 (Bueno)","3 (Bueno)","3 (Bueno)","2 (Malo)","3 (Bueno)","3 (Bueno)","3 (Bueno)","3 (Bueno)","3 (Bueno)","3 (Bueno)","3 (Bueno)","3 (Bueno)","3 (Bueno)","3 (Bueno)",Alto,"Conocer términos pedagógicos que antes no conocía y si los conocía no los utilizaba.","El tiempo, que siempre falta cuando hay que realizar otras actividades o al menos por mi parte se agradeció la extensión, y pude avanzar ya que quiero llegar al final del curso.","La plataforma que sea más amigable. se me hizo un poquito complicada de entender para poder avanzar."
32,Satisfecho,Sí,Sí,Sí,"Más de lo esperado","6-8 horas","He escuchado de los contenidos, pero no los conocía.","3 (Bueno)","3 (Bueno)","3 (Bueno)","3 (Bueno)","3 (Bueno)","3 (Bueno)","3 (Bueno)","3 (Bueno)","3 (Bueno)","3 (Bueno)","3 (Bueno)","3 (Bueno)","3 (Bueno)","3 (Bueno)","3 (Bueno)","Muy alto","El horario, estoy trabajando y mis tiempo son limitados y este curso sus tiempos eran flexible.","la entrega de los cursos tarde","Mas tiempo de entrega"
33,Insatisfecho,Sí,No,Sí,"Lo esperado","6-8 horas","No los conocía; no había escuchado de estos.","3 (Bueno)","3 (Bueno)","3 (Bueno)","2 (Malo)","3 (Bueno)","3 (Bueno)","3 (Bueno)","3 (Bueno)","3 (Bueno)","3 (Bueno)","3 (Bueno)","2 (Malo)","2 (Malo)","2 (Malo)","3 (Bueno)",Bajo,"la información entregada","Necesidad de hacer preguntas y claridad en actividades como responder o enviar al foro","mas claridad en como se debe proceder a las actividades
y mas tiempo ya que no fui avisada en el momento correcto del comienzo del curso y tuve poco tiempo para estudiar"
34,Satisfecho,Sí,Sí,Sí,"Más de lo esperado","Más de 8 horas","Los conozco y me son familiares, pero no los manejo en profundidad.","3 (Bueno)","3 (Bueno)","3 (Bueno)","3 (Bueno)","3 (Bueno)","3 (Bueno)","3 (Bueno)","3 (Bueno)","3 (Bueno)","3 (Bueno)","3 (Bueno)","3 (Bueno)","3 (Bueno)","3 (Bueno)","3 (Bueno)",Alto,"LOS VIDEOS","EL TIEMPO PARA REALIZARLOS","DAR MAS TIEMPO, YA QUE CADA ACTIVIDAD REQUIERE SU TIEMPO ."
35,"Muy Satisfecho",No,Sí,Sí,"Más de lo esperado","2-3 horas","No los conocía; no había escuchado de estos.","3 (Bueno)","3 (Bueno)","3 (Bueno)","4 (Muy bueno)","4 (Muy bueno)","4 (Muy bueno)","4 (Muy bueno)","3 (Bueno)","3 (Bueno)","3 (Bueno)","3 (Bueno)","3 (Bueno)","3 (Bueno)","4 (Muy bueno)","3 (Bueno)",Alto,"Valoro mucho el apoyo a la formación con el objetivo de convertirnos en articuladores del aprendizaje para los encargados de biblioteca..","En realidad no hubo nada que no me gustara.","Sugiero quizás incorporar mas videos para nuestro aprendizaje ."
36,Satisfecho,Sí,Sí,Sí,"Más de lo esperado","4-6 horas","Los conozco y me son familiares, pero no los manejo en profundidad.","3 (Bueno)","3 (Bueno)","3 (Bueno)","3 (Bueno)","3 (Bueno)","2 (Malo)","3 (Bueno)","3 (Bueno)","3 (Bueno)","3 (Bueno)","3 (Bueno)","3 (Bueno)","3 (Bueno)","3 (Bueno)","2 (Malo)",Alto,"La forma como se trabajó, es decir, trabajaba según el tiempo disponible.","Las evaluaciones formativa y sumativa no me permitieron terminarlas.","Yo creo que está bien. Yo creo que faltó ser más tecnológico."
37,"Muy Satisfecho",Sí,Sí,Sí,"Lo esperado","4-6 horas","He escuchado de los contenidos, pero no los conocía.","3 (Bueno)","3 (Bueno)","3 (Bueno)","3 (Bueno)","3 (Bueno)","3 (Bueno)","3 (Bueno)","3 (Bueno)","3 (Bueno)","3 (Bueno)","3 (Bueno)","3 (Bueno)","3 (Bueno)","3 (Bueno)","3 (Bueno)",Alto,"La posibilidad de aprender nuevas estrategias que faciliten mi labor.","Los tiempos para realizar las actividades son un poco cortos.","Que la plataforma fuera más amigable y que las actividades se realizaran directamente, sin necesidad de Word o volver atrás."
38,Satisfecho,Sí,Sí,Sí,"Mucho más de lo esperado","2-3 horas","He escuchado de los contenidos, pero no los conocía.","4 (Muy bueno)","4 (Muy bueno)","4 (Muy bueno)","4 (Muy bueno)","3 (Bueno)","3 (Bueno)","4 (Muy bueno)","4 (Muy bueno)","4 (Muy bueno)","4 (Muy bueno)","4 (Muy bueno)","4 (Muy bueno)","4 (Muy bueno)","4 (Muy bueno)","4 (Muy bueno)","Muy alto","Valoro todo lo que he aprendido a pesar de haber sido irresponsable en los tiempos de entrega de las actividades","La falta de tiempo que tuve por situaciones laborales","Aclarar el uso de la plataforma para enviar tareas ya que esa parte no es mi fuerte"
39,Satisfecho,Sí,Sí,Sí,"Más de lo esperado","2-3 horas","He escuchado de los contenidos, pero no los conocía.","4 (Muy bueno)","4 (Muy bueno)","4 (Muy bueno)","4 (Muy bueno)","4 (Muy bueno)","4 (Muy bueno)","4 (Muy bueno)","4 (Muy bueno)","4 (Muy bueno)","4 (Muy bueno)","4 (Muy bueno)","4 (Muy bueno)","4 (Muy bueno)","4 (Muy bueno)","2 (Malo)","Muy alto","El contendo muy claro,","Muy largos los módulos","No hacer un curso a esta altura del año. Los docentes estamos muy cansados."
40,Satisfecho,Sí,Sí,Sí,"Más de lo esperado","2-3 horas","Los conozco y me son familiares, pero no los manejo en profundidad.","3 (Bueno)","3 (Bueno)","3 (Bueno)","3 (Bueno)","3 (Bueno)","3 (Bueno)","3 (Bueno)","3 (Bueno)","3 (Bueno)","3 (Bueno)","3 (Bueno)","3 (Bueno)","3 (Bueno)","3 (Bueno)","3 (Bueno)",Bajo,"La adquisición de conocimientos","Demasiado extenso para los tiempos que disponemos  como docentes.","Sin sugerencias"
41,Insatisfecho,No,No,No,"Más de lo esperado","Más de 8 horas","Los conozco y me son familiares, pero no los manejo en profundidad.","3 (Bueno)","2 (Malo)","3 (Bueno)","3 (Bueno)","3 (Bueno)","2 (Malo)","2 (Malo)","2 (Malo)","2 (Malo)","3 (Bueno)","3 (Bueno)","2 (Malo)","2 (Malo)","2 (Malo)","2 (Malo)",Bajo,"Lo aprendido","Como realizar algunas actividades qué yo no pude hacer por tanto no las realicé.","Qué no fuera con tanta tecnología y Más tiempo ya que nosotras hacemos clases, planificamos y evaluamos esas clases."
42,Insatisfecho,Sí,No,No,"Lo esperado","6-8 horas","No los conocía; no había escuchado de estos.","4 (Muy bueno)","4 (Muy bueno)","4 (Muy bueno)","4 (Muy bueno)","4 (Muy bueno)","4 (Muy bueno)","4 (Muy bueno)","4 (Muy bueno)","4 (Muy bueno)","4 (Muy bueno)","4 (Muy bueno)","4 (Muy bueno)","4 (Muy bueno)","4 (Muy bueno)","4 (Muy bueno)",Alto,"PORQUE NO ME INFORMARON CUANDO EMPEZO","QUE NO PUEDE ESTUDIAR YA QUE NISIQUIERAN ME INFORMARON EL INICIO","ME GUSTARIA QUE FUERA CON MAS TIEMPO"
43,Satisfecho,Sí,Sí,Sí,"Mucho más de lo esperado","2-3 horas","Los conozco y me son familiares, pero no los manejo en profundidad.","4 (Muy bueno)","4 (Muy bueno)","3 (Bueno)","4 (Muy bueno)","4 (Muy bueno)","3 (Bueno)","4 (Muy bueno)","3 (Bueno)","4 (Muy bueno)","4 (Muy bueno)","3 (Bueno)","4 (Muy bueno)","4 (Muy bueno)","3 (Bueno)","3 (Bueno)",Alto,"Aprendí muchas cosas que no las veía","Esperar 30 minutos para entrar en un foro","Más tiempo porque el trabajo no deja meterse o estar concentrado"
44,Insatisfecho,Sí,Sí,Sí,"Menos de lo esperado","2-3 horas","Los conozco y me son familiares, pero no los manejo en profundidad.","3 (Bueno)","3 (Bueno)","3 (Bueno)","2 (Malo)","2 (Malo)","3 (Bueno)","2 (Malo)","3 (Bueno)","3 (Bueno)","4 (Muy bueno)","3 (Bueno)","2 (Malo)","2 (Malo)","3 (Bueno)","3 (Bueno)",Bajo,"La formación y  el aprendizaje que  nos dan a través de la plataforma, de forma gratuita.","La plataforma y su velocidad, lo que significó que en más de una ocasión, la información se fuera incompleta o mal realizadas y mí poco manejo con la tecnología y trabajar en ella. Para mí eso es mi barrera y me he sentido muy frustrada.","Mejorar la plataforma, para trabajar y adjuntar las actividades. Me encantan las capacitaciones, pero en esta evaluaciones no me siento capacitada para realizarla"
