﻿"Respuesta número","En general, ¿cuál es su nivel de satisfacción con el curso que acaba de terminar?","¿Recomendaría este curso a otro encargado de biblioteca?                       ","¿Volvería a realizar un curso de estas mismas características?          ","¿Eran coherentes las actividades de aprendizaje propuestas para el curso?","Según la percepción de su proceso de aprendizaje y las características de este curso, ¿cuánto considera que aprendió?","¿Cuántas horas cronológicas semanales dedicó a este curso?","¿Qué tan familiares son para usted los contenidos tratados en el curso?","Claridad de los contenidos del curso (temas, definiciones, términos conceptuales, etc.).","Contextualización de los contenidos a su realidad laboral.","La progresión de la secuencia de aprendizaje para ir tratando los contenidos del curso.","Claridad del diseño gráfico de las pantallas de la plataforma.","Facilidad de navegación en la plataforma.","El funcionamiento de la mesa de ayuda para estudiantes (mediante contacto por correo electrónico).","Claridad de las actividades de aprendizaje propuestas.","Consistencia de las actividades de aprendizaje propuestas con los aprendizajes del curso.","Coherencia de las actividades de aprendizaje propuestas.","Cantidad de información aportada por el curso.","Profundidad en el tratamiento de los aprendizajes esperados.","Claridad de las instrucciones de las actividades.","Claridad de las instrucciones y preguntas en las evaluaciones.","Calidad de las orientaciones para retroalimentar las actividades y evaluaciones.","El apoyo del tutor para responder preguntas en el foro.","¿Cómo evaluaría el nivel de transferencia de los aprendizajes a su contexto laboral?","¿Qué es lo que más valora del curso que acaba de terminar?              ","¿Qué es lo que menos le gustó del curso que acaba de terminar?          ","¿Qué sugerencias haría para mejorar el curso en el futuro?"
1,Satisfecho,Sí,Sí,Sí,"Lo esperado","2-3 horas","He escuchado de los contenidos, pero no los conocía.","3 (Bueno)","3 (Bueno)","3 (Bueno)","3 (Bueno)","3 (Bueno)","3 (Bueno)","3 (Bueno)","3 (Bueno)","3 (Bueno)","3 (Bueno)","3 (Bueno)","3 (Bueno)","3 (Bueno)","3 (Bueno)","3 (Bueno)",Alto,"que pude aprender cosas nuevas que no sabia sobre las bibliotecas","que no avía un tutor que estuviera contigo","podría tener un tutor que estuviera o que se dedicara o a lo mejor tener un wasat de la plataforma"
2,"Muy Insatisfecho",Sí,Sí,Sí,"Más de lo esperado","4-6 horas","He escuchado de los contenidos, pero no los conocía.","4 (Muy bueno)","3 (Bueno)","3 (Bueno)","3 (Bueno)","3 (Bueno)","3 (Bueno)","4 (Muy bueno)","4 (Muy bueno)","4 (Muy bueno)","4 (Muy bueno)","3 (Bueno)","4 (Muy bueno)","4 (Muy bueno)","4 (Muy bueno)","4 (Muy bueno)",Alto,"los contenidos, muchas cosas que no sabia y que fui aprendiendo gracias a estos cursos","el tiempo, es mucho para 2 meses, todo es muy rapido y esto deberia ser con mas tiempo, ya que aparte de trabajar somos madres, esposas y dueñas de casa","que fuera con mas duracion y mas clases wuebinar no tanta lectura, no hay tiempo"
3,Satisfecho,Sí,Sí,Sí,"Lo esperado","2-3 horas","No los conocía; no había escuchado de estos.","3 (Bueno)","3 (Bueno)","3 (Bueno)","3 (Bueno)","3 (Bueno)","3 (Bueno)","3 (Bueno)","3 (Bueno)","3 (Bueno)","3 (Bueno)","3 (Bueno)","3 (Bueno)","3 (Bueno)","3 (Bueno)","3 (Bueno)",Alto,"La oportunidad de estudiar, conocer y la adquisición de aprendizaje","La poca interacción con los tutores.","Más comunicación con los tutores."
4,Satisfecho,Sí,No,Sí,"Lo esperado","6-8 horas","Los conozco y me son familiares, pero no los manejo en profundidad.","3 (Bueno)","2 (Malo)","3 (Bueno)","3 (Bueno)","1 (Muy malo)","3 (Bueno)","3 (Bueno)","3 (Bueno)","3 (Bueno)","3 (Bueno)","3 (Bueno)","3 (Bueno)","3 (Bueno)","3 (Bueno)","3 (Bueno)",Bajo,"La responsabilidad y constancia de la persona encargada de los mensajes y foros de la plataforma. 
El foro como medio de participación y formación entre pares.","No corresponde  a la realidad donde estamos laborando. 
Los ejemplos y apoyos de contenidos pudieron haber sido de nuestro país y no de un país extranjero. Este curso no fue preparado para bibliotecas de básica. Plataforma poco amigable. El curso fue fuera del contexto histórico de la pandemia que nos afecto a todos en todo.  No todos los contenidos son aplicables a nuestra realidad. La plataforma no permite ver el avance real de estudiante.","Que los contenidos sean consecuentes con la realidad de la educación chilena: separando los niveles básica y media. Tomar en cuenta que muchas realidades escolares no tienen formación o preparación digital, lo que en este caso permitió la salida de muchos docentes de este curso. En el resultado del diagnóstico previo al curso ser más claros con aspectos no alcanzados y tener respaldo dónde estoy más débil, es decir una retroalimentación."
5,Satisfecho,Sí,Sí,Sí,"Más de lo esperado","4-6 horas","He escuchado de los contenidos, pero no los conocía.","4 (Muy bueno)","4 (Muy bueno)","4 (Muy bueno)","3 (Bueno)","3 (Bueno)","3 (Bueno)","4 (Muy bueno)","4 (Muy bueno)","4 (Muy bueno)","4 (Muy bueno)","4 (Muy bueno)","4 (Muy bueno)","3 (Bueno)","3 (Bueno)","3 (Bueno)","Muy alto","El tiempo para poder terminar el curso","Las preguntas de las Evaluaciones difíciles, no pude encontrar el texto de Eulalia Espina? y los videos solo veía una parte de ellos","Que en el futuro aplicaran  el D.U.A. ya que presento una dificultad con mi visión."
6,Insatisfecho,No,No,Sí,"Lo esperado","2-3 horas","Los conozco y me son familiares, pero no los manejo en profundidad.","3 (Bueno)","3 (Bueno)","3 (Bueno)","2 (Malo)","2 (Malo)","3 (Bueno)","3 (Bueno)","3 (Bueno)","3 (Bueno)","3 (Bueno)","3 (Bueno)","2 (Malo)","3 (Bueno)","2 (Malo)","3 (Bueno)",Alto,"A pesar de poco tiempo que pude conectarme, hubieron varios temas que pude profundizar y aprender nuevas herramientas","La plataforma muy poco amigable,","que fueran clases guiadas"
7,Satisfecho,Sí,Sí,Sí,"Más de lo esperado","4-6 horas","Los conozco y me son familiares, pero no los manejo en profundidad.","3 (Bueno)","3 (Bueno)","3 (Bueno)","4 (Muy bueno)","3 (Bueno)","3 (Bueno)","3 (Bueno)","4 (Muy bueno)","4 (Muy bueno)","4 (Muy bueno)","4 (Muy bueno)","3 (Bueno)","3 (Bueno)","3 (Bueno)","3 (Bueno)",Alto,"Siempre es importante seguir aprendiendo y valoro considerablemente la claridad en la entrega de contenidos . Gracias","Es importante tener el tiempo para poder trabajar y lo más importante poder rendir en forma satisfactoria,","Evaluar los módulos con menos contenidos pienso sería rápido ."
8,Satisfecho,Sí,Sí,Sí,"Más de lo esperado","Más de 8 horas","He escuchado de los contenidos, pero no los conocía.","3 (Bueno)","2 (Malo)","3 (Bueno)","3 (Bueno)","3 (Bueno)","3 (Bueno)","3 (Bueno)","3 (Bueno)","3 (Bueno)","3 (Bueno)","3 (Bueno)","3 (Bueno)","3 (Bueno)","3 (Bueno)","3 (Bueno)",Alto,"Lo que más valoro es que aprendí sobre temas que no conocía ya que es mi primer año en biblioteca, 
Feliz por seguir aprendiendo   
y prestar un buen servicio","Lo que menos me gusta es el foro
y las las tareas, nunca las pude enviar por más que lo intente 
no se, si seria problemas del internet","Que las clases  sean  por classroom
 aunque se que no se puede, por la cantidad de integrantes del curso"
9,"Muy Satisfecho",Sí,Sí,Sí,"Mucho más de lo esperado","2-3 horas","He escuchado de los contenidos, pero no los conocía.","4 (Muy bueno)","3 (Bueno)","3 (Bueno)","4 (Muy bueno)","4 (Muy bueno)","3 (Bueno)","3 (Bueno)","3 (Bueno)","3 (Bueno)","4 (Muy bueno)","4 (Muy bueno)","4 (Muy bueno)","2 (Malo)","2 (Malo)","3 (Bueno)",Alto,"El contenido. si bien algunas de las actividad eran demasiado largas o de difícil solución en las pocas horas que uno puede invertir en el curso, eran muy buenas para La comprensión del curso.","que las actividades eran demasiado largas para la cantidad de horas que uno puede invertir en el curso. se que hay un tiempo destinado para estas actividad, pero la realidad es que no siempre se puede invertir el tiempo establecido en el curso para el desarrollo de las actividades.","quizás disminuir la cantidad de actividades, tratando de no disminuir la calidad de la información."
10,Satisfecho,Sí,No,Sí,"Menos de lo esperado","Más de 8 horas","No los conocía; no había escuchado de estos.","3 (Bueno)","3 (Bueno)","3 (Bueno)","3 (Bueno)","3 (Bueno)","3 (Bueno)","3 (Bueno)","3 (Bueno)","3 (Bueno)","3 (Bueno)","3 (Bueno)","3 (Bueno)","3 (Bueno)","3 (Bueno)","3 (Bueno)",Alto,"Que a pesar de que me costo mucho, algo pude aprender.","El no tener los conocimientos necesarios de bibliotecologia","Este  bueno, pero esta dirigido a personas que son Técnicos en bibliotecologia o bibliotecologos.
El curso debería enfocarse en aquellos encargados de bibliotecas que no tenemos el conocimiento y lo que hemos aprendido a sido ppor nuestra cuenta."
11,"Muy Satisfecho",Sí,Sí,Sí,"Mucho más de lo esperado","Más de 8 horas","No los conocía; no había escuchado de estos.","4 (Muy bueno)","3 (Bueno)","3 (Bueno)","3 (Bueno)","2 (Malo)","3 (Bueno)","3 (Bueno)","3 (Bueno)","3 (Bueno)","3 (Bueno)","3 (Bueno)","3 (Bueno)","3 (Bueno)","3 (Bueno)","3 (Bueno)",Alto,"La información entregada fue de todo interés y un gran aprendizaje.","hay muchas actividades que no se alcanzan a terminar .","Que fueran mas videos ya que son mas explicativos"
12,Satisfecho,Sí,Sí,Sí,"Más de lo esperado","2-3 horas","He escuchado de los contenidos, pero no los conocía.","3 (Bueno)","3 (Bueno)","3 (Bueno)","3 (Bueno)","3 (Bueno)","3 (Bueno)","3 (Bueno)","4 (Muy bueno)","3 (Bueno)","3 (Bueno)","3 (Bueno)","3 (Bueno)","3 (Bueno)","3 (Bueno)","3 (Bueno)",Alto,"MUY ESPECIFICO , CLARO Y PRESISO.","MUY CORTO EL TIEMPO DE LOS TUTORIALES","MAYOR APOYO TECNICO  ONLINE"
13,Satisfecho,Sí,Sí,Sí,"Lo esperado","2-3 horas","Los conozco y me son familiares, pero no los manejo en profundidad.","3 (Bueno)","2 (Malo)","3 (Bueno)","4 (Muy bueno)","4 (Muy bueno)","3 (Bueno)","2 (Malo)","3 (Bueno)","3 (Bueno)","3 (Bueno)","3 (Bueno)","2 (Malo)","2 (Malo)","2 (Malo)","3 (Bueno)",Alto,"El manejo de nuevos conceptos","Algunas preguntas estaban redactadas con poca claridad","Mejor redacción de las preguntas"
14,"Muy Satisfecho",Sí,Sí,Sí,"Mucho más de lo esperado","Más de 8 horas","He escuchado de los contenidos, pero no los conocía.","4 (Muy bueno)","4 (Muy bueno)","4 (Muy bueno)","4 (Muy bueno)","4 (Muy bueno)","4 (Muy bueno)","4 (Muy bueno)","4 (Muy bueno)","4 (Muy bueno)","4 (Muy bueno)","4 (Muy bueno)","4 (Muy bueno)","4 (Muy bueno)","4 (Muy bueno)","4 (Muy bueno)","Muy alto","los Aprendizajes obtenidos y de la más alta calidad.","Por favor no enviarnos mas de un curso a la vez.","Por favor enviar cursos de uno a la vez. No varios cursos simultáneos. Trabajamos en múltiples tareas en nuestros colegios, no tenemos apoyo ni ayuda, pues cada uno está ocupado en sus tareas.
Muchas Gracias."
15,"Muy Satisfecho",Sí,Sí,Sí,"Lo esperado","2-3 horas","Los conozco y me son familiares, pero no los manejo en profundidad.","3 (Bueno)","3 (Bueno)","3 (Bueno)","3 (Bueno)","2 (Malo)","2 (Malo)","2 (Malo)","3 (Bueno)","3 (Bueno)","3 (Bueno)","3 (Bueno)","3 (Bueno)","2 (Malo)","3 (Bueno)","2 (Malo)",Alto,"los videos explicativos","la poca claridad de trabajo en la plataforma","mas orientación en la forma de ingresar al curso."
16,Satisfecho,No,No,Sí,"Lo esperado","4-6 horas","He escuchado de los contenidos, pero no los conocía.","3 (Bueno)","3 (Bueno)","3 (Bueno)","1 (Muy malo)","1 (Muy malo)","1 (Muy malo)","1 (Muy malo)","2 (Malo)","2 (Malo)","2 (Malo)","2 (Malo)","1 (Muy malo)","2 (Malo)","2 (Malo)","1 (Muy malo)",Bajo,"Creo que en tiempos de pandemia no fue muy adecuado haber propuestos estos cursos ya que el tiempo que tenemos como bibliotecaria lo tuve que  ocupar en otras cosas referente al colegio y poco tiempo para poder sentarme a avanzar en las actividades.","Yo no se si estos cursos son dictados para personas con estudios en bibliotecología y docencia, porque yo no tengo la experiencia en todos los temas que ustedes plantearon y me fue muy difícil hacer las actividades porque tuve que pedir muchas veces ayuda que por tiempo de mis colegas termine atrasada, o no podre llegar a concretar los demás cursos que me indicaron.","pensar que las bibliotecas de Chile no están al mismo nivel que otros países y los colegios no les dan la importancia que ustedes nos proponen en estos cursos. 
Gracias."
17,"Muy Satisfecho",Sí,Sí,Sí,"Más de lo esperado","4-6 horas","He escuchado de los contenidos, pero no los conocía.","4 (Muy bueno)","3 (Bueno)","4 (Muy bueno)","4 (Muy bueno)","3 (Bueno)","3 (Bueno)","3 (Bueno)","3 (Bueno)","3 (Bueno)","4 (Muy bueno)","4 (Muy bueno)","4 (Muy bueno)","4 (Muy bueno)","4 (Muy bueno)","3 (Bueno)",Alto,"En lo personal, aprendí varias cosas que no conocía, el material de apoyo me sirvió bastante en la realización de las actividades.","las actividades extensas, ya que mi tiempo fue limitado por estar realizando otro dos cursos.","Considero que los cursos se deben cargar solo uno a la vez, ya que en mi caso el tiempo no me alcanzaba para estar dedicada 100% al curso."
18,Satisfecho,Sí,Sí,Sí,"Menos de lo esperado","2-3 horas","Los conozco y me son familiares, pero no los manejo en profundidad.","3 (Bueno)","2 (Malo)","2 (Malo)","2 (Malo)","3 (Bueno)","2 (Malo)","3 (Bueno)","3 (Bueno)","2 (Malo)","3 (Bueno)","4 (Muy bueno)","2 (Malo)","2 (Malo)","2 (Malo)","2 (Malo)",Alto,"Valoro los contenidos profundizados en el curso. Lamentable que ocurra  en circunstancias de cierre de año donde hay muchas actividades y carga laboral.","La metodología, encontré que era mucha información por módulo, faltaba síntesis, las pautas de cotejo confundían un poco con las evaluaciones etc.  El cuestionario lo encontré complejo y contrario a las evoluciones que hubieron por módulo.  Lo de comentar en el foro sobre lo descrito o analizado por los compañer@s alargaba más el curso.","Que sea un curso más práctico , no alcancé a leer toda la información compartida.  Mejorar los cuestionarios ."
19,"Muy Insatisfecho",No,No,Sí,"Más de lo esperado","Más de 8 horas","Los conozco y me son familiares, pero no los manejo en profundidad.","3 (Bueno)","2 (Malo)","3 (Bueno)","1 (Muy malo)","1 (Muy malo)","1 (Muy malo)","3 (Bueno)","3 (Bueno)","3 (Bueno)","4 (Muy bueno)","3 (Bueno)","3 (Bueno)","3 (Bueno)","3 (Bueno)","3 (Bueno)",Alto,"Lo que más valoro es la información que rescaté. Aprendí mucho en este curso y pude sacar al limpio muchas cosas que no sabía o no entendía con claridad.","La plataforma es horrible, además que nunca responden las dudas a tiempo.","Mejorar la aplicación, que sea mucho más clara pensando en personas que no somos nativos digitales."
20,"Muy Satisfecho",Sí,Sí,Sí,"Más de lo esperado","6-8 horas","Los conozco y me son familiares, pero no los manejo en profundidad.","4 (Muy bueno)","4 (Muy bueno)","4 (Muy bueno)","4 (Muy bueno)","4 (Muy bueno)","4 (Muy bueno)","4 (Muy bueno)","4 (Muy bueno)","4 (Muy bueno)","4 (Muy bueno)","4 (Muy bueno)","4 (Muy bueno)","4 (Muy bueno)","4 (Muy bueno)","3 (Bueno)","Muy alto","Me ha clarificado conceptos que es bueno estar revisando constantemente. Los contenidos visto en el curso me han servido para proyectar mi trabajo futuro.","Quizá son demasiadas las actividades, no le podemos dedicar todo el tiempo que quisiéramos porque hay que desarrollar otras tareas.","Más material didáctico, videos y otros que vayan reforzando los contenidos. Bajar la cantidad de actividades son demasiados los módulos que hay que abarcar."
21,"Muy Insatisfecho",Sí,Sí,Sí,"Mucho más de lo esperado","Más de 8 horas","Los conozco y me son familiares, pero no los manejo en profundidad.","4 (Muy bueno)","4 (Muy bueno)","4 (Muy bueno)","4 (Muy bueno)","3 (Bueno)","3 (Bueno)","4 (Muy bueno)","3 (Bueno)","3 (Bueno)","4 (Muy bueno)","3 (Bueno)","3 (Bueno)","3 (Bueno)","4 (Muy bueno)","3 (Bueno)","Muy alto","Me cambió la visión personal de mi función como Encargada, debo ser más protagónica, manejo mucha información para conformar un Buen Equipo Cra, y tener logros a corto plazo con evidencias.","Sólo criticar un poco la presentación de los módulos un poco complejo al inicio, mejorar para los próximos participantes. Pero los contenidos excelentes.","sólo insistir en la mejora de los módulos, más simples pero de la misma calidad."
22,"Muy Satisfecho",Sí,Sí,Sí,"Más de lo esperado","6-8 horas","Los conozco y me son familiares, pero no los manejo en profundidad.","4 (Muy bueno)","4 (Muy bueno)","3 (Bueno)","4 (Muy bueno)","4 (Muy bueno)","3 (Bueno)","3 (Bueno)","3 (Bueno)","3 (Bueno)","4 (Muy bueno)","4 (Muy bueno)","3 (Bueno)","3 (Bueno)","3 (Bueno)","3 (Bueno)",Alto,"Lo que más voloro del curso, es las herramientas que me entregó para desarrollar de mejor forma mi labor en la biblioteca, a partir de la autoevaluación,diagnóstico planificar, evaluar, el trabajo en equipo con todos los que componen la comunidad educativa.","El curso lo encontré un poco extenso , muchas actividades, auque debo confesar que fueron necesarias para lograr los objetivos.","La verdar es que ninguna , porque lo encontre pertinente con nuestra labor.Lo recomendaría absolutamente."
23,Insatisfecho,No,No,No,"Lo esperado","6-8 horas","He escuchado de los contenidos, pero no los conocía.","2 (Malo)","2 (Malo)","3 (Bueno)","2 (Malo)","2 (Malo)","2 (Malo)","2 (Malo)","3 (Bueno)","3 (Bueno)","3 (Bueno)","3 (Bueno)","2 (Malo)","3 (Bueno)","3 (Bueno)","2 (Malo)",Bajo,"el conocimiento que le están entregando a las encargadas","los conceptos poco claros, no los manejo bien y la computación me cuesta mucho.","Se seguiré  humildemente que antes del  curso se  debe saber el nivel  de  computación  de cada participante o entregar una guía paso a paso .. personalmente me a costado  bastante,"
24,Satisfecho,Sí,Sí,Sí,"Más de lo esperado","Más de 8 horas","Los conozco y me son familiares, pero no los manejo en profundidad.","3 (Bueno)","3 (Bueno)","3 (Bueno)","3 (Bueno)","3 (Bueno)","4 (Muy bueno)","3 (Bueno)","3 (Bueno)","3 (Bueno)","3 (Bueno)","4 (Muy bueno)","3 (Bueno)","3 (Bueno)","3 (Bueno)","3 (Bueno)",Alto,"La profundidad en que aprendí cada aspecto enseñado y que no conocía en profundidad.","La plataforma no es muy clara y que al realizar la evaluación de la unidad 1, respondí una pregunta y se cerró y no tuve el tiempo que decía que tendría. Este problema no me lo sulucionaron cuando informé. Después se abrió una prueba, creí que era otra nueva, y era la de la Unidad 3 y que respondí sin haber realizado dicho módulo. Es difícil manejar por esta plataforma.","Indicaciones más claras y una hoja de ruta a seguir."
25,"Muy Insatisfecho",Sí,Sí,Sí,"Mucho más de lo esperado","6-8 horas","Los conozco y me son familiares, pero no los manejo en profundidad.","4 (Muy bueno)","4 (Muy bueno)","4 (Muy bueno)","4 (Muy bueno)","4 (Muy bueno)","4 (Muy bueno)","3 (Bueno)","4 (Muy bueno)","4 (Muy bueno)","4 (Muy bueno)","4 (Muy bueno)","4 (Muy bueno)","4 (Muy bueno)","4 (Muy bueno)","4 (Muy bueno)","Muy alto","valoro mucho  los conocimientos que aprendí los  pondré en practica en mi biblioteca escolar,el contenido del curso fue muy completo,la disposición de los tutores fue excelente,","El único factor que me jugo en contra fue el tiempo,me hubiese gustado haber dedicado mas tiempo para desarrollar con mas profundidad ,los contenidos ,estaba haciendo 3 cursos en forma paralela,por un momento me sentí un poco estresada,pero creo que logre pasarlo.muchas gracias .","-Estos cursos nos ofrecen herramientas muy útiles para aplicarlas en nuestras bibliotecas escolares por eso me encantaría que se impartieran en la vacaciones de verano tiempo que tengo  para capacitarme.."
26,Satisfecho,Sí,Sí,Sí,"Menos de lo esperado","2-3 horas","He escuchado de los contenidos, pero no los conocía.","3 (Bueno)","3 (Bueno)","3 (Bueno)","3 (Bueno)","3 (Bueno)","2 (Malo)","3 (Bueno)","3 (Bueno)","3 (Bueno)","3 (Bueno)","3 (Bueno)","3 (Bueno)","3 (Bueno)","3 (Bueno)","3 (Bueno)",Alto,"Es muy bueno, son temas muy importantes para nuestro trabajo.","Los tiempos y plazos fueron muy cortos. Aparte que comenzaron  en fechas con más actividad. El regreso a clases presenciales, y todos sabemos  son tiempos diferentes y complicados.","Creo sería mejor comenzar desde marzo y con más tiempo cada curso, para poder realizar con más dedicación todo el proceso,"
27,Satisfecho,Sí,No,Sí,"Más de lo esperado","6-8 horas","Los conozco y me son familiares, pero no los manejo en profundidad.","3 (Bueno)","3 (Bueno)","2 (Malo)","3 (Bueno)","3 (Bueno)","3 (Bueno)","3 (Bueno)","3 (Bueno)","3 (Bueno)","2 (Malo)","3 (Bueno)","3 (Bueno)","3 (Bueno)","3 (Bueno)","3 (Bueno)","Muy alto","Comprender la importancia de la evaluación","la cantidad de actividades","menor cantidad de actividades"
28,Satisfecho,Sí,No,Sí,"Lo esperado","4-6 horas","He escuchado de los contenidos, pero no los conocía.","3 (Bueno)","3 (Bueno)","3 (Bueno)","3 (Bueno)","3 (Bueno)","3 (Bueno)","3 (Bueno)","3 (Bueno)","3 (Bueno)","3 (Bueno)","3 (Bueno)","3 (Bueno)","3 (Bueno)","3 (Bueno)","3 (Bueno)",Alto,"BUENA INFORMACION LA QUE SE ENTREGA","EL PORTAL PARA RESPONDER EVALUACIONES, SE COLAPSABA","QUE LOS CURSOS, SEAN DE FORMA MENSUAL, NO TODOS JUNTOS"
29,Satisfecho,Sí,Sí,Sí,"Más de lo esperado","Más de 8 horas","Los conozco y me son familiares, pero no los manejo en profundidad.","4 (Muy bueno)","3 (Bueno)","4 (Muy bueno)","4 (Muy bueno)","4 (Muy bueno)","4 (Muy bueno)","4 (Muy bueno)","4 (Muy bueno)","4 (Muy bueno)","4 (Muy bueno)","4 (Muy bueno)","4 (Muy bueno)","3 (Bueno)","3 (Bueno)","4 (Muy bueno)",Alto,"El aprender a elaborar un informe de gestión.","Que trae poco video.","Para todos los cursos que sean en otra fecha ya que a fin de año hay un exceso de carga laboral y muchas veces no alcanzamos o no podemos cumplir con los plazos establecidos."
30,Satisfecho,Sí,Sí,Sí,"Lo esperado","2-3 horas","He escuchado de los contenidos, pero no los conocía.","3 (Bueno)","3 (Bueno)","3 (Bueno)","4 (Muy bueno)","3 (Bueno)","3 (Bueno)","3 (Bueno)","3 (Bueno)","3 (Bueno)","3 (Bueno)","3 (Bueno)","3 (Bueno)","3 (Bueno)","3 (Bueno)","3 (Bueno)",Alto,"que me enseño varias cosas","hay cosas que realmente nunca entendí",nada
31,"Muy Satisfecho",Sí,Sí,Sí,"Lo esperado","6-8 horas","No los conocía; no había escuchado de estos.","3 (Bueno)","3 (Bueno)","3 (Bueno)","3 (Bueno)","3 (Bueno)","3 (Bueno)","3 (Bueno)","3 (Bueno)","3 (Bueno)","3 (Bueno)","3 (Bueno)","3 (Bueno)","3 (Bueno)","3 (Bueno)","3 (Bueno)","Muy alto","QUE HE APRENDIDO","LAS PREGUNTAS QUE ESTABAN MUY REBUSCADAS","DAR MAS TIEMPO EN RESOLVER LAS EVALUACIONES"
32,Satisfecho,Sí,Sí,Sí,"Lo esperado","6-8 horas","Los conozco y me son familiares, pero no los manejo en profundidad.","3 (Bueno)","3 (Bueno)","3 (Bueno)","3 (Bueno)","2 (Malo)","2 (Malo)","3 (Bueno)","3 (Bueno)","3 (Bueno)","3 (Bueno)","3 (Bueno)","3 (Bueno)","3 (Bueno)","2 (Malo)","2 (Malo)",Bajo,"Las ideas de hacer un trabajo planificado en la biblioteca.","No saber o no tener un mapa de progreso sobre lo que yo hice, ya que a veces salgan como no hechas, volviendo a hacerlas y que no podía acceder a los recursos de los módulos a través de mi celular.","Acceder a un mapa de progreso de las actividades hechas, que se acceda desde cualquier lugar a la página,  como a tutor."
33,"Muy Satisfecho",Sí,Sí,Sí,"Mucho más de lo esperado","Más de 8 horas","Los conozco y me son familiares, pero no los manejo en profundidad.","4 (Muy bueno)","4 (Muy bueno)","4 (Muy bueno)","4 (Muy bueno)","4 (Muy bueno)","4 (Muy bueno)","4 (Muy bueno)","4 (Muy bueno)","4 (Muy bueno)","4 (Muy bueno)","4 (Muy bueno)","4 (Muy bueno)","4 (Muy bueno)","4 (Muy bueno)","4 (Muy bueno)",Alto,"El aprendizaje","el tiempo","que fueran preguntas con mas intentos"
34,Satisfecho,Sí,Sí,Sí,"Lo esperado","2-3 horas","No los conocía; no había escuchado de estos.","3 (Bueno)","3 (Bueno)","3 (Bueno)","3 (Bueno)","3 (Bueno)","3 (Bueno)","3 (Bueno)","3 (Bueno)","3 (Bueno)","3 (Bueno)","3 (Bueno)","3 (Bueno)","3 (Bueno)","3 (Bueno)","3 (Bueno)",Alto,"De lo importante que es la autoevaluacion para entregar una buena ayuda a los estudiantes.","vuelvo a repetirlo , el que no halla sido presencial.","Que una o dos veces sea presencial."
35,"Muy Satisfecho",Sí,Sí,Sí,"Mucho más de lo esperado","4-6 horas","Los conozco y me son familiares, pero no los manejo en profundidad.","4 (Muy bueno)","4 (Muy bueno)","4 (Muy bueno)","4 (Muy bueno)","3 (Bueno)","4 (Muy bueno)","4 (Muy bueno)","4 (Muy bueno)","4 (Muy bueno)","4 (Muy bueno)","4 (Muy bueno)","4 (Muy bueno)","4 (Muy bueno)","3 (Bueno)","4 (Muy bueno)","Muy alto","Valoro mucho la disponibilidad de los tutores para responder las dudas.","Me fue complejo al principio avanzar del módulo 1 al 2, no se si sería problema de la página, pero no me aparecían los contenidos.","Quizás se podría mejorar, el tema que las actividades sean revisadas por los tutores y no hacer autoevaluaciones entre los participantes del curso."
36,"Muy Satisfecho",Sí,Sí,Sí,"Más de lo esperado","2-3 horas","Los conozco y me son familiares, pero no los manejo en profundidad.","3 (Bueno)","4 (Muy bueno)","3 (Bueno)","4 (Muy bueno)","4 (Muy bueno)","4 (Muy bueno)","4 (Muy bueno)","4 (Muy bueno)","4 (Muy bueno)","4 (Muy bueno)","4 (Muy bueno)","4 (Muy bueno)","3 (Bueno)","4 (Muy bueno)","3 (Bueno)",Alto,"Su utilidad. Se suscribe a la realidad de muchos de los colegios, por lo que me pareció muy valorable.","Fue muy extenso y largo, y algunas actividades eran muy extenuantes, dada, además, la carga laboral.","El curso está muy bueno en niveles generales. Insisto en que sus actividades son muy largas, pero fuera de ello, me pareció tremendamente útil."
37,Satisfecho,Sí,Sí,Sí,"Más de lo esperado","2-3 horas","Los conozco y me son familiares, pero no los manejo en profundidad.","3 (Bueno)","4 (Muy bueno)","3 (Bueno)","3 (Bueno)","3 (Bueno)","4 (Muy bueno)","4 (Muy bueno)","4 (Muy bueno)","3 (Bueno)","3 (Bueno)","3 (Bueno)","4 (Muy bueno)","3 (Bueno)","3 (Bueno)","3 (Bueno)","Muy alto","la claridad de la orientación y los vídeos","que podría haber  otras formas de comunicarnos con los colegas y poder hacer un tipo debate","que fuera presencial ya que no es lo mismo por Internet"
38,Satisfecho,Sí,Sí,Sí,"Más de lo esperado","2-3 horas","He escuchado de los contenidos, pero no los conocía.","4 (Muy bueno)","3 (Bueno)","4 (Muy bueno)","4 (Muy bueno)","3 (Bueno)","2 (Malo)","4 (Muy bueno)","4 (Muy bueno)","4 (Muy bueno)","4 (Muy bueno)","4 (Muy bueno)","3 (Bueno)","3 (Bueno)","4 (Muy bueno)","3 (Bueno)",Alto,"los contenidos que se nos entregaron en el  curso fueron claros y precisos de acuerdo a las funciones  y actividades que debemos desarrollar los encargados del CRA para tener una mejor mirada y de acuerdo a los nuevos tiempos que enfrentaremos con la tecnología, e innovación en las bibliotecas  virtuales y redes sociales","lo que menos me gusto del curso fue que sea virtual ya que se producen muchos problemas de conectividad","seria mejor realizarlo presencial"
39,Satisfecho,Sí,Sí,Sí,"Lo esperado","Más de 8 horas","Los conozco y me son familiares, pero no los manejo en profundidad.","3 (Bueno)","3 (Bueno)","3 (Bueno)","3 (Bueno)","3 (Bueno)","3 (Bueno)","3 (Bueno)","3 (Bueno)","3 (Bueno)","3 (Bueno)","3 (Bueno)","3 (Bueno)","3 (Bueno)","3 (Bueno)","3 (Bueno)",Bajo,"Que aprendido nuevas técnicas y contenidos","Que el contenido del Curso es muy pedagógico.","La sugerencia seria que tuviera contenidos mas administrativos para el trabajo de encargada Cra."
40,Satisfecho,Sí,Sí,Sí,"Lo esperado","2-3 horas","He escuchado de los contenidos, pero no los conocía.","3 (Bueno)","3 (Bueno)","3 (Bueno)","3 (Bueno)","3 (Bueno)","3 (Bueno)","3 (Bueno)","3 (Bueno)","3 (Bueno)","2 (Malo)","3 (Bueno)","2 (Malo)","2 (Malo)","2 (Malo)","3 (Bueno)",Alto,"que son cursos que nos ayudan mucho en nuestro desempeño de la biblioteca, y que sean on- line es bueno para ahorrar tiempo en nuestras labores diarias","lo que menos me gusto del curso es que hay mucha información en cada modulo, por ende se confunden algunos términos y actividades para realizar","las sugerencias a realizar es que  se realicen cursos pero con periodos mas largos de tiempo para   aprender y desarrollar  actividades y complementarlas"
41,Satisfecho,Sí,Sí,Sí,"Lo esperado","2-3 horas","Los conozco y me son familiares, pero no los manejo en profundidad.","3 (Bueno)","3 (Bueno)","3 (Bueno)","3 (Bueno)","2 (Malo)","3 (Bueno)","3 (Bueno)","3 (Bueno)","3 (Bueno)","3 (Bueno)","3 (Bueno)","3 (Bueno)","3 (Bueno)","3 (Bueno)","3 (Bueno)",Alto,"El contenido","No hay nada que no me halla gustado, disfrute mucho del curso...","Tal vez la redacción de las preguntas para una mejor comprensión..."
42,"Muy Satisfecho",Sí,Sí,Sí,"Más de lo esperado","4-6 horas","Los conozco y me son familiares, pero no los manejo en profundidad.","4 (Muy bueno)","3 (Bueno)","3 (Bueno)","4 (Muy bueno)","4 (Muy bueno)","4 (Muy bueno)","3 (Bueno)","4 (Muy bueno)","4 (Muy bueno)","4 (Muy bueno)","3 (Bueno)","4 (Muy bueno)","3 (Bueno)","4 (Muy bueno)","3 (Bueno)",Alto,"el echo de ser modalidad abierta, que lo puedo realizar a mi tiempo y ritmo, que puedo repasar cada que quiera el modulo o preguntas.","darme cuenta que hay conceptos que no manejaba, darme cuenta que mi biblioteca no es parte del PEI de mi colegio y que éste esta desactualizado (2017).
respecto del curso, las falencias al iniciar que se cerraban las encuestas... pero nada mas.","quizas dejarlo para poder revisar en el futuro, en lo posible."
43,Satisfecho,Sí,Sí,Sí,"Lo esperado","Más de 8 horas","Los conozco y me son familiares, pero no los manejo en profundidad.","3 (Bueno)","3 (Bueno)","3 (Bueno)","3 (Bueno)","3 (Bueno)","3 (Bueno)","3 (Bueno)","3 (Bueno)","3 (Bueno)","3 (Bueno)","3 (Bueno)","3 (Bueno)","3 (Bueno)","3 (Bueno)","3 (Bueno)",Alto,"Sus contenidos,aprender hacer informes de gestión, gráficos.etc.","Que en las evaluaciones te preguntes contenidos que se haya pasado en el curso.","Que mejore la redacción de los enunciados de las preguntas en las evaluaciones por que son confusas"
44,"Muy Satisfecho",Sí,Sí,Sí,"Mucho más de lo esperado","4-6 horas","Los conozco y me son familiares, pero no los manejo en profundidad.","4 (Muy bueno)","4 (Muy bueno)","4 (Muy bueno)","4 (Muy bueno)","4 (Muy bueno)","4 (Muy bueno)","4 (Muy bueno)","4 (Muy bueno)","4 (Muy bueno)","4 (Muy bueno)","4 (Muy bueno)","4 (Muy bueno)","4 (Muy bueno)","4 (Muy bueno)","4 (Muy bueno)","Muy alto","Me ha dado mas seguridad en los pasos a seguir y claridad hacia donde llegar.","Todo bien.","Que talvez se adopte mas a la actualidad, me refiero que debido a la pandemia los procedimientos ya no son los mismos a lo acostumbrado."
45,"Muy Insatisfecho",Sí,No,No,"Más de lo esperado","4-6 horas","Los conozco y me son familiares, pero no los manejo en profundidad.","4 (Muy bueno)","4 (Muy bueno)","4 (Muy bueno)","4 (Muy bueno)","4 (Muy bueno)","4 (Muy bueno)","4 (Muy bueno)","4 (Muy bueno)","4 (Muy bueno)","4 (Muy bueno)","4 (Muy bueno)","4 (Muy bueno)","4 (Muy bueno)","4 (Muy bueno)","4 (Muy bueno)","Muy alto","Horario flexible,  ingresar a la plataforma en cualquier momento  y uno manejar los tiempos de trabajo","Ser programado fin de año  en fecha de más actividades  y  casi todos los cursos  juntos","La  bienvenida a los cursos  después
de iniciados."
46,"Muy Satisfecho",Sí,Sí,Sí,"Mucho más de lo esperado","Más de 8 horas","He escuchado de los contenidos, pero no los conocía.","4 (Muy bueno)","3 (Bueno)","3 (Bueno)","4 (Muy bueno)","4 (Muy bueno)","4 (Muy bueno)","4 (Muy bueno)","4 (Muy bueno)","4 (Muy bueno)","4 (Muy bueno)","4 (Muy bueno)","4 (Muy bueno)","4 (Muy bueno)","4 (Muy bueno)","4 (Muy bueno)","Muy alto","La cantidad de conceptos y herramientas que ahora tengo para desarrollar mi labor.","el tiempo para desarrollar las actividades, tomando en cuenta que tenemos otros cursos en los que estamos participando.","ver la posibilidad de mostrar en los videos las bibliotecas de nuestro país."
47,Satisfecho,Sí,No,Sí,"Lo esperado","2-3 horas","Los conozco y me son familiares, pero no los manejo en profundidad.","3 (Bueno)","3 (Bueno)","2 (Malo)","3 (Bueno)","1 (Muy malo)","1 (Muy malo)","2 (Malo)","2 (Malo)","2 (Malo)","2 (Malo)","3 (Bueno)","2 (Malo)","2 (Malo)","2 (Malo)","1 (Muy malo)",Alto,"actualizar contenidos y conceptos relacionados con el trabajo en el CRA.","MUCHOS TRABAJOS, MUCHOS FOROS.","poder descargar&quot;todos&quot; los contenidos para un uso futuro.
Menos foros , menos trabajos prácticos que quitan mucho tiempo."
48,Satisfecho,Sí,Sí,Sí,"Más de lo esperado","6-8 horas","Los conozco y me son familiares, pero no los manejo en profundidad.","3 (Bueno)","3 (Bueno)","3 (Bueno)","3 (Bueno)","3 (Bueno)","3 (Bueno)","3 (Bueno)","3 (Bueno)","3 (Bueno)","3 (Bueno)","3 (Bueno)","3 (Bueno)","3 (Bueno)","4 (Muy bueno)","3 (Bueno)","Muy alto","El contenido es muy bueno para irnos perfeccionando cada día.","Deberían  tomar en cuenta el tiempo y dar mas plazo para realizarlo","Que tengamos mas información acerca de cada actividad que se este  realizando"
49,Satisfecho,Sí,Sí,Sí,"Más de lo esperado","4-6 horas","He escuchado de los contenidos, pero no los conocía.","3 (Bueno)","3 (Bueno)","3 (Bueno)","4 (Muy bueno)","3 (Bueno)","3 (Bueno)","3 (Bueno)","3 (Bueno)","3 (Bueno)","4 (Muy bueno)","3 (Bueno)","3 (Bueno)","3 (Bueno)","4 (Muy bueno)","3 (Bueno)",Alto,"Las actividades de aprendizajes muy didácticas.","El cambio de preguntas del segundo intento de cada evaluación.","Comenzar en Marzo, en esta fecha uno se encuentra más agotada para una buena concentración."
50,"Muy Satisfecho",Sí,Sí,Sí,"Mucho más de lo esperado","Más de 8 horas","He escuchado de los contenidos, pero no los conocía.","4 (Muy bueno)","3 (Bueno)","4 (Muy bueno)","4 (Muy bueno)","3 (Bueno)","4 (Muy bueno)","4 (Muy bueno)","4 (Muy bueno)","4 (Muy bueno)","4 (Muy bueno)","4 (Muy bueno)","4 (Muy bueno)","3 (Bueno)","4 (Muy bueno)","4 (Muy bueno)",Alto,"La incorporación de conceptos actualizados, que sólo conocía en forma superficial. 
Además de las herramientas digitales que no conocía (Ejemplo, como hacer una infografía).
Valoro mucho el material de consulta descargable de los módulos, y me encantó el Rompecabezas.","No puedo hacer un reparo al curso, ya que todo ha sido un aporte para mi.","Sería recomendable agregar ejemplos prácticos en los módulos para un mayor entendimiento del tema."
51,"Muy Satisfecho",Sí,Sí,Sí,"Mucho más de lo esperado","Más de 8 horas","He escuchado de los contenidos, pero no los conocía.","4 (Muy bueno)","4 (Muy bueno)","4 (Muy bueno)","4 (Muy bueno)","3 (Bueno)","3 (Bueno)","4 (Muy bueno)","4 (Muy bueno)","4 (Muy bueno)","4 (Muy bueno)","4 (Muy bueno)","3 (Bueno)","4 (Muy bueno)","4 (Muy bueno)","4 (Muy bueno)","Muy alto","Ls contenidos tratados","El tiempo en que se efectuó y el lanzar varios cursos a la vez.","Coordinar los cursos de modo que  no se lancen todos al mismo tiempo ya que provoca mucha ansiedad y preocupación para los participantes, por la gran cantidad de contenidos que cada uno tiene."
52,"Muy Satisfecho",Sí,Sí,Sí,"Mucho más de lo esperado","Más de 8 horas","Los conozco y me son familiares, pero no los manejo en profundidad.","4 (Muy bueno)","4 (Muy bueno)","4 (Muy bueno)","4 (Muy bueno)","3 (Bueno)","4 (Muy bueno)","4 (Muy bueno)","3 (Bueno)","4 (Muy bueno)","3 (Bueno)","3 (Bueno)","3 (Bueno)","4 (Muy bueno)","4 (Muy bueno)","2 (Malo)",Alto,"Qué a la biblioteca escolar de la escuela donde yo trabajo, le hace mucha falta organizar todo el trabajo mediante un informe de gestión, el cual me comprometo a realizarlo a comienzos del año 2022...","Qué no presenten la importancia de difundir el real funcionamiento del equipo que forma parte la Biblioteca CRA, en un trabajo directo con sus estudiantes.","- Enseñar a utilizar los manuales biblioCRA.
- Mostrar ejemplos de Informes de Gestión del funcionamiento de la Biblioteca Escolar CRA."
53,Satisfecho,Sí,Sí,Sí,"Lo esperado","Más de 8 horas","Los conozco y me son familiares, pero no los manejo en profundidad.","4 (Muy bueno)","3 (Bueno)","3 (Bueno)","4 (Muy bueno)","3 (Bueno)","4 (Muy bueno)","3 (Bueno)","3 (Bueno)","3 (Bueno)","4 (Muy bueno)","4 (Muy bueno)","4 (Muy bueno)","3 (Bueno)","3 (Bueno)","4 (Muy bueno)",Alto,"El compartir experiencias con otros encargados de CRA en los foros propuestos. Otra cosa que valoro del curso es el tema de la autoevaluación, que no lo tenía tan considerado, pero de ahora en adelante trataré de que sea un proceso constante.","Con tantas actividades se producía una confusión entre los diferentes links y me demoraba en encontrar lo que yo quería.","Aumentar la duración del curso, ya que la realidad de cada encargado es diferente y muchas veces los que trabajamos solos en la biblioteca nos vemos limitados de tiempo ya que cumplimos muchos roles en el establecimiento."
54,Satisfecho,Sí,Sí,Sí,"Más de lo esperado","Más de 8 horas","Los conozco y me son familiares, pero no los manejo en profundidad.","3 (Bueno)","3 (Bueno)","3 (Bueno)","3 (Bueno)","3 (Bueno)","3 (Bueno)","3 (Bueno)","3 (Bueno)","3 (Bueno)","3 (Bueno)","3 (Bueno)","3 (Bueno)","3 (Bueno)","3 (Bueno)","3 (Bueno)",Alto,"Que lo aprendido lo pude llevar a la practica","Las pocas horas destinadas para los trabajos y estudios","La tecnología ante las evaluaciones pocos claras"
55,Satisfecho,Sí,Sí,Sí,"Lo esperado","6-8 horas","Los conozco y me son familiares, pero no los manejo en profundidad.","3 (Bueno)","3 (Bueno)","3 (Bueno)","3 (Bueno)","3 (Bueno)","3 (Bueno)","3 (Bueno)","3 (Bueno)","3 (Bueno)","3 (Bueno)","3 (Bueno)","3 (Bueno)","3 (Bueno)","3 (Bueno)","3 (Bueno)",Alto,"Conoci nuevas experiencias de parte de mis colegas y conceptos nuevos que me van a servir mucho en mi labor de encargado","La plataforma no fue muy facilde aplicarlo","Que la plataforma sea mas facil de ocupar."
56,"Muy Satisfecho",Sí,No,Sí,"Más de lo esperado","Más de 8 horas","Los conozco y me son familiares, pero no los manejo en profundidad.","3 (Bueno)","3 (Bueno)","3 (Bueno)","3 (Bueno)","3 (Bueno)","1 (Muy malo)","3 (Bueno)","3 (Bueno)","3 (Bueno)","3 (Bueno)","3 (Bueno)","3 (Bueno)","3 (Bueno)","4 (Muy bueno)","3 (Bueno)",Alto,"las nuevos aprendizajes y estrategias para fomentar la lectura","la respuesta desde el correo de soporte, muy lento y desmotivador esperar mas de una smeana para solución, lo cual retrasa y desmotiva para continuar con el curso","tener un fono llamado, algo mas directo, para poder comunicarse con alguien en caso de algun problema, ya que se demoran mucho"
57,Satisfecho,Sí,Sí,Sí,"Más de lo esperado","4-6 horas","Los conozco y me son familiares, pero no los manejo en profundidad.","3 (Bueno)","3 (Bueno)","3 (Bueno)","3 (Bueno)","3 (Bueno)","2 (Malo)","3 (Bueno)","3 (Bueno)","3 (Bueno)","3 (Bueno)","3 (Bueno)","3 (Bueno)","3 (Bueno)","3 (Bueno)","2 (Malo)","Muy alto","La metodología y el aprendizaje","La plataforma fue muy lenta en dar  respuesta a las inquietudes que se  enviaban.","TENER UNA RESPUESTA MAS RAPIDA DE LA PLATAFORMA"
58,Satisfecho,Sí,Sí,Sí,"Más de lo esperado","Más de 8 horas","He escuchado de los contenidos, pero no los conocía.","3 (Bueno)","3 (Bueno)","3 (Bueno)","3 (Bueno)","3 (Bueno)","3 (Bueno)","3 (Bueno)","3 (Bueno)","3 (Bueno)","3 (Bueno)","3 (Bueno)","3 (Bueno)","3 (Bueno)","3 (Bueno)","3 (Bueno)",Alto,"Que aprendí estrategias y conceptos nuevos referidos a Biblioteca Escolar.","En un principio tuve muchas dificultades con la primera evaluación porque se contestaba solo el cuestionario y no me permitía poner las respuestas.","Que sigan igual, pero en un vídeo se habla de una biblioteca escolar de escuela básica y se critica que no tenga material para enseñanza media ¿?"
59,Insatisfecho,No,No,Sí,"Lo esperado","4-6 horas","Los conozco y me son familiares, pero no los manejo en profundidad.","4 (Muy bueno)","4 (Muy bueno)","3 (Bueno)","2 (Malo)","3 (Bueno)","2 (Malo)","4 (Muy bueno)","4 (Muy bueno)","4 (Muy bueno)","4 (Muy bueno)","3 (Bueno)","2 (Malo)","2 (Malo)","2 (Malo)","2 (Malo)",Alto,"LA VERDAD QUE ME SIRVIÓ COMO UNA AUTOEVALUACIÓN PARA DARME CUENTA QUE TAN BIEN ESTOY TRABAJANDO Y QUE ME FALTA POR HACER","LA PLATAFORMA TAN POCO AMIGABLE.DIFÍCIL DE MANEJAR ,DEMASIADAS ACTIVIDADES JUNTAS CUESTIONARIOS TAREAS QUE UNO NO TIENE LA SEGURIDAD SI FUERON RECIBIDAS .NO LO CONSIDERÉ DIF´CIL, NO HAY UNA RETROALIMENTACIÓN EN EL PROCEO QUE INDIQUE QUE ESTA BIEN ,QUE ESTA MAL ,O QUE TE FALTA .
EXISTEN PLATAFORMAS MÁS SENCILLAS .ES COMO TRABAJAR A CIEGAS","QUE LA PLATAFORMA TE DIERA UNA PISTA DE COMO VAS TRABAJANDO ,QUE AL MENOS SEÑLE QUE RECEPCIONARON TU TRABAJO ,
QUE EVALUEN TODO ,ES LA ÚNICA FORMA DE AUTOAPRENDIZAJE ."
60,"Muy Satisfecho",Sí,Sí,Sí,"Más de lo esperado","4-6 horas","He escuchado de los contenidos, pero no los conocía.","4 (Muy bueno)","3 (Bueno)","3 (Bueno)","3 (Bueno)","4 (Muy bueno)","3 (Bueno)","3 (Bueno)","3 (Bueno)","3 (Bueno)","3 (Bueno)","3 (Bueno)","3 (Bueno)","3 (Bueno)","2 (Malo)","3 (Bueno)","Muy alto","los datos de páginas para aplicar informes, encuestas etc","lo largo de las actividades por cada módulo","que fuese más corto y con un tutor más presencial."
61,"Muy Insatisfecho",Sí,Sí,Sí,"Más de lo esperado","4-6 horas","Los conozco y me son familiares, pero no los manejo en profundidad.","4 (Muy bueno)","4 (Muy bueno)","4 (Muy bueno)","4 (Muy bueno)","4 (Muy bueno)","4 (Muy bueno)","4 (Muy bueno)","4 (Muy bueno)","4 (Muy bueno)","4 (Muy bueno)","4 (Muy bueno)","4 (Muy bueno)","4 (Muy bueno)","4 (Muy bueno)","4 (Muy bueno)","Muy alto","preocupación por perfeccionar al personal","asignación de un tutor",tutor
62,Insatisfecho,Sí,Sí,Sí,"Menos de lo esperado","2-3 horas","Los conozco y me son familiares, pero no los manejo en profundidad.","4 (Muy bueno)","4 (Muy bueno)","4 (Muy bueno)","4 (Muy bueno)","4 (Muy bueno)","4 (Muy bueno)","4 (Muy bueno)","4 (Muy bueno)","4 (Muy bueno)","4 (Muy bueno)","4 (Muy bueno)","4 (Muy bueno)","4 (Muy bueno)","4 (Muy bueno)","3 (Bueno)","Muy alto","la claridad de los contenidos","al principio cuando se contestaba se cerraba de inmediato pero ya fue solucionado","no tengo"
63,"Muy Satisfecho",Sí,Sí,Sí,"Más de lo esperado","4-6 horas","He escuchado de los contenidos, pero no los conocía.","3 (Bueno)","3 (Bueno)","3 (Bueno)","3 (Bueno)","3 (Bueno)","3 (Bueno)","3 (Bueno)","3 (Bueno)","3 (Bueno)","3 (Bueno)","3 (Bueno)","2 (Malo)","2 (Malo)","3 (Bueno)","3 (Bueno)",Alto,"Haber aprendido mucho más de lo esperado. Tengo nuevas herramientas para enfrentar mi trabajo.","La plataforma es poco amigable, tuve problemas al principio para responder evaluaciones y entrar a los foros.","Mejorar la aplicación y que los webinar sean mucho antes que empiecen los cursos para orientar mejor, que se basen más en enseñar a usar la página que en repetir fechas."
64,"Muy Satisfecho",Sí,Sí,Sí,"Más de lo esperado","2-3 horas","Los conozco y me son familiares, pero no los manejo en profundidad.","3 (Bueno)","3 (Bueno)","3 (Bueno)","3 (Bueno)","3 (Bueno)","3 (Bueno)","3 (Bueno)","3 (Bueno)","3 (Bueno)","3 (Bueno)","3 (Bueno)","3 (Bueno)","3 (Bueno)","3 (Bueno)","3 (Bueno)",Alto,"que me ha ayudado mucho","que no te dan mucho material para poder estudiarlo con mayor detalle","mejoras en el material"
65,Satisfecho,Sí,Sí,Sí,"Lo esperado","Más de 8 horas","Los conozco y me son familiares, pero no los manejo en profundidad.","3 (Bueno)","3 (Bueno)","3 (Bueno)","3 (Bueno)","3 (Bueno)","2 (Malo)","3 (Bueno)","3 (Bueno)","3 (Bueno)","3 (Bueno)","3 (Bueno)","2 (Malo)","2 (Malo)","3 (Bueno)","2 (Malo)",Bajo,"Los contenidos entregados","Mucha lectura la cual por tiempo es imposible leerlas","ejemplificar mas los contenidos"
66,Satisfecho,Sí,Sí,Sí,"Lo esperado","4-6 horas","Los conozco y me son familiares, pero no los manejo en profundidad.","4 (Muy bueno)","4 (Muy bueno)","4 (Muy bueno)","4 (Muy bueno)","4 (Muy bueno)","2 (Malo)","3 (Bueno)","4 (Muy bueno)","4 (Muy bueno)","3 (Bueno)","3 (Bueno)","2 (Malo)","2 (Malo)","3 (Bueno)","3 (Bueno)",Alto,"el aprendizaje de uso de herramientas y contenido entregado.","los foros y la forma de comunicación y respuestas.","establecer un lugar más claro para depositar las actividades realizadas."
