﻿"Respuesta número","En general, ¿cuál es su nivel de satisfacción con el curso que acaba de terminar?","¿Recomendaría este curso a otro encargado de biblioteca?                       ","¿Volvería a realizar un curso de estas mismas características?          ","¿Eran coherentes las actividades de aprendizaje propuestas para el curso?","Según la percepción de su proceso de aprendizaje y las características de este curso, ¿cuánto considera que aprendió?","¿Cuántas horas cronológicas semanales dedicó a este curso?","¿Qué tan familiares son para usted los contenidos tratados en el curso?","Claridad de los contenidos del curso (temas, definiciones, términos conceptuales, etc.).","Contextualización de los contenidos a su realidad laboral.","La progresión de la secuencia de aprendizaje para ir tratando los contenidos del curso.","Claridad del diseño gráfico de las pantallas de la plataforma.","Facilidad de navegación en la plataforma.","El funcionamiento de la mesa de ayuda para estudiantes (mediante contacto por correo electrónico).","Claridad de las actividades de aprendizaje propuestas.","Consistencia de las actividades de aprendizaje propuestas con los aprendizajes del curso.","Coherencia de las actividades de aprendizaje propuestas.","Cantidad de información aportada por el curso.","Profundidad en el tratamiento de los aprendizajes esperados.","Claridad de las instrucciones de las actividades.","Claridad de las instrucciones y preguntas en las evaluaciones.","Calidad de las orientaciones para retroalimentar las actividades y evaluaciones.","El apoyo del tutor para responder preguntas en el foro.","¿Cómo evaluaría el nivel de transferencia de los aprendizajes a su contexto laboral?","¿Qué es lo que más valora del curso que acaba de terminar?              ","¿Qué es lo que menos le gustó del curso que acaba de terminar?          ","¿Qué sugerencias haría para mejorar el curso en el futuro?"
1,Satisfecho,Sí,Sí,Sí,"Más de lo esperado","4-6 horas","He escuchado de los contenidos, pero no los conocía.","3 (Bueno)","3 (Bueno)","3 (Bueno)","3 (Bueno)","3 (Bueno)","2 (Malo)","3 (Bueno)","3 (Bueno)","3 (Bueno)","4 (Muy bueno)","3 (Bueno)","2 (Malo)","3 (Bueno)","3 (Bueno)","3 (Bueno)",Alto,"Valoro todo lo aprendido ,ya que sera muy util para mi trabajo y para estar acorde he informada en el tema de educacion con los docentes.","solo el tiempo que hay que dedicar a las actividades ,que por trabajo a fin de año cuesta un poco.","que las reuniones virtuales sean mas de hablar de cada tarea y no de  el problema que tenga cada uno , personal."
2,"Muy Satisfecho",Sí,Sí,Sí,"Más de lo esperado","2-3 horas","Los conozco y me son familiares, pero no los manejo en profundidad.","3 (Bueno)","3 (Bueno)","3 (Bueno)","3 (Bueno)","3 (Bueno)","3 (Bueno)","3 (Bueno)","3 (Bueno)","3 (Bueno)","3 (Bueno)","3 (Bueno)","3 (Bueno)","3 (Bueno)","3 (Bueno)","3 (Bueno)",Alto,"La informacion de los webinars para desarrollar los contenidos","Muchos videos en cada modulo","mas material complementario para desarrollar los modulos."
3,Satisfecho,Sí,Sí,Sí,"Lo esperado","2-3 horas","He escuchado de los contenidos, pero no los conocía.","3 (Bueno)","3 (Bueno)","3 (Bueno)","3 (Bueno)","3 (Bueno)","3 (Bueno)","3 (Bueno)","3 (Bueno)","3 (Bueno)","3 (Bueno)","3 (Bueno)","3 (Bueno)","3 (Bueno)","3 (Bueno)","3 (Bueno)",Alto,"Agradecer el aprendizaje de este curso.","Faltó mas tiempo  y que los cursos , no los hagan casi a final de año.","Que fueran cursos mas cortos."
4,Satisfecho,Sí,Sí,Sí,"Lo esperado","2-3 horas","He escuchado de los contenidos, pero no los conocía.","3 (Bueno)","3 (Bueno)","3 (Bueno)","4 (Muy bueno)","4 (Muy bueno)","3 (Bueno)","3 (Bueno)","3 (Bueno)","3 (Bueno)","4 (Muy bueno)","3 (Bueno)","3 (Bueno)","3 (Bueno)","3 (Bueno)","3 (Bueno)",Alto,"El aprendizaje de los conceptos que desconocia.","No tiene aspecto negativo,","Sin sugerencias."
5,Satisfecho,Sí,Sí,Sí,"Más de lo esperado","4-6 horas","He escuchado de los contenidos, pero no los conocía.","3 (Bueno)","3 (Bueno)","3 (Bueno)","3 (Bueno)","3 (Bueno)","3 (Bueno)","3 (Bueno)","3 (Bueno)","3 (Bueno)","3 (Bueno)","3 (Bueno)","3 (Bueno)","3 (Bueno)","3 (Bueno)","3 (Bueno)",Alto,"LA RETROALIMENTACION","A VECES LAS ACTIVIDADES","PLATAFORMA MAS INTERACTIVA"
6,Satisfecho,Sí,Sí,Sí,"Más de lo esperado","6-8 horas","Los conozco y me son familiares, pero no los manejo en profundidad.","3 (Bueno)","3 (Bueno)","3 (Bueno)","3 (Bueno)","3 (Bueno)","3 (Bueno)","3 (Bueno)","3 (Bueno)","3 (Bueno)","3 (Bueno)","3 (Bueno)","3 (Bueno)","3 (Bueno)","3 (Bueno)","3 (Bueno)",Alto,"El haber obtenido conocimientos mas profundos sobre la lectura y la escritura.","El no haber terminado las actividades referente a la ABP en la cual tenia que enviar una planificación de lectura digital y no pude entrar a la plataforma Biblioteca Digital  según esta no estaba autorizada .","Fortalecer el acompañamiento a los alumnos que se les dificulta mas entregando tutoriales del manejo de las plataforma."
7,Insatisfecho,Sí,No,No,"Lo esperado","Más de 8 horas","He escuchado de los contenidos, pero no los conocía.","3 (Bueno)","3 (Bueno)","3 (Bueno)","3 (Bueno)","3 (Bueno)","3 (Bueno)","2 (Malo)","3 (Bueno)","3 (Bueno)","2 (Malo)","3 (Bueno)","2 (Malo)","2 (Malo)","3 (Bueno)","3 (Bueno)",Alto,"algunos conocimientos nuevos","Que las pruebas no tenían que ver con las evaluaciones","QUE LAS PRUEGUNTAS FUERAN MAS CLARAS Y CON MENOS TECNICISMOS"
8,"Muy Satisfecho",Sí,Sí,Sí,"Más de lo esperado","2-3 horas","Los conozco y me son familiares, pero no los manejo en profundidad.","3 (Bueno)","3 (Bueno)","3 (Bueno)","3 (Bueno)","4 (Muy bueno)","3 (Bueno)","3 (Bueno)","3 (Bueno)","4 (Muy bueno)","4 (Muy bueno)","3 (Bueno)","3 (Bueno)","3 (Bueno)","3 (Bueno)","3 (Bueno)",Alto,xxxxxxxxxxxxxx,xxxxx,xxxxxx
9,Satisfecho,Sí,Sí,Sí,"Más de lo esperado","2-3 horas","He escuchado de los contenidos, pero no los conocía.","3 (Bueno)","3 (Bueno)","3 (Bueno)","3 (Bueno)","3 (Bueno)","3 (Bueno)","3 (Bueno)","3 (Bueno)","3 (Bueno)","3 (Bueno)","3 (Bueno)","3 (Bueno)","3 (Bueno)","3 (Bueno)","3 (Bueno)",Alto,"valoro el material que fue super bueno para este curso","lo menos que me gusto las actividades que por tiempo no las pude realizar.","deberian hacer cursos mensuales no todos al mismo tiempo."
10,Satisfecho,Sí,No,Sí,"Más de lo esperado","2-3 horas","Los conozco y me son familiares, pero no los manejo en profundidad.","3 (Bueno)","3 (Bueno)","3 (Bueno)","2 (Malo)","2 (Malo)","2 (Malo)","3 (Bueno)","3 (Bueno)","3 (Bueno)","3 (Bueno)","3 (Bueno)","3 (Bueno)","3 (Bueno)","3 (Bueno)","2 (Malo)",Alto,"muchas cosas que aún no conocía, y que ahora espero poner en práctica","la plataforma se me hizo muy complicada","todo en relación con foro"
11,Satisfecho,Sí,No,Sí,"Lo esperado","4-6 horas","Los conozco y me son familiares, pero no los manejo en profundidad.","3 (Bueno)","3 (Bueno)","3 (Bueno)","3 (Bueno)","3 (Bueno)","3 (Bueno)","3 (Bueno)","3 (Bueno)","3 (Bueno)","4 (Muy bueno)","3 (Bueno)","3 (Bueno)","3 (Bueno)","3 (Bueno)","3 (Bueno)",Alto,"El conocer a otros compañeros junto con sus realidades en sus colegios, y también los aprendizajes que nos entregaron","lo que menos me gusto fue que no tuve mucho tiempo para entender bien lo que nos están enseñando pero lo aproveche lo mejor que pude","que los contenidos los pudieran enviar ya que así le sacaríamos mejor provecho(no alcancé a descargar todo) y también que los cursos fueran más claros y no tan difíciles"
12,Satisfecho,Sí,Sí,Sí,"Mucho más de lo esperado","2-3 horas","Los conozco y me son familiares, pero no los manejo en profundidad.","4 (Muy bueno)","4 (Muy bueno)","4 (Muy bueno)","4 (Muy bueno)","3 (Bueno)","4 (Muy bueno)","4 (Muy bueno)","4 (Muy bueno)","4 (Muy bueno)","4 (Muy bueno)","4 (Muy bueno)","4 (Muy bueno)","4 (Muy bueno)","4 (Muy bueno)","4 (Muy bueno)",Alto,"que he aprendido mucho, y pude ver otras realidades de Bibliotecas.","que la plataforma no es tan amigable, cuesta comenzar.","que haya botón claros para adjuntar archivos"
13,"Muy Insatisfecho",Sí,Sí,Sí,"Mucho más de lo esperado","2-3 horas","Los conozco y me son familiares, pero no los manejo en profundidad.","3 (Bueno)","4 (Muy bueno)","3 (Bueno)","3 (Bueno)","3 (Bueno)","3 (Bueno)","3 (Bueno)","3 (Bueno)","3 (Bueno)","4 (Muy bueno)","3 (Bueno)","3 (Bueno)","3 (Bueno)","3 (Bueno)","3 (Bueno)",Alto,"Los contenidos adquiridos","Demasiada información y en las preguntas de las evaluaciones a veces no se veían reflejados los contenidos estudiados.","Que las evaluaciones sean coherentes con los contenidos estudiados."
14,Satisfecho,Sí,Sí,Sí,"Más de lo esperado","2-3 horas","He escuchado de los contenidos, pero no los conocía.","3 (Bueno)","3 (Bueno)","3 (Bueno)","3 (Bueno)","3 (Bueno)","3 (Bueno)","3 (Bueno)","3 (Bueno)","3 (Bueno)","3 (Bueno)","3 (Bueno)","3 (Bueno)","3 (Bueno)","3 (Bueno)","3 (Bueno)",Alto,"La claridad con la que planteaban los temas","Muy tarde las matriculas del comienzo de cursos","Que comience por lo menos en marzo para otra vuelta"
15,"Muy Satisfecho",Sí,Sí,Sí,"Más de lo esperado","4-6 horas","Los conozco y me son familiares, pero no los manejo en profundidad.","3 (Bueno)","3 (Bueno)","3 (Bueno)","3 (Bueno)","3 (Bueno)","3 (Bueno)","3 (Bueno)","3 (Bueno)","3 (Bueno)","4 (Muy bueno)","3 (Bueno)","3 (Bueno)","3 (Bueno)","3 (Bueno)","3 (Bueno)",Alto,"todo  lo que explican","muy corto el tiempo",nada
16,Satisfecho,Sí,Sí,Sí,"Más de lo esperado","2-3 horas","He escuchado de los contenidos, pero no los conocía.","3 (Bueno)","3 (Bueno)","3 (Bueno)","3 (Bueno)","3 (Bueno)","3 (Bueno)","4 (Muy bueno)","3 (Bueno)","4 (Muy bueno)","4 (Muy bueno)","3 (Bueno)","3 (Bueno)","3 (Bueno)","4 (Muy bueno)","3 (Bueno)",Alto,"El aprendizaje que ayudará a desempeñar mejor el trabajo con todos los componentes de la comunidad educativa","Los problemas con los Webinar( se cortaba la conexión en muchas ocasiones)","Presentar más videos alusivos al tema del momento del curso"
17,"Muy Satisfecho",Sí,Sí,Sí,"Mucho más de lo esperado","Más de 8 horas","Los conozco y me son familiares, pero no los manejo en profundidad.","3 (Bueno)","3 (Bueno)","3 (Bueno)","4 (Muy bueno)","3 (Bueno)","3 (Bueno)","3 (Bueno)","3 (Bueno)","4 (Muy bueno)","3 (Bueno)","3 (Bueno)","3 (Bueno)","3 (Bueno)","3 (Bueno)","3 (Bueno)",Alto,"La Complementación de los Aprendizajes con mi rol en la biblioteca y recordar conocimientos previos.","Encontré que el tiempo asignado para realizar este curso fue demasiado acotado para la gran cantidad de material a repasar.","Yo creo que dar más tiempo para realizar estas actividades y tareas asignadas.
modificar fechas a meses más adecuados."
18,Satisfecho,Sí,Sí,Sí,"Lo esperado","Más de 8 horas","Los conozco y me son familiares, pero no los manejo en profundidad.","2 (Malo)","2 (Malo)","2 (Malo)","3 (Bueno)","3 (Bueno)","4 (Muy bueno)","3 (Bueno)","3 (Bueno)","3 (Bueno)","3 (Bueno)","3 (Bueno)","4 (Muy bueno)","2 (Malo)","2 (Malo)","4 (Muy bueno)",Bajo,"Las ideas de las actividades que se pueden realizar en el cra adaptándolo a nuestra realidad","Muchas actividades, el tiempo no alcanza por que hay que leer bastante, ver muchos videos y a veces hay que hacerlo muchas veces para comprender y las actividades son demasiadas por módulo con 1 o 2 basta ya que la carga de trabajo al finalizar el año es bastante más.","disminuir las actividades y enfocar bien las evaluaciones al modulo que se esta pasando por que al hacer más cursos son enredados pero al menos no eran largas las pruebas eran precisas"
19,Satisfecho,Sí,Sí,Sí,"Más de lo esperado","Más de 8 horas","He escuchado de los contenidos, pero no los conocía.","3 (Bueno)","3 (Bueno)","3 (Bueno)","3 (Bueno)","2 (Malo)","3 (Bueno)","3 (Bueno)","3 (Bueno)","3 (Bueno)","3 (Bueno)","3 (Bueno)","3 (Bueno)","3 (Bueno)","3 (Bueno)","3 (Bueno)",Alto,"La información es muy relevante para el personal Cra y sus funciones.","Que el tiempo igual no fue mucho, ya que eran bastantes actividades que no estoy acostumbrada a realizar.","Organizar bien las actividades que uno va realizando, que se vayan marcando como realizadas o con un color especifico."
20,"Muy Satisfecho",Sí,Sí,Sí,"Mucho más de lo esperado","4-6 horas","No los conocía; no había escuchado de estos.","3 (Bueno)","4 (Muy bueno)","4 (Muy bueno)","4 (Muy bueno)","3 (Bueno)","4 (Muy bueno)","4 (Muy bueno)","4 (Muy bueno)","4 (Muy bueno)","4 (Muy bueno)","4 (Muy bueno)","4 (Muy bueno)","4 (Muy bueno)","4 (Muy bueno)","4 (Muy bueno)","Muy alto","aprendizajes entregados","no tener clases presenciales y online","tener por lo menos tres veces a la semana clases online"
21,Satisfecho,Sí,Sí,Sí,"Lo esperado","4-6 horas","Los conozco y me son familiares, pero no los manejo en profundidad.","3 (Bueno)","3 (Bueno)","3 (Bueno)","3 (Bueno)","3 (Bueno)","3 (Bueno)","3 (Bueno)","3 (Bueno)","3 (Bueno)","3 (Bueno)","3 (Bueno)","3 (Bueno)","3 (Bueno)","3 (Bueno)","3 (Bueno)","Muy alto","EL APRENDIZAJE OBTENIDO.","LA FALTA DE TIEMPO.","QUE LOS CURSOS SE REALICEN DE A 1 A LA VEZ, PARA LUEGO CONTINUAR CON EL QUE SIGUE.
TENER MUCHOS CURSOS AL MISMO TIEMPO OCASIONA UN POCO DE PROBLEMAS POR FALTA DE TIEMPO, ADEMÁS QUE EL SER A LA VEZ DUEÑA DE CASA,  TAMBIÉN DIFICULTA EL TIEMPO PARA CONTINUAR EN LAS LECTURAS DE LAS MATERIAS DEL CURSO.  Y EN EL COLEGIO SE REALIZAN FUNCIONES AJENAS AL CRA LO QUE TAMBIÉN QUITA BASTANTE TIEMPO PARA LLEVAR A CABO ESTOS CURSOS.
ESPERO DE VERDAD PUEDAN TENER EN CUENTA LO SOLICITADO Y REALIZAR UN CURSO A LA VEZ.
MUCHAS GRACIAS Y ESTARÉ ATENTA A SU RESPUESTA.
MUCHAS GRACIAS."
22,Satisfecho,Sí,Sí,Sí,"Más de lo esperado","4-6 horas","He escuchado de los contenidos, pero no los conocía.","3 (Bueno)","3 (Bueno)","2 (Malo)","2 (Malo)","2 (Malo)","3 (Bueno)","3 (Bueno)","3 (Bueno)","3 (Bueno)","4 (Muy bueno)","3 (Bueno)","3 (Bueno)","4 (Muy bueno)","4 (Muy bueno)","3 (Bueno)",Alto,"Todo lo aprendido y la enseñanza que me dejo para llevarlo a la practica.","La plataforma.hay que pensar en las personas que no somos tan tecnológicas.","Mejorar la plataforma"
23,Satisfecho,Sí,Sí,Sí,"Mucho más de lo esperado","6-8 horas","Los conozco y me son familiares, pero no los manejo en profundidad.","3 (Bueno)","3 (Bueno)","3 (Bueno)","4 (Muy bueno)","4 (Muy bueno)","3 (Bueno)","3 (Bueno)","3 (Bueno)","3 (Bueno)","3 (Bueno)","3 (Bueno)","3 (Bueno)","3 (Bueno)","3 (Bueno)","3 (Bueno)",Alto,"Me pude evaluar a mi misma como estaban mis conocimientos con respecto al curso.","El tiempo que tuve no me gustó, muchos tenemos otras funciones dentro del trabajo que hacía que nos quedara poco tiempo para realizar las actividades.","Podría ser tener 2 módulos por curso, y así no sentir tanta presión."
24,Satisfecho,Sí,Sí,Sí,"Lo esperado","2-3 horas","No los conocía; no había escuchado de estos.","4 (Muy bueno)","3 (Bueno)","3 (Bueno)","4 (Muy bueno)","4 (Muy bueno)","4 (Muy bueno)","4 (Muy bueno)","4 (Muy bueno)","4 (Muy bueno)","4 (Muy bueno)","3 (Bueno)","3 (Bueno)","3 (Bueno)","3 (Bueno)","3 (Bueno)",Alto,"toda la información entregada me sirvio de mucho para poder hacer mi trabajo de la mejor forma posible,","no tengo nada que no me haya gustado, al ser toda la información nueva para mi, me sirvió mucho.","la verdad que para mi, el curso es excelente."
25,Satisfecho,Sí,Sí,No,"Menos de lo esperado","4-6 horas","Los conozco y me son familiares, pero no los manejo en profundidad.","4 (Muy bueno)","4 (Muy bueno)","4 (Muy bueno)","4 (Muy bueno)","4 (Muy bueno)","3 (Bueno)","4 (Muy bueno)","4 (Muy bueno)","4 (Muy bueno)","4 (Muy bueno)","4 (Muy bueno)","3 (Bueno)","3 (Bueno)","3 (Bueno)","4 (Muy bueno)",Alto,"Tener la instancia de poder participar en estos cursos es lo mejor","Cuando se hace el segundo intento de evaluación de módulos casi de la mitad de las preguntas son distintas","Que no se haga tan a fin de año"
26,"Muy Satisfecho",Sí,Sí,Sí,"Mucho más de lo esperado","2-3 horas","Los conozco y me son familiares, pero no los manejo en profundidad.","4 (Muy bueno)","4 (Muy bueno)","4 (Muy bueno)","4 (Muy bueno)","3 (Bueno)","2 (Malo)","3 (Bueno)","3 (Bueno)","3 (Bueno)","3 (Bueno)","4 (Muy bueno)","4 (Muy bueno)","4 (Muy bueno)","4 (Muy bueno)","3 (Bueno)","Muy alto","los temas actuales que necesita saber un encargado cra","tanta actividad de aplicación","no tanta actividad de aplicación"
27,"Muy Insatisfecho",Sí,Sí,Sí,"Lo esperado","6-8 horas","Los conozco y me son familiares, pero no los manejo en profundidad.","3 (Bueno)","3 (Bueno)","3 (Bueno)","3 (Bueno)","3 (Bueno)","3 (Bueno)","3 (Bueno)","3 (Bueno)","3 (Bueno)","3 (Bueno)","3 (Bueno)","3 (Bueno)","3 (Bueno)","3 (Bueno)","3 (Bueno)",Alto,"Las actividades Prácticas","no es q menos me gusto pero cuando te tocan más cursos las actividades prácticas por módulo eran muchas...","de acuerdo a la pregunta anterior ...nada estuvo interesante era más que un curso..."
28,Satisfecho,Sí,Sí,Sí,"Más de lo esperado","4-6 horas","Los conozco y me son familiares, pero no los manejo en profundidad.","3 (Bueno)","3 (Bueno)","3 (Bueno)","3 (Bueno)","3 (Bueno)","3 (Bueno)","3 (Bueno)","3 (Bueno)","3 (Bueno)","4 (Muy bueno)","3 (Bueno)","3 (Bueno)","3 (Bueno)","3 (Bueno)","3 (Bueno)",Alto,"Los contenidos tratados son atingentes a mi realidad laboral, el material es muy bueno y abundante, me ayudo a ampliar mis conocimientos y a poder aplicar nuevas estrategias de aprendizaje en el trabajo de la biblioteca escolar.","El no tener el suficiente tiempo para dedicarle al estudio en profundidad ya que el termino del año escolar requiere de mucho trabajo y compromiso en mi colegio lo que implico estudiar  en el tiempo que me sobraba, a parte que se me juntaron 3 cursos los cuales también había que dedicarles tiempo.","Que fuera en otra fecha menos agotadora y con más tiempo..."
29,Satisfecho,Sí,Sí,Sí,"Más de lo esperado","2-3 horas","He escuchado de los contenidos, pero no los conocía.","4 (Muy bueno)","3 (Bueno)","3 (Bueno)","3 (Bueno)","3 (Bueno)","2 (Malo)","3 (Bueno)","3 (Bueno)","3 (Bueno)","4 (Muy bueno)","3 (Bueno)","3 (Bueno)","3 (Bueno)","3 (Bueno)","2 (Malo)",Bajo,"LOS APRENDIZAJES","El estres que provoca la gran cantidad de actividades a realizar","Que no tuviera tantas actividades, ya que  todos trabajamos y no queda tanto tiempo para realizarlas."
30,Satisfecho,Sí,No,Sí,"Más de lo esperado","2-3 horas","He escuchado de los contenidos, pero no los conocía.","3 (Bueno)","3 (Bueno)","3 (Bueno)","3 (Bueno)","3 (Bueno)","3 (Bueno)","3 (Bueno)","3 (Bueno)","3 (Bueno)","3 (Bueno)","3 (Bueno)","3 (Bueno)","3 (Bueno)","3 (Bueno)","3 (Bueno)",Alto,"Buena información","Se complicada hacer cursos en horario de trabajo",...
31,Satisfecho,Sí,Sí,Sí,"Mucho más de lo esperado","Más de 8 horas","Los conozco y me son familiares, pero no los manejo en profundidad.","3 (Bueno)","4 (Muy bueno)","3 (Bueno)","4 (Muy bueno)","3 (Bueno)","4 (Muy bueno)","4 (Muy bueno)","4 (Muy bueno)","4 (Muy bueno)","4 (Muy bueno)","4 (Muy bueno)","4 (Muy bueno)","4 (Muy bueno)","4 (Muy bueno)","3 (Bueno)","Muy alto","aprendí  mucho, temas  muy  importantes para  hacer  mejor mi trabajo","la lentitud de contestar las preguntas a los tutores y el poco tiempo  para contestar","el  año 2010 hice un curso similar por cuatro meses on line, pero también  tuvimos los días  sábados tutoría presencial  en la universidad  de Antofagasta asi  nos  reforzaban el curso.-"
32,"Muy Insatisfecho",Sí,Sí,Sí,"Lo esperado","6-8 horas","Los conozco y me son familiares, pero no los manejo en profundidad.","2 (Malo)","3 (Bueno)","2 (Malo)","2 (Malo)","2 (Malo)","2 (Malo)","2 (Malo)","3 (Bueno)","3 (Bueno)","3 (Bueno)","3 (Bueno)","4 (Muy bueno)","4 (Muy bueno)","3 (Bueno)","3 (Bueno)",Alto,"La interés por entregar una buena capacitación a cada una de nuestras bibliotecas .","me gustaría que este tipo de capacitaciones fueran presencial y con mas tiempo .","Que se informen si uno maneja los programas ."
33,"Muy Satisfecho",Sí,Sí,Sí,"Mucho más de lo esperado","6-8 horas","Los conozco y me son familiares, pero no los manejo en profundidad.","4 (Muy bueno)","3 (Bueno)","3 (Bueno)","3 (Bueno)","4 (Muy bueno)","3 (Bueno)","4 (Muy bueno)","3 (Bueno)","3 (Bueno)","3 (Bueno)","3 (Bueno)","3 (Bueno)","3 (Bueno)","3 (Bueno)","3 (Bueno)",Alto,"Diversas maneras de abordar la lectura en nuestra comunidad educativa.","La falta de ejemplos claros y material digital","Introducir mejoras en el respaldo del curso."
34,Insatisfecho,Sí,No,No,"Lo esperado","6-8 horas","He escuchado de los contenidos, pero no los conocía.","3 (Bueno)","3 (Bueno)","3 (Bueno)","3 (Bueno)","3 (Bueno)","2 (Malo)","2 (Malo)","3 (Bueno)","3 (Bueno)","3 (Bueno)","3 (Bueno)","3 (Bueno)","3 (Bueno)","3 (Bueno)","2 (Malo)",Bajo,"Recordar aprendizajes olvidados","Los cuestionarios al comenzar a contestar , te votan y por lo tanto mala nota.
La plataforma no es amigable.
Muchas actividades que realizar.","Que no se pueden realizar 3 cursos al mismo tiempo, ya que en mi caso estaba realizando un diplomado, y termine estresada"
35,Satisfecho,Sí,Sí,Sí,"Más de lo esperado","Más de 8 horas","Los conozco y me son familiares, pero no los manejo en profundidad.","4 (Muy bueno)","3 (Bueno)","4 (Muy bueno)","4 (Muy bueno)","4 (Muy bueno)","4 (Muy bueno)","3 (Bueno)","3 (Bueno)","3 (Bueno)","4 (Muy bueno)","4 (Muy bueno)","3 (Bueno)","3 (Bueno)","4 (Muy bueno)","4 (Muy bueno)","Muy alto","El material complementario, ppt y expositora de los webinars.","La cantidad de tiempo destinado para realizar las actividades. es mucho más de lo estimado.","Considerar en disminuir las actividades a realizar o los documentos por leer."
36,Satisfecho,Sí,Sí,Sí,"Más de lo esperado","2-3 horas","Los conozco y me son familiares, pero no los manejo en profundidad.","3 (Bueno)","3 (Bueno)","3 (Bueno)","3 (Bueno)","3 (Bueno)","3 (Bueno)","3 (Bueno)","3 (Bueno)","3 (Bueno)","3 (Bueno)","3 (Bueno)","3 (Bueno)","3 (Bueno)","3 (Bueno)","3 (Bueno)",Alto,"La actualización  de conocimientos y puesta en practica de actividades de apoyo pedagógico.","lo único que me causo dificultad fue conectarme a los webinar en vivo.
Pero rescato el haber tenido acceso a estos posteriormente.","Como sugerencia seria mayor accesibilidad a la plataforma, puesto que es poco amigable."
37,"Muy Insatisfecho",Sí,Sí,Sí,"Mucho más de lo esperado","4-6 horas","Los conozco y me son familiares, pero no los manejo en profundidad.","4 (Muy bueno)","4 (Muy bueno)","4 (Muy bueno)","4 (Muy bueno)","4 (Muy bueno)","4 (Muy bueno)","3 (Bueno)","4 (Muy bueno)","3 (Bueno)","4 (Muy bueno)","4 (Muy bueno)","3 (Bueno)","4 (Muy bueno)","3 (Bueno)","4 (Muy bueno)",Alto,"ES UN MUY BUEN CURSO,YA QUE REFORCE UN POCO LO APRENDIDO,ME COSTO,PORQUE ESTOY YA ESTRESADA,CON TANTA INFORMACION .PERO EN GENRAL MUY BUEN CURSO.","NADA TODO BIEN","TIEMPO,MAS TIEMPO PARA PROCESAR LO APRENDIDO"
38,"Muy Satisfecho",Sí,Sí,Sí,"Mucho más de lo esperado","Más de 8 horas","Los conozco y me son familiares, pero no los manejo en profundidad.","4 (Muy bueno)","4 (Muy bueno)","4 (Muy bueno)","4 (Muy bueno)","4 (Muy bueno)","4 (Muy bueno)","4 (Muy bueno)","4 (Muy bueno)","4 (Muy bueno)","4 (Muy bueno)","4 (Muy bueno)","4 (Muy bueno)","4 (Muy bueno)","4 (Muy bueno)","4 (Muy bueno)","Muy alto","Los contenidos","Me pareció todo muy bien.","Creo que en este curso no cambiaría nada."
39,"Muy Satisfecho",Sí,Sí,Sí,"Más de lo esperado","2-3 horas","No los conocía; no había escuchado de estos.","4 (Muy bueno)","4 (Muy bueno)","4 (Muy bueno)","4 (Muy bueno)","4 (Muy bueno)","4 (Muy bueno)","4 (Muy bueno)","4 (Muy bueno)","4 (Muy bueno)","4 (Muy bueno)","4 (Muy bueno)","4 (Muy bueno)","4 (Muy bueno)","4 (Muy bueno)","4 (Muy bueno)","Muy alto",-,-,-
40,Satisfecho,Sí,Sí,Sí,"Más de lo esperado","2-3 horas","He escuchado de los contenidos, pero no los conocía.","4 (Muy bueno)","4 (Muy bueno)","4 (Muy bueno)","3 (Bueno)","4 (Muy bueno)","4 (Muy bueno)","4 (Muy bueno)","3 (Bueno)","4 (Muy bueno)","4 (Muy bueno)","3 (Bueno)","3 (Bueno)","4 (Muy bueno)","3 (Bueno)","4 (Muy bueno)",Alto,"La claridad y  retroalimentación de actividades y la enseñanza que nos deja de varios términos que no manejaba","Lo menos fue los tiempos míos para hacer y colocar lo máximo de mi","los cursos son tan interesantes que deberíamos tener un horario para tomarme al 100 % PORQUE AMI PERSONALMENTE ME SIRVIO MUCHO"
41,Satisfecho,Sí,Sí,Sí,"Más de lo esperado","2-3 horas","He escuchado de los contenidos, pero no los conocía.","3 (Bueno)","3 (Bueno)","3 (Bueno)","4 (Muy bueno)","4 (Muy bueno)","3 (Bueno)","3 (Bueno)","3 (Bueno)","3 (Bueno)","3 (Bueno)","3 (Bueno)","3 (Bueno)","3 (Bueno)","3 (Bueno)","3 (Bueno)",Alto,"Lo que mas valoro del curso fue la ayuda que tuve de personas que no conocía en este caso compañeros(as) que al igual que yo están asiendo estos cursos se formo un wsp donde he conocido a nuevos colegas de otras regiones.","Lo que mas gusto fue conocer el trabajo que algunos colegas realizan en el CRA las actividades novedosas y organizadas para su programas lector.","Bueno sugerencias que den mas tiempo en los cursos."
42,Satisfecho,Sí,Sí,Sí,"Lo esperado","4-6 horas","Los conozco y me son familiares, pero no los manejo en profundidad.","3 (Bueno)","3 (Bueno)","3 (Bueno)","3 (Bueno)","2 (Malo)","3 (Bueno)","3 (Bueno)","3 (Bueno)","3 (Bueno)","3 (Bueno)","3 (Bueno)","3 (Bueno)","3 (Bueno)","3 (Bueno)","3 (Bueno)","Muy alto","Conocer más en profundidad los contenidos y cómo aplicarlos para mejorar la Unidad de Información.","La fecha en la cuál se realizó.","Que se realizará en una fecha más indicada. Podría ser en Mayo 2022."
43,Satisfecho,Sí,Sí,Sí,"Más de lo esperado","6-8 horas","Los conozco y me son familiares, pero no los manejo en profundidad.","3 (Bueno)","3 (Bueno)","3 (Bueno)","3 (Bueno)","3 (Bueno)","2 (Malo)","3 (Bueno)","3 (Bueno)","3 (Bueno)","3 (Bueno)","3 (Bueno)","3 (Bueno)","3 (Bueno)","2 (Malo)","3 (Bueno)",Alto,"SIEMPRE LAS INSTANCIAS DE APRENDER SE VALORAN","EL TIEMPO ES MUY CORTO PARA PODER RELIZAR LAS ACTIVIDADES, TAMBIEN EL TIEMPO EN QUE SE RELIZARON. SOLO ESO.","PODRIAN HACER LOS CIRSOS PERO QUE NO FUECEN TODOS DE UNA, MAS BIEN QUE SI NOS TOCAN VARIOS HACERLOS PAUSADOS DURANTE EL TRANSCURSO DEL AÑO.
IGUALMENTE AGRADECIDA DE LA OPORTUNIDAD DE APRENDER CADA DIA"
44,"Muy Satisfecho",Sí,Sí,Sí,"Mucho más de lo esperado","6-8 horas","Los conozco y me son familiares, pero no los manejo en profundidad.","4 (Muy bueno)","4 (Muy bueno)","4 (Muy bueno)","4 (Muy bueno)","4 (Muy bueno)","3 (Bueno)","3 (Bueno)","4 (Muy bueno)","4 (Muy bueno)","4 (Muy bueno)","4 (Muy bueno)","4 (Muy bueno)","4 (Muy bueno)","3 (Bueno)","3 (Bueno)",Alto,"claridad, coherencia, gradualidad de contenidos","muchas actividades","recordar que estamos trabajando y que no cumplimos sólo actividades de biblioteca"
45,"Muy Satisfecho",Sí,Sí,Sí,"Más de lo esperado","Más de 8 horas","Los conozco y me son familiares, pero no los manejo en profundidad.","4 (Muy bueno)","3 (Bueno)","4 (Muy bueno)","3 (Bueno)","3 (Bueno)","3 (Bueno)","3 (Bueno)","3 (Bueno)","3 (Bueno)","4 (Muy bueno)","4 (Muy bueno)","3 (Bueno)","4 (Muy bueno)","3 (Bueno)","3 (Bueno)",Alto,"Los contenidos de cada módulo, los Webinar donde se aclaraban dudas y las tutoras con su buena disposición, al realizarse de una manera interactiva con ellas y el chat hacia más fácil captar los contenidos.","En general me gusto todo.","Me hubiera gustado que hubiese sido más largo para estudiarlo con más profundidad los contenidos y así realizar mejor las actividades propuestas."
46,Satisfecho,Sí,Sí,Sí,"Más de lo esperado","2-3 horas","Los conozco y me son familiares, pero no los manejo en profundidad.","3 (Bueno)","4 (Muy bueno)","3 (Bueno)","3 (Bueno)","3 (Bueno)","2 (Malo)","3 (Bueno)","3 (Bueno)","3 (Bueno)","4 (Muy bueno)","3 (Bueno)","3 (Bueno)","2 (Malo)","3 (Bueno)","2 (Malo)","Muy alto","todo es bueno aprender siempre .","conocer lo que mis pares viven en sus CRA.","las fechas no son favorables seria en enero ya que ahí estamos con tiempo."
47,"Muy Satisfecho",Sí,No,No,"Más de lo esperado","Más de 8 horas","Los conozco y me son familiares, pero no los manejo en profundidad.","3 (Bueno)","3 (Bueno)","3 (Bueno)","3 (Bueno)","3 (Bueno)","3 (Bueno)","3 (Bueno)","3 (Bueno)","4 (Muy bueno)","3 (Bueno)","3 (Bueno)","3 (Bueno)","2 (Malo)","3 (Bueno)","3 (Bueno)",Alto,"NUEVOS CONOCIMIENTOS","EL TIEMPO","MAS TIEMPO"
48,Satisfecho,No,No,No,"Menos de lo esperado","2-3 horas","Los conozco y me son familiares, pero no los manejo en profundidad.","3 (Bueno)","3 (Bueno)","1 (Muy malo)","2 (Malo)","2 (Malo)","2 (Malo)","2 (Malo)","2 (Malo)","2 (Malo)","2 (Malo)","2 (Malo)","2 (Malo)","2 (Malo)","2 (Malo)","2 (Malo)","Muy bajo","Que tienen la iniciativa que uno aprenda","el poco tiempo, lo impersonal","que fuera presencial"
49,Satisfecho,No,No,No,"Lo esperado","Más de 8 horas","No los conocía; no había escuchado de estos.","4 (Muy bueno)","4 (Muy bueno)","2 (Malo)","2 (Malo)","2 (Malo)","1 (Muy malo)","2 (Malo)","2 (Malo)","1 (Muy malo)","2 (Malo)","2 (Malo)","1 (Muy malo)","2 (Malo)","2 (Malo)","1 (Muy malo)",Bajo,"La verdad que termino","Que sus conocimientos son muy altos, no pensaron que abemos encargadas que no somos docentes y no tenemos estudios superiores","Que pensaran en encargadas del Cra con metodología mas básica y que presten la misma ayuda"
50,Satisfecho,Sí,No,No,"Lo esperado","4-6 horas","Los conozco y me son familiares, pero no los manejo en profundidad.","3 (Bueno)","3 (Bueno)","3 (Bueno)","2 (Malo)","3 (Bueno)","3 (Bueno)","3 (Bueno)","3 (Bueno)","3 (Bueno)","3 (Bueno)","3 (Bueno)","3 (Bueno)","3 (Bueno)","3 (Bueno)","3 (Bueno)",Alto,"Los ABP",Foros,"No incluir foros"
51,Satisfecho,Sí,Sí,Sí,"Mucho más de lo esperado","6-8 horas","He escuchado de los contenidos, pero no los conocía.","3 (Bueno)","4 (Muy bueno)","3 (Bueno)","3 (Bueno)","3 (Bueno)","4 (Muy bueno)","3 (Bueno)","3 (Bueno)","4 (Muy bueno)","4 (Muy bueno)","4 (Muy bueno)","4 (Muy bueno)","4 (Muy bueno)","4 (Muy bueno)","4 (Muy bueno)","Muy alto","Lo más valorable es todo lo aprendido, ya que ahora tengo los conocimientos para poder entregar un servicio de calidad.","Al comienzo del curso es muy difícil entender todo, ya que no conocía o no tenía conocimiento de la parte curricular.",.
52,Satisfecho,Sí,Sí,No,"Lo esperado","4-6 horas","No los conocía; no había escuchado de estos.","3 (Bueno)","3 (Bueno)","3 (Bueno)","3 (Bueno)","3 (Bueno)","3 (Bueno)","3 (Bueno)","3 (Bueno)","3 (Bueno)","3 (Bueno)","3 (Bueno)","3 (Bueno)","3 (Bueno)","3 (Bueno)","3 (Bueno)","Muy alto","Vídeos
Contenidos
Temas","El tiempo
Temas muy extensos","Aclarar dudas
Consultas"
53,Satisfecho,Sí,Sí,Sí,"Mucho más de lo esperado","Más de 8 horas","He escuchado de los contenidos, pero no los conocía.","4 (Muy bueno)","4 (Muy bueno)","4 (Muy bueno)","4 (Muy bueno)","2 (Malo)","3 (Bueno)","3 (Bueno)","4 (Muy bueno)","3 (Bueno)","4 (Muy bueno)","3 (Bueno)","4 (Muy bueno)","3 (Bueno)","3 (Bueno)","3 (Bueno)",Alto,"Valoro que con cursos como este se busque formar al encargado de CRA  como un líder capaz de apoyar, orientar, recomendar y crear en colaboración con los profesores","Me complicó mucho la organización de los tiempos. Solo en las últimas semanas  me vi con la oportunidad para completar el curso porque los alumnos ya están saliendo de clases.
Además, me complicó el manejo de la plataforma en un principio. Pero una vez que pase varias semanas trabajando en ella ya se me hizo fácil de manejar.","Como mi mayor complicación fue el manejo de la plataforma se podría hacer un video guiado que llegue directamente al correo, ya que una vez dentro de la plataforma a uno le cuesta ver los videos tutoriales porque no sabe como se maneja la plataforma."
54,Satisfecho,No,No,No,"Lo esperado","Más de 8 horas","He escuchado de los contenidos, pero no los conocía.","3 (Bueno)","2 (Malo)","3 (Bueno)","3 (Bueno)","3 (Bueno)","2 (Malo)","3 (Bueno)","3 (Bueno)","3 (Bueno)","3 (Bueno)","3 (Bueno)","3 (Bueno)","3 (Bueno)","2 (Malo)","2 (Malo)",Bajo,"los videos","las tareas","UN curso a la vez,"
55,Satisfecho,Sí,Sí,Sí,"Más de lo esperado","Más de 8 horas","He escuchado de los contenidos, pero no los conocía.","3 (Bueno)","3 (Bueno)","3 (Bueno)","3 (Bueno)","3 (Bueno)","2 (Malo)","3 (Bueno)","3 (Bueno)","3 (Bueno)","3 (Bueno)","3 (Bueno)","3 (Bueno)","3 (Bueno)","3 (Bueno)","2 (Malo)",Alto,"Los contenidos entregados y los documentos de apoyo para realizar las actividades.","La participación en los foros","Mas tiempo para poder trabajar. Que no estemos realizando varios cursos a la vez. Considerar mas tiempo para realizarlos. Aparte del estudio se debe trabajar en el colegio."
56,Satisfecho,Sí,Sí,Sí,"Más de lo esperado","4-6 horas","Los conozco y me son familiares, pero no los manejo en profundidad.","3 (Bueno)","4 (Muy bueno)","3 (Bueno)","3 (Bueno)","3 (Bueno)","4 (Muy bueno)","3 (Bueno)","3 (Bueno)","3 (Bueno)","4 (Muy bueno)","3 (Bueno)","4 (Muy bueno)","4 (Muy bueno)","4 (Muy bueno)","3 (Bueno)",Alto,"Los contenidos y actividades","el tiempo","Tener mas tiempo"
57,Satisfecho,Sí,Sí,Sí,"Más de lo esperado","2-3 horas","Los conozco y me son familiares, pero no los manejo en profundidad.","4 (Muy bueno)","4 (Muy bueno)","4 (Muy bueno)","3 (Bueno)","3 (Bueno)","3 (Bueno)","3 (Bueno)","3 (Bueno)","3 (Bueno)","3 (Bueno)","3 (Bueno)","3 (Bueno)","4 (Muy bueno)","3 (Bueno)","3 (Bueno)",Alto,"Los conocimientos entregados","el tener que estudiar en tiempo que se trabaja","mayor cantidad de tiempo , considerar que se poseen otras responsabilidades"
58,Satisfecho,No,No,Sí,"Menos de lo esperado","Más de 8 horas","Los conozco y me son familiares, pero no los manejo en profundidad.","3 (Bueno)","3 (Bueno)","2 (Malo)","4 (Muy bueno)","3 (Bueno)","1 (Muy malo)","4 (Muy bueno)","3 (Bueno)","4 (Muy bueno)","2 (Malo)","3 (Bueno)","4 (Muy bueno)","3 (Bueno)","3 (Bueno)","3 (Bueno)","Muy bajo","la cercanía con los estudiantes al momento de realizar las actividades","la extensa del curso en cuestión","una menor duración del curso, tomando en cuenta que se debe de realizar durante el horario de trabajo"
59,Satisfecho,Sí,Sí,Sí,"Más de lo esperado","2-3 horas","He escuchado de los contenidos, pero no los conocía.","3 (Bueno)","3 (Bueno)","3 (Bueno)","3 (Bueno)","3 (Bueno)","3 (Bueno)","3 (Bueno)","3 (Bueno)","3 (Bueno)","3 (Bueno)","3 (Bueno)","3 (Bueno)","3 (Bueno)","3 (Bueno)","3 (Bueno)",Alto,"Muy buenos los temas, y su explicación fácil de entender.","las actividades muy extensas.
La plataforma a veces estaba caída.problemas para realizar encuesta.","actividades más simples.
Que para participar en los foros no sea necesario realizar la actividad, para acceder a esa opción."
60,Satisfecho,Sí,No,Sí,"Lo esperado","Más de 8 horas","He escuchado de los contenidos, pero no los conocía.","2 (Malo)","3 (Bueno)","3 (Bueno)","2 (Malo)","2 (Malo)","2 (Malo)","3 (Bueno)","3 (Bueno)","3 (Bueno)","3 (Bueno)","3 (Bueno)","2 (Malo)","3 (Bueno)","2 (Malo)","2 (Malo)",Bajo,"Si bien es algo que no conocía pero que si  había escuchado me ayudo a poder tener un mayor conocimiento.","La fecha en que se impartió  el curso , ya que, como termino de año hay mucho trabajo.","Un mejor diseño de la plataforma, ya que, en mi caso hubo una materia que no me figuraba  ya que salia un pantallaso de otra información que no correspondía."
61,"Muy Satisfecho",Sí,Sí,Sí,"Menos de lo esperado","4-6 horas","Los conozco y me son familiares, pero no los manejo en profundidad.","3 (Bueno)","3 (Bueno)","3 (Bueno)","3 (Bueno)","3 (Bueno)","3 (Bueno)","3 (Bueno)","3 (Bueno)","3 (Bueno)","3 (Bueno)","3 (Bueno)","3 (Bueno)","3 (Bueno)","3 (Bueno)","3 (Bueno)",Alto,"poder interactuar con otros encargados y conocer sus experiencias de trabajo.","muchas actividades por modulo.","que los correos de trabajos no lleguen a tu correo"
62,Insatisfecho,Sí,No,Sí,"Menos de lo esperado","2-3 horas","Los conozco y me son familiares, pero no los manejo en profundidad.","3 (Bueno)","3 (Bueno)","3 (Bueno)","3 (Bueno)","3 (Bueno)","1 (Muy malo)","3 (Bueno)","3 (Bueno)","3 (Bueno)","3 (Bueno)","3 (Bueno)","3 (Bueno)","2 (Malo)","2 (Malo)","2 (Malo)",Bajo,"Los contenidos nuevos aprendidos","El tiempo para realizar el curso y la falta  de apoyo","Más tiempo y poder realizar clases presenciales .
Realizar los cursos en marzo no ha final de año"
63,Satisfecho,Sí,Sí,Sí,"Lo esperado","6-8 horas","He escuchado de los contenidos, pero no los conocía.","3 (Bueno)","3 (Bueno)","3 (Bueno)","3 (Bueno)","3 (Bueno)","3 (Bueno)","3 (Bueno)","3 (Bueno)","3 (Bueno)","3 (Bueno)","3 (Bueno)","3 (Bueno)","3 (Bueno)","3 (Bueno)","3 (Bueno)",Alto,"nos enseñaron a como realizar actividades con las bases curriculares para así trabajar a la par con los docentes del establecimiento.","que los profesores solo se enfocaban  en como debíamos realizar las actividades sumativas.","que en las webinar que realicen expliquen un poco mejor lo que son los conceptos que se trabajan en la biblioteca y que no se han tantos trabajos sumativos"
