﻿"Respuesta número","En general, ¿cuál es su nivel de satisfacción con el curso que acaba de terminar?","¿Recomendaría este curso a otro encargado de biblioteca?                       ","¿Volvería a realizar un curso de estas mismas características?          ","¿Eran coherentes las actividades de aprendizaje propuestas para el curso?","Según la percepción de su proceso de aprendizaje y las características de este curso, ¿cuánto considera que aprendió?","¿Cuántas horas cronológicas semanales dedicó a este curso?","¿Qué tan familiares son para usted los contenidos tratados en el curso?","Claridad de los contenidos del curso (temas, definiciones, términos conceptuales, etc.).","Contextualización de los contenidos a su realidad laboral.","La progresión de la secuencia de aprendizaje para ir tratando los contenidos del curso.","Claridad del diseño gráfico de las pantallas de la plataforma.","Facilidad de navegación en la plataforma.","El funcionamiento de la mesa de ayuda para estudiantes (mediante contacto por correo electrónico).","Claridad de las actividades de aprendizaje propuestas.","Consistencia de las actividades de aprendizaje propuestas con los aprendizajes del curso.","Coherencia de las actividades de aprendizaje propuestas.","Cantidad de información aportada por el curso.","Profundidad en el tratamiento de los aprendizajes esperados.","Claridad de las instrucciones de las actividades.","Claridad de las instrucciones y preguntas en las evaluaciones.","Calidad de las orientaciones para retroalimentar las actividades y evaluaciones.","El apoyo del tutor para responder preguntas en el foro.","¿Cómo evaluaría el nivel de transferencia de los aprendizajes a su contexto laboral?","¿Qué es lo que más valora del curso que acaba de terminar?              ","¿Qué es lo que menos le gustó del curso que acaba de terminar?          ","¿Qué sugerencias haría para mejorar el curso en el futuro?"
1,Insatisfecho,No,No,Sí,"Menos de lo esperado","2-3 horas","He escuchado de los contenidos, pero no los conocía.","3 (Bueno)","3 (Bueno)","3 (Bueno)","4 (Muy bueno)","2 (Malo)","3 (Bueno)","1 (Muy malo)","3 (Bueno)","3 (Bueno)","3 (Bueno)","2 (Malo)","2 (Malo)","2 (Malo)","2 (Malo)","2 (Malo)",Bajo,"la intencion de querer compartir los contenidos","que no alla sido mas presencial yu online que asi se pueden aclrar dudas","realizarlos trabajos en plataformas con tutor con hoario establecido"
2,Satisfecho,Sí,Sí,Sí,"Más de lo esperado","Más de 8 horas","Los conozco y me son familiares, pero no los manejo en profundidad.","3 (Bueno)","3 (Bueno)","3 (Bueno)","3 (Bueno)","3 (Bueno)","3 (Bueno)","3 (Bueno)","3 (Bueno)","3 (Bueno)","3 (Bueno)","3 (Bueno)","3 (Bueno)","3 (Bueno)","3 (Bueno)","3 (Bueno)",Alto,"HABÍAN MUCHOS CONTENIDOS QUE NO CONOCIA","EL MÓDULO TRES PORQUE HABÍAN AMBIGÜEDADES EN LAS EVALUACIONES SUMATIVAS","QUE SE APLIQUE EN OTRAS FECHAS DEL AÑO ESCOLAR"
3,"Muy Satisfecho",Sí,Sí,Sí,"Mucho más de lo esperado","Más de 8 horas","Los conozco y me son familiares, pero no los manejo en profundidad.","4 (Muy bueno)","3 (Bueno)","3 (Bueno)","4 (Muy bueno)","3 (Bueno)","4 (Muy bueno)","3 (Bueno)","3 (Bueno)","4 (Muy bueno)","4 (Muy bueno)","3 (Bueno)","4 (Muy bueno)","3 (Bueno)","4 (Muy bueno)","3 (Bueno)","Muy alto","Aprendí muchas cosas en este curso, estoy muy agradecida, solo espero poder implementar todos mis conocimientos en mi querido liceo. aprendí a hacer un padlet.","Encontré que era mucho el material para leer y muchas actividades, tomando en cuenta que estamos a fin de año, no todos tienen el tiempo suficiente para hacer el curso.","que fuera en otra época del año y menos actividades que realizar."
4,Satisfecho,Sí,Sí,Sí,"Lo esperado","4-6 horas","He escuchado de los contenidos, pero no los conocía.","4 (Muy bueno)","4 (Muy bueno)","3 (Bueno)","4 (Muy bueno)","4 (Muy bueno)","4 (Muy bueno)","4 (Muy bueno)","4 (Muy bueno)","4 (Muy bueno)","4 (Muy bueno)","4 (Muy bueno)","4 (Muy bueno)","4 (Muy bueno)","4 (Muy bueno)","4 (Muy bueno)",Alto,"valoro profundamente los conociemientos entregados ya que son sumamete importantes para mi futuro laboral dentro de este establecimiento. ya que me es super importante aportar en el fomento lector de nuestros estudiantes y de todas la comunidad estudiantil","me costo un poco realizar las ultimas actividades el modulo 3,pero nada tan grave","me parece fantástico la modalidad y las indicaciones de cada modulo y cada prueba.
es fácil de realizar solo hay que leer y entender las indicaciones."
5,Satisfecho,Sí,No,Sí,"Lo esperado","Más de 8 horas","Los conozco y me son familiares, pero no los manejo en profundidad.","3 (Bueno)","3 (Bueno)","3 (Bueno)","3 (Bueno)","3 (Bueno)","4 (Muy bueno)","3 (Bueno)","3 (Bueno)","3 (Bueno)","3 (Bueno)","3 (Bueno)","3 (Bueno)","3 (Bueno)","3 (Bueno)","3 (Bueno)","Muy bajo","Saber cuales son mis deberes dentro de la biblioteca.","Muy extensos, mucho que leer.","No impartirlos cercano al final de año, no asignar tantos cursos de una sola vez. reducir la cantidad de información por estudiar. Tengo mas de un cargo de responsabilidad en el colegio."
6,Satisfecho,Sí,Sí,Sí,"Lo esperado","6-8 horas","He escuchado de los contenidos, pero no los conocía.","3 (Bueno)","3 (Bueno)","3 (Bueno)","3 (Bueno)","3 (Bueno)","3 (Bueno)","3 (Bueno)","3 (Bueno)","3 (Bueno)","3 (Bueno)","3 (Bueno)","3 (Bueno)","3 (Bueno)","3 (Bueno)","3 (Bueno)",Alto,"Valoro la Cantidad de información que se entrego .
las estrategias que puedo usar para encantar a los lectores.","Algunas actividades que me costo entender, pero con la ayuda de los compañeros pude realizar","Quizas proponer mas actividades para el fomento lector sobre todo para quienes estamos por primera vez encargada de biblioteca."
7,Satisfecho,Sí,Sí,Sí,"Más de lo esperado","4-6 horas","Los conozco y me son familiares, pero no los manejo en profundidad.","3 (Bueno)","3 (Bueno)","3 (Bueno)","3 (Bueno)","3 (Bueno)","3 (Bueno)","3 (Bueno)","3 (Bueno)","3 (Bueno)","3 (Bueno)","3 (Bueno)","3 (Bueno)","3 (Bueno)","3 (Bueno)","3 (Bueno)",Alto,"El contenido, muy claro y coherente","la cantidad de actividades que con mi realidad laboral no puede terminar a la totalidad","que sea a mitad de año el curso para así no tener tanta carga laboral y poder realizarlos de mejor manera."
8,Satisfecho,Sí,Sí,Sí,"Lo esperado","Más de 8 horas","Los conozco y me son familiares, pero no los manejo en profundidad.","3 (Bueno)","3 (Bueno)","3 (Bueno)","3 (Bueno)","3 (Bueno)","3 (Bueno)","4 (Muy bueno)","4 (Muy bueno)","3 (Bueno)","3 (Bueno)","3 (Bueno)","3 (Bueno)","3 (Bueno)","3 (Bueno)","3 (Bueno)","Muy alto","Que se den dos oportunidades para realizar las evaluaciones .","La fecha en que se hizo el curso y el poco tiempo para realizarla .","Para mejorar los cursos seria  que no manden mas de dos cursos al mismo tiempo ."
9,Insatisfecho,Sí,Sí,Sí,"Menos de lo esperado","4-6 horas","He escuchado de los contenidos, pero no los conocía.","3 (Bueno)","2 (Malo)","2 (Malo)","3 (Bueno)","1 (Muy malo)","3 (Bueno)","2 (Malo)","2 (Malo)","2 (Malo)","3 (Bueno)","3 (Bueno)","2 (Malo)","2 (Malo)","2 (Malo)","3 (Bueno)",Bajo,"la cantidad de información","el poco tiempo","mas tiempo para poder realizarlo y que sea compatible con el horario laboral"
10,"Muy Satisfecho",Sí,Sí,Sí,"Más de lo esperado","6-8 horas","Los conozco y me son familiares, pero no los manejo en profundidad.","4 (Muy bueno)","4 (Muy bueno)","4 (Muy bueno)","3 (Bueno)","3 (Bueno)","4 (Muy bueno)","4 (Muy bueno)","3 (Bueno)","3 (Bueno)","3 (Bueno)","3 (Bueno)","3 (Bueno)","4 (Muy bueno)","4 (Muy bueno)","4 (Muy bueno)",Alto,"La invitación a participar y la ayuda de los tutores.","Algunas preguntas en las evaluaciones, me quedan dudas sobre las respuestas que me marcaban sin puntaje.","Revisión del auto corrector de las preguntas de las evaluaciones."
11,Satisfecho,Sí,Sí,Sí,"Más de lo esperado","2-3 horas","He escuchado de los contenidos, pero no los conocía.","4 (Muy bueno)","3 (Bueno)","3 (Bueno)","3 (Bueno)","3 (Bueno)","3 (Bueno)","3 (Bueno)","3 (Bueno)","3 (Bueno)","3 (Bueno)","3 (Bueno)","3 (Bueno)","4 (Muy bueno)","3 (Bueno)","3 (Bueno)",Alto,"el haber aprendido sobre curriculum nacional, el ser capaz de realizar una planificación","cuando había que subir las actividades al foro, eso me complicó un poco.","para mi el curso fue muy claro, no tuve ninguna dificultad para aprender o entender lo que se nos enseñaba, así que no le cambiaría nada"
12,Satisfecho,Sí,Sí,Sí,"Lo esperado","2-3 horas","Los conozco y me son familiares, pero no los manejo en profundidad.","3 (Bueno)","3 (Bueno)","3 (Bueno)","3 (Bueno)","3 (Bueno)","3 (Bueno)","3 (Bueno)","3 (Bueno)","3 (Bueno)","3 (Bueno)","3 (Bueno)","3 (Bueno)","3 (Bueno)","4 (Muy bueno)","3 (Bueno)",Bajo,"Estoy reciente me ha costado mucho conectarme e aprendido ligeramente no soy TECNOLOGICA soy una persona de la vieja escuela el curso es excelente se valora y hay que actualizarse hay que hacerlo por nuestros estudiantes .","Fue no poder conectarme  sobre todo en las clases y los WEBINAR ya que tenia que pedir mucha ayuda a veces estaban ocupados a sido muy dificil para mi .","Que se pudiera abrir la pagina y quedar de inmediatos conectados a la pantalla sin apretar tanto boton."
13,Satisfecho,Sí,Sí,Sí,"Más de lo esperado","Más de 8 horas","He escuchado de los contenidos, pero no los conocía.","3 (Bueno)","3 (Bueno)","3 (Bueno)","3 (Bueno)","3 (Bueno)","3 (Bueno)","3 (Bueno)","3 (Bueno)","3 (Bueno)","3 (Bueno)","3 (Bueno)","3 (Bueno)","3 (Bueno)","3 (Bueno)","3 (Bueno)",Alto,"Me ayudó a ingresar recursos en Abies 2.0. Ahora seré capaz de comenzar esta labor de ingresar libros.","Que hacía una evaluación sumativa y me salía vacío, como si no hubiera contestado.","Esa parte,  la de las evaluaciones, que sean detectadas las evaluaciones hechas, contestadas. Es cierto que es mucho contenido, pero creo que es la única forma de aprender."
14,"Muy Satisfecho",Sí,Sí,Sí,"Más de lo esperado","Más de 8 horas","Los conozco y me son familiares, pero no los manejo en profundidad.","4 (Muy bueno)","4 (Muy bueno)","4 (Muy bueno)","4 (Muy bueno)","4 (Muy bueno)","3 (Bueno)","4 (Muy bueno)","4 (Muy bueno)","4 (Muy bueno)","4 (Muy bueno)","4 (Muy bueno)","4 (Muy bueno)","4 (Muy bueno)","4 (Muy bueno)","4 (Muy bueno)",Alto,"Todo lo aprendido","Considerando que trabajamos y tenemos poco tiempo, lo que no me pareció es la cantidad de trabajos y foros","Solo realizar pruebas de los conocimientos aprendidos"
15,"Muy Satisfecho",Sí,Sí,Sí,"Más de lo esperado","4-6 horas","No los conocía; no había escuchado de estos.","4 (Muy bueno)","4 (Muy bueno)","3 (Bueno)","3 (Bueno)","3 (Bueno)","3 (Bueno)","4 (Muy bueno)","4 (Muy bueno)","4 (Muy bueno)","4 (Muy bueno)","3 (Bueno)","3 (Bueno)","4 (Muy bueno)","4 (Muy bueno)","4 (Muy bueno)",Alto,"que aprendimos cosas muy valiosas en conocimiento ya que hay muchas que somos nuevas en este puesto de trabajo y nos sirve demasiado , los objetivos que nos dan a conocer, muchas cosas que no teniamos idea y que ahora si podemos recomendar algun libro, planificar junto a los profesores etc","el tiempo, es demasiado corto, y mas en fin de año donde todos tenemos mas trabajo, la presion, el stress nos juegan en contra","que fuera con mas tiempo no solo 2 meses, ojala fuera mas largo con mas clases wuebinar y no tanta lectura, aveces no tenemos tiempo de leer y hacer tareas, somos trabajadoras , mamás y dueñas de casa"
16,"Muy Satisfecho",Sí,Sí,Sí,"Más de lo esperado","Más de 8 horas","Los conozco y me son familiares, pero no los manejo en profundidad.","3 (Bueno)","3 (Bueno)","3 (Bueno)","3 (Bueno)","3 (Bueno)","3 (Bueno)","3 (Bueno)","3 (Bueno)","3 (Bueno)","3 (Bueno)","3 (Bueno)","3 (Bueno)","3 (Bueno)","3 (Bueno)","3 (Bueno)",Alto,"Desarrollaremos un mejor trabajo ,experimentaremos nuevas ideas
que iran  en beneficio de los  educandos.","El tiempo y la fecha.
estos cursos deberìan iniciar a principio de año ,pues es el tiempo ideal para hacer un estudio mas 
dinàmico  y hacerlo con mayor profudidad.","realisarlo a principio de año y no tener que hacer abandono de ellos,
puesto que aparte del trabajo.dos cursos son demasiado.a mi significo
muchas amaecidas y al final terminar de odiar la calidad de vida llevada los ùltimos meses."
17,Satisfecho,Sí,Sí,Sí,"Mucho más de lo esperado","6-8 horas","Los conozco y me son familiares, pero no los manejo en profundidad.","3 (Bueno)","3 (Bueno)","3 (Bueno)","3 (Bueno)","3 (Bueno)","3 (Bueno)","3 (Bueno)","3 (Bueno)","3 (Bueno)","3 (Bueno)","3 (Bueno)","3 (Bueno)","3 (Bueno)","3 (Bueno)","3 (Bueno)",Alto,"estoy mejor preparada sobre este tema vi y conocí y aprendí. mucho","mucha materia","cursos separados por semana"
18,Satisfecho,Sí,Sí,Sí,"Más de lo esperado","4-6 horas","Los conozco y me son familiares, pero no los manejo en profundidad.","4 (Muy bueno)","3 (Bueno)","3 (Bueno)","4 (Muy bueno)","3 (Bueno)","3 (Bueno)","3 (Bueno)","3 (Bueno)","3 (Bueno)","4 (Muy bueno)","3 (Bueno)","3 (Bueno)","3 (Bueno)","3 (Bueno)","3 (Bueno)",Alto,"Que me ha dado herramientas para hacer del Cra un estamento que participe y funcione colaborativamente y tenga mayor impacto en la labor pedagógica en nuestro  colegio.","Bueno como todo lo que funciona on line es muy impersonal , y el contacto con los tutores es difícil .igualmente  el trabajo en grupos o interaccion entre participantes .","Seria ideal tener  al menos 1 encuentro  personal con los tutores"
19,"Muy Satisfecho",Sí,Sí,Sí,"Más de lo esperado","6-8 horas","Los conozco y me son familiares, pero no los manejo en profundidad.","4 (Muy bueno)","4 (Muy bueno)","4 (Muy bueno)","4 (Muy bueno)","3 (Bueno)","4 (Muy bueno)","3 (Bueno)","4 (Muy bueno)","4 (Muy bueno)","4 (Muy bueno)","4 (Muy bueno)","3 (Bueno)","3 (Bueno)","4 (Muy bueno)","4 (Muy bueno)",Alto,"La claridad de los contenidos del curso como así también la claridad de las actividades de aprendizaje propuestas.","a mí me gusto todo lo del curso, no podría nombrar lo contrario.","más tiempo de duración del curso."
20,Satisfecho,Sí,Sí,Sí,"Más de lo esperado","2-3 horas","He escuchado de los contenidos, pero no los conocía.","1 (Muy malo)","3 (Bueno)","2 (Malo)","3 (Bueno)","2 (Malo)","3 (Bueno)","3 (Bueno)","3 (Bueno)","3 (Bueno)","4 (Muy bueno)","3 (Bueno)","2 (Malo)","3 (Bueno)","3 (Bueno)","3 (Bueno)",Alto,"las nuevos metodologías que se pueden utilizar en el buen funcionamiento de la bibliotecas cra.","el proceso de ingresar a cada curso a través de los módulos.","un poco mas amigable el recorrido para ingresar a los cursos, más específicos."
21,Satisfecho,Sí,Sí,Sí,"Más de lo esperado","6-8 horas","He escuchado de los contenidos, pero no los conocía.","4 (Muy bueno)","3 (Bueno)","4 (Muy bueno)","4 (Muy bueno)","4 (Muy bueno)","3 (Bueno)","4 (Muy bueno)","4 (Muy bueno)","4 (Muy bueno)","4 (Muy bueno)","4 (Muy bueno)","4 (Muy bueno)","4 (Muy bueno)","3 (Bueno)","4 (Muy bueno)",Alto,"Las infrmaciones entregadas.
Guías de trabajo.
Preguntas para reflexión en foro.","No poder intercambiar trabajos.
No se ve los trabajos de otros.","Incluir el manejo de las plataformas.
Orientas mas sobre Abies.
Currículum Nacional"
22,Satisfecho,Sí,Sí,Sí,"Más de lo esperado","4-6 horas","He escuchado de los contenidos, pero no los conocía.","3 (Bueno)","3 (Bueno)","3 (Bueno)","3 (Bueno)","3 (Bueno)","3 (Bueno)","3 (Bueno)","3 (Bueno)","3 (Bueno)","3 (Bueno)","3 (Bueno)","3 (Bueno)","3 (Bueno)","3 (Bueno)","3 (Bueno)","Muy alto","TODO ES IMPORTANTE","TODO HA SIDO MUY RELEVANTE","REALIZAR UNA SOLA ENCUESTA DE SATISFACCIÓN PARA TODOS LOS CURSOS NO UNO POR UNO."
23,Insatisfecho,No,No,No,"Menos de lo esperado","4-6 horas","He escuchado de los contenidos, pero no los conocía.","2 (Malo)","2 (Malo)","3 (Bueno)","2 (Malo)","2 (Malo)","3 (Bueno)","3 (Bueno)","3 (Bueno)","3 (Bueno)","3 (Bueno)","2 (Malo)","3 (Bueno)","2 (Malo)","2 (Malo)","3 (Bueno)",Bajo,"APRENDÍ, CONCEPTOS NUEVOS","LA POCA CLARIDAD DE LOS CONCEPTOS. LAS EVALUACIONES, CAMBIABAN Y CREO QUE DEBERÍAN SER MAS CLARAS Y MAS INTENTOS. YO ESTOY MUY FRUSTRADA, NO APROBÉ EL CURSO E, CON APUNTES EN MANO NO COINCIDÍAN LAS RESPUESTAS CON LO EXPUESTO. ME COSTÓ UN MUNDO PODER USAR LA PLATAFORMA.","DAR MAS OPORTUNIDADES PARA DESARROLLAR LAS EVALUACIONES. MEJORAR LA PLATAFORMA, QUE SEA MAS CLARA."
24,"Muy Satisfecho",Sí,Sí,Sí,"Mucho más de lo esperado","Más de 8 horas","Los conozco y me son familiares, pero no los manejo en profundidad.","3 (Bueno)","3 (Bueno)","3 (Bueno)","3 (Bueno)","3 (Bueno)","3 (Bueno)","3 (Bueno)","3 (Bueno)","3 (Bueno)","3 (Bueno)","3 (Bueno)","3 (Bueno)","3 (Bueno)","3 (Bueno)","4 (Muy bueno)",Alto,"Los saberes que nos entregan, lo perseverantes que son con  nosotros los estudiantes y valoro mucho estos cursos.","Las tareas me estresaron mucho, debido a que no tenía tiempo para hacerlas, por mi trabajo tiempo completo desde las 07: 30am hasta 17:00pm de Lunes a Viernes encontré que eran muchas y me acostaba muy tarde. Además estaba haciendo 4 cursos al mismo tiempo.","Mejorar la coordinación de los tiempos para los cursos."
25,"Muy Satisfecho",Sí,Sí,Sí,"Más de lo esperado","4-6 horas","He escuchado de los contenidos, pero no los conocía.","4 (Muy bueno)","4 (Muy bueno)","4 (Muy bueno)","2 (Malo)","2 (Malo)","3 (Bueno)","3 (Bueno)","3 (Bueno)","3 (Bueno)","3 (Bueno)","3 (Bueno)","3 (Bueno)","3 (Bueno)","3 (Bueno)","2 (Malo)",Alto,"Que a pesar de las dificultades con la plataforma se arreglo el problema y pude aprender muchas cosas nuevas que me servirán para aplicarlas en mi trabajo. Tengo más herramientas después de este curso.","Lo que menos me gustó fue la plataforma, por poco amigable, tuve muchos problemas al principio para avanzar, no podía ver los videos. Además las clases con el tutor no son muy efectivas, ya que somos tantos, la clase es muy corta y no pueden abarcar las dudas de todos, es más bien un resumen de lo leído.","Claramente mejorar la plataforma y que los webinar sean antes de empezar los cursos  para guiar mejor en el uso de la plataforma y resolver las dudas existentes. Y las clases con tutor mejorarlas con menos estudiantes, un poco más largas y que sean antes de las actividades para orientar mejor."
26,Satisfecho,Sí,Sí,Sí,"Mucho más de lo esperado","Más de 8 horas","He escuchado de los contenidos, pero no los conocía.","4 (Muy bueno)","3 (Bueno)","4 (Muy bueno)","3 (Bueno)","4 (Muy bueno)","3 (Bueno)","3 (Bueno)","3 (Bueno)","3 (Bueno)","4 (Muy bueno)","3 (Bueno)","3 (Bueno)","3 (Bueno)","3 (Bueno)","3 (Bueno)",Alto,"Los contenidos entregados y el apoyo visual de videos .","Detecte algunos inconvenientes en el diseño del curso, con videos y evaluaciones,  lo que en cierta medida retrasa el avance del curso.","Que se revisen los módulos esmeradamente en  todos sus aspectos, revisar videos para que se encuentren habilitados sus contenidos.
En definitiva realizar una revisión profunda de todo el material .
También sugeriría que los recursos  complementarios estuvieran al principio de cada  modulo, según contenido, ya que es mas amigable su búsqueda."
27,"Muy Satisfecho",Sí,Sí,Sí,"Mucho más de lo esperado","4-6 horas","He escuchado de los contenidos, pero no los conocía.","4 (Muy bueno)","4 (Muy bueno)","4 (Muy bueno)","4 (Muy bueno)","4 (Muy bueno)","4 (Muy bueno)","4 (Muy bueno)","4 (Muy bueno)","4 (Muy bueno)","4 (Muy bueno)","4 (Muy bueno)","4 (Muy bueno)","4 (Muy bueno)","4 (Muy bueno)","4 (Muy bueno)","Muy alto","aprendí mucho sobre la importancia de la biblioteca en mi establecimiento educacional","hubiera preferido tener dos veces a la semana webinar","que sean de manera presencial en cada region del pais"
28,Satisfecho,Sí,Sí,Sí,"Lo esperado","Más de 8 horas","No los conocía; no había escuchado de estos.","3 (Bueno)","3 (Bueno)","3 (Bueno)","3 (Bueno)","3 (Bueno)","3 (Bueno)","3 (Bueno)","3 (Bueno)","3 (Bueno)","3 (Bueno)","3 (Bueno)","3 (Bueno)","3 (Bueno)","3 (Bueno)","3 (Bueno)",Alto,"La informacion","es largo","hacerlo con videos"
29,Satisfecho,Sí,Sí,Sí,"Más de lo esperado","4-6 horas","He escuchado de los contenidos, pero no los conocía.","3 (Bueno)","3 (Bueno)","3 (Bueno)","3 (Bueno)","3 (Bueno)","3 (Bueno)","3 (Bueno)","3 (Bueno)","3 (Bueno)","4 (Muy bueno)","4 (Muy bueno)","4 (Muy bueno)","4 (Muy bueno)","4 (Muy bueno)","4 (Muy bueno)",Alto,"MATERIA  FACIL DE ENTENDER MUCHA  INFORMACION GRAFICA  Y DIDACTICACON LO QUE ME ES MAS FACIL ENTENDER
FUE MUY ENTRETENIDO E INFORMATIVO CON LOS EJEMPLOS QUE SE NOS DIO.","LA PARTE TECNOLOGICA QUE A MI AUN ME FALTA PARA MANEJARME BIEN EN EL SISTEMA","INSTRUIRNOS MAS TECNOLOGICAMENTE ANTES."
30,"Muy Satisfecho",Sí,Sí,Sí,"Más de lo esperado","2-3 horas","He escuchado de los contenidos, pero no los conocía.","4 (Muy bueno)","4 (Muy bueno)","4 (Muy bueno)","4 (Muy bueno)","4 (Muy bueno)","3 (Bueno)","4 (Muy bueno)","4 (Muy bueno)","4 (Muy bueno)","4 (Muy bueno)","4 (Muy bueno)","4 (Muy bueno)","4 (Muy bueno)","4 (Muy bueno)","4 (Muy bueno)","Muy alto","me gusto el curso por que ustedes trabajaron las 7 inteligencias múltiples, quiero decir que si no entiendo de una  forma entiendo de la otra forma los felicito me encantaron las clases y todo el materia tenia coherencia entre si","me gusto todo la capacidad de entregar contenidos y motivar a los estudiantes al trabajo colaborativo con toda tu comunidad escolar, quiero dar las gracias por que me dieron la oportunidad de aprender haciendo.","yo creo que ninguna por que todo esta en su lugar y el espacio que corresponde."
31,Satisfecho,Sí,No,Sí,"Lo esperado","2-3 horas","Los conozco y me son familiares, pero no los manejo en profundidad.","3 (Bueno)","3 (Bueno)","3 (Bueno)","3 (Bueno)","3 (Bueno)","3 (Bueno)","3 (Bueno)","3 (Bueno)","3 (Bueno)","3 (Bueno)","3 (Bueno)","3 (Bueno)","3 (Bueno)","3 (Bueno)","3 (Bueno)",Alto,"Que logre comprender conceptos que no entendía","la plataforma muy difícil de entender",nada
32,Satisfecho,Sí,Sí,No,"Más de lo esperado","Más de 8 horas","Los conozco y me son familiares, pero no los manejo en profundidad.","4 (Muy bueno)","3 (Bueno)","2 (Malo)","4 (Muy bueno)","3 (Bueno)","3 (Bueno)","3 (Bueno)","3 (Bueno)","3 (Bueno)","3 (Bueno)","3 (Bueno)","3 (Bueno)","4 (Muy bueno)","3 (Bueno)","3 (Bueno)",Alto,"El aprendizaje adquirido","La prueba del modulo 3, no estaba relacionada con la actividad de autoaprendizaje.","Que las actividades y las pruebas sean coherentes en los contenidos en sí mismas."
33,"Muy Satisfecho",Sí,Sí,Sí,"Mucho más de lo esperado","4-6 horas","No los conocía; no había escuchado de estos.","4 (Muy bueno)","4 (Muy bueno)","4 (Muy bueno)","4 (Muy bueno)","4 (Muy bueno)","4 (Muy bueno)","4 (Muy bueno)","4 (Muy bueno)","4 (Muy bueno)","4 (Muy bueno)","3 (Bueno)","4 (Muy bueno)","4 (Muy bueno)","4 (Muy bueno)","4 (Muy bueno)","Muy alto","aprender nuevos concepto y poder aplicarlos","en efecto nada","mas comunicación con el tutor"
34,"Muy Satisfecho",Sí,Sí,Sí,"Mucho más de lo esperado","6-8 horas","Los conozco y los manejo con profundidad.","4 (Muy bueno)","4 (Muy bueno)","4 (Muy bueno)","4 (Muy bueno)","4 (Muy bueno)","4 (Muy bueno)","4 (Muy bueno)","4 (Muy bueno)","4 (Muy bueno)","4 (Muy bueno)","4 (Muy bueno)","4 (Muy bueno)","3 (Bueno)","4 (Muy bueno)","4 (Muy bueno)","Muy alto","Valoro la disposición de los tutores para responder las inquietudes que se presentan y los contenidos que van de acuerdo a nuestra realidad.","No me desagrada nada, porque la idea es aprender y la motivación en el curso siempre ha sido sostenida por mi parte.","Considero que está muy planificado y estructurado, con los tiempos precisos y la entrega del material adecuado."
35,Satisfecho,Sí,Sí,Sí,"Lo esperado","2-3 horas","He escuchado de los contenidos, pero no los conocía.","3 (Bueno)","3 (Bueno)","3 (Bueno)","3 (Bueno)","3 (Bueno)","3 (Bueno)","3 (Bueno)","3 (Bueno)","3 (Bueno)","3 (Bueno)","3 (Bueno)","3 (Bueno)","3 (Bueno)","3 (Bueno)","3 (Bueno)",Alto,"La informacion entregada es muy acorde a lo que se quiere enseñar","las actividades estaban buenas pero muy largas considerando el tiempo que se tiene durante fin de año en las escuelas","acortar las actividades"
36,Satisfecho,Sí,Sí,Sí,"Lo esperado","Más de 8 horas","No los conocía; no había escuchado de estos.","3 (Bueno)","2 (Malo)","3 (Bueno)","3 (Bueno)","4 (Muy bueno)","3 (Bueno)","3 (Bueno)","3 (Bueno)","4 (Muy bueno)","4 (Muy bueno)","4 (Muy bueno)","4 (Muy bueno)","4 (Muy bueno)","3 (Bueno)","3 (Bueno)",Alto,"lo que  mas valorado es la explicación detallada de cada actividad","Lo que menos me gusto es el poco tiempo que nos dan para terminar los cursos pensando que en el trabajo no me da el tiempo para avanzar mucho  , por lo que las actividades que pude hacer las realice en mi casa.
cabe señalar que no pude realizar todas las actividades por falta de tiempo y el poco manejo que tengo con el Internet pero si me di el tiempo de imprimir todas las actividades y descargar todos los pdf que venían en el curso .","la única sugerencia seria que nos dieran mas tiempo para realizar los cursos que me faltan , pensando que para el próximo año los estudiantes volverían al 100% a clases presenciales y menos tiempo para trabajar en el colegio tendré y también mas actividades para trabajar con  la biblioteca escolar ya que en mi caso estoy recién aprendiendo a utilizarla  .
Se agradecen  todos los contenidos enseñados"
37,Satisfecho,Sí,Sí,Sí,"Más de lo esperado","6-8 horas","No los conocía; no había escuchado de estos.","3 (Bueno)","2 (Malo)","3 (Bueno)","3 (Bueno)","3 (Bueno)","2 (Malo)","3 (Bueno)","3 (Bueno)","3 (Bueno)","3 (Bueno)","3 (Bueno)","3 (Bueno)","3 (Bueno)","3 (Bueno)","2 (Malo)",Alto,"Los conocimientos son totalmente aplicables a mi establecimiento.","que las actividades estaban dirigidas para aquellos que cuentan con una similitud en su forma de trabajo, pero hay muchos establecimientos que nunca han adoptado este tipo de herramientas o formas de trabajo.","los webinar es lo mismo que veo en los documentos que están a disposición en la plataforma, es muy redundante y creo hasta una pérdida de tiempo (me aburre)"
38,Insatisfecho,Sí,Sí,Sí,"Lo esperado","Más de 8 horas","He escuchado de los contenidos, pero no los conocía.","3 (Bueno)","3 (Bueno)","3 (Bueno)","3 (Bueno)","3 (Bueno)","3 (Bueno)","3 (Bueno)","3 (Bueno)","3 (Bueno)","3 (Bueno)","3 (Bueno)","3 (Bueno)","3 (Bueno)","3 (Bueno)","3 (Bueno)",Alto,"la información y las evaluaciones","las actividades","clases presenciales y que las actividades sean mas explicitas"
39,Satisfecho,No,No,No,"Lo esperado","2-3 horas","Los conozco y los manejo con profundidad.","3 (Bueno)","3 (Bueno)","3 (Bueno)","3 (Bueno)","2 (Malo)","1 (Muy malo)","2 (Malo)","2 (Malo)","2 (Malo)","3 (Bueno)","3 (Bueno)","2 (Malo)","2 (Malo)","1 (Muy malo)","1 (Muy malo)",Bajo,NADA,POCO,"CONTESTAR LOS MENSAJES . NO HUBO NINGUN FEEDBACK CADA VEZ QUE LO SOLICITE .. PASARON SEMANAS Y NO CONTESTARON MIS DUDAS POR LO QUE , SUMADO A MIS POCOS TIEMPOS YA QUE TRABAJO PRESENCIAL, SE ME HIZO MUY COMPLEJO TERMINAR EL CURSO .  EL DOCUMENTO DE RENUNCIA ES DEMASIADO BUROCRATICO . DECEPCIONADO DEL SERVICIO DE LOS TUTORES , DE MINEDUC , ETC . MEJORAR ESTOS ASPECTOS PARA NO GENERAR ANSIEDAD EN EL ESTUDIANTE, ADEMAS DE LA NULA RETROLIMENTACION ."
40,"Muy Satisfecho",Sí,Sí,Sí,"Mucho más de lo esperado","4-6 horas","Los conozco y me son familiares, pero no los manejo en profundidad.","4 (Muy bueno)","4 (Muy bueno)","4 (Muy bueno)","4 (Muy bueno)","3 (Bueno)","3 (Bueno)","4 (Muy bueno)","4 (Muy bueno)","3 (Bueno)","4 (Muy bueno)","4 (Muy bueno)","3 (Bueno)","3 (Bueno)","3 (Bueno)","3 (Bueno)",Alto,"agregar conocimiento nuevo  y técnicas  para el apoyo  y gestión del CRA","no hay reparos solo que  , por lo intensivo y el trabajo  que realizo , implico  sumar otros tiempos  y poder cumplir  con los objetivos del curso","quizás  realizarlo en tiempos de vacaciones"
41,Satisfecho,Sí,Sí,Sí,"Más de lo esperado","4-6 horas","He escuchado de los contenidos, pero no los conocía.","3 (Bueno)","3 (Bueno)","3 (Bueno)","3 (Bueno)","3 (Bueno)","3 (Bueno)","3 (Bueno)","3 (Bueno)","3 (Bueno)","3 (Bueno)","3 (Bueno)","3 (Bueno)","3 (Bueno)","3 (Bueno)","3 (Bueno)",Alto,"Los nuevos conceptos, ejemplos los aprendizajes basado en proyecto","La gran cantidad de actividades, es por el poco tiempo para realizarlas","realizar solo de un curso a la vez."
42,Satisfecho,Sí,Sí,Sí,"Lo esperado","4-6 horas","Los conozco y me son familiares, pero no los manejo en profundidad.","3 (Bueno)","3 (Bueno)","3 (Bueno)","3 (Bueno)","3 (Bueno)","3 (Bueno)","3 (Bueno)","3 (Bueno)","3 (Bueno)","3 (Bueno)","3 (Bueno)","2 (Malo)","3 (Bueno)","3 (Bueno)","3 (Bueno)",Alto,"los temas de aprendizaje","las actividades","tendría que ser en una época donde no tanta clase."
43,"Muy Satisfecho",Sí,Sí,Sí,"Mucho más de lo esperado","4-6 horas","Los conozco y me son familiares, pero no los manejo en profundidad.","4 (Muy bueno)","4 (Muy bueno)","4 (Muy bueno)","4 (Muy bueno)","4 (Muy bueno)","4 (Muy bueno)","4 (Muy bueno)","4 (Muy bueno)","4 (Muy bueno)","4 (Muy bueno)","4 (Muy bueno)","4 (Muy bueno)","4 (Muy bueno)","4 (Muy bueno)","4 (Muy bueno)","Muy alto","QUE TODO TEMA PROPUESTO ES NETAMENTE RELEVANTE Y FUNDAMENTAL EN EL DIA A DIA Y QUE HAYA REFORZADO TEMAS QUE ESTABAN EN DUDA FUERON ACLARADOS PARA FACILITAR LA LABOR.","QUE A UN PRINCIPIO SE VEIA TEDIOSO Y COMPLICADO PERO CON A MEDIDA QUE UNO IBA AVANZANDO SE ACLARABAN LAS DUDAS Y AL FINAL DEL CURSO TODO SE VEIA FACIL Y NADA COMPLICADO","POR EL MOMENTO TODO ESTA BIEN, LA IDEA ES QUE CADA VEZ SE AGREGUEN MAS CURSOS PARA ADQUIRIR MAS CONOCIMIENTOS"
44,Insatisfecho,Sí,Sí,Sí,"Lo esperado","2-3 horas","Los conozco y me son familiares, pero no los manejo en profundidad.","3 (Bueno)","3 (Bueno)","3 (Bueno)","3 (Bueno)","3 (Bueno)","3 (Bueno)","3 (Bueno)","3 (Bueno)","3 (Bueno)","3 (Bueno)","3 (Bueno)","3 (Bueno)","3 (Bueno)","3 (Bueno)","3 (Bueno)",Alto,"Los conocimientos aportados y la valoracion del oficio Bibliotecario","el poco tiempo para desarrollar  actividades y que sea on line","Presencisl de todas maneras...mas practico"
45,"Muy Satisfecho",Sí,Sí,Sí,"Más de lo esperado","2-3 horas","Los conozco y me son familiares, pero no los manejo en profundidad.","3 (Bueno)","3 (Bueno)","3 (Bueno)","4 (Muy bueno)","3 (Bueno)","4 (Muy bueno)","2 (Malo)","3 (Bueno)","3 (Bueno)","3 (Bueno)","3 (Bueno)","2 (Malo)","2 (Malo)","3 (Bueno)","4 (Muy bueno)",Alto,"Toda la información adquirida","planteamiento de actividades","mejorar el esquema de planteamiento de actividades"
46,Satisfecho,Sí,Sí,Sí,"Más de lo esperado","6-8 horas","Los conozco y me son familiares, pero no los manejo en profundidad.","2 (Malo)","3 (Bueno)","3 (Bueno)","3 (Bueno)","2 (Malo)","2 (Malo)","3 (Bueno)","3 (Bueno)","3 (Bueno)","3 (Bueno)","3 (Bueno)","3 (Bueno)","3 (Bueno)","3 (Bueno)","2 (Malo)",Alto,"LO QUE MAS VALORO ES LA IMPORTANCIA Y PREPARACION DEL ENCARGADO  PARA ARTICULAR  ENTRE CURRICULUM BIBLIOTECA Y LECTOR ..YA QUE AL RECIBIR ESTA CAPACITACION SE PUEDE TRABAJAR MEJOR EN BIBLIOTECA","no que no me gusto sino que se hace un poco complejo porque es un curso que influyen muchas horas y se hace fuera del horario de trabajo","lo que mejoraria del curso en el futuro es que exista un tutor mas cercano al estudiante , aquell@s que les cuesta usar el foro y mensajes de la plataforma , es mejor un tutor de correo electrónico o de wsp empresarial."
47,Satisfecho,Sí,Sí,No,"Lo esperado","2-3 horas","Los conozco y me son familiares, pero no los manejo en profundidad.","4 (Muy bueno)","3 (Bueno)","3 (Bueno)","3 (Bueno)","3 (Bueno)","2 (Malo)","2 (Malo)","2 (Malo)","2 (Malo)","3 (Bueno)","2 (Malo)","3 (Bueno)","2 (Malo)","2 (Malo)","2 (Malo)","Muy alto","hay mucha información novedosa","no me gusto el planteamiento de las preguntas eran demasiado rebuscadas y no concordaban con la materia pasada","Que los cuestionarios sean acordes a los contenidos y con preguntas mas claras ."
48,Satisfecho,Sí,Sí,Sí,"Mucho más de lo esperado","6-8 horas","Los conozco y me son familiares, pero no los manejo en profundidad.","4 (Muy bueno)","4 (Muy bueno)","4 (Muy bueno)","4 (Muy bueno)","4 (Muy bueno)","3 (Bueno)","4 (Muy bueno)","3 (Bueno)","3 (Bueno)","4 (Muy bueno)","4 (Muy bueno)","4 (Muy bueno)","4 (Muy bueno)","4 (Muy bueno)","3 (Bueno)",Alto,"Valorar la factibilidad de presentación de los temas , la forma clara y sencilla de ingresar a las páginas del curso (muy útiles)","Dificultad para entrar a los foros.","Debieran ser cursos mas prácticos. No tanta teoría"
49,Satisfecho,Sí,Sí,Sí,"Más de lo esperado","Más de 8 horas","Los conozco y me son familiares, pero no los manejo en profundidad.","4 (Muy bueno)","3 (Bueno)","3 (Bueno)","3 (Bueno)","3 (Bueno)","3 (Bueno)","3 (Bueno)","3 (Bueno)","3 (Bueno)","3 (Bueno)","3 (Bueno)","3 (Bueno)","3 (Bueno)","3 (Bueno)","3 (Bueno)",Alto,aprender,"Complicado varios item, poco tiempo,","Que sea presencial y online a la vez ayuda mas a entender"
50,Satisfecho,Sí,Sí,Sí,"Más de lo esperado","Más de 8 horas","Los conozco y me son familiares, pero no los manejo en profundidad.","4 (Muy bueno)","3 (Bueno)","3 (Bueno)","3 (Bueno)","3 (Bueno)","3 (Bueno)","3 (Bueno)","3 (Bueno)","3 (Bueno)","3 (Bueno)","3 (Bueno)","3 (Bueno)","3 (Bueno)","3 (Bueno)","3 (Bueno)","Muy alto","El material de apoyo y la enseñanza para implementar nuevas herramientas de trabajo","Me dificulto un poco en arrancar y comprender como participar en los foros......","Que oriente mejor como hacer las actividades como ingresar a los foros y esas cosas, al principio me costo mucho......recuerden que no todos están acostumbrado a utilizar estas plataformas"
51,"Muy Satisfecho",Sí,Sí,Sí,"Más de lo esperado","6-8 horas","Los conozco y me son familiares, pero no los manejo en profundidad.","4 (Muy bueno)","4 (Muy bueno)","4 (Muy bueno)","2 (Malo)","2 (Malo)","4 (Muy bueno)","3 (Bueno)","4 (Muy bueno)","4 (Muy bueno)","3 (Bueno)","3 (Bueno)","4 (Muy bueno)","3 (Bueno)","4 (Muy bueno)","4 (Muy bueno)","Muy alto","Que el contenido se adecua perfectamente con el curso","Que es preciso y claro para entregar la información sin tanto distractor","Mejorar la plataforma de entrega, interfaz me genero mucha confusión en algunas ocasiones."
52,"Muy Satisfecho",Sí,Sí,Sí,"Mucho más de lo esperado","6-8 horas","He escuchado de los contenidos, pero no los conocía.","4 (Muy bueno)","4 (Muy bueno)","4 (Muy bueno)","4 (Muy bueno)","4 (Muy bueno)","3 (Bueno)","4 (Muy bueno)","4 (Muy bueno)","4 (Muy bueno)","3 (Bueno)","4 (Muy bueno)","3 (Bueno)","3 (Bueno)","3 (Bueno)","4 (Muy bueno)","Muy alto","las actividades para desarrollar , ya que muchas se ven a diario pero no sabia como registrarlas en papel","nada, me gusto mas este curso que los anteriores ya que los tutores muy pendientes y resuelven tus dudas, muy buen equipo.","que hubieran mas webinars"
53,Satisfecho,No,Sí,Sí,"Lo esperado","Más de 8 horas","Los conozco y me son familiares, pero no los manejo en profundidad.","3 (Bueno)","1 (Muy malo)","3 (Bueno)","3 (Bueno)","1 (Muy malo)","1 (Muy malo)","1 (Muy malo)","3 (Bueno)","3 (Bueno)","3 (Bueno)","3 (Bueno)","3 (Bueno)","3 (Bueno)","2 (Malo)","3 (Bueno)",Bajo,"Cada actividad que se realizo fue un incentivo para practicar la creatividad.","La pagina web es muy enredada, el foro muy desordenado y los horarios de clase imposibles de asistir. imposible de coordinar con el horario e trabajo.","Que las clases fuesen mas tarde, después de las 7 y que la web sea mas simple, los foros no se entienden,  es un desorden."
54,Satisfecho,Sí,Sí,Sí,"Más de lo esperado","2-3 horas","Los conozco y me son familiares, pero no los manejo en profundidad.","3 (Bueno)","3 (Bueno)","3 (Bueno)","3 (Bueno)","3 (Bueno)","2 (Malo)","3 (Bueno)","3 (Bueno)","3 (Bueno)","3 (Bueno)","3 (Bueno)","2 (Malo)","3 (Bueno)","2 (Malo)","2 (Malo)",Bajo,"Valoro muchísimo la preparación de estos cursos ,porque posiciona a otro nivel nuestro trabajo frente a directores y profesores ,como colaboradores y no solo &quot;guardalibros&quot;","Mi nivel muy básico de la tecnología que no me permitió aprovechar al máximo  este curso.","Que no dieran tantas tareas ,y asesoría mas personalizada."
55,"Muy Satisfecho",Sí,Sí,Sí,"Más de lo esperado","2-3 horas","Los conozco y me son familiares, pero no los manejo en profundidad.","4 (Muy bueno)","4 (Muy bueno)","4 (Muy bueno)","4 (Muy bueno)","4 (Muy bueno)","4 (Muy bueno)","4 (Muy bueno)","4 (Muy bueno)","4 (Muy bueno)","4 (Muy bueno)","4 (Muy bueno)","4 (Muy bueno)","4 (Muy bueno)","4 (Muy bueno)","4 (Muy bueno)","Muy alto","El acceso a la información de manera rapida y comprendible","Nada. Todo estuvo bien",Ninguna
56,"Muy Insatisfecho",Sí,Sí,Sí,"Lo esperado","2-3 horas","No los conocía; no había escuchado de estos.","3 (Bueno)","3 (Bueno)","3 (Bueno)","4 (Muy bueno)","4 (Muy bueno)","3 (Bueno)","3 (Bueno)","3 (Bueno)","3 (Bueno)","3 (Bueno)","3 (Bueno)","4 (Muy bueno)","4 (Muy bueno)","3 (Bueno)","2 (Malo)","Muy alto","La información que pude encontrar","Que no tuvimos tutor","Tutores para el uso de la Plataforma"
57,Satisfecho,Sí,Sí,Sí,"Más de lo esperado","Más de 8 horas","Los conozco y me son familiares, pero no los manejo en profundidad.","3 (Bueno)","3 (Bueno)","3 (Bueno)","3 (Bueno)","3 (Bueno)","3 (Bueno)","3 (Bueno)","4 (Muy bueno)","4 (Muy bueno)","4 (Muy bueno)","3 (Bueno)","4 (Muy bueno)","3 (Bueno)","3 (Bueno)","3 (Bueno)","Muy alto","me ha costado muchísimo elaborar las pautas de cotejo y planificación no las subí por que no estaba muy clara con esto pero hablando con una profesora me explico que estas planificaciones siempre estaban hechas en los portales de educación","la elaboración de las planificaciones , me costo entenderlas, pero cuando logre comprender su elaboración fue mas fácil llenarlas.","creo e insisto el tema de las planificaciones, el tiempo en que están entregando los cursos hay mucho que hacer en los liceos estamos finalizando el año y los alumnos volvieron a clase, mucho protocolo por lo que estamos viviendo en el mundo con el tema Covid-19, ha sido muy difícil, en lo personal yo tome la decisión de terminar el curso contra viento y marea y aquí sigo, pero ha sido complejo."
58,Satisfecho,Sí,Sí,Sí,"Lo esperado","4-6 horas","No los conocía; no había escuchado de estos.","3 (Bueno)","3 (Bueno)","3 (Bueno)","3 (Bueno)","3 (Bueno)","3 (Bueno)","3 (Bueno)","3 (Bueno)","3 (Bueno)","4 (Muy bueno)","3 (Bueno)","3 (Bueno)","4 (Muy bueno)","3 (Bueno)","3 (Bueno)","Muy alto","la disposición y entrega de los contenidos.","la rapidez para ver los contenidos visuales, muy acelerados","Enviar documentación de contenidos mostrados en cada clase atreves del correos o WhatsApp."
59,Satisfecho,Sí,Sí,Sí,"Más de lo esperado","6-8 horas","No los conocía; no había escuchado de estos.","4 (Muy bueno)","3 (Bueno)","3 (Bueno)","3 (Bueno)","3 (Bueno)","3 (Bueno)","3 (Bueno)","3 (Bueno)","3 (Bueno)","3 (Bueno)","3 (Bueno)","3 (Bueno)","3 (Bueno)","3 (Bueno)","3 (Bueno)",Alto,"La claridad de los conceptos y temas entregados.","la epoca del año en que se rea
Entraegarlizo","Que sean en mitad de año escolar...no a fines por la carga de tareas en este periodo."
60,"Muy Satisfecho",Sí,Sí,Sí,"Más de lo esperado","6-8 horas","Los conozco y me son familiares, pero no los manejo en profundidad.","4 (Muy bueno)","4 (Muy bueno)","4 (Muy bueno)","4 (Muy bueno)","4 (Muy bueno)","4 (Muy bueno)","4 (Muy bueno)","4 (Muy bueno)","4 (Muy bueno)","4 (Muy bueno)","4 (Muy bueno)","4 (Muy bueno)","4 (Muy bueno)","4 (Muy bueno)","4 (Muy bueno)",Alto,"que uno aprende mas de lo espere y conoce cosas que jamas habia visto en profundidad","muchas actividades y poco tiempo para realizarlas","podrian entregar un libro de todo el curso para tenerlo y repasarlo siempre."
61,"Muy Satisfecho",Sí,Sí,Sí,"Mucho más de lo esperado","4-6 horas","Los conozco y me son familiares, pero no los manejo en profundidad.","4 (Muy bueno)","4 (Muy bueno)","4 (Muy bueno)","4 (Muy bueno)","3 (Bueno)","3 (Bueno)","4 (Muy bueno)","4 (Muy bueno)","4 (Muy bueno)","4 (Muy bueno)","4 (Muy bueno)","3 (Bueno)","4 (Muy bueno)","4 (Muy bueno)","3 (Bueno)",Alto,"que nos ayuda ,a profesionarlizar nos y adquirir mas herramientas para mejorar nuestro servicios y conseguir los objetivos d nuestra comunidad  educativa.","el no tener no tener una dialogo mas expedito con los monitores en la hora de pedir ayuda ,además de las clases webinar
es necesario que puedan grabarse para poder verla para aquello por diversos situaciones no pudieron estar conectado en  el momento la actividades 
 















dimar","disminuir la cantidad de actividades por modulo .
comunicación  mas directa con los monitores en la vía de apoyo frente una dificultad técnica o pedagógica"
62,Satisfecho,Sí,Sí,Sí,"Más de lo esperado","2-3 horas","Los conozco y me son familiares, pero no los manejo en profundidad.","3 (Bueno)","3 (Bueno)","3 (Bueno)","3 (Bueno)","3 (Bueno)","3 (Bueno)","3 (Bueno)","3 (Bueno)","3 (Bueno)","3 (Bueno)","3 (Bueno)","3 (Bueno)","3 (Bueno)","3 (Bueno)","3 (Bueno)",Alto,"trabajo en equipo, con los compañeros de curso, ya que si quedábamos con dudas nos ayudábamos.","la plataforma algunas veces se caía y limitaba el acceso para poder subir las actividades,  tiempo de los cursos, para quienes tenían 3 cursos se acomplejaban con el tiempo y el exceso de información,.","Facilitar al momento de subir las actividades."
63,Insatisfecho,Sí,Sí,Sí,"Lo esperado","2-3 horas","Los conozco y me son familiares, pero no los manejo en profundidad.","3 (Bueno)","3 (Bueno)","3 (Bueno)","3 (Bueno)","3 (Bueno)","3 (Bueno)","3 (Bueno)","3 (Bueno)","3 (Bueno)","3 (Bueno)","3 (Bueno)","3 (Bueno)","3 (Bueno)","3 (Bueno)","3 (Bueno)",Alto,"lo aprendido","en lo personal el poco tiempo que tuve para realizar los módulos","nada por ahora"
64,Satisfecho,Sí,Sí,Sí,"Lo esperado","4-6 horas","He escuchado de los contenidos, pero no los conocía.","3 (Bueno)","2 (Malo)","3 (Bueno)","3 (Bueno)","3 (Bueno)","3 (Bueno)","3 (Bueno)","3 (Bueno)","3 (Bueno)","3 (Bueno)","3 (Bueno)","3 (Bueno)","3 (Bueno)","3 (Bueno)","3 (Bueno)",Alto,"VALORO TODO LO QUE APRENDÍ PQ LA MAYOR PARTE DEL CURSO LO CONSULTÉ A DOCENTES DEL COLEGIO.","LOS CONTENIDOS ERAN DIRIGIDOS A DOCENTES","QUE LOS CONTENIDOS SEAN PARA LOS ENCARGADOS DE BIBLIOTECA.  (ASISTENTE DE LA EDUCACIÓN )"
65,Satisfecho,Sí,Sí,Sí,"Más de lo esperado","4-6 horas","He escuchado de los contenidos, pero no los conocía.","3 (Bueno)","3 (Bueno)","3 (Bueno)","3 (Bueno)","2 (Malo)","3 (Bueno)","3 (Bueno)","3 (Bueno)","3 (Bueno)","3 (Bueno)","3 (Bueno)","3 (Bueno)","3 (Bueno)","3 (Bueno)","3 (Bueno)",Alto,"buenos contenidos","plataforma poco amigable","mejorar la plataforma, para facilitar su uso ."
66,Satisfecho,Sí,Sí,Sí,"Más de lo esperado","Más de 8 horas","Los conozco y me son familiares, pero no los manejo en profundidad.","4 (Muy bueno)","3 (Bueno)","3 (Bueno)","3 (Bueno)","4 (Muy bueno)","3 (Bueno)","4 (Muy bueno)","4 (Muy bueno)","4 (Muy bueno)","4 (Muy bueno)","4 (Muy bueno)","4 (Muy bueno)","3 (Bueno)","3 (Bueno)","3 (Bueno)",Alto,"Poder descubrir y conocer los &quot;OA&quot;","Mucha materia...me confundí varias veces (talvez podría estar mas resumida) .","Recibir retroalimentación de los tutores en los trabajos desarrollados, porque quedaba con la duda si el proyecto realizado cumplía con los parámetros exigidos."
67,Satisfecho,Sí,Sí,Sí,"Más de lo esperado","2-3 horas","He escuchado de los contenidos, pero no los conocía.","4 (Muy bueno)","3 (Bueno)","4 (Muy bueno)","4 (Muy bueno)","4 (Muy bueno)","3 (Bueno)","4 (Muy bueno)","4 (Muy bueno)","4 (Muy bueno)","4 (Muy bueno)","3 (Bueno)","4 (Muy bueno)","4 (Muy bueno)","3 (Bueno)","3 (Bueno)","Muy alto","la claridad y preocupacion de los tutores","los meses que fue dado el curso","no hacer estos cursos en los ultimos meses de alo escolar"
68,"Muy Satisfecho",Sí,Sí,Sí,"Más de lo esperado","Más de 8 horas","Los conozco y me son familiares, pero no los manejo en profundidad.","3 (Bueno)","3 (Bueno)","3 (Bueno)","3 (Bueno)","3 (Bueno)","3 (Bueno)","3 (Bueno)","3 (Bueno)","3 (Bueno)","3 (Bueno)","3 (Bueno)","3 (Bueno)","3 (Bueno)","3 (Bueno)","3 (Bueno)",Alto,"La importancia de desarrollar nuevas metodologías de aprendizaje donde los estudiantes deben puedan desarrollar habilidades del siglo XXI.","Realizar actividades de proyectos sin tener experiencias previas.","Dar más ejemplos de planificaciones de proyectos reales."
69,Satisfecho,Sí,No,Sí,"Más de lo esperado","4-6 horas","He escuchado de los contenidos, pero no los conocía.","3 (Bueno)","4 (Muy bueno)","3 (Bueno)","4 (Muy bueno)","2 (Malo)","3 (Bueno)","3 (Bueno)","3 (Bueno)","3 (Bueno)","3 (Bueno)","4 (Muy bueno)","2 (Malo)","3 (Bueno)","3 (Bueno)","4 (Muy bueno)","Muy alto","La actualización de conocimientos necesarios para estar al día con los cambios en tecnología y adecuación didáctica.","Lo encontré demasiado extenso. Fueron muchas horas dedicadas a aprender a utilizar la plataforma y las diferentes actividades, pues soy una persona mayor.","Hacerlo más accesible a personas que no se manejan tan bien con plataformas digitales. Considerar una alfabetización digital para los participantes, pues se asume que todos sabemos manejar diferentes páginas, aplicaciones o recursos digitales; cuando en realidad, es muy difícil para algunas personas."
