﻿"Respuesta número","En general, ¿cuál es su nivel de satisfacción con el curso que acaba de terminar?","¿Recomendaría este curso a otro encargado de biblioteca?","¿Volvería a realizar un curso de estas mismas características?","¿Eran coherentes las actividades de aprendizaje propuestas para el curso?","Según la percepción de su proceso de aprendizaje y las características de este curso, ¿cuánto considera que aprendió?","¿Cuántas horas cronológicas semanales dedicó a este curso?","¿Qué tan familiares son para usted los contenidos tratados en el curso?","Claridad de los contenidos del curso (temas, definiciones, términos conceptuales, etc.).","Contextualización de los contenidos a su realidad laboral.","La progresión de la secuencia de aprendizaje para ir tratando los contenidos del curso.","Claridad del diseño gráfico de las pantallas de la plataforma.","Facilidad de navegación en la plataforma.","El funcionamiento de la mesa de ayuda para estudiantes (mediante contacto por correo electrónico).","Claridad de las actividades de aprendizaje propuestas.","Consistencia de las actividades de aprendizaje propuestas con los aprendizajes del curso.","Coherencia de las actividades de aprendizaje propuestas.","Cantidad de información aportada por el curso.","Profundidad en el tratamiento de los aprendizajes esperados.","Claridad de las instrucciones de las actividades.","Claridad de las instrucciones y preguntas en las evaluaciones.","Claridad de las instrucciones y preguntas en las evaluaciones.","Calidad de las orientaciones para retroalimentar las actividades y evaluaciones.","El apoyo del tutor para responder preguntas en el foro.","¿Cómo evaluaría el nivel de transferencia de los aprendizajes a su contexto laboral?","¿Qué es lo que más valora del curso que acaba de terminar?              ","¿Qué es lo que menos le gustó del curso que acaba de terminar?          ","¿Qué sugerencias haría para mejorar el curso en el futuro?"
1,Satisfecho,Sí,Sí,Sí,"Más de lo esperado","2-3 horas","Los conozco y me son familiares, pero no los manejo en profundidad.","3 (Bueno)","3 (Bueno)","3 (Bueno)","3 (Bueno)","3 (Bueno)","3 (Bueno)","3 (Bueno)","3 (Bueno)","3 (Bueno)","3 (Bueno)","3 (Bueno)","3 (Bueno)","3 (Bueno)","3 (Bueno)","3 (Bueno)","3 (Bueno)",Alto,,,
2,"Muy satisfecho",Sí,Sí,Sí,"Mucho más de lo esperado","6-8 horas","Los conozco y me son familiares, pero no los manejo en profundidad.","4 (Muy bueno)","4 (Muy bueno)","4 (Muy bueno)","4 (Muy bueno)","3 (Bueno)","4 (Muy bueno)","4 (Muy bueno)","4 (Muy bueno)","4 (Muy bueno)","3 (Bueno)","4 (Muy bueno)","4 (Muy bueno)","4 (Muy bueno)","4 (Muy bueno)","4 (Muy bueno)","4 (Muy bueno)","Muy alto","El curso me pareció muy interesante y completo la interacción,la disponibilidad de parte de los tutores  lo recomiendo. agradecida de aprender contenidos nuevos los cuales pondré en practica en mi biblioteca escolar.","El no tener mas tiempo para dedicarle al curso.","- Crear espacios de retroalimentacion.
-incluir infografias ,mas vídeos."
3,Satisfecho,No,No,Sí,"Lo esperado","2-3 horas","He escuchado de los contenidos, pero no los conocía.","3 (Bueno)","2 (Malo)","3 (Bueno)","3 (Bueno)","2 (Malo)","3 (Bueno)","2 (Malo)","2 (Malo)","2 (Malo)","3 (Bueno)","3 (Bueno)","2 (Malo)","2 (Malo)","2 (Malo)","1 (Muy malo)","3 (Bueno)",Bajo,"La información proporcionada.","el poco tiempo que dan para finalizar el curso, tomando en cuenta a la altura del año que comienza.","comenzar a principios del año los cursos."
4,Satisfecho,Sí,Sí,Sí,"Lo esperado","4-6 horas","Los conozco y me son familiares, pero no los manejo en profundidad.","3 (Bueno)","3 (Bueno)","3 (Bueno)","3 (Bueno)","3 (Bueno)","3 (Bueno)","3 (Bueno)","3 (Bueno)","3 (Bueno)","3 (Bueno)","3 (Bueno)","3 (Bueno)","3 (Bueno)","3 (Bueno)","3 (Bueno)","3 (Bueno)",Alto,"Adquirir nuevos conocimientos y llevarlos a la práctica","Es largo y hay que dedicarle tiempo","Es bueno el curso, pero menos actividades"
5,Satisfecho,Sí,No,Sí,"Lo esperado","6-8 horas","He escuchado de los contenidos, pero no los conocía.","3 (Bueno)","3 (Bueno)","3 (Bueno)","3 (Bueno)","3 (Bueno)","3 (Bueno)","3 (Bueno)","3 (Bueno)","3 (Bueno)","3 (Bueno)","3 (Bueno)","3 (Bueno)","3 (Bueno)","3 (Bueno)","2 (Malo)","3 (Bueno)",Alto,"Los aprendizajes en cuanto a la mediación cultural.","Los videos en ingles.","Que los cursos tengan módulos presenciales."
6,Satisfecho,Sí,Sí,Sí,"Lo esperado","Más de 8 horas","Los conozco y me son familiares, pero no los manejo en profundidad.","3 (Bueno)","3 (Bueno)","2 (Malo)","3 (Bueno)","3 (Bueno)","2 (Malo)","2 (Malo)","2 (Malo)","2 (Malo)","3 (Bueno)","3 (Bueno)","2 (Malo)","2 (Malo)","2 (Malo)","2 (Malo)","2 (Malo)",Bajo,"Buscaré más estrategias de búsqueda y difusión cultural para que nuestro CRA crezca.","Demasiadas actividades que realizar en cada módulo.","Realizar menos cantidad de cursos en el año. De preferencia que no sean al final del año, ya que todos estamos agotados y estresados."
7,"Muy satisfecho",Sí,Sí,Sí,"Mucho más de lo esperado","4-6 horas","Los conozco y me son familiares, pero no los manejo en profundidad.","3 (Bueno)","3 (Bueno)","4 (Muy bueno)","4 (Muy bueno)","3 (Bueno)","4 (Muy bueno)","4 (Muy bueno)","4 (Muy bueno)","4 (Muy bueno)","4 (Muy bueno)","4 (Muy bueno)","4 (Muy bueno)","4 (Muy bueno)","4 (Muy bueno)","4 (Muy bueno)","4 (Muy bueno)","Muy alto",Actualización,"Poco tiempo para trabajarlo","Lo veo muy bien,felicitaciones
Gracias"
8,"Muy insatisfecho",Sí,Sí,Sí,"Mucho más de lo esperado","4-6 horas","Los conozco y me son familiares, pero no los manejo en profundidad.","3 (Bueno)","3 (Bueno)","3 (Bueno)","3 (Bueno)","3 (Bueno)","4 (Muy bueno)","3 (Bueno)","3 (Bueno)","3 (Bueno)","3 (Bueno)","3 (Bueno)","3 (Bueno)","3 (Bueno)","3 (Bueno)","3 (Bueno)","3 (Bueno)","Muy alto","lo aprendido","esta dificil me costo pero lo bueno que aprendo","mas tutorias respecto al tema"
9,Satisfecho,Sí,Sí,Sí,"Lo esperado","Más de 8 horas","No los conocía; no había escuchado de estos.","3 (Bueno)","3 (Bueno)","3 (Bueno)","3 (Bueno)","3 (Bueno)","3 (Bueno)","3 (Bueno)","3 (Bueno)","3 (Bueno)","3 (Bueno)","3 (Bueno)","3 (Bueno)","3 (Bueno)","3 (Bueno)","3 (Bueno)","3 (Bueno)",Alto,"grafica de los contenidos","que es muy largo","usar mas graficas o material didacticos o videos."
10,Satisfecho,Sí,No,Sí,"Lo esperado","6-8 horas","He escuchado de los contenidos, pero no los conocía.","3 (Bueno)","3 (Bueno)","3 (Bueno)","3 (Bueno)","3 (Bueno)","4 (Muy bueno)","3 (Bueno)","3 (Bueno)","3 (Bueno)","3 (Bueno)","2 (Malo)","2 (Malo)","2 (Malo)","2 (Malo)","3 (Bueno)","3 (Bueno)",Alto,"Aprender cosas nuevas: Cómo hacer un proyecto, conocer las instituciones dedicadas a la lectura y la cultura.","La presión del tiempo.  Pienso que este curso podría haber sido mejor de manera presencial y ojalá se pudieran dar un curso por mes.","Que se hiciera de manera presencial.  
Talvez pudiese ser con tutores, pero  como una clase magistral, sin preguntas abiertas a los estudiantes ya que se pierde mucho tiempo en las largas preguntas, descargos o intervenciones de los alumnos."
11,Satisfecho,Sí,Sí,Sí,"Más de lo esperado","6-8 horas","Los conozco y me son familiares, pero no los manejo en profundidad.","4 (Muy bueno)","4 (Muy bueno)","4 (Muy bueno)","4 (Muy bueno)","4 (Muy bueno)","3 (Bueno)","3 (Bueno)","3 (Bueno)","3 (Bueno)","4 (Muy bueno)","4 (Muy bueno)","4 (Muy bueno)","4 (Muy bueno)","4 (Muy bueno)","4 (Muy bueno)","3 (Bueno)",Alto,"Pude potenciar mas mi rol de encargada del CRA. Para ayudar a motivar a los estudiantes  hacia la lectura, que a través de software Abies 2.0 puedo mantener todas las colecciones y materiales automatizados.","La cantidad de cursos en tan poco de tiempo,yo trajo desde 7:30 en horario continuado hasta las 16 hrs. me falto tiempo para contestar los cursos","Que tengan una continuación cada año"
12,Satisfecho,Sí,Sí,Sí,"Más de lo esperado","2-3 horas","Los conozco y me son familiares, pero no los manejo en profundidad.","3 (Bueno)","2 (Malo)","3 (Bueno)","3 (Bueno)","4 (Muy bueno)","4 (Muy bueno)","4 (Muy bueno)","3 (Bueno)","3 (Bueno)","3 (Bueno)","3 (Bueno)","4 (Muy bueno)","4 (Muy bueno)","4 (Muy bueno)","3 (Bueno)","4 (Muy bueno)",Bajo,"que es da la oportunidad de hacer actividades para conocer mejor la biblioteca y su trabajo con su entorno.","que la información entregada no fue suficiente para responder las evaluaciones en muchas tuve que deducir con conocimientos externos","el curso se llama Vínculo con otras organizaciones de fomento del libro y la lectura, y la verdad sentí que fue solo información externa no me enseño competencias o herramientas para lograr establecer vínculos reales con organizaciones externas, si bien habían actividades en las que se podía estudiar que organización externas hay en la actualidad no hay una orientación a realizar este vinculo. si bien dan alternativas como paginas de internet para desarrollar una mediación cultural, hay bibliotecas que no cuentan con internet.  en general el curso es bueno pero creo que debería ser de mas tiempo para una mayor profundización en el tema."
13,Satisfecho,Sí,No,Sí,"Lo esperado","4-6 horas","Los conozco y me son familiares, pero no los manejo en profundidad.","3 (Bueno)","2 (Malo)","3 (Bueno)","3 (Bueno)","2 (Malo)","3 (Bueno)","3 (Bueno)","3 (Bueno)","3 (Bueno)","3 (Bueno)","3 (Bueno)","3 (Bueno)","2 (Malo)","2 (Malo)","3 (Bueno)","3 (Bueno)",Bajo,,,
14,Satisfecho,Sí,Sí,Sí,"Mucho más de lo esperado","Más de 8 horas","No los conocía; no había escuchado de estos.","4 (Muy bueno)","4 (Muy bueno)","4 (Muy bueno)","4 (Muy bueno)","4 (Muy bueno)","3 (Bueno)","4 (Muy bueno)","4 (Muy bueno)","4 (Muy bueno)","4 (Muy bueno)","4 (Muy bueno)","3 (Bueno)","3 (Bueno)","4 (Muy bueno)","4 (Muy bueno)","4 (Muy bueno)","Muy alto",,,
15,Insatisfecho,No,No,No,"Menos de lo esperado","4-6 horas","Los conozco y me son familiares, pero no los manejo en profundidad.","3 (Bueno)","2 (Malo)","2 (Malo)","3 (Bueno)","3 (Bueno)","2 (Malo)","2 (Malo)","2 (Malo)","2 (Malo)","3 (Bueno)","2 (Malo)","3 (Bueno)","3 (Bueno)","3 (Bueno)","2 (Malo)","2 (Malo)",Bajo,"Valoro la  motivación para trabajar  con la  comunidad.","Es muy general sin conocer el contexto particular de cada Establecimiento.","Sugiero visitas presenciales para conocer el contexto de cada Centro de Recursos de Aprendizaje y así retroalimentar  directamente  a los encargados."
16,Satisfecho,No,Sí,Sí,"Lo esperado","2-3 horas","Los conozco y los manejo con profundidad.","3 (Bueno)","3 (Bueno)","3 (Bueno)","3 (Bueno)","3 (Bueno)","3 (Bueno)","3 (Bueno)","3 (Bueno)","3 (Bueno)","3 (Bueno)","3 (Bueno)","3 (Bueno)","3 (Bueno)","3 (Bueno)","3 (Bueno)","3 (Bueno)",Alto,"Los recursos","Más tutoria","Mas guías"
17,Satisfecho,Sí,Sí,Sí,"Más de lo esperado","Más de 8 horas","He escuchado de los contenidos, pero no los conocía.","3 (Bueno)","3 (Bueno)","3 (Bueno)","4 (Muy bueno)","3 (Bueno)","3 (Bueno)","3 (Bueno)","3 (Bueno)","3 (Bueno)","3 (Bueno)","3 (Bueno)","3 (Bueno)","3 (Bueno)","3 (Bueno)","3 (Bueno)","3 (Bueno)",Alto,"que me entrego conceptos y conocimientos que hasta el momento desconocia","que nunca entendí como participar en los foros","que tuvieran un video para explicar como participar en los foros"
18,Satisfecho,Sí,Sí,No,"Menos de lo esperado","6-8 horas","Los conozco y me son familiares, pero no los manejo en profundidad.","3 (Bueno)","3 (Bueno)","3 (Bueno)","3 (Bueno)","3 (Bueno)","3 (Bueno)","3 (Bueno)","3 (Bueno)","3 (Bueno)","3 (Bueno)","2 (Malo)","3 (Bueno)","2 (Malo)","2 (Malo)","3 (Bueno)","3 (Bueno)",Alto,"La retroalimentación personal , respecto a la mediación cultural.","El tiempo de ejecución","Que los aprendizajes no sean solo textos, que incorporen más videos y  actividades asincrónicas."
19,Insatisfecho,Sí,No,No,"Menos de lo esperado","4-6 horas","No los conocía; no había escuchado de estos.","2 (Malo)","3 (Bueno)","2 (Malo)","3 (Bueno)","3 (Bueno)","2 (Malo)","2 (Malo)","2 (Malo)","2 (Malo)","3 (Bueno)","3 (Bueno)","2 (Malo)","2 (Malo)","2 (Malo)","2 (Malo)","1 (Muy malo)",Bajo,"La retroalimentación de mis compañeros .","la falta de retroalimentación de un profesor u tutor.","Dar ejemplos para realizar las actividades."
20,Satisfecho,Sí,Sí,Sí,"Mucho más de lo esperado","Más de 8 horas","Los conozco y me son familiares, pero no los manejo en profundidad.","4 (Muy bueno)","4 (Muy bueno)","4 (Muy bueno)","4 (Muy bueno)","4 (Muy bueno)","4 (Muy bueno)","4 (Muy bueno)","4 (Muy bueno)","3 (Bueno)","3 (Bueno)","3 (Bueno)","3 (Bueno)","3 (Bueno)","3 (Bueno)","4 (Muy bueno)","3 (Bueno)",Alto,"muchas cosas nuevas","todo bien","mas tiempo"
21,"Muy insatisfecho",Sí,Sí,Sí,"Mucho más de lo esperado","2-3 horas","He escuchado de los contenidos, pero no los conocía.","4 (Muy bueno)","1 (Muy malo)","1 (Muy malo)","1 (Muy malo)","1 (Muy malo)","1 (Muy malo)","1 (Muy malo)","1 (Muy malo)","1 (Muy malo)","4 (Muy bueno)","4 (Muy bueno)","4 (Muy bueno)","4 (Muy bueno)","4 (Muy bueno)","4 (Muy bueno)","4 (Muy bueno)","Muy alto","Todo, muy significativo",Nada,"No realizaría sugerencias"
22,Satisfecho,No,No,Sí,"Lo esperado","6-8 horas","No los conocía; no había escuchado de estos.","3 (Bueno)","1 (Muy malo)","4 (Muy bueno)","3 (Bueno)","3 (Bueno)","2 (Malo)","2 (Malo)","3 (Bueno)","3 (Bueno)","4 (Muy bueno)","4 (Muy bueno)","3 (Bueno)","3 (Bueno)","3 (Bueno)","2 (Malo)","2 (Malo)","Muy bajo",,,
23,Satisfecho,Sí,Sí,Sí,"Menos de lo esperado","2-3 horas","He escuchado de los contenidos, pero no los conocía.","3 (Bueno)","3 (Bueno)","2 (Malo)","3 (Bueno)","4 (Muy bueno)","4 (Muy bueno)","3 (Bueno)","4 (Muy bueno)","3 (Bueno)","3 (Bueno)","3 (Bueno)","4 (Muy bueno)","4 (Muy bueno)","4 (Muy bueno)","3 (Bueno)","4 (Muy bueno)","Muy alto","MUY BUENO, SOLO ME FALTO TIRMPO PARA ENTENDERLO AL 100%","MUY CORTO EL TIEMPO, ME FALTO PRESENCIALIDAD","CURSOS PRESENCIALES"
24,Satisfecho,Sí,Sí,Sí,"Lo esperado","2-3 horas","Los conozco y me son familiares, pero no los manejo en profundidad.","3 (Bueno)","3 (Bueno)","3 (Bueno)","4 (Muy bueno)","3 (Bueno)","3 (Bueno)","3 (Bueno)","3 (Bueno)","3 (Bueno)","3 (Bueno)","3 (Bueno)","3 (Bueno)","3 (Bueno)","3 (Bueno)","3 (Bueno)","3 (Bueno)",Alto,,,
25,"Muy satisfecho",Sí,Sí,Sí,"Más de lo esperado","2-3 horas","Los conozco y los manejo con profundidad.","4 (Muy bueno)","4 (Muy bueno)","4 (Muy bueno)","4 (Muy bueno)","4 (Muy bueno)","3 (Bueno)","3 (Bueno)","3 (Bueno)","4 (Muy bueno)","3 (Bueno)","3 (Bueno)","3 (Bueno)","3 (Bueno)","3 (Bueno)","3 (Bueno)","3 (Bueno)",Alto,,,
26,Satisfecho,Sí,Sí,Sí,"Lo esperado","2-3 horas","He escuchado de los contenidos, pero no los conocía.","3 (Bueno)","3 (Bueno)","3 (Bueno)","3 (Bueno)","3 (Bueno)","1 (Muy malo)","3 (Bueno)","3 (Bueno)","3 (Bueno)","3 (Bueno)","3 (Bueno)","3 (Bueno)","3 (Bueno)","3 (Bueno)","3 (Bueno)","1 (Muy malo)",Alto,"El aprendizaje","No contar con tutor","mas comunicaciòn"
27,Satisfecho,Sí,No,Sí,"Más de lo esperado","Más de 8 horas","Los conozco y me son familiares, pero no los manejo en profundidad.","3 (Bueno)","3 (Bueno)","2 (Malo)","2 (Malo)","3 (Bueno)","3 (Bueno)","3 (Bueno)","3 (Bueno)","3 (Bueno)","3 (Bueno)","3 (Bueno)","3 (Bueno)","2 (Malo)","2 (Malo)","2 (Malo)","3 (Bueno)",Alto,"Aprendí a relacionar mi biblioteca desde otro ambito aunque ya tenia una idea base desde algun tiempo.","No me gustó el tema de las actividades ya que es enfocada en educación básica y yo soy de educación media.","El formato del proyecto no me gustó y podrían cambiar algunas cosas como los costos de insumo
criterio, cantidad, valor"
28,Insatisfecho,Sí,No,No,"Lo esperado","4-6 horas","He escuchado de los contenidos, pero no los conocía.","2 (Malo)","2 (Malo)","3 (Bueno)","3 (Bueno)","2 (Malo)","2 (Malo)","3 (Bueno)","3 (Bueno)","3 (Bueno)","3 (Bueno)","2 (Malo)","2 (Malo)","2 (Malo)","2 (Malo)","3 (Bueno)","2 (Malo)",Alto,"lo que mas valoro es que todo que aprendí .aunque hay arto contenido nuevo  pero necesario para mi rol de encargada.","sin duda los términos .y la falta de un tutor para la guía  de las actividades .aunque ustedes dicen que uno puede comunicarse con su tutor .pero falta una cercanía   .ya que existen alumnos no tan avanzados .","comunicación con tutor mas cercana y mas rápida"
29,Insatisfecho,No,No,No,"Lo esperado","2-3 horas","No los conocía; no había escuchado de estos.","2 (Malo)","2 (Malo)","2 (Malo)","3 (Bueno)","3 (Bueno)","3 (Bueno)","2 (Malo)","1 (Muy malo)","2 (Malo)","3 (Bueno)","3 (Bueno)","2 (Malo)","2 (Malo)","2 (Malo)","3 (Bueno)","3 (Bueno)",Bajo,"Diversidad de los elementos de apoyo en las distintas unidades.","Tener que participar de foros.","Eliminar la participación en los foros, especialmente si la evaluación está sujeta a su participación."
30,Satisfecho,Sí,Sí,Sí,"Lo esperado","2-3 horas","He escuchado de los contenidos, pero no los conocía.","3 (Bueno)","2 (Malo)","3 (Bueno)","3 (Bueno)","3 (Bueno)","3 (Bueno)","3 (Bueno)","3 (Bueno)","3 (Bueno)","3 (Bueno)","3 (Bueno)","3 (Bueno)","3 (Bueno)","3 (Bueno)","3 (Bueno)","3 (Bueno)",Alto,"el material de apoyo era bien dinámico","que me falto tiempo para realizarlo","que se pregunte primero el tiempo que uno lleva en el cargo ya que por  comencé a principio de la pandemia en este cargo y por eso habían muchas cosas que no eran familiares para mi"
31,Satisfecho,Sí,Sí,Sí,"Más de lo esperado","2-3 horas","Los conozco y me son familiares, pero no los manejo en profundidad.","4 (Muy bueno)","3 (Bueno)","3 (Bueno)","4 (Muy bueno)","4 (Muy bueno)","3 (Bueno)","4 (Muy bueno)","3 (Bueno)","4 (Muy bueno)","4 (Muy bueno)","4 (Muy bueno)","4 (Muy bueno)","4 (Muy bueno)","4 (Muy bueno)","3 (Bueno)","3 (Bueno)",Bajo,"Las herramientas que se me dieron para mejorar las actividades culturales","En la parte donde debe aportar UTP, no lo pude hacer la Jefa de UTP lleva mucho tiempo con licencia medica y no pude cumplir esa parte","Lo encontré muy bueno así como esta, me gustaron las actividades"
32,Satisfecho,Sí,No,Sí,"Lo esperado","2-3 horas","He escuchado de los contenidos, pero no los conocía.","3 (Bueno)","3 (Bueno)","3 (Bueno)","3 (Bueno)","2 (Malo)","3 (Bueno)","3 (Bueno)","3 (Bueno)","3 (Bueno)","3 (Bueno)","3 (Bueno)","3 (Bueno)","3 (Bueno)","3 (Bueno)","3 (Bueno)","3 (Bueno)",Alto,"Aprendender nuevos conocimientos","la forma de como subir las actividades","cambiar la plataforma u otra manera de subir las activiades"
33,"Muy insatisfecho",Sí,Sí,Sí,"Mucho más de lo esperado","6-8 horas","Los conozco y me son familiares, pero no los manejo en profundidad.","4 (Muy bueno)","4 (Muy bueno)","4 (Muy bueno)","4 (Muy bueno)","4 (Muy bueno)","4 (Muy bueno)","4 (Muy bueno)","4 (Muy bueno)","4 (Muy bueno)","4 (Muy bueno)","4 (Muy bueno)","4 (Muy bueno)","4 (Muy bueno)","4 (Muy bueno)","4 (Muy bueno)","4 (Muy bueno)","Muy alto","El terminar el curso y haber aprendido nuevas estrategias para la Bibiloteca CRA","El corto tiempo en realizar el curso.","El ampliar los tiempos en que se pueden realizar los curso."
34,Satisfecho,Sí,Sí,Sí,"Lo esperado","2-3 horas","He escuchado de los contenidos, pero no los conocía.","3 (Bueno)","3 (Bueno)","3 (Bueno)","3 (Bueno)","3 (Bueno)","3 (Bueno)","3 (Bueno)","3 (Bueno)","3 (Bueno)","3 (Bueno)","3 (Bueno)","3 (Bueno)","3 (Bueno)","3 (Bueno)","3 (Bueno)","3 (Bueno)",Alto,"Las actividades prácticas","A nivel general el curso cumplió con mis expectativas","Tomar en cuentas las sugerencias generales para seguir mejorando"
35,Satisfecho,Sí,Sí,Sí,"Lo esperado","2-3 horas","Los conozco y me son familiares, pero no los manejo en profundidad.","3 (Bueno)","3 (Bueno)","3 (Bueno)","3 (Bueno)","3 (Bueno)","3 (Bueno)","3 (Bueno)","3 (Bueno)","3 (Bueno)","3 (Bueno)","3 (Bueno)","3 (Bueno)","3 (Bueno)","3 (Bueno)","3 (Bueno)","3 (Bueno)",Alto,"lo que mas valoro es que me entrego las herramientas para lograr realizar actividades que acerquen la biblioteca ala comunidad educativa y en general.","lo que no me gusto fue que eran muchas actividades y por tiempo me es imposible realizar lo que mas hice fue estudiar el contenido","realizar los cursos en otras fechas donde la carga laboral es menor"
36,Satisfecho,Sí,Sí,Sí,"Más de lo esperado","6-8 horas","He escuchado de los contenidos, pero no los conocía.","3 (Bueno)","3 (Bueno)","3 (Bueno)","3 (Bueno)","3 (Bueno)","3 (Bueno)","3 (Bueno)","3 (Bueno)","3 (Bueno)","3 (Bueno)","3 (Bueno)","3 (Bueno)","3 (Bueno)","3 (Bueno)","3 (Bueno)","3 (Bueno)",Alto,"La vinculación con el entorno.","Respuestas ambiguas en las evaluaciones sumativas.","El tiempo es muy poco cuando se realizan varios cursos a la vez.
Como sugerencia, ampliar los plazos de entrega y abrir los módulos en fechas determinadas, ya que se ve mucha información y eso no ayuda al buen aprendizaje."
37,Satisfecho,No,No,Sí,"Lo esperado","Más de 8 horas","Los conozco y me son familiares, pero no los manejo en profundidad.","2 (Malo)","2 (Malo)","3 (Bueno)","4 (Muy bueno)","4 (Muy bueno)","2 (Malo)","3 (Bueno)","3 (Bueno)","3 (Bueno)","3 (Bueno)","2 (Malo)","2 (Malo)","1 (Muy malo)","1 (Muy malo)","2 (Malo)","2 (Malo)",Bajo,"Buena la plataforma  pude aprender a usarla","Las evaluaciones pues las preguntas no venían en la materia y costaba mucho darse cuenta de lo que ustedes preguntaban","Preguntas claras y bien redactadas pues  no están muy claras en las evaluaciones"
38,"Muy satisfecho",Sí,Sí,Sí,"Mucho más de lo esperado","2-3 horas","Los conozco y me son familiares, pero no los manejo en profundidad.","3 (Bueno)","3 (Bueno)","4 (Muy bueno)","3 (Bueno)","3 (Bueno)","2 (Malo)","3 (Bueno)","4 (Muy bueno)","3 (Bueno)","4 (Muy bueno)","4 (Muy bueno)","3 (Bueno)","3 (Bueno)","2 (Malo)","3 (Bueno)","2 (Malo)","Muy alto","Para mí lo que más valoro de este curso es el aporte y  la importancia de la comunidad en nuestra labor.","Considero que las preguntas en su mayoría de las veces son complicadas y difíciles de contestar.","Las evaluaciones que en su mayoría son de un nivel elevado."
39,Satisfecho,Sí,No,Sí,"Lo esperado","2-3 horas","Los conozco y me son familiares, pero no los manejo en profundidad.","2 (Malo)","3 (Bueno)","3 (Bueno)","3 (Bueno)","4 (Muy bueno)","3 (Bueno)","2 (Malo)","2 (Malo)","3 (Bueno)","3 (Bueno)","3 (Bueno)","3 (Bueno)","3 (Bueno)","3 (Bueno)","2 (Malo)","3 (Bueno)",Bajo,"FACILIDAD PARA ACCEDER A LOS CONTENIDOS","MUCHAS ACTIVIDADES","Considerar que las personas que hacen estos cursos tienen mucho trabajo en su dia cotidiano y por la gran cantidad de actividades no se alcanza hacer como debe ser, faltan los tiempos y en mi caso a parte de estar en la coordinacion tambien destino muchas horas a realizar clases a estudiantes de 3° y 4° medio de especialidad tecnica."
40,Satisfecho,Sí,Sí,Sí,"Más de lo esperado","4-6 horas","Los conozco y me son familiares, pero no los manejo en profundidad.","4 (Muy bueno)","3 (Bueno)","3 (Bueno)","3 (Bueno)","3 (Bueno)","4 (Muy bueno)","3 (Bueno)","3 (Bueno)","3 (Bueno)","3 (Bueno)","3 (Bueno)","3 (Bueno)","3 (Bueno)","3 (Bueno)","4 (Muy bueno)","3 (Bueno)",Alto,"La entrega de los contenidos del curso","El poco tiempo para desarrollar  las actividades  e los módulos.","Que se respeten los tiempos para la encargada del CRA  para desarrollar los módulos."
41,Satisfecho,Sí,No,Sí,"Lo esperado","2-3 horas","He escuchado de los contenidos, pero no los conocía.","3 (Bueno)","2 (Malo)","3 (Bueno)","3 (Bueno)","3 (Bueno)","2 (Malo)","3 (Bueno)","3 (Bueno)","3 (Bueno)","3 (Bueno)","3 (Bueno)","3 (Bueno)","3 (Bueno)","3 (Bueno)","2 (Malo)","2 (Malo)","Muy alto","los contenidos","las actividades muy extensas","adecuarse a diferentes realidad"
42,Insatisfecho,Sí,No,No,"Lo esperado","Más de 8 horas","Los conozco y me son familiares, pero no los manejo en profundidad.","2 (Malo)","2 (Malo)","3 (Bueno)","2 (Malo)","3 (Bueno)","1 (Muy malo)","1 (Muy malo)","3 (Bueno)","2 (Malo)","3 (Bueno)","3 (Bueno)","2 (Malo)","2 (Malo)","2 (Malo)","3 (Bueno)","2 (Malo)",Alto,"Que me aporta muchas ideas y recursos para aplicar en el contexto de mi escuela.","Lo que menos me agradó del curso fue que las actividades no presentaban claridad suficiente en las instrucciones e incluso hay errores en ubicación de la actividad del curso 1 (G) que debieran estar en el curso J. Avisé a través de un mensaje, pero no hubo solución más que la notificación de recepción del mensaje. 
Además quiero recalcar mi molestia al sentir que no me alcanza el tiempo para realizar tantos trabajos en un plazo de tiempo corto, puesto que debo cumplir con mis demás labores en mi rol de encargada de biblioteca.","Que se revise bien el material enviado, y que las evaluaciones sean COHERENTES con lo señalado en el desarrollo de cada módulo. Se nota falta de prolijidad en la realización de los cursos en general."
43,Satisfecho,Sí,No,Sí,"Más de lo esperado","2-3 horas","No los conocía; no había escuchado de estos.","3 (Bueno)","3 (Bueno)","3 (Bueno)","3 (Bueno)","3 (Bueno)","3 (Bueno)","3 (Bueno)","3 (Bueno)","3 (Bueno)","3 (Bueno)","3 (Bueno)","3 (Bueno)","3 (Bueno)","3 (Bueno)","3 (Bueno)","3 (Bueno)",Bajo,"Conocí aspectos nuevos referidos al cra","La fecha en que se hizo
Actividades muy extensas","Otra fecha del año 
Más tiempo para realizar las actividades"
44,Satisfecho,Sí,Sí,Sí,"Lo esperado","2-3 horas","He escuchado de los contenidos, pero no los conocía.","4 (Muy bueno)","4 (Muy bueno)","3 (Bueno)","4 (Muy bueno)","4 (Muy bueno)","4 (Muy bueno)","3 (Bueno)","3 (Bueno)","3 (Bueno)","4 (Muy bueno)","3 (Bueno)","3 (Bueno)","4 (Muy bueno)","4 (Muy bueno)","3 (Bueno)","4 (Muy bueno)",Alto,"valoro su diseño gráfico y una buena plataforma de navegación.","El exceso de foros.","Las actividades de aprendizaje son buenas pero en algunas se necesitaba aporte de jefa de UTP lo cual retrasaba el desarrollo de estas."
45,Satisfecho,Sí,Sí,Sí,"Más de lo esperado","6-8 horas","He escuchado de los contenidos, pero no los conocía.","3 (Bueno)","3 (Bueno)","3 (Bueno)","3 (Bueno)","2 (Malo)","3 (Bueno)","3 (Bueno)","3 (Bueno)","3 (Bueno)","3 (Bueno)","3 (Bueno)","3 (Bueno)","3 (Bueno)","3 (Bueno)","2 (Malo)","3 (Bueno)",Alto,"Valoro los nuevos contenidos .","Que es mucho el tiempo que demanda revisar toda la información que se entrega en el módulo.","No tengo"
46,Satisfecho,Sí,Sí,Sí,"Más de lo esperado","2-3 horas","No los conocía; no había escuchado de estos.","3 (Bueno)","3 (Bueno)","3 (Bueno)","3 (Bueno)","3 (Bueno)","3 (Bueno)","3 (Bueno)","3 (Bueno)","3 (Bueno)","3 (Bueno)","3 (Bueno)","3 (Bueno)","3 (Bueno)","3 (Bueno)","3 (Bueno)","3 (Bueno)",Alto,"conocer conceptos nuevos","la poca comunicacion con los tutores","mejorar la comunicacion con los tutores"
47,Satisfecho,Sí,No,Sí,"Lo esperado","2-3 horas","No los conocía; no había escuchado de estos.","3 (Bueno)","3 (Bueno)","3 (Bueno)","3 (Bueno)","3 (Bueno)","3 (Bueno)","3 (Bueno)","3 (Bueno)","3 (Bueno)","3 (Bueno)","3 (Bueno)","3 (Bueno)","3 (Bueno)","3 (Bueno)","3 (Bueno)","3 (Bueno)","Muy alto","LA OPORTUNIDAD DE PODER PERFECCIONARNOS","EN MI CASO, SOY NUEVA EN BIBLIOTECA, NO SOY DOCENTE Y EL TENER MAS DE UN CURSO A LA VEZ DIFICULTABA MAS EL AVANZAR EN EN LOS TIEMPOS ESTABLECIDOS","REALIZAR UN CURSO A LA VEZ"
48,"Muy insatisfecho",No,No,No,"Menos de lo esperado","6-8 horas","Los conozco y me son familiares, pero no los manejo en profundidad.","2 (Malo)","2 (Malo)","2 (Malo)","2 (Malo)","2 (Malo)","2 (Malo)","2 (Malo)","2 (Malo)","2 (Malo)","2 (Malo)","2 (Malo)","2 (Malo)","2 (Malo)","2 (Malo)","2 (Malo)","2 (Malo)",Bajo,"el orden que tiene","el poco tiempo en que debe realizarse yaque los trabajos o actividades que realizamos en biblioteca nos resta  tiempo para responder con claridad  estos cursos","con actividades mas lúdicas, relatores con cuenta cuentos, los contenidos fueran con mas claros y específicos y con mejor retroalimentación"
49,Satisfecho,Sí,Sí,Sí,"Lo esperado","6-8 horas","No los conocía; no había escuchado de estos.","3 (Bueno)","2 (Malo)","3 (Bueno)","2 (Malo)","2 (Malo)","1 (Muy malo)","2 (Malo)","3 (Bueno)","3 (Bueno)","3 (Bueno)","3 (Bueno)","2 (Malo)","2 (Malo)","2 (Malo)","2 (Malo)","1 (Muy malo)","Muy bajo",,,
50,Satisfecho,No,No,No,"Lo esperado","4-6 horas","Los conozco y los manejo con profundidad.","4 (Muy bueno)","3 (Bueno)","3 (Bueno)","4 (Muy bueno)","4 (Muy bueno)","4 (Muy bueno)","2 (Malo)","2 (Malo)","2 (Malo)","2 (Malo)","2 (Malo)","2 (Malo)","2 (Malo)","2 (Malo)","2 (Malo)","2 (Malo)",Bajo,"La plataforma","La cantidad de trabajo no considera que todos los que participamos de esta instancia somos trabajadores. Además, todas las actividades propuestas eran de reflexión para, posteriormente evaluar con una prueba estandarizada de 5 preguntas .","Mejorar cantidad de trabajos, didáctica para entregar la información y una relación entre las actividades y las evaluaciones"
51,Satisfecho,Sí,Sí,Sí,"Más de lo esperado","6-8 horas","He escuchado de los contenidos, pero no los conocía.","3 (Bueno)","3 (Bueno)","3 (Bueno)","3 (Bueno)","3 (Bueno)","3 (Bueno)","3 (Bueno)","3 (Bueno)","3 (Bueno)","3 (Bueno)","3 (Bueno)","3 (Bueno)","3 (Bueno)","3 (Bueno)","3 (Bueno)","3 (Bueno)",Alto,"La cantidad de información referida al tema.","Que deberían ser cursos de capacitación más directos y no con tantos temas que no se profundizan, ni se consultan en las evaluaciones como lo referido a Proyectos.","Que las evaluaciones sean formativas."
52,Satisfecho,Sí,Sí,Sí,"Menos de lo esperado","Más de 8 horas","He escuchado de los contenidos, pero no los conocía.","3 (Bueno)","3 (Bueno)","3 (Bueno)","2 (Malo)","2 (Malo)","1 (Muy malo)","2 (Malo)","2 (Malo)","2 (Malo)","3 (Bueno)","2 (Malo)","2 (Malo)","2 (Malo)","2 (Malo)","2 (Malo)","1 (Muy malo)",Bajo,"Valoro todo lo aprendido, pero podría haber sido mejor.","La poca claridad en algunas actividades y evaluaciones entendiendo que es un curso de autoaprendizaje debiese haber tenido un foro para consultas.","El sistema del foro de consultas ya que si uno tiene dudas y no las puede resolver no sabe si esta bien lo que esta realizando y lo otro la retroalimentación la mejoraría tanto en las actividades como en las evaluaciones"
53,Satisfecho,Sí,Sí,Sí,"Lo esperado","2-3 horas","He escuchado de los contenidos, pero no los conocía.","3 (Bueno)","3 (Bueno)","3 (Bueno)","3 (Bueno)","3 (Bueno)","3 (Bueno)","3 (Bueno)","3 (Bueno)","3 (Bueno)","3 (Bueno)","3 (Bueno)","3 (Bueno)","3 (Bueno)","3 (Bueno)","3 (Bueno)","3 (Bueno)",Alto,"Las estrategias entregadas para fomentar la cultura en nuestras bibliotecas","La fecha en que se realiza el curso","Cambiar las fechas, que no sea a fin de año"
54,Insatisfecho,Sí,Sí,Sí,"Menos de lo esperado","2-3 horas","He escuchado de los contenidos, pero no los conocía.","3 (Bueno)","2 (Malo)","3 (Bueno)","3 (Bueno)","3 (Bueno)","3 (Bueno)","3 (Bueno)","3 (Bueno)","3 (Bueno)","3 (Bueno)","3 (Bueno)","3 (Bueno)","3 (Bueno)","3 (Bueno)","3 (Bueno)","3 (Bueno)",Bajo,"tendré que perfeccionarme para ser encargada del CRA","no tenia mucho conocimiento","pienso que las personas nuevas en el CRA deberían empezar con los conocimientos  básico"
55,Satisfecho,Sí,Sí,Sí,"Lo esperado","2-3 horas","Los conozco y me son familiares, pero no los manejo en profundidad.","4 (Muy bueno)","4 (Muy bueno)","4 (Muy bueno)","4 (Muy bueno)","4 (Muy bueno)","3 (Bueno)","4 (Muy bueno)","4 (Muy bueno)","4 (Muy bueno)","4 (Muy bueno)","4 (Muy bueno)","4 (Muy bueno)","4 (Muy bueno)","4 (Muy bueno)","4 (Muy bueno)","4 (Muy bueno)",Alto,"El contenido y la facilitación de recursos para el curso.","El tiempo y en las condiciones que nos encontramos.","Mas tiempo."
56,Insatisfecho,Sí,Sí,Sí,"Menos de lo esperado","6-8 horas","Los conozco y me son familiares, pero no los manejo en profundidad.","4 (Muy bueno)","2 (Malo)","3 (Bueno)","3 (Bueno)","3 (Bueno)","2 (Malo)","3 (Bueno)","2 (Malo)","2 (Malo)","2 (Malo)","2 (Malo)","1 (Muy malo)","2 (Malo)","2 (Malo)","2 (Malo)","1 (Muy malo)",Bajo,"NO CONTEMPLA LA REALIDAD DE LA BIBLIOTECA DONDE TRABAJO","EL SISTEMA DE EVALUACION","MAS COMUNICACION Y ORIENTACION CON EL TUTOR Y ORIENTAR A LAS MUNICIPALIDADES PARA MEJORAR LA CONEXION A INTERNET PARA EL DESARROLLO DEL CURSO"
57,"Muy insatisfecho",Sí,Sí,Sí,"Mucho más de lo esperado","Más de 8 horas","Los conozco y me son familiares, pero no los manejo en profundidad.","4 (Muy bueno)","3 (Bueno)","4 (Muy bueno)","4 (Muy bueno)","4 (Muy bueno)","4 (Muy bueno)","4 (Muy bueno)","4 (Muy bueno)","4 (Muy bueno)","4 (Muy bueno)","4 (Muy bueno)","4 (Muy bueno)","4 (Muy bueno)","4 (Muy bueno)","3 (Bueno)","3 (Bueno)",Alto,"La claridad de los contenidos y la forma de presentarlo en cada módulos de menos a más.","todo me gusto solo lo complicado es el poco tiempo que tenemos que debemos hacerlo en nuestro tiempo libre o de descanso.","deberían ser valorados pagando a sus participante por su participación, que el colegio entregará bonos por la buena aprobación de sus resultados."
58,"Muy satisfecho",Sí,Sí,Sí,"Más de lo esperado","Más de 8 horas","He escuchado de los contenidos, pero no los conocía.","4 (Muy bueno)","3 (Bueno)","4 (Muy bueno)","4 (Muy bueno)","4 (Muy bueno)","4 (Muy bueno)","3 (Bueno)","4 (Muy bueno)","4 (Muy bueno)","4 (Muy bueno)","4 (Muy bueno)","4 (Muy bueno)","4 (Muy bueno)","4 (Muy bueno)","4 (Muy bueno)","4 (Muy bueno)","Muy alto","valoro MUCHO LO QUE APRENDI, PORQUE ME SERVIRA MUCHO PARA MI AMBITO LABORAL","QUE EL CORREO DE LOS TRABAJOS DE LOS COMPAÑEROS SE SATURA MUCHO","QUE LA PLATAFORMA MARQUE COMO ENTREGADO LOS TRABAJOS Y EVALUACIONES REALIZADOS PORQUE CONFUNDE MUCHO AL VER TODO LO PENDIENTE"
59,"Muy insatisfecho",Sí,Sí,Sí,"Más de lo esperado","6-8 horas","Los conozco y me son familiares, pero no los manejo en profundidad.","4 (Muy bueno)","3 (Bueno)","3 (Bueno)","4 (Muy bueno)","4 (Muy bueno)","2 (Malo)","3 (Bueno)","3 (Bueno)","3 (Bueno)","4 (Muy bueno)","4 (Muy bueno)","3 (Bueno)","3 (Bueno)","3 (Bueno)","3 (Bueno)","2 (Malo)",Alto,"Valoro la calidad de los contenidos y la oportunidad de conocer otras realidades a través de las opiniones y trabajos subidos al foro.","Me pareció que se entregaron muchos contenidos y se exigieron trabajos que necesitaban tutoría. Eso lo evidencian los trabajos deficientes de muchos de mis compañeros. Los cursos anteriores de autoaprendizaje eran menos complejos.","Sugeriría dar más tiempo y dictarlos en otra fecha, a fin de año tenemos mucha carga laboral en nuestras bibliotecas y es casi imposible desarrollarlos durante el horario de trabajo, yo pasé fines de semana y noches en la plataforma para poder cumplir con todo y al mirar la hoa de la subida de tareas de mis compañeros veo que les pasó lo mismo."
60,Insatisfecho,No,No,No,"Menos de lo esperado","2-3 horas","No los conocía; no había escuchado de estos.","2 (Malo)","2 (Malo)","2 (Malo)","3 (Bueno)","3 (Bueno)","3 (Bueno)","2 (Malo)","2 (Malo)","2 (Malo)","2 (Malo)","2 (Malo)","3 (Bueno)","3 (Bueno)","3 (Bueno)","2 (Malo)","3 (Bueno)",Bajo,"En estos momento nada,","Muchas actividades.","Dejar de realizar tantas actividades."
61,Satisfecho,Sí,No,Sí,"Lo esperado","2-3 horas","No los conocía; no había escuchado de estos.","4 (Muy bueno)","1 (Muy malo)","4 (Muy bueno)","4 (Muy bueno)","4 (Muy bueno)","4 (Muy bueno)","3 (Bueno)","4 (Muy bueno)","4 (Muy bueno)","4 (Muy bueno)","3 (Bueno)","3 (Bueno)","4 (Muy bueno)","4 (Muy bueno)","4 (Muy bueno)","4 (Muy bueno)",Alto,"El interés de que los encargados se puedan capacitar.","Que hay muchas cosas que no pude hacer porque acá no se practican.","Está muy bueno el curso, pero por no tener tanto conocimiento y no tener practica no pude contestar las actividades."
62,"Muy satisfecho",Sí,Sí,Sí,"Más de lo esperado","6-8 horas","No los conocía; no había escuchado de estos.","3 (Bueno)","3 (Bueno)","2 (Malo)","1 (Muy malo)","1 (Muy malo)","1 (Muy malo)","2 (Malo)","2 (Malo)","3 (Bueno)","3 (Bueno)","3 (Bueno)","2 (Malo)","2 (Malo)","2 (Malo)","2 (Malo)","1 (Muy malo)","Muy alto",,,
63,Insatisfecho,Sí,No,No,"Lo esperado","2-3 horas","He escuchado de los contenidos, pero no los conocía.","3 (Bueno)","2 (Malo)","2 (Malo)","3 (Bueno)","2 (Malo)","3 (Bueno)","2 (Malo)","2 (Malo)","3 (Bueno)","2 (Malo)","2 (Malo)","2 (Malo)","2 (Malo)","2 (Malo)","2 (Malo)","3 (Bueno)",Bajo,"siempre es provechoso un curso o aprender, pero bajo mis circunstancias hacer 3 cursos al mismo tiempo, mas las labores propias del cargo, no tenia tiempo y se me complicaba que temas estaba desarrollando, si se pudiera repetir pero curso a curso y no todos al mismo tiempo seria ideal para mi y para varios compañeros.","la forma de realizar las evaluaciones me quedaron dudas puesto que si bien había material, pero no iban de la mano con la realidad de mi espacio cra, tomando en cuenta que llevo pocos años 4 y dos sin alumnos y medio año inestable con el estallido social, somos liceo, si se pudiera repetir y las explicaciones con tutores en vivo seria mejor para mi","como comete antes, yo personalmente tuve 3 cursos al mismo tiempo, cierre de año, las labores propias del cargo, se me confundía los temas, y los tiempos no fueron los óptimos o como yo hubiera querido, si se pudiera repetir pero curso a curso, y con clases acotadas para que puedan explicar los puntos y el desarrollo de los temas"
64,Satisfecho,Sí,Sí,Sí,"Más de lo esperado","2-3 horas","Los conozco y me son familiares, pero no los manejo en profundidad.","3 (Bueno)","3 (Bueno)","3 (Bueno)","2 (Malo)","3 (Bueno)","3 (Bueno)","3 (Bueno)","3 (Bueno)","3 (Bueno)","4 (Muy bueno)","3 (Bueno)","3 (Bueno)","3 (Bueno)","3 (Bueno)","3 (Bueno)","3 (Bueno)",Alto,"muy buena la información que debemos manejar los encargados de bibliotecas.","mi falta de tiempo para realizar todas las actividades. debido a problemas de salud míos y  problemas familiares no pude dedicarle más tiempo al curso. y por las diversas labores que desempeño en el colegio, no podía avanzar en el trabajo.","me gustaría que pudiesemos tener este material en forma impresa, todos los encargados que realizamos el curso, es un material
muy bueno que nos serviría para consultar a diario."
65,"Muy insatisfecho",Sí,No,Sí,"Menos de lo esperado","2-3 horas","He escuchado de los contenidos, pero no los conocía.","3 (Bueno)","2 (Malo)","3 (Bueno)","3 (Bueno)","3 (Bueno)","2 (Malo)","3 (Bueno)","3 (Bueno)","3 (Bueno)","3 (Bueno)","3 (Bueno)","2 (Malo)","3 (Bueno)","3 (Bueno)","2 (Malo)","3 (Bueno)",Bajo,"Valoro la preocupación del Ministerio de querer que seamos mejores profesionales y darnos estos cursos pero el tiempo fue muy poco.","Mucha materia y actividades para las personas que tenemos mas de 3 cursos es mucho y a veces no estaban claras las instrucciones. Lamento no haber terminado este curso por falta de tiempo.","Que no sean tantos cursos, materia y tan poco tiempo para realizarlos."
66,Satisfecho,Sí,Sí,Sí,"Más de lo esperado","4-6 horas","He escuchado de los contenidos, pero no los conocía.","3 (Bueno)","3 (Bueno)","3 (Bueno)","3 (Bueno)","3 (Bueno)","3 (Bueno)","3 (Bueno)","3 (Bueno)","3 (Bueno)","3 (Bueno)","3 (Bueno)","3 (Bueno)","3 (Bueno)","3 (Bueno)","3 (Bueno)","3 (Bueno)","Muy alto","la calida d de la informacion obtenida","la plataforma que en algunas pruebas no me dejo responder","mejorar la plataforma"
67,Satisfecho,No,No,Sí,"Menos de lo esperado","4-6 horas","Los conozco y me son familiares, pero no los manejo en profundidad.","2 (Malo)","3 (Bueno)","2 (Malo)","3 (Bueno)","3 (Bueno)","2 (Malo)","2 (Malo)","2 (Malo)","2 (Malo)","2 (Malo)","2 (Malo)","2 (Malo)","2 (Malo)","2 (Malo)","2 (Malo)","2 (Malo)",Bajo,nada,"la fecha, la condición de pandemia, muchos somos encargados y además profesores de aula, no ver que hay encargados de CRA en contexto rural.","Ubicarse y no generalizar la realidad"
68,Satisfecho,Sí,Sí,Sí,"Lo esperado","2-3 horas","Los conozco y me son familiares, pero no los manejo en profundidad.","3 (Bueno)","2 (Malo)","3 (Bueno)","4 (Muy bueno)","2 (Malo)","3 (Bueno)","3 (Bueno)","2 (Malo)","3 (Bueno)","3 (Bueno)","3 (Bueno)","3 (Bueno)","3 (Bueno)","3 (Bueno)","3 (Bueno)","2 (Malo)",Alto,"Que ayuda a profesioanlizar las labores en los CRA","Que no se consideró la realidad de pandemia. Muchas actividades y contenidos estaban pensados y contextualizados en una realidad muy, muy diferente a la que hemos vivido y eso no se podía  ver en las actividades","Considerar la realidad de los liceos y liceos TP, que son distintas a las de los establecimientos comunaes, tanto por la edad de los estudiantes como por las realidades del servicio de biblioteca, por la especificidad de la labor TP"
69,Satisfecho,Sí,Sí,Sí,"Lo esperado","4-6 horas","Los conozco y me son familiares, pero no los manejo en profundidad.","3 (Bueno)","3 (Bueno)","3 (Bueno)","3 (Bueno)","3 (Bueno)","3 (Bueno)","3 (Bueno)","3 (Bueno)","3 (Bueno)","4 (Muy bueno)","3 (Bueno)","3 (Bueno)","2 (Malo)","2 (Malo)","3 (Bueno)","3 (Bueno)",Alto,"La claridad de algunas definiciones, las que me ayudó a entender aún más temas que conocía, pero que no manejaba tan bien.","La obligatoriedad de participar en los foros, ya que lamentablemente mi carga laboral es muy alta y no me alcanza el tiempo para participar de los foros.","Participación de los Foros VOLUNTARIA"
70,"Muy satisfecho",Sí,Sí,Sí,"Más de lo esperado","6-8 horas","He escuchado de los contenidos, pero no los conocía.","4 (Muy bueno)","3 (Bueno)","3 (Bueno)","4 (Muy bueno)","4 (Muy bueno)","4 (Muy bueno)","3 (Bueno)","3 (Bueno)","3 (Bueno)","3 (Bueno)","4 (Muy bueno)","4 (Muy bueno)","4 (Muy bueno)","4 (Muy bueno)","4 (Muy bueno)","3 (Bueno)","Muy alto","lo que mas valoro de este curso es la posibilidad de darnos a conocer iniciativas muy importantes para poder desarrollar dentro de nuestros establecimientos.","Quizás una de las cosas que no fue tan cómodo, fue considerar la ayuda de la jefa de utp, ya que generalmente están ocupadas realizando su trabajo. 
pero al fin de cuentas igual ella me apoyo y respondió  a mi trabajo","Mas pautas de retroalimentación para que nos sea mas fácil estudiar ,ya que igual el tiempo para nosotros es oro. aveces queremos llegar a la casa a descasar o a ver a nuestras familias, con mas pautas de trabajo solo llegaríamos a leer y nos quedaría mas grabado los contenidos del curso."
71,Insatisfecho,Sí,No,No,"Menos de lo esperado","2-3 horas","He escuchado de los contenidos, pero no los conocía.","2 (Malo)","3 (Bueno)","1 (Muy malo)","1 (Muy malo)","1 (Muy malo)","2 (Malo)","1 (Muy malo)","2 (Malo)","2 (Malo)","2 (Malo)","2 (Malo)","1 (Muy malo)","1 (Muy malo)","1 (Muy malo)","2 (Malo)","2 (Malo)","Muy bajo",,,
72,Satisfecho,Sí,Sí,No,"Más de lo esperado","2-3 horas","Los conozco y me son familiares, pero no los manejo en profundidad.","3 (Bueno)","4 (Muy bueno)","2 (Malo)","4 (Muy bueno)","3 (Bueno)","1 (Muy malo)","3 (Bueno)","3 (Bueno)","3 (Bueno)","3 (Bueno)","3 (Bueno)","2 (Malo)","2 (Malo)","2 (Malo)","3 (Bueno)","2 (Malo)",Alto,"Los conceptos de biblioteca abierta a la comunidad","las lecturas largas y poco legible sus letras","Que todo pueda ser contestado en la plataforma , sin tener que anexar y bajar documentos , eso facilitaría el acceso y rapidez"
73,Satisfecho,Sí,Sí,Sí,"Más de lo esperado","4-6 horas","Los conozco y me son familiares, pero no los manejo en profundidad.","4 (Muy bueno)","4 (Muy bueno)","3 (Bueno)","3 (Bueno)","3 (Bueno)","3 (Bueno)","3 (Bueno)","3 (Bueno)","3 (Bueno)","4 (Muy bueno)","3 (Bueno)","3 (Bueno)","3 (Bueno)","3 (Bueno)","3 (Bueno)","3 (Bueno)",Alto,"material de apoyo","que fuera online","menos actividades."
74,"Muy satisfecho",Sí,Sí,No,"Más de lo esperado","Más de 8 horas","Los conozco y me son familiares, pero no los manejo en profundidad.","4 (Muy bueno)","4 (Muy bueno)","4 (Muy bueno)","3 (Bueno)","4 (Muy bueno)","4 (Muy bueno)","4 (Muy bueno)","3 (Bueno)","4 (Muy bueno)","3 (Bueno)","4 (Muy bueno)","3 (Bueno)","4 (Muy bueno)","3 (Bueno)","4 (Muy bueno)","4 (Muy bueno)","Muy alto","Extencion Cultural","el mapeo","mas material dicatico como ppt, prezi pdf"
75,"Muy satisfecho",Sí,Sí,Sí,"Más de lo esperado","Más de 8 horas","No los conocía; no había escuchado de estos.","3 (Bueno)","3 (Bueno)","3 (Bueno)","3 (Bueno)","2 (Malo)","1 (Muy malo)","3 (Bueno)","3 (Bueno)","3 (Bueno)","3 (Bueno)","3 (Bueno)","3 (Bueno)","3 (Bueno)","3 (Bueno)","2 (Malo)","2 (Malo)",Alto,"termino mas empoderado de mi área de trabajo y con ganas de aplicar el conocimiento adquirido, articular junto a los docentes y UTP.","El tecnicismo usado en algunas lecturas me confundieron y hasta me aburrieron.","que el material de apoyo para leer estuviera en un solo formato y ojalá que sus nombres tengan correlatividad, para poder guardarlos y no tengamos confusión."
76,"Muy satisfecho",Sí,Sí,Sí,"Mucho más de lo esperado","2-3 horas","Los conozco y me son familiares, pero no los manejo en profundidad.","4 (Muy bueno)","4 (Muy bueno)","4 (Muy bueno)","4 (Muy bueno)","4 (Muy bueno)","4 (Muy bueno)","4 (Muy bueno)","4 (Muy bueno)","4 (Muy bueno)","4 (Muy bueno)","4 (Muy bueno)","4 (Muy bueno)","4 (Muy bueno)","4 (Muy bueno)","4 (Muy bueno)","4 (Muy bueno)","Muy alto","mucho material que nos quedará para seguir leyendo ya que el tiempo es poco y muchísimo que estudiar excelente","solo el poco tiempo lo extendería mas a dos y medio meses quizás porque hay actividades que no alcance a realizar. Pero que las seguiré estudiando","teléfono WhatsApp que se hagan mas accesible contactarnos aunque las personas a cargo siempre estuvieron dispuestas a responder inmediatamente"
77,Satisfecho,No,No,Sí,"Lo esperado","2-3 horas","Los conozco y me son familiares, pero no los manejo en profundidad.","3 (Bueno)","2 (Malo)","3 (Bueno)","2 (Malo)","2 (Malo)","2 (Malo)","3 (Bueno)","3 (Bueno)","3 (Bueno)","3 (Bueno)","3 (Bueno)","3 (Bueno)","3 (Bueno)","3 (Bueno)","3 (Bueno)","3 (Bueno)",Bajo,"aprender sobre la mediacion cultural","la plataforma","mejorar la plataforma y que los encargados de responder resuelvan nuestras dudas"
78,Satisfecho,Sí,Sí,Sí,"Lo esperado","2-3 horas","He escuchado de los contenidos, pero no los conocía.","3 (Bueno)","3 (Bueno)","3 (Bueno)","3 (Bueno)","2 (Malo)","3 (Bueno)","3 (Bueno)","3 (Bueno)","3 (Bueno)","3 (Bueno)","3 (Bueno)","3 (Bueno)","3 (Bueno)","3 (Bueno)","3 (Bueno)","3 (Bueno)",Alto,"Aprendí nuevas estrategias de gestión para la biblioteca","El exceso de tareas sin explicación previa","Que fueran mas interactivo."
79,Satisfecho,No,No,Sí,"Más de lo esperado","Más de 8 horas","He escuchado de los contenidos, pero no los conocía.","2 (Malo)","2 (Malo)","3 (Bueno)","3 (Bueno)","3 (Bueno)","2 (Malo)","3 (Bueno)","3 (Bueno)","3 (Bueno)","3 (Bueno)","3 (Bueno)","3 (Bueno)","3 (Bueno)","3 (Bueno)","3 (Bueno)","3 (Bueno)","Muy alto","El trabajar en equipo","poco tiempo para trabajar en la escuelas","Lo realizaria en marzo"
80,Satisfecho,Sí,Sí,Sí,"Mucho más de lo esperado","2-3 horas","He escuchado de los contenidos, pero no los conocía.","3 (Bueno)","3 (Bueno)","3 (Bueno)","3 (Bueno)","3 (Bueno)","3 (Bueno)","3 (Bueno)","3 (Bueno)","3 (Bueno)","3 (Bueno)","3 (Bueno)","3 (Bueno)","3 (Bueno)","3 (Bueno)","3 (Bueno)","3 (Bueno)",Alto,"que seimpre estaban atentos en nuestras dudas","el poco tiempo para terminar bien los cursos, prian haber sido mas antes de fin de año","que los proximos cursos sean a mediado del proximo año y que terminen en noviembre"
81,Satisfecho,Sí,Sí,Sí,"Lo esperado","4-6 horas","Los conozco y me son familiares, pero no los manejo en profundidad.","3 (Bueno)","3 (Bueno)","3 (Bueno)","3 (Bueno)","3 (Bueno)","3 (Bueno)","3 (Bueno)","3 (Bueno)","3 (Bueno)","3 (Bueno)","3 (Bueno)","3 (Bueno)","3 (Bueno)","3 (Bueno)","3 (Bueno)","3 (Bueno)",Alto,"Lo que mas se valora es haber conocido mas en profundidad sobre el tema de las bibliotecas escolares (CRA) y conceptos que no conocía.","Lo que menos me gusto es mucha información por cada modulo y a veces costaba un poco realizar las actividades.","En general el curso esta bien planteado, a lo mejor si fuese un poco menos de información y  mas claras las actividades"
82,"Muy insatisfecho",Sí,Sí,Sí,"Mucho más de lo esperado","6-8 horas","No los conocía; no había escuchado de estos.","4 (Muy bueno)","4 (Muy bueno)","4 (Muy bueno)","4 (Muy bueno)","3 (Bueno)","4 (Muy bueno)","4 (Muy bueno)","3 (Bueno)","3 (Bueno)","3 (Bueno)","4 (Muy bueno)","4 (Muy bueno)","4 (Muy bueno)","4 (Muy bueno)","4 (Muy bueno)","4 (Muy bueno)","Muy alto","aprendizajes entregados","poca interacción con tutores y compañeros","por lo menos dos clases presenciales"
83,Satisfecho,Sí,Sí,Sí,"Más de lo esperado","2-3 horas","Los conozco y me son familiares, pero no los manejo en profundidad.","4 (Muy bueno)","4 (Muy bueno)","4 (Muy bueno)","4 (Muy bueno)","4 (Muy bueno)","4 (Muy bueno)","4 (Muy bueno)","4 (Muy bueno)","4 (Muy bueno)","4 (Muy bueno)","4 (Muy bueno)","4 (Muy bueno)","4 (Muy bueno)","4 (Muy bueno)","4 (Muy bueno)","4 (Muy bueno)",Alto,"Los aprendizajes obtenidos","Nada  todo me gusto",Ninguna
84,Satisfecho,Sí,Sí,Sí,"Más de lo esperado","Más de 8 horas","No los conocía; no había escuchado de estos.","3 (Bueno)","3 (Bueno)","3 (Bueno)","3 (Bueno)","3 (Bueno)","3 (Bueno)","3 (Bueno)","4 (Muy bueno)","4 (Muy bueno)","4 (Muy bueno)","4 (Muy bueno)","4 (Muy bueno)","3 (Bueno)","3 (Bueno)","3 (Bueno)","3 (Bueno)",Alto,"Que aprendí mucho.","Muy poco tiempo para tanta información..","Es demasiada materia para aprender. Tal vez si pudiera ser menos."
85,Satisfecho,Sí,No,Sí,"Lo esperado","2-3 horas","He escuchado de los contenidos, pero no los conocía.","3 (Bueno)","3 (Bueno)","3 (Bueno)","4 (Muy bueno)","3 (Bueno)","3 (Bueno)","3 (Bueno)","3 (Bueno)","3 (Bueno)","3 (Bueno)","3 (Bueno)","3 (Bueno)","3 (Bueno)","3 (Bueno)","3 (Bueno)","3 (Bueno)",Alto,,,
86,Satisfecho,Sí,Sí,Sí,"Lo esperado","Más de 8 horas","No los conocía; no había escuchado de estos.","3 (Bueno)","3 (Bueno)","3 (Bueno)","3 (Bueno)","3 (Bueno)","3 (Bueno)","3 (Bueno)","3 (Bueno)","3 (Bueno)","3 (Bueno)","3 (Bueno)","3 (Bueno)","3 (Bueno)","3 (Bueno)","3 (Bueno)","3 (Bueno)",Alto,"el aprendizaje a trabajar con la comunidad","tener la información de los videos o presentaciones","dar la opción de imprimir el contenido de las presentaciones"
87,Satisfecho,Sí,Sí,Sí,"Lo esperado","2-3 horas","Los conozco y me son familiares, pero no los manejo en profundidad.","3 (Bueno)","3 (Bueno)","3 (Bueno)","3 (Bueno)","3 (Bueno)","4 (Muy bueno)","3 (Bueno)","3 (Bueno)","3 (Bueno)","4 (Muy bueno)","3 (Bueno)","3 (Bueno)","3 (Bueno)","3 (Bueno)","3 (Bueno)","3 (Bueno)","Muy alto","Principalmente, la calidad de los paper, del material y de lo buenas de las actividades.","Era muy largo...a esta altura del año, hay demasiado trabajo como para hacer cursos así de extensos. Siendo que son muy buenos, sería ideal comenzarlos en otro momento del año.","El curso es muy bueno en términos generales, pero, si va a realizarse durante los últimos meses del año escolar, o bien, que sean menos extensos. O, por contrario, si van a ser así de extensos, que sean en un momento del año de menor carga laboral."
88,"Muy satisfecho",Sí,Sí,Sí,"Más de lo esperado","4-6 horas","No los conocía; no había escuchado de estos.","4 (Muy bueno)","3 (Bueno)","4 (Muy bueno)","4 (Muy bueno)","4 (Muy bueno)","4 (Muy bueno)","3 (Bueno)","3 (Bueno)","4 (Muy bueno)","4 (Muy bueno)","4 (Muy bueno)","4 (Muy bueno)","3 (Bueno)","3 (Bueno)","3 (Bueno)","4 (Muy bueno)",Alto,"Haber recibido conocimientos  que no tenía, relacionados  con la biblioteca y su quehacer dentro de la comunidad escolar y social cultural.","Creo que en pocos colegios hay una persona encargada exclusivamente para la biblioteca por lo que realizar el curso implica sacrificar  horas de descanso y de sueño, para cumplir con todo.","Tal vez dar más tiempo, por lo menos en mi caso personal me costó ajustarme a los tiempos de estudio para terminar el curso.
Gracias..."
89,Satisfecho,Sí,No,Sí,"Lo esperado","4-6 horas","He escuchado de los contenidos, pero no los conocía.","3 (Bueno)","2 (Malo)","3 (Bueno)","3 (Bueno)","2 (Malo)","3 (Bueno)","3 (Bueno)","3 (Bueno)","3 (Bueno)","3 (Bueno)","3 (Bueno)","2 (Malo)","3 (Bueno)","3 (Bueno)","3 (Bueno)","3 (Bueno)",Bajo,"Adquisición de nuevo métodos para la comunidad educativa y gestión con todos quienes trabajan en el colegio","Poder comprender de mejor manera los significados de la mediación cultural","Poder adquirir archivos concretos sobre los temas a tratar en cada módulo y no tanta ambigüedad"
90,Satisfecho,No,No,Sí,"Lo esperado","2-3 horas","Los conozco y me son familiares, pero no los manejo en profundidad.","3 (Bueno)","3 (Bueno)","2 (Malo)","3 (Bueno)","1 (Muy malo)","1 (Muy malo)","2 (Malo)","2 (Malo)","2 (Malo)","3 (Bueno)","3 (Bueno)","2 (Malo)","2 (Malo)","2 (Malo)","2 (Malo)","2 (Malo)","Muy alto","que recuerda contenidos importantes a considerar.Que nos confirmó la importancia que debe tener el CRA dentro del establecimiento.","la cantidad de trabajos a realizar y que se debían subir, la cantidad de foros. Por ser una sola persona a cargo del CRA, y tener que atender todos los asuntos, recepción de libros, inventariarlos, atender público, etc. y Se suma que no tengo un manejo avanzado en tecnología, me dificultaba poder realizar el curso de manera óptima.","Que no dieran tantos trabajos  para subir ,no hicieran tantos foros, que todo el material didáctico se pudiera descargar."
91,Satisfecho,Sí,Sí,Sí,"Lo esperado","2-3 horas","Los conozco y me son familiares, pero no los manejo en profundidad.","3 (Bueno)","3 (Bueno)","3 (Bueno)","3 (Bueno)","3 (Bueno)","3 (Bueno)","3 (Bueno)","3 (Bueno)","3 (Bueno)","3 (Bueno)","3 (Bueno)","3 (Bueno)","3 (Bueno)","3 (Bueno)","3 (Bueno)","3 (Bueno)","Muy alto","poder hacerlo online sin que interfiera mi trabajo","no hubo nada que no me gustara",ninguna
92,Insatisfecho,Sí,Sí,Sí,"Más de lo esperado","Más de 8 horas","He escuchado de los contenidos, pero no los conocía.","2 (Malo)","2 (Malo)","2 (Malo)","2 (Malo)","2 (Malo)","1 (Muy malo)","2 (Malo)","2 (Malo)","2 (Malo)","2 (Malo)","2 (Malo)","1 (Muy malo)","1 (Muy malo)","1 (Muy malo)","1 (Muy malo)","1 (Muy malo)",Bajo,"ALGUNOS CONCEPTOS","ALGUNOS VÍDEOS EN INGLES 
NO SE PUDO CONOCER NI CONTACTAR  AL MONITOR DE ESTE CURSO  
LO DE LOS FOROS 
EL TIEMPO ES MUY BREVE  PARA TERMINAR LAS ACTIVIDADES","LAS PAUTAS DE EVALUACIÓN DEBERÍAN SER MEJOR  
Y LAS ACTIVIDADES  SON MUY EXTENSAS"
93,Satisfecho,Sí,Sí,Sí,"Mucho más de lo esperado","4-6 horas","Los conozco y me son familiares, pero no los manejo en profundidad.","4 (Muy bueno)","4 (Muy bueno)","4 (Muy bueno)","3 (Bueno)","3 (Bueno)","4 (Muy bueno)","3 (Bueno)","3 (Bueno)","4 (Muy bueno)","4 (Muy bueno)","4 (Muy bueno)","4 (Muy bueno)","3 (Bueno)","4 (Muy bueno)","4 (Muy bueno)","4 (Muy bueno)",Alto,"Este curso  me gusto ,mucha información que no sabia y manejaba..","todo me pareció interesante por ende no encontré algo que no me gustara.","mas tiempo, para realizar el curso."
94,Satisfecho,Sí,No,Sí,"Mucho más de lo esperado","4-6 horas","Los conozco y me son familiares, pero no los manejo en profundidad.","4 (Muy bueno)","3 (Bueno)","2 (Malo)","3 (Bueno)","4 (Muy bueno)","2 (Malo)","3 (Bueno)","2 (Malo)","3 (Bueno)","3 (Bueno)","3 (Bueno)","2 (Malo)","2 (Malo)","2 (Malo)","2 (Malo)","2 (Malo)",Alto,"Lo que más valoro es que nos hayan considerado, ya que el bibliotecario es visto como una persona que no hace nada, solo entregar libros y eso en la realidad no es así, tenemos un rol fundamental y ustedes lo dejaron muy claro en este curso.","Lo que no me gusto fueron dos cosas: 
La primera es que en las evaluaciones hubo varias alternativas que tenían error, ejemplo en el verdadero y falso yo coloqué la alternativa que según lo aprendido estaba correcta y resultó que en la calificación  estaba errónea, lo consulté con mi tutora y me dice que exactamente ella encontraba que mi respuesta estaba correcta, que opinaba lo mismo y que pudo haber sido un error de la plataforma, entonces eso perjudicó totalmente mis evaluaciones, porque en la evaluación final me pasó lo mismo, y lo otro es que podrían haber colocado cual era la alternativa correcta, para ver en que falló uno. 

Lo otro que no me gustó fue el largo de las actividades porque el tiempo no me alcanzaba con todas las actividades anexas que realizo en la escuela.","Actividades más acotadas.

Resultados de evaluaciones con retroalimentación, o con las alternativas correctas, para ver en qué se equivocó uno.

Que no hayan error de tipeo en las alternativas correctas de las evaluaciones por favor"
95,Satisfecho,Sí,Sí,Sí,"Más de lo esperado","2-3 horas","He escuchado de los contenidos, pero no los conocía.","4 (Muy bueno)","3 (Bueno)","3 (Bueno)","3 (Bueno)","3 (Bueno)","3 (Bueno)","3 (Bueno)","3 (Bueno)","3 (Bueno)","3 (Bueno)","3 (Bueno)","3 (Bueno)","3 (Bueno)","3 (Bueno)","3 (Bueno)","3 (Bueno)",Alto,"Lo que valoro del curso son los contenidos creo que se deverian seguir asiendo este tipo de cursos.","Lo que menos me gusto fue que fueron muy cortos.","Que sean en marzo no en estas fechas ya que estamos casi a final de año y es poca la ayuda que tenemos por ejemplo en mi caso."
96,Satisfecho,Sí,Sí,Sí,"Más de lo esperado","2-3 horas","No los conocía; no había escuchado de estos.","2 (Malo)","2 (Malo)","3 (Bueno)","2 (Malo)","3 (Bueno)","3 (Bueno)","2 (Malo)","3 (Bueno)","3 (Bueno)","3 (Bueno)","2 (Malo)","3 (Bueno)","3 (Bueno)","3 (Bueno)","3 (Bueno)","3 (Bueno)",Bajo,"Que  me entrega contenidos desconocidos","Que es muy poco atractivo estar leyendo conceptos  desconocidos en un lenguaje difícil de comprender y que ademas al lector le resulta aburrido por lo poco didáctico visualmente.","Yo trabajaría con información clara, con textos con vocabulario mas fácil, y con paginas mas atractivas, diferentes  tipos de letras , colores e imágenes. que atrajeran al lector. Es decir algo que invite a leer  y no aburra."
97,Satisfecho,Sí,Sí,Sí,"Lo esperado","Más de 8 horas","Los conozco y me son familiares, pero no los manejo en profundidad.","4 (Muy bueno)","4 (Muy bueno)","3 (Bueno)","3 (Bueno)","3 (Bueno)","3 (Bueno)","3 (Bueno)","3 (Bueno)","3 (Bueno)","3 (Bueno)","3 (Bueno)","3 (Bueno)","3 (Bueno)","3 (Bueno)","3 (Bueno)","2 (Malo)",Alto,,,
98,Satisfecho,Sí,Sí,Sí,"Lo esperado","2-3 horas","He escuchado de los contenidos, pero no los conocía.","3 (Bueno)","3 (Bueno)","3 (Bueno)","3 (Bueno)","2 (Malo)","3 (Bueno)","3 (Bueno)","3 (Bueno)","3 (Bueno)","3 (Bueno)","3 (Bueno)","3 (Bueno)","3 (Bueno)","3 (Bueno)","3 (Bueno)","2 (Malo)",Alto,"La utilidad de las actividades en nuestra labor diaria.","Los problemas que hubieron con la página que en mi caso personal me afectaron.","Tener 100% la página disponible, hay algunas personas que les es imposible avanzar en la semana y solo les queda el fin de semana y con la página con problema era imposible avanzar"
99,Satisfecho,Sí,Sí,Sí,"Más de lo esperado","Más de 8 horas","He escuchado de los contenidos, pero no los conocía.","4 (Muy bueno)","3 (Bueno)","4 (Muy bueno)","3 (Bueno)","3 (Bueno)","4 (Muy bueno)","4 (Muy bueno)","3 (Bueno)","4 (Muy bueno)","4 (Muy bueno)","4 (Muy bueno)","4 (Muy bueno)","3 (Bueno)","3 (Bueno)","4 (Muy bueno)","3 (Bueno)",Alto,"me parece buenísimo es claro con la información completa y necesaria para realizar los módulos correspondientes","el cuestionario me complico mucho porque me confundo en las descripciones","que los cuestionarios para finalizar cada modulo sean mas claros y concisos"
100,Insatisfecho,No,Sí,Sí,"Menos de lo esperado","2-3 horas","He escuchado de los contenidos, pero no los conocía.","3 (Bueno)","3 (Bueno)","2 (Malo)","3 (Bueno)","2 (Malo)","2 (Malo)","2 (Malo)","2 (Malo)","2 (Malo)","3 (Bueno)","3 (Bueno)","1 (Muy malo)","2 (Malo)","2 (Malo)","3 (Bueno)","3 (Bueno)",Alto,"Es muy buena la informacion y clara","Las actividades son poco claras y las preguntas de las evaluaciones muy complicadas","muy largas las actividades, hay muy poco tiempo"
101,"Muy satisfecho",Sí,Sí,Sí,"Mucho más de lo esperado","2-3 horas","He escuchado de los contenidos, pero no los conocía.","4 (Muy bueno)","4 (Muy bueno)","4 (Muy bueno)","4 (Muy bueno)","4 (Muy bueno)","4 (Muy bueno)","4 (Muy bueno)","4 (Muy bueno)","4 (Muy bueno)","4 (Muy bueno)","4 (Muy bueno)","4 (Muy bueno)","4 (Muy bueno)","4 (Muy bueno)","4 (Muy bueno)","4 (Muy bueno)","Muy alto","Valoro enormemente el aprendizaje adquirido.","Me hubiese gustado tener mas horas disponibles de mi tiempo para dedicar al curso.","Ninguna, todo excelente"
102,Satisfecho,Sí,Sí,Sí,"Más de lo esperado","6-8 horas","Los conozco y me son familiares, pero no los manejo en profundidad.","4 (Muy bueno)","4 (Muy bueno)","4 (Muy bueno)","4 (Muy bueno)","4 (Muy bueno)","4 (Muy bueno)","4 (Muy bueno)","4 (Muy bueno)","4 (Muy bueno)","4 (Muy bueno)","4 (Muy bueno)","4 (Muy bueno)","4 (Muy bueno)","4 (Muy bueno)","4 (Muy bueno)","4 (Muy bueno)","Muy alto","la contextualización a la realidad de cada establecimiento","la fecha de realización","que la fecha sea mas al inicio de las clases"
103,Satisfecho,Sí,Sí,Sí,"Más de lo esperado","6-8 horas","Los conozco y me son familiares, pero no los manejo en profundidad.","3 (Bueno)","3 (Bueno)","3 (Bueno)","3 (Bueno)","3 (Bueno)","3 (Bueno)","3 (Bueno)","3 (Bueno)","3 (Bueno)","3 (Bueno)","3 (Bueno)","3 (Bueno)","3 (Bueno)","3 (Bueno)","3 (Bueno)","3 (Bueno)",Alto,"Los conocimientos adquiridos por que me servirán  para logar realizar las actividades de la biblioteca.","Encontré que el tiempo fue muy corto porque en este mes tenía muchas actividades que hacer por finalización del año escolar.","Que se realizaran los cursos por periodos, o sea que una vez por curso , porque los tiempos son muy cortos  y porque también debemos realizar nuestras labores diarias."
104,Satisfecho,Sí,Sí,Sí,"Lo esperado","Más de 8 horas","Los conozco y me son familiares, pero no los manejo en profundidad.","3 (Bueno)","2 (Malo)","3 (Bueno)","3 (Bueno)","2 (Malo)","3 (Bueno)","3 (Bueno)","3 (Bueno)","3 (Bueno)","3 (Bueno)","3 (Bueno)","3 (Bueno)","2 (Malo)","2 (Malo)","2 (Malo)","2 (Malo)",Alto,"Valoro que es desafiante, exigente y actualizado al considerar en sus contenido la tecnología y sus recursos.","No me gustó el tiempo dado para terminar este módulo, muy poco, mucha presión además es el último y termina primero que el &quot;I&quot; aula 1.
Las preguntas de los test al terminó de los módulos, aveces, muy rebuscadas.","Que la plataforma muestre el avance del usuario y avise de lo pendiente y que indiquen la respuesta correcta con alguna explicación o retroalimentación en la revisión de los test.
Dar la posibilidad de mejorar con algún otro módulo para reforzar lo descendido o no logrado."
105,Satisfecho,Sí,No,Sí,"Lo esperado","2-3 horas","He escuchado de los contenidos, pero no los conocía.","3 (Bueno)","3 (Bueno)","3 (Bueno)","3 (Bueno)","3 (Bueno)","3 (Bueno)","3 (Bueno)","3 (Bueno)","3 (Bueno)","3 (Bueno)","3 (Bueno)","3 (Bueno)","3 (Bueno)","3 (Bueno)","3 (Bueno)","3 (Bueno)",Alto,"lo aprendido","los foros","evitar los foros"
106,Satisfecho,Sí,Sí,Sí,"Lo esperado","6-8 horas","Los conozco y me son familiares, pero no los manejo en profundidad.","3 (Bueno)","3 (Bueno)","2 (Malo)","2 (Malo)","2 (Malo)","2 (Malo)","3 (Bueno)","3 (Bueno)","3 (Bueno)","3 (Bueno)","3 (Bueno)","2 (Malo)","3 (Bueno)","3 (Bueno)","2 (Malo)","2 (Malo)","Muy alto","Claridad en las funciones a realizar por las bibliotecas","Falta de tutores","Responder a las interrogantes en forma rapida"
107,Satisfecho,Sí,Sí,Sí,"Lo esperado","4-6 horas","Los conozco y me son familiares, pero no los manejo en profundidad.","3 (Bueno)","3 (Bueno)","3 (Bueno)","3 (Bueno)","3 (Bueno)","2 (Malo)","3 (Bueno)","3 (Bueno)","3 (Bueno)","3 (Bueno)","3 (Bueno)","3 (Bueno)","3 (Bueno)","3 (Bueno)","3 (Bueno)","3 (Bueno)",Alto,"Lo aprendido","No tengo comentario negativo","Que deberían seguir impartiendo mas cursos"
108,Insatisfecho,Sí,Sí,Sí,"Lo esperado","4-6 horas","He escuchado de los contenidos, pero no los conocía.","2 (Malo)","2 (Malo)","2 (Malo)","2 (Malo)","2 (Malo)","2 (Malo)","2 (Malo)","2 (Malo)","2 (Malo)","3 (Bueno)","2 (Malo)","2 (Malo)","2 (Malo)","2 (Malo)","2 (Malo)","1 (Muy malo)",Bajo,"Adquirir nuevos  conocimientos","La modalidad y el poco tiempo para desarrollar","De todas maneras presencial y mas didáctico"
109,Satisfecho,Sí,Sí,Sí,"Más de lo esperado","6-8 horas","Los conozco y me son familiares, pero no los manejo en profundidad.","3 (Bueno)","3 (Bueno)","3 (Bueno)","3 (Bueno)","3 (Bueno)","2 (Malo)","3 (Bueno)","3 (Bueno)","3 (Bueno)","3 (Bueno)","3 (Bueno)","3 (Bueno)","3 (Bueno)","3 (Bueno)","3 (Bueno)","2 (Malo)",Alto,"los aprendizajes que obtuve en el curso","falto mas interacción y respuesta de los tutores y la plataforma","la plataforma y el tutor deberían interactuar  mas con los que hacen el curso"
110,Satisfecho,Sí,No,Sí,"Lo esperado","4-6 horas","No los conocía; no había escuchado de estos.","3 (Bueno)","3 (Bueno)","3 (Bueno)","3 (Bueno)","3 (Bueno)","3 (Bueno)","3 (Bueno)","3 (Bueno)","3 (Bueno)","3 (Bueno)","3 (Bueno)","3 (Bueno)","3 (Bueno)","3 (Bueno)","3 (Bueno)","3 (Bueno)",Bajo,"La posibilidad de aprender sobre un tema que desconocía.","Que no tuviese la posibilidad de  elegir cuando hacerlo considerando que se me designaron 3 cursos a la vez.","Darlos de a 1 curso ya que no todos tenemoslos mismos conocimientos."
111,Satisfecho,Sí,Sí,Sí,"Lo esperado","2-3 horas","He escuchado de los contenidos, pero no los conocía.","3 (Bueno)","3 (Bueno)","3 (Bueno)","3 (Bueno)","2 (Malo)","3 (Bueno)","3 (Bueno)","3 (Bueno)","3 (Bueno)","3 (Bueno)","3 (Bueno)","3 (Bueno)","3 (Bueno)","3 (Bueno)","3 (Bueno)","3 (Bueno)","Muy alto","La adquisición de nuevas herramientas y competencias.","La cantidad de actividades practicas debido a que son muy extensas y no hay suficiente tiempo para desarrollarlas producto de las funciones que uno cumple en el trabajo","Actividades practicas que involucre menos tiempo de ejecución."
112,Insatisfecho,No,No,No,"Lo esperado","2-3 horas","No los conocía; no había escuchado de estos.","2 (Malo)","2 (Malo)","3 (Bueno)","3 (Bueno)","2 (Malo)","3 (Bueno)","3 (Bueno)","3 (Bueno)","3 (Bueno)","3 (Bueno)","3 (Bueno)","2 (Malo)","1 (Muy malo)","2 (Malo)","3 (Bueno)","2 (Malo)",Alto,"no aprendi mucho","los conceptos eran dificiles de entender","que sea mas tiempo para realizarlo"
113,Satisfecho,Sí,Sí,Sí,"Más de lo esperado","4-6 horas","He escuchado de los contenidos, pero no los conocía.","4 (Muy bueno)","4 (Muy bueno)","3 (Bueno)","3 (Bueno)","2 (Malo)","3 (Bueno)","4 (Muy bueno)","3 (Bueno)","3 (Bueno)","4 (Muy bueno)","3 (Bueno)","3 (Bueno)","3 (Bueno)","3 (Bueno)","3 (Bueno)","3 (Bueno)","Muy alto",,,
