<?xml version="1.0" encoding="UTF-8"?><?mso-application progid="Excel.Sheet"?><Workbook xmlns="urn:schemas-microsoft-com:office:spreadsheet" xmlns:ss="urn:schemas-microsoft-com:office:spreadsheet"><DocumentProperties xmlns="urn:schemas-microsoft-com:office:office"><Author>Axel Richter</Author><Created>1639580832184</Created></DocumentProperties><Styles><Style ss:ID="Currency"><NumberFormat ss:Format="Currency"></NumberFormat></Style><Style ss:ID="Date"><NumberFormat ss:Format="Medium Date"></NumberFormat></Style></Styles><Worksheet ss:Name="General"><Table><Row><Cell><Data ss:Type="String">Reporte: </Data></Cell><Cell><Data ss:Type="String">Estado de actividades</Data></Cell></Row><Row><Cell><Data ss:Type="String">Categoría: </Data></Cell><Cell><Data ss:Type="String">Aulas Tutorial (#1315)</Data></Cell></Row><Row><Cell><Data ss:Type="String">Curso: </Data></Cell><Cell><Data ss:Type="String">Curso 0 o Tutorial - Aula 15 (#10835)</Data></Cell></Row><Row><Cell><Data ss:Type="String">Fecha de generación: </Data></Cell><Cell><Data ss:Type="String">15/12/2021</Data></Cell></Row><Row></Row><Row><Cell><Data ss:Type="String">Actividad</Data></Cell><Cell><Data ss:Type="String">#Usuarios</Data></Cell></Row><Row><Cell><Data ss:Type="String">Cuestionario de prerrequisito técnico</Data></Cell><Cell><Data ss:Type="String">13</Data></Cell></Row><Row><Cell><Data ss:Type="String">Foro de prerrequisito técnico</Data></Cell><Cell><Data ss:Type="String">11</Data></Cell></Row><Row><Cell><Data ss:Type="String">Etiqueta</Data></Cell><Cell><Data ss:Type="String">8</Data></Cell></Row></Table></Worksheet><Worksheet ss:Name="Detalle"><Table><Row><Cell><Data ss:Type="String">Nombre</Data></Cell><Cell><Data ss:Type="String">ID</Data></Cell><Cell><Data ss:Type="String">Email</Data></Cell><Cell><Data ss:Type="String">Grupo</Data></Cell><Cell><Data ss:Type="String">Cuestionario de prerrequisito técnico</Data></Cell><Cell><Data ss:Type="String">Fecha de término</Data></Cell><Cell><Data ss:Type="String">Suplantado</Data></Cell><Cell><Data ss:Type="String">Foro de prerrequisito técnico</Data></Cell><Cell><Data ss:Type="String">Fecha de término</Data></Cell><Cell><Data ss:Type="String">Suplantado</Data></Cell><Cell><Data ss:Type="String">Etiqueta</Data></Cell><Cell><Data ss:Type="String">Fecha de término</Data></Cell><Cell><Data ss:Type="String">Suplantado</Data></Cell></Row><Row><Cell><Data ss:Type="String">Leslie Acuña Moreno</Data></Cell><Cell><Data ss:Type="String">18.418.785-k</Data></Cell><Cell><Data ss:Type="String">leslieacumoreno@gmail.com</Data></Cell><Cell><Data ss:Type="String">Sin grupo</Data></Cell><Cell><Data ss:Type="String">No realizada</Data></Cell><Cell><Data ss:Type="String">No aplica</Data></Cell><Cell><Data ss:Type="String">No aplica</Data></Cell><Cell><Data ss:Type="String">No realizada</Data></Cell><Cell><Data ss:Type="String">No aplica</Data></Cell><Cell><Data ss:Type="String">No aplica</Data></Cell><Cell><Data ss:Type="String">No realizada</Data></Cell><Cell><Data ss:Type="String">No aplica</Data></Cell><Cell><Data ss:Type="String">No aplica</Data></Cell></Row><Row><Cell><Data ss:Type="String">SONIA AGUAYO PEREZ</Data></Cell><Cell><Data ss:Type="String">7.615.718-9</Data></Cell><Cell><Data ss:Type="String">SONIA.AGUAYO.PEREZ@GMAIL.COM</Data></Cell><Cell><Data ss:Type="String">Sin grupo</Data></Cell><Cell><Data ss:Type="String">No realizada</Data></Cell><Cell><Data ss:Type="String">No aplica</Data></Cell><Cell><Data ss:Type="String">No aplica</Data></Cell><Cell><Data ss:Type="String">No realizada</Data></Cell><Cell><Data ss:Type="String">No aplica</Data></Cell><Cell><Data ss:Type="String">No aplica</Data></Cell><Cell><Data ss:Type="String">No realizada</Data></Cell><Cell><Data ss:Type="String">No aplica</Data></Cell><Cell><Data ss:Type="String">No aplica</Data></Cell></Row><Row><Cell><Data ss:Type="String">Paulina Alcaino</Data></Cell><Cell><Data ss:Type="String">15.774.219-1</Data></Cell><Cell><Data ss:Type="String">paulinalcaino@gmail.com</Data></Cell><Cell><Data ss:Type="String">Sin grupo</Data></Cell><Cell><Data ss:Type="String">Realizada</Data></Cell><Cell><Data ss:Type="String">06-11-2021</Data></Cell><Cell><Data ss:Type="String">NO</Data></Cell><Cell><Data ss:Type="String">No realizada</Data></Cell><Cell><Data ss:Type="String">No aplica</Data></Cell><Cell><Data ss:Type="String">No aplica</Data></Cell><Cell><Data ss:Type="String">No realizada</Data></Cell><Cell><Data ss:Type="String">No aplica</Data></Cell><Cell><Data ss:Type="String">No aplica</Data></Cell></Row><Row><Cell><Data ss:Type="String">Pablo Antonio Alcayaga Zuñiga</Data></Cell><Cell><Data ss:Type="String">17.452.275-8</Data></Cell><Cell><Data ss:Type="String">pablo.alcayaga@kidsworldschool.cl</Data></Cell><Cell><Data ss:Type="String">Sin grupo</Data></Cell><Cell><Data ss:Type="String">No realizada</Data></Cell><Cell><Data ss:Type="String">No aplica</Data></Cell><Cell><Data ss:Type="String">No aplica</Data></Cell><Cell><Data ss:Type="String">No realizada</Data></Cell><Cell><Data ss:Type="String">No aplica</Data></Cell><Cell><Data ss:Type="String">No aplica</Data></Cell><Cell><Data ss:Type="String">No realizada</Data></Cell><Cell><Data ss:Type="String">No aplica</Data></Cell><Cell><Data ss:Type="String">No aplica</Data></Cell></Row><Row><Cell><Data ss:Type="String">Claudia Cecilia Alegrìa Palma</Data></Cell><Cell><Data ss:Type="String">14.132.984-7</Data></Cell><Cell><Data ss:Type="String">cdiazg@live.com</Data></Cell><Cell><Data ss:Type="String">Sin grupo</Data></Cell><Cell><Data ss:Type="String">No realizada</Data></Cell><Cell><Data ss:Type="String">No aplica</Data></Cell><Cell><Data ss:Type="String">No aplica</Data></Cell><Cell><Data ss:Type="String">No realizada</Data></Cell><Cell><Data ss:Type="String">No aplica</Data></Cell><Cell><Data ss:Type="String">No aplica</Data></Cell><Cell><Data ss:Type="String">No realizada</Data></Cell><Cell><Data ss:Type="String">No aplica</Data></Cell><Cell><Data ss:Type="String">No aplica</Data></Cell></Row><Row><Cell><Data ss:Type="String">Erika Petronila Alfaro Guerrero</Data></Cell><Cell><Data ss:Type="String">13.180.654-k</Data></Cell><Cell><Data ss:Type="String">ERIKA.ALFARO@LIVE.CL</Data></Cell><Cell><Data ss:Type="String">Sin grupo</Data></Cell><Cell><Data ss:Type="String">No realizada</Data></Cell><Cell><Data ss:Type="String">No aplica</Data></Cell><Cell><Data ss:Type="String">No aplica</Data></Cell><Cell><Data ss:Type="String">No realizada</Data></Cell><Cell><Data ss:Type="String">No aplica</Data></Cell><Cell><Data ss:Type="String">No aplica</Data></Cell><Cell><Data ss:Type="String">No realizada</Data></Cell><Cell><Data ss:Type="String">No aplica</Data></Cell><Cell><Data ss:Type="String">No aplica</Data></Cell></Row><Row><Cell><Data ss:Type="String">Marisol Aliaga Ulloa</Data></Cell><Cell><Data ss:Type="String">10.478.068-7</Data></Cell><Cell><Data ss:Type="String">MARISOLALIAGA4@GMAIL.COM</Data></Cell><Cell><Data ss:Type="String">Sin grupo</Data></Cell><Cell><Data ss:Type="String">No realizada</Data></Cell><Cell><Data ss:Type="String">No aplica</Data></Cell><Cell><Data ss:Type="String">No aplica</Data></Cell><Cell><Data ss:Type="String">No realizada</Data></Cell><Cell><Data ss:Type="String">No aplica</Data></Cell><Cell><Data ss:Type="String">No aplica</Data></Cell><Cell><Data ss:Type="String">No realizada</Data></Cell><Cell><Data ss:Type="String">No aplica</Data></Cell><Cell><Data ss:Type="String">No aplica</Data></Cell></Row><Row><Cell><Data ss:Type="String">Constanza Andrea Alvarez Leiva</Data></Cell><Cell><Data ss:Type="String">17.484.470-4</Data></Cell><Cell><Data ss:Type="String">biblioteca.cpfa@escuelasefectivas.cl</Data></Cell><Cell><Data ss:Type="String">Sin grupo</Data></Cell><Cell><Data ss:Type="String">No realizada</Data></Cell><Cell><Data ss:Type="String">No aplica</Data></Cell><Cell><Data ss:Type="String">No aplica</Data></Cell><Cell><Data ss:Type="String">No realizada</Data></Cell><Cell><Data ss:Type="String">No aplica</Data></Cell><Cell><Data ss:Type="String">No aplica</Data></Cell><Cell><Data ss:Type="String">No realizada</Data></Cell><Cell><Data ss:Type="String">No aplica</Data></Cell><Cell><Data ss:Type="String">No aplica</Data></Cell></Row><Row><Cell><Data ss:Type="String">Sandra Prosperina Álvarez Vargas</Data></Cell><Cell><Data ss:Type="String">10.814.903-5</Data></Cell><Cell><Data ss:Type="String">sandra.alvarez27@gmail.com</Data></Cell><Cell><Data ss:Type="String">Sin grupo</Data></Cell><Cell><Data ss:Type="String">No realizada</Data></Cell><Cell><Data ss:Type="String">No aplica</Data></Cell><Cell><Data ss:Type="String">No aplica</Data></Cell><Cell><Data ss:Type="String">No realizada</Data></Cell><Cell><Data ss:Type="String">No aplica</Data></Cell><Cell><Data ss:Type="String">No aplica</Data></Cell><Cell><Data ss:Type="String">No realizada</Data></Cell><Cell><Data ss:Type="String">No aplica</Data></Cell><Cell><Data ss:Type="String">No aplica</Data></Cell></Row><Row><Cell><Data ss:Type="String">Lorena Antileo Salazar - 20033</Data></Cell><Cell><Data ss:Type="String">12.408.836-4</Data></Cell><Cell><Data ss:Type="String">antileo6@gmail.com</Data></Cell><Cell><Data ss:Type="String">Sin grupo</Data></Cell><Cell><Data ss:Type="String">No realizada</Data></Cell><Cell><Data ss:Type="String">No aplica</Data></Cell><Cell><Data ss:Type="String">No aplica</Data></Cell><Cell><Data ss:Type="String">No realizada</Data></Cell><Cell><Data ss:Type="String">No aplica</Data></Cell><Cell><Data ss:Type="String">No aplica</Data></Cell><Cell><Data ss:Type="String">No realizada</Data></Cell><Cell><Data ss:Type="String">No aplica</Data></Cell><Cell><Data ss:Type="String">No aplica</Data></Cell></Row><Row><Cell><Data ss:Type="String">KATIA SIBONEY ARCOS ARAVENA</Data></Cell><Cell><Data ss:Type="String">10.008.526-7</Data></Cell><Cell><Data ss:Type="String">KATIARCOS@LIVE.CL</Data></Cell><Cell><Data ss:Type="String">Sin grupo</Data></Cell><Cell><Data ss:Type="String">No realizada</Data></Cell><Cell><Data ss:Type="String">No aplica</Data></Cell><Cell><Data ss:Type="String">No aplica</Data></Cell><Cell><Data ss:Type="String">No realizada</Data></Cell><Cell><Data ss:Type="String">No aplica</Data></Cell><Cell><Data ss:Type="String">No aplica</Data></Cell><Cell><Data ss:Type="String">No realizada</Data></Cell><Cell><Data ss:Type="String">No aplica</Data></Cell><Cell><Data ss:Type="String">No aplica</Data></Cell></Row><Row><Cell><Data ss:Type="String">CAROLINA ALEJANDRA ARMSTRONG CACERES</Data></Cell><Cell><Data ss:Type="String">15.894.563-0</Data></Cell><Cell><Data ss:Type="String">KRITOARMSTRONG@HOTMAIL.COM</Data></Cell><Cell><Data ss:Type="String">Sin grupo</Data></Cell><Cell><Data ss:Type="String">No realizada</Data></Cell><Cell><Data ss:Type="String">No aplica</Data></Cell><Cell><Data ss:Type="String">No aplica</Data></Cell><Cell><Data ss:Type="String">No realizada</Data></Cell><Cell><Data ss:Type="String">No aplica</Data></Cell><Cell><Data ss:Type="String">No aplica</Data></Cell><Cell><Data ss:Type="String">No realizada</Data></Cell><Cell><Data ss:Type="String">No aplica</Data></Cell><Cell><Data ss:Type="String">No aplica</Data></Cell></Row><Row><Cell><Data ss:Type="String">LUISA DEL CARMEN BARAHONA</Data></Cell><Cell><Data ss:Type="String">11.216.841-9</Data></Cell><Cell><Data ss:Type="String">LUBAMI5@GMAIL.COM</Data></Cell><Cell><Data ss:Type="String">Sin grupo</Data></Cell><Cell><Data ss:Type="String">No realizada</Data></Cell><Cell><Data ss:Type="String">No aplica</Data></Cell><Cell><Data ss:Type="String">No aplica</Data></Cell><Cell><Data ss:Type="String">No realizada</Data></Cell><Cell><Data ss:Type="String">No aplica</Data></Cell><Cell><Data ss:Type="String">No aplica</Data></Cell><Cell><Data ss:Type="String">No realizada</Data></Cell><Cell><Data ss:Type="String">No aplica</Data></Cell><Cell><Data ss:Type="String">No aplica</Data></Cell></Row><Row><Cell><Data ss:Type="String">Susana Becerra Lara</Data></Cell><Cell><Data ss:Type="String">12.795.738-k</Data></Cell><Cell><Data ss:Type="String">sucy24@gmail.com</Data></Cell><Cell><Data ss:Type="String">Sin grupo</Data></Cell><Cell><Data ss:Type="String">No realizada</Data></Cell><Cell><Data ss:Type="String">No aplica</Data></Cell><Cell><Data ss:Type="String">No aplica</Data></Cell><Cell><Data ss:Type="String">No realizada</Data></Cell><Cell><Data ss:Type="String">No aplica</Data></Cell><Cell><Data ss:Type="String">No aplica</Data></Cell><Cell><Data ss:Type="String">No realizada</Data></Cell><Cell><Data ss:Type="String">No aplica</Data></Cell><Cell><Data ss:Type="String">No aplica</Data></Cell></Row><Row><Cell><Data ss:Type="String">NELLY JEANNETTE BELLO CONTRERAS</Data></Cell><Cell><Data ss:Type="String">10.116.442-k</Data></Cell><Cell><Data ss:Type="String">nellyjea9@yahoo.es</Data></Cell><Cell><Data ss:Type="String">Sin grupo</Data></Cell><Cell><Data ss:Type="String">No realizada</Data></Cell><Cell><Data ss:Type="String">No aplica</Data></Cell><Cell><Data ss:Type="String">No aplica</Data></Cell><Cell><Data ss:Type="String">No realizada</Data></Cell><Cell><Data ss:Type="String">No aplica</Data></Cell><Cell><Data ss:Type="String">No aplica</Data></Cell><Cell><Data ss:Type="String">No realizada</Data></Cell><Cell><Data ss:Type="String">No aplica</Data></Cell><Cell><Data ss:Type="String">No aplica</Data></Cell></Row><Row><Cell><Data ss:Type="String">MAGDALENA BRIONES CRUCES</Data></Cell><Cell><Data ss:Type="String">13.622.341-0</Data></Cell><Cell><Data ss:Type="String">MAGDALENABRIONESCRUCES9@GMAIL.COM</Data></Cell><Cell><Data ss:Type="String">Sin grupo</Data></Cell><Cell><Data ss:Type="String">No realizada</Data></Cell><Cell><Data ss:Type="String">No aplica</Data></Cell><Cell><Data ss:Type="String">No aplica</Data></Cell><Cell><Data ss:Type="String">No realizada</Data></Cell><Cell><Data ss:Type="String">No aplica</Data></Cell><Cell><Data ss:Type="String">No aplica</Data></Cell><Cell><Data ss:Type="String">No realizada</Data></Cell><Cell><Data ss:Type="String">No aplica</Data></Cell><Cell><Data ss:Type="String">No aplica</Data></Cell></Row><Row><Cell><Data ss:Type="String">Silvia Carmen Bugueño Andrades</Data></Cell><Cell><Data ss:Type="String">15.672.126-3</Data></Cell><Cell><Data ss:Type="String">ALICAINA@GMAIL.COM</Data></Cell><Cell><Data ss:Type="String">Sin grupo</Data></Cell><Cell><Data ss:Type="String">No realizada</Data></Cell><Cell><Data ss:Type="String">No aplica</Data></Cell><Cell><Data ss:Type="String">No aplica</Data></Cell><Cell><Data ss:Type="String">No realizada</Data></Cell><Cell><Data ss:Type="String">No aplica</Data></Cell><Cell><Data ss:Type="String">No aplica</Data></Cell><Cell><Data ss:Type="String">No realizada</Data></Cell><Cell><Data ss:Type="String">No aplica</Data></Cell><Cell><Data ss:Type="String">No aplica</Data></Cell></Row><Row><Cell><Data ss:Type="String">KATHERINE ELIZABETH BUSTAMANTE</Data></Cell><Cell><Data ss:Type="String">13.685.724-k</Data></Cell><Cell><Data ss:Type="String">BIBLIOTECAMEDIATM@GMAIL.COM</Data></Cell><Cell><Data ss:Type="String">Sin grupo</Data></Cell><Cell><Data ss:Type="String">No realizada</Data></Cell><Cell><Data ss:Type="String">No aplica</Data></Cell><Cell><Data ss:Type="String">No aplica</Data></Cell><Cell><Data ss:Type="String">No realizada</Data></Cell><Cell><Data ss:Type="String">No aplica</Data></Cell><Cell><Data ss:Type="String">No aplica</Data></Cell><Cell><Data ss:Type="String">No realizada</Data></Cell><Cell><Data ss:Type="String">No aplica</Data></Cell><Cell><Data ss:Type="String">No aplica</Data></Cell></Row><Row><Cell><Data ss:Type="String">GABRIELA INÉS BUSTOS HENRÍQUEZ</Data></Cell><Cell><Data ss:Type="String">10.066.587-5</Data></Cell><Cell><Data ss:Type="String">gabyines67@gmail.com</Data></Cell><Cell><Data ss:Type="String">Sin grupo</Data></Cell><Cell><Data ss:Type="String">No realizada</Data></Cell><Cell><Data ss:Type="String">No aplica</Data></Cell><Cell><Data ss:Type="String">No aplica</Data></Cell><Cell><Data ss:Type="String">No realizada</Data></Cell><Cell><Data ss:Type="String">No aplica</Data></Cell><Cell><Data ss:Type="String">No aplica</Data></Cell><Cell><Data ss:Type="String">No realizada</Data></Cell><Cell><Data ss:Type="String">No aplica</Data></Cell><Cell><Data ss:Type="String">No aplica</Data></Cell></Row><Row><Cell><Data ss:Type="String">PAULA CAAMAÑO VALENZUELA - 5134</Data></Cell><Cell><Data ss:Type="String">15.658.973-k</Data></Cell><Cell><Data ss:Type="String">PAULCAA@HOTMAIL.COM</Data></Cell><Cell><Data ss:Type="String">Sin grupo</Data></Cell><Cell><Data ss:Type="String">No realizada</Data></Cell><Cell><Data ss:Type="String">No aplica</Data></Cell><Cell><Data ss:Type="String">No aplica</Data></Cell><Cell><Data ss:Type="String">No realizada</Data></Cell><Cell><Data ss:Type="String">No aplica</Data></Cell><Cell><Data ss:Type="String">No aplica</Data></Cell><Cell><Data ss:Type="String">No realizada</Data></Cell><Cell><Data ss:Type="String">No aplica</Data></Cell><Cell><Data ss:Type="String">No aplica</Data></Cell></Row><Row><Cell><Data ss:Type="String">JESSICA XIMENA CABEZA QUEVEDO</Data></Cell><Cell><Data ss:Type="String">12.062.449-0</Data></Cell><Cell><Data ss:Type="String">JCABEZAQUEVEDO.13@GMAIL.COM</Data></Cell><Cell><Data ss:Type="String">Sin grupo</Data></Cell><Cell><Data ss:Type="String">No realizada</Data></Cell><Cell><Data ss:Type="String">No aplica</Data></Cell><Cell><Data ss:Type="String">No aplica</Data></Cell><Cell><Data ss:Type="String">No realizada</Data></Cell><Cell><Data ss:Type="String">No aplica</Data></Cell><Cell><Data ss:Type="String">No aplica</Data></Cell><Cell><Data ss:Type="String">No realizada</Data></Cell><Cell><Data ss:Type="String">No aplica</Data></Cell><Cell><Data ss:Type="String">No aplica</Data></Cell></Row><Row><Cell><Data ss:Type="String">MARGARITA CABRERA BELTRÁN</Data></Cell><Cell><Data ss:Type="String">8.181.599-2</Data></Cell><Cell><Data ss:Type="String">secretariadocente@clementinos.cl</Data></Cell><Cell><Data ss:Type="String">Sin grupo</Data></Cell><Cell><Data ss:Type="String">No realizada</Data></Cell><Cell><Data ss:Type="String">No aplica</Data></Cell><Cell><Data ss:Type="String">No aplica</Data></Cell><Cell><Data ss:Type="String">No realizada</Data></Cell><Cell><Data ss:Type="String">No aplica</Data></Cell><Cell><Data ss:Type="String">No aplica</Data></Cell><Cell><Data ss:Type="String">No realizada</Data></Cell><Cell><Data ss:Type="String">No aplica</Data></Cell><Cell><Data ss:Type="String">No aplica</Data></Cell></Row><Row><Cell><Data ss:Type="String">ROSA CACERES OLIVARES</Data></Cell><Cell><Data ss:Type="String">9.346.094-4</Data></Cell><Cell><Data ss:Type="String">rossyvic@hotmail.com</Data></Cell><Cell><Data ss:Type="String">Sin grupo</Data></Cell><Cell><Data ss:Type="String">No realizada</Data></Cell><Cell><Data ss:Type="String">No aplica</Data></Cell><Cell><Data ss:Type="String">No aplica</Data></Cell><Cell><Data ss:Type="String">No realizada</Data></Cell><Cell><Data ss:Type="String">No aplica</Data></Cell><Cell><Data ss:Type="String">No aplica</Data></Cell><Cell><Data ss:Type="String">No realizada</Data></Cell><Cell><Data ss:Type="String">No aplica</Data></Cell><Cell><Data ss:Type="String">No aplica</Data></Cell></Row><Row><Cell><Data ss:Type="String">Jocelyn Karina Caico Paredes</Data></Cell><Cell><Data ss:Type="String">13.545.595-4</Data></Cell><Cell><Data ss:Type="String">jocelyn.caico@lpsa.cl</Data></Cell><Cell><Data ss:Type="String">Sin grupo</Data></Cell><Cell><Data ss:Type="String">No realizada</Data></Cell><Cell><Data ss:Type="String">No aplica</Data></Cell><Cell><Data ss:Type="String">No aplica</Data></Cell><Cell><Data ss:Type="String">No realizada</Data></Cell><Cell><Data ss:Type="String">No aplica</Data></Cell><Cell><Data ss:Type="String">No aplica</Data></Cell><Cell><Data ss:Type="String">No realizada</Data></Cell><Cell><Data ss:Type="String">No aplica</Data></Cell><Cell><Data ss:Type="String">No aplica</Data></Cell></Row><Row><Cell><Data ss:Type="String">GABRIELA CALDERON FRIAS</Data></Cell><Cell><Data ss:Type="String">13.560.114-4</Data></Cell><Cell><Data ss:Type="String">gabrielacalderonfrias01@gmail.com</Data></Cell><Cell><Data ss:Type="String">Sin grupo</Data></Cell><Cell><Data ss:Type="String">No realizada</Data></Cell><Cell><Data ss:Type="String">No aplica</Data></Cell><Cell><Data ss:Type="String">No aplica</Data></Cell><Cell><Data ss:Type="String">No realizada</Data></Cell><Cell><Data ss:Type="String">No aplica</Data></Cell><Cell><Data ss:Type="String">No aplica</Data></Cell><Cell><Data ss:Type="String">No realizada</Data></Cell><Cell><Data ss:Type="String">No aplica</Data></Cell><Cell><Data ss:Type="String">No aplica</Data></Cell></Row><Row><Cell><Data ss:Type="String">Nancy Del Tránsito Campos Castillo</Data></Cell><Cell><Data ss:Type="String">10.617.576-4</Data></Cell><Cell><Data ss:Type="String">n.campos@politecnicoibf.cl</Data></Cell><Cell><Data ss:Type="String">Sin grupo</Data></Cell><Cell><Data ss:Type="String">No realizada</Data></Cell><Cell><Data ss:Type="String">No aplica</Data></Cell><Cell><Data ss:Type="String">No aplica</Data></Cell><Cell><Data ss:Type="String">No realizada</Data></Cell><Cell><Data ss:Type="String">No aplica</Data></Cell><Cell><Data ss:Type="String">No aplica</Data></Cell><Cell><Data ss:Type="String">No realizada</Data></Cell><Cell><Data ss:Type="String">No aplica</Data></Cell><Cell><Data ss:Type="String">No aplica</Data></Cell></Row><Row><Cell><Data ss:Type="String">Patricio Alberto Campos Lagos</Data></Cell><Cell><Data ss:Type="String">12.892.734-4</Data></Cell><Cell><Data ss:Type="String">bibliotecologocampos@gmail.com</Data></Cell><Cell><Data ss:Type="String">Sin grupo</Data></Cell><Cell><Data ss:Type="String">No realizada</Data></Cell><Cell><Data ss:Type="String">No aplica</Data></Cell><Cell><Data ss:Type="String">No aplica</Data></Cell><Cell><Data ss:Type="String">No realizada</Data></Cell><Cell><Data ss:Type="String">No aplica</Data></Cell><Cell><Data ss:Type="String">No aplica</Data></Cell><Cell><Data ss:Type="String">No realizada</Data></Cell><Cell><Data ss:Type="String">No aplica</Data></Cell><Cell><Data ss:Type="String">No aplica</Data></Cell></Row><Row><Cell><Data ss:Type="String">Marta De Las Mercedes Canales Castillo</Data></Cell><Cell><Data ss:Type="String">7.800.938-1</Data></Cell><Cell><Data ss:Type="String">martacanalescastillo@gmail.com</Data></Cell><Cell><Data ss:Type="String">Sin grupo</Data></Cell><Cell><Data ss:Type="String">No realizada</Data></Cell><Cell><Data ss:Type="String">No aplica</Data></Cell><Cell><Data ss:Type="String">No aplica</Data></Cell><Cell><Data ss:Type="String">No realizada</Data></Cell><Cell><Data ss:Type="String">No aplica</Data></Cell><Cell><Data ss:Type="String">No aplica</Data></Cell><Cell><Data ss:Type="String">No realizada</Data></Cell><Cell><Data ss:Type="String">No aplica</Data></Cell><Cell><Data ss:Type="String">No aplica</Data></Cell></Row><Row><Cell><Data ss:Type="String">ROXANA CARO ESCOBAR</Data></Cell><Cell><Data ss:Type="String">11.789.844-k</Data></Cell><Cell><Data ss:Type="String">ROXANACARO1994@GMAIL.COM</Data></Cell><Cell><Data ss:Type="String">Sin grupo</Data></Cell><Cell><Data ss:Type="String">No realizada</Data></Cell><Cell><Data ss:Type="String">No aplica</Data></Cell><Cell><Data ss:Type="String">No aplica</Data></Cell><Cell><Data ss:Type="String">No realizada</Data></Cell><Cell><Data ss:Type="String">No aplica</Data></Cell><Cell><Data ss:Type="String">No aplica</Data></Cell><Cell><Data ss:Type="String">No realizada</Data></Cell><Cell><Data ss:Type="String">No aplica</Data></Cell><Cell><Data ss:Type="String">No aplica</Data></Cell></Row><Row><Cell><Data ss:Type="String">IRENE YANETT CASTRO HERRERA</Data></Cell><Cell><Data ss:Type="String">8.149.966-7</Data></Cell><Cell><Data ss:Type="String">IYANETTCASTRO@HOTMAIL.COM</Data></Cell><Cell><Data ss:Type="String">Sin grupo</Data></Cell><Cell><Data ss:Type="String">No realizada</Data></Cell><Cell><Data ss:Type="String">No aplica</Data></Cell><Cell><Data ss:Type="String">No aplica</Data></Cell><Cell><Data ss:Type="String">No realizada</Data></Cell><Cell><Data ss:Type="String">No aplica</Data></Cell><Cell><Data ss:Type="String">No aplica</Data></Cell><Cell><Data ss:Type="String">No realizada</Data></Cell><Cell><Data ss:Type="String">No aplica</Data></Cell><Cell><Data ss:Type="String">No aplica</Data></Cell></Row><Row><Cell><Data ss:Type="String">ELIZABETH FERNANDA CHAMIZO MÉNDEZ</Data></Cell><Cell><Data ss:Type="String">16.577.100-1</Data></Cell><Cell><Data ss:Type="String">ELIZABETHCHAMIZO@GMAIL.COM</Data></Cell><Cell><Data ss:Type="String">Sin grupo</Data></Cell><Cell><Data ss:Type="String">No realizada</Data></Cell><Cell><Data ss:Type="String">No aplica</Data></Cell><Cell><Data ss:Type="String">No aplica</Data></Cell><Cell><Data ss:Type="String">No realizada</Data></Cell><Cell><Data ss:Type="String">No aplica</Data></Cell><Cell><Data ss:Type="String">No aplica</Data></Cell><Cell><Data ss:Type="String">No realizada</Data></Cell><Cell><Data ss:Type="String">No aplica</Data></Cell><Cell><Data ss:Type="String">No aplica</Data></Cell></Row><Row><Cell><Data ss:Type="String">BLANCA AURORA CHAVEZ JARA</Data></Cell><Cell><Data ss:Type="String">10.587.735-8</Data></Cell><Cell><Data ss:Type="String">BLANQUICHAVEZ@HOTMAIL.COM</Data></Cell><Cell><Data ss:Type="String">Sin grupo</Data></Cell><Cell><Data ss:Type="String">No realizada</Data></Cell><Cell><Data ss:Type="String">No aplica</Data></Cell><Cell><Data ss:Type="String">No aplica</Data></Cell><Cell><Data ss:Type="String">No realizada</Data></Cell><Cell><Data ss:Type="String">No aplica</Data></Cell><Cell><Data ss:Type="String">No aplica</Data></Cell><Cell><Data ss:Type="String">No realizada</Data></Cell><Cell><Data ss:Type="String">No aplica</Data></Cell><Cell><Data ss:Type="String">No aplica</Data></Cell></Row><Row><Cell><Data ss:Type="String">Felipe Cisneros</Data></Cell><Cell><Data ss:Type="String">15.962.682-2</Data></Cell><Cell><Data ss:Type="String">FELIPE.CISNEROSG@GMAIL.COM</Data></Cell><Cell><Data ss:Type="String">Sin grupo</Data></Cell><Cell><Data ss:Type="String">No realizada</Data></Cell><Cell><Data ss:Type="String">No aplica</Data></Cell><Cell><Data ss:Type="String">No aplica</Data></Cell><Cell><Data ss:Type="String">No realizada</Data></Cell><Cell><Data ss:Type="String">No aplica</Data></Cell><Cell><Data ss:Type="String">No aplica</Data></Cell><Cell><Data ss:Type="String">No realizada</Data></Cell><Cell><Data ss:Type="String">No aplica</Data></Cell><Cell><Data ss:Type="String">No aplica</Data></Cell></Row><Row><Cell><Data ss:Type="String">ELISA MAGALI COLIHUEQUE FLORES</Data></Cell><Cell><Data ss:Type="String">9.550.729-8</Data></Cell><Cell><Data ss:Type="String">elisa_cflores@yahoo.es</Data></Cell><Cell><Data ss:Type="String">Sin grupo</Data></Cell><Cell><Data ss:Type="String">No realizada</Data></Cell><Cell><Data ss:Type="String">No aplica</Data></Cell><Cell><Data ss:Type="String">No aplica</Data></Cell><Cell><Data ss:Type="String">No realizada</Data></Cell><Cell><Data ss:Type="String">No aplica</Data></Cell><Cell><Data ss:Type="String">No aplica</Data></Cell><Cell><Data ss:Type="String">No realizada</Data></Cell><Cell><Data ss:Type="String">No aplica</Data></Cell><Cell><Data ss:Type="String">No aplica</Data></Cell></Row><Row><Cell><Data ss:Type="String">Claudio Andres Correa Olivos</Data></Cell><Cell><Data ss:Type="String">15.384.335-k</Data></Cell><Cell><Data ss:Type="String">cl.olivos@gmail.com</Data></Cell><Cell><Data ss:Type="String">Sin grupo</Data></Cell><Cell><Data ss:Type="String">No realizada</Data></Cell><Cell><Data ss:Type="String">No aplica</Data></Cell><Cell><Data ss:Type="String">No aplica</Data></Cell><Cell><Data ss:Type="String">No realizada</Data></Cell><Cell><Data ss:Type="String">No aplica</Data></Cell><Cell><Data ss:Type="String">No aplica</Data></Cell><Cell><Data ss:Type="String">No realizada</Data></Cell><Cell><Data ss:Type="String">No aplica</Data></Cell><Cell><Data ss:Type="String">No aplica</Data></Cell></Row><Row><Cell><Data ss:Type="String">Hortensia Elena Cruzat Lavin</Data></Cell><Cell><Data ss:Type="String">9.800.603-6</Data></Cell><Cell><Data ss:Type="String">hcruzat@cosl.cl</Data></Cell><Cell><Data ss:Type="String">Sin grupo</Data></Cell><Cell><Data ss:Type="String">No realizada</Data></Cell><Cell><Data ss:Type="String">No aplica</Data></Cell><Cell><Data ss:Type="String">No aplica</Data></Cell><Cell><Data ss:Type="String">No realizada</Data></Cell><Cell><Data ss:Type="String">No aplica</Data></Cell><Cell><Data ss:Type="String">No aplica</Data></Cell><Cell><Data ss:Type="String">No realizada</Data></Cell><Cell><Data ss:Type="String">No aplica</Data></Cell><Cell><Data ss:Type="String">No aplica</Data></Cell></Row><Row><Cell><Data ss:Type="String">MARIA  ISABEL DE  LA  CRUZ BAHAMONDE</Data></Cell><Cell><Data ss:Type="String">10.988.105-8</Data></Cell><Cell><Data ss:Type="String">MARIAISABEL.DELACRUZ@GMAIL.COM</Data></Cell><Cell><Data ss:Type="String">Sin grupo</Data></Cell><Cell><Data ss:Type="String">No realizada</Data></Cell><Cell><Data ss:Type="String">No aplica</Data></Cell><Cell><Data ss:Type="String">No aplica</Data></Cell><Cell><Data ss:Type="String">No realizada</Data></Cell><Cell><Data ss:Type="String">No aplica</Data></Cell><Cell><Data ss:Type="String">No aplica</Data></Cell><Cell><Data ss:Type="String">No realizada</Data></Cell><Cell><Data ss:Type="String">No aplica</Data></Cell><Cell><Data ss:Type="String">No aplica</Data></Cell></Row><Row><Cell><Data ss:Type="String">Claudia Pilar Diaz Gallegos</Data></Cell><Cell><Data ss:Type="String">12.492.609-2</Data></Cell><Cell><Data ss:Type="String">ivonne_alejandra_ramos@gmail.com</Data></Cell><Cell><Data ss:Type="String">Sin grupo</Data></Cell><Cell><Data ss:Type="String">No realizada</Data></Cell><Cell><Data ss:Type="String">No aplica</Data></Cell><Cell><Data ss:Type="String">No aplica</Data></Cell><Cell><Data ss:Type="String">No realizada</Data></Cell><Cell><Data ss:Type="String">No aplica</Data></Cell><Cell><Data ss:Type="String">No aplica</Data></Cell><Cell><Data ss:Type="String">No realizada</Data></Cell><Cell><Data ss:Type="String">No aplica</Data></Cell><Cell><Data ss:Type="String">No aplica</Data></Cell></Row><Row><Cell><Data ss:Type="String">Flavia Andrea Díaz Galliani</Data></Cell><Cell><Data ss:Type="String">16.516.837-2</Data></Cell><Cell><Data ss:Type="String">FLAVIA.DIAZ@AUSTRALIS.RED-LC.COM</Data></Cell><Cell><Data ss:Type="String">Sin grupo</Data></Cell><Cell><Data ss:Type="String">No realizada</Data></Cell><Cell><Data ss:Type="String">No aplica</Data></Cell><Cell><Data ss:Type="String">No aplica</Data></Cell><Cell><Data ss:Type="String">No realizada</Data></Cell><Cell><Data ss:Type="String">No aplica</Data></Cell><Cell><Data ss:Type="String">No aplica</Data></Cell><Cell><Data ss:Type="String">No realizada</Data></Cell><Cell><Data ss:Type="String">No aplica</Data></Cell><Cell><Data ss:Type="String">No aplica</Data></Cell></Row><Row><Cell><Data ss:Type="String">Yessica Carola Díaz Matamala</Data></Cell><Cell><Data ss:Type="String">12.940.661-5</Data></Cell><Cell><Data ss:Type="String">cdm.26@hotmail.com</Data></Cell><Cell><Data ss:Type="String">Sin grupo</Data></Cell><Cell><Data ss:Type="String">No realizada</Data></Cell><Cell><Data ss:Type="String">No aplica</Data></Cell><Cell><Data ss:Type="String">No aplica</Data></Cell><Cell><Data ss:Type="String">No realizada</Data></Cell><Cell><Data ss:Type="String">No aplica</Data></Cell><Cell><Data ss:Type="String">No aplica</Data></Cell><Cell><Data ss:Type="String">No realizada</Data></Cell><Cell><Data ss:Type="String">No aplica</Data></Cell><Cell><Data ss:Type="String">No aplica</Data></Cell></Row><Row><Cell><Data ss:Type="String">MARTA ANGELICA ELGUETA CORTES</Data></Cell><Cell><Data ss:Type="String">13.358.936-8</Data></Cell><Cell><Data ss:Type="String">MARTITA_BIBLIOTECARIA@HOTMAIL.COM</Data></Cell><Cell><Data ss:Type="String">Sin grupo</Data></Cell><Cell><Data ss:Type="String">No realizada</Data></Cell><Cell><Data ss:Type="String">No aplica</Data></Cell><Cell><Data ss:Type="String">No aplica</Data></Cell><Cell><Data ss:Type="String">No realizada</Data></Cell><Cell><Data ss:Type="String">No aplica</Data></Cell><Cell><Data ss:Type="String">No aplica</Data></Cell><Cell><Data ss:Type="String">No realizada</Data></Cell><Cell><Data ss:Type="String">No aplica</Data></Cell><Cell><Data ss:Type="String">No aplica</Data></Cell></Row><Row><Cell><Data ss:Type="String">Marisol Valeska Epul Huenuqueo</Data></Cell><Cell><Data ss:Type="String">13.436.821-7</Data></Cell><Cell><Data ss:Type="String">marisolepul344@gmail.com</Data></Cell><Cell><Data ss:Type="String">Sin grupo</Data></Cell><Cell><Data ss:Type="String">No realizada</Data></Cell><Cell><Data ss:Type="String">No aplica</Data></Cell><Cell><Data ss:Type="String">No aplica</Data></Cell><Cell><Data ss:Type="String">No realizada</Data></Cell><Cell><Data ss:Type="String">No aplica</Data></Cell><Cell><Data ss:Type="String">No aplica</Data></Cell><Cell><Data ss:Type="String">No realizada</Data></Cell><Cell><Data ss:Type="String">No aplica</Data></Cell><Cell><Data ss:Type="String">No aplica</Data></Cell></Row><Row><Cell><Data ss:Type="String">KAROL ERICES BARRERA</Data></Cell><Cell><Data ss:Type="String">13.472.229-0</Data></Cell><Cell><Data ss:Type="String">KAROLERICES@GMAIL.COM</Data></Cell><Cell><Data ss:Type="String">Sin grupo</Data></Cell><Cell><Data ss:Type="String">No realizada</Data></Cell><Cell><Data ss:Type="String">No aplica</Data></Cell><Cell><Data ss:Type="String">No aplica</Data></Cell><Cell><Data ss:Type="String">No realizada</Data></Cell><Cell><Data ss:Type="String">No aplica</Data></Cell><Cell><Data ss:Type="String">No aplica</Data></Cell><Cell><Data ss:Type="String">No realizada</Data></Cell><Cell><Data ss:Type="String">No aplica</Data></Cell><Cell><Data ss:Type="String">No aplica</Data></Cell></Row><Row><Cell><Data ss:Type="String">Mónica Ester Escobar Corvalán</Data></Cell><Cell><Data ss:Type="String">11.745.432-0</Data></Cell><Cell><Data ss:Type="String">ESCOBARCRAMAITENES@HOTMAIL.COM</Data></Cell><Cell><Data ss:Type="String">Sin grupo</Data></Cell><Cell><Data ss:Type="String">No realizada</Data></Cell><Cell><Data ss:Type="String">No aplica</Data></Cell><Cell><Data ss:Type="String">No aplica</Data></Cell><Cell><Data ss:Type="String">No realizada</Data></Cell><Cell><Data ss:Type="String">No aplica</Data></Cell><Cell><Data ss:Type="String">No aplica</Data></Cell><Cell><Data ss:Type="String">No realizada</Data></Cell><Cell><Data ss:Type="String">No aplica</Data></Cell><Cell><Data ss:Type="String">No aplica</Data></Cell></Row><Row><Cell><Data ss:Type="String">Ruth Marina Escobar Jara</Data></Cell><Cell><Data ss:Type="String">10.381.315-8</Data></Cell><Cell><Data ss:Type="String">ERUTHMARINA@GMAIL.COM</Data></Cell><Cell><Data ss:Type="String">Sin grupo</Data></Cell><Cell><Data ss:Type="String">No realizada</Data></Cell><Cell><Data ss:Type="String">No aplica</Data></Cell><Cell><Data ss:Type="String">No aplica</Data></Cell><Cell><Data ss:Type="String">No realizada</Data></Cell><Cell><Data ss:Type="String">No aplica</Data></Cell><Cell><Data ss:Type="String">No aplica</Data></Cell><Cell><Data ss:Type="String">No realizada</Data></Cell><Cell><Data ss:Type="String">No aplica</Data></Cell><Cell><Data ss:Type="String">No aplica</Data></Cell></Row><Row><Cell><Data ss:Type="String">YUVICA ESPINOZA</Data></Cell><Cell><Data ss:Type="String">13.064.304-3</Data></Cell><Cell><Data ss:Type="String">YESPINOZA@TUCLASE.CL</Data></Cell><Cell><Data ss:Type="String">Sin grupo</Data></Cell><Cell><Data ss:Type="String">No realizada</Data></Cell><Cell><Data ss:Type="String">No aplica</Data></Cell><Cell><Data ss:Type="String">No aplica</Data></Cell><Cell><Data ss:Type="String">No realizada</Data></Cell><Cell><Data ss:Type="String">No aplica</Data></Cell><Cell><Data ss:Type="String">No aplica</Data></Cell><Cell><Data ss:Type="String">No realizada</Data></Cell><Cell><Data ss:Type="String">No aplica</Data></Cell><Cell><Data ss:Type="String">No aplica</Data></Cell></Row><Row><Cell><Data ss:Type="String">CAROLINA DEL ROSARIO ESPINOZA CUADROS</Data></Cell><Cell><Data ss:Type="String">14.614.681-3</Data></Cell><Cell><Data ss:Type="String">CATTA.CUADROS@GMAIL.COM</Data></Cell><Cell><Data ss:Type="String">Sin grupo</Data></Cell><Cell><Data ss:Type="String">No realizada</Data></Cell><Cell><Data ss:Type="String">No aplica</Data></Cell><Cell><Data ss:Type="String">No aplica</Data></Cell><Cell><Data ss:Type="String">No realizada</Data></Cell><Cell><Data ss:Type="String">No aplica</Data></Cell><Cell><Data ss:Type="String">No aplica</Data></Cell><Cell><Data ss:Type="String">No realizada</Data></Cell><Cell><Data ss:Type="String">No aplica</Data></Cell><Cell><Data ss:Type="String">No aplica</Data></Cell></Row><Row><Cell><Data ss:Type="String">ALDO BORIS FUENTES MARTNEZ</Data></Cell><Cell><Data ss:Type="String">9.464.983-8</Data></Cell><Cell><Data ss:Type="String">GRIQUELMEBIBLIOTECA@VTR.NET</Data></Cell><Cell><Data ss:Type="String">Sin grupo</Data></Cell><Cell><Data ss:Type="String">No realizada</Data></Cell><Cell><Data ss:Type="String">No aplica</Data></Cell><Cell><Data ss:Type="String">No aplica</Data></Cell><Cell><Data ss:Type="String">No realizada</Data></Cell><Cell><Data ss:Type="String">No aplica</Data></Cell><Cell><Data ss:Type="String">No aplica</Data></Cell><Cell><Data ss:Type="String">No realizada</Data></Cell><Cell><Data ss:Type="String">No aplica</Data></Cell><Cell><Data ss:Type="String">No aplica</Data></Cell></Row><Row><Cell><Data ss:Type="String">XIMENA DEL CARMEN GAJARDO MUÑOZ</Data></Cell><Cell><Data ss:Type="String">13.487.945-9</Data></Cell><Cell><Data ss:Type="String">XIMENAGAJARDO@HOTMAIL.COM</Data></Cell><Cell><Data ss:Type="String">Sin grupo</Data></Cell><Cell><Data ss:Type="String">No realizada</Data></Cell><Cell><Data ss:Type="String">No aplica</Data></Cell><Cell><Data ss:Type="String">No aplica</Data></Cell><Cell><Data ss:Type="String">No realizada</Data></Cell><Cell><Data ss:Type="String">No aplica</Data></Cell><Cell><Data ss:Type="String">No aplica</Data></Cell><Cell><Data ss:Type="String">No realizada</Data></Cell><Cell><Data ss:Type="String">No aplica</Data></Cell><Cell><Data ss:Type="String">No aplica</Data></Cell></Row><Row><Cell><Data ss:Type="String">MARGARITA GALLARDO VERA</Data></Cell><Cell><Data ss:Type="String">10.995.858-1</Data></Cell><Cell><Data ss:Type="String">GALLARDOMARGARITA10@GMAIL.COM</Data></Cell><Cell><Data ss:Type="String">Sin grupo</Data></Cell><Cell><Data ss:Type="String">No realizada</Data></Cell><Cell><Data ss:Type="String">No aplica</Data></Cell><Cell><Data ss:Type="String">No aplica</Data></Cell><Cell><Data ss:Type="String">No realizada</Data></Cell><Cell><Data ss:Type="String">No aplica</Data></Cell><Cell><Data ss:Type="String">No aplica</Data></Cell><Cell><Data ss:Type="String">No realizada</Data></Cell><Cell><Data ss:Type="String">No aplica</Data></Cell><Cell><Data ss:Type="String">No aplica</Data></Cell></Row><Row><Cell><Data ss:Type="String">CLARA GARCÍA O`RYAN - 7026</Data></Cell><Cell><Data ss:Type="String">6.703.357-4</Data></Cell><Cell><Data ss:Type="String">ESCUELACHAIHUIN@HOTMAIL.COM</Data></Cell><Cell><Data ss:Type="String">Sin grupo</Data></Cell><Cell><Data ss:Type="String">No realizada</Data></Cell><Cell><Data ss:Type="String">No aplica</Data></Cell><Cell><Data ss:Type="String">No aplica</Data></Cell><Cell><Data ss:Type="String">No realizada</Data></Cell><Cell><Data ss:Type="String">No aplica</Data></Cell><Cell><Data ss:Type="String">No aplica</Data></Cell><Cell><Data ss:Type="String">No realizada</Data></Cell><Cell><Data ss:Type="String">No aplica</Data></Cell><Cell><Data ss:Type="String">No aplica</Data></Cell></Row><Row><Cell><Data ss:Type="String">MARTA GARCIA URRUTIA</Data></Cell><Cell><Data ss:Type="String">17.184.484-3</Data></Cell><Cell><Data ss:Type="String">MARTAGARCIAU@GMAIL.COM</Data></Cell><Cell><Data ss:Type="String">Sin grupo</Data></Cell><Cell><Data ss:Type="String">No realizada</Data></Cell><Cell><Data ss:Type="String">No aplica</Data></Cell><Cell><Data ss:Type="String">No aplica</Data></Cell><Cell><Data ss:Type="String">No realizada</Data></Cell><Cell><Data ss:Type="String">No aplica</Data></Cell><Cell><Data ss:Type="String">No aplica</Data></Cell><Cell><Data ss:Type="String">No realizada</Data></Cell><Cell><Data ss:Type="String">No aplica</Data></Cell><Cell><Data ss:Type="String">No aplica</Data></Cell></Row><Row><Cell><Data ss:Type="String">Maria Edith Gerding Sotomayor</Data></Cell><Cell><Data ss:Type="String">14.088.412-k</Data></Cell><Cell><Data ss:Type="String">MERY_GERDING@HOTMAIL.COM</Data></Cell><Cell><Data ss:Type="String">Sin grupo</Data></Cell><Cell><Data ss:Type="String">No realizada</Data></Cell><Cell><Data ss:Type="String">No aplica</Data></Cell><Cell><Data ss:Type="String">No aplica</Data></Cell><Cell><Data ss:Type="String">No realizada</Data></Cell><Cell><Data ss:Type="String">No aplica</Data></Cell><Cell><Data ss:Type="String">No aplica</Data></Cell><Cell><Data ss:Type="String">No realizada</Data></Cell><Cell><Data ss:Type="String">No aplica</Data></Cell><Cell><Data ss:Type="String">No aplica</Data></Cell></Row><Row><Cell><Data ss:Type="String">Francesca Gonzalez</Data></Cell><Cell><Data ss:Type="String">15.891.267-8</Data></Cell><Cell><Data ss:Type="String">francescagonz@gmail.com</Data></Cell><Cell><Data ss:Type="String">Sin grupo</Data></Cell><Cell><Data ss:Type="String">No realizada</Data></Cell><Cell><Data ss:Type="String">No aplica</Data></Cell><Cell><Data ss:Type="String">No aplica</Data></Cell><Cell><Data ss:Type="String">No realizada</Data></Cell><Cell><Data ss:Type="String">No aplica</Data></Cell><Cell><Data ss:Type="String">No aplica</Data></Cell><Cell><Data ss:Type="String">No realizada</Data></Cell><Cell><Data ss:Type="String">No aplica</Data></Cell><Cell><Data ss:Type="String">No aplica</Data></Cell></Row><Row><Cell><Data ss:Type="String">María Fernanda González</Data></Cell><Cell><Data ss:Type="String">10.725.955-4</Data></Cell><Cell><Data ss:Type="String">fgonzalez1@outlook.com</Data></Cell><Cell><Data ss:Type="String">Sin grupo</Data></Cell><Cell><Data ss:Type="String">No realizada</Data></Cell><Cell><Data ss:Type="String">No aplica</Data></Cell><Cell><Data ss:Type="String">No aplica</Data></Cell><Cell><Data ss:Type="String">No realizada</Data></Cell><Cell><Data ss:Type="String">No aplica</Data></Cell><Cell><Data ss:Type="String">No aplica</Data></Cell><Cell><Data ss:Type="String">No realizada</Data></Cell><Cell><Data ss:Type="String">No aplica</Data></Cell><Cell><Data ss:Type="String">No aplica</Data></Cell></Row><Row><Cell><Data ss:Type="String">Gloria Elizabeth González González</Data></Cell><Cell><Data ss:Type="String">13.292.905-k</Data></Cell><Cell><Data ss:Type="String">GLORIA30_77@HOTMAIL.COM</Data></Cell><Cell><Data ss:Type="String">Sin grupo</Data></Cell><Cell><Data ss:Type="String">No realizada</Data></Cell><Cell><Data ss:Type="String">No aplica</Data></Cell><Cell><Data ss:Type="String">No aplica</Data></Cell><Cell><Data ss:Type="String">No realizada</Data></Cell><Cell><Data ss:Type="String">No aplica</Data></Cell><Cell><Data ss:Type="String">No aplica</Data></Cell><Cell><Data ss:Type="String">No realizada</Data></Cell><Cell><Data ss:Type="String">No aplica</Data></Cell><Cell><Data ss:Type="String">No aplica</Data></Cell></Row><Row><Cell><Data ss:Type="String">Ana Del Rosario González Vera</Data></Cell><Cell><Data ss:Type="String">9.004.462-1</Data></Cell><Cell><Data ss:Type="String">marepesot@gmail.com</Data></Cell><Cell><Data ss:Type="String">Sin grupo</Data></Cell><Cell><Data ss:Type="String">No realizada</Data></Cell><Cell><Data ss:Type="String">No aplica</Data></Cell><Cell><Data ss:Type="String">No aplica</Data></Cell><Cell><Data ss:Type="String">No realizada</Data></Cell><Cell><Data ss:Type="String">No aplica</Data></Cell><Cell><Data ss:Type="String">No aplica</Data></Cell><Cell><Data ss:Type="String">No realizada</Data></Cell><Cell><Data ss:Type="String">No aplica</Data></Cell><Cell><Data ss:Type="String">No aplica</Data></Cell></Row><Row><Cell><Data ss:Type="String">Gabriela Guerrero</Data></Cell><Cell><Data ss:Type="String">14.306.674-6</Data></Cell><Cell><Data ss:Type="String">gabrielaguerreroc75@gmail.com</Data></Cell><Cell><Data ss:Type="String">Sin grupo</Data></Cell><Cell><Data ss:Type="String">No realizada</Data></Cell><Cell><Data ss:Type="String">No aplica</Data></Cell><Cell><Data ss:Type="String">No aplica</Data></Cell><Cell><Data ss:Type="String">No realizada</Data></Cell><Cell><Data ss:Type="String">No aplica</Data></Cell><Cell><Data ss:Type="String">No aplica</Data></Cell><Cell><Data ss:Type="String">No realizada</Data></Cell><Cell><Data ss:Type="String">No aplica</Data></Cell><Cell><Data ss:Type="String">No aplica</Data></Cell></Row><Row><Cell><Data ss:Type="String">Fabiola Del Pilar Gutiérrez Castro</Data></Cell><Cell><Data ss:Type="String">14.330.017-k</Data></Cell><Cell><Data ss:Type="String">fabita_gutierrez@hotmail.cl</Data></Cell><Cell><Data ss:Type="String">Sin grupo</Data></Cell><Cell><Data ss:Type="String">No realizada</Data></Cell><Cell><Data ss:Type="String">No aplica</Data></Cell><Cell><Data ss:Type="String">No aplica</Data></Cell><Cell><Data ss:Type="String">No realizada</Data></Cell><Cell><Data ss:Type="String">No aplica</Data></Cell><Cell><Data ss:Type="String">No aplica</Data></Cell><Cell><Data ss:Type="String">No realizada</Data></Cell><Cell><Data ss:Type="String">No aplica</Data></Cell><Cell><Data ss:Type="String">No aplica</Data></Cell></Row><Row><Cell><Data ss:Type="String">ANA BEATRIZ GUTIERREZ MUNOZ</Data></Cell><Cell><Data ss:Type="String">9.922.639-0</Data></Cell><Cell><Data ss:Type="String">ANAGUTIERREZ531@GMAIL.COM</Data></Cell><Cell><Data ss:Type="String">Sin grupo</Data></Cell><Cell><Data ss:Type="String">No realizada</Data></Cell><Cell><Data ss:Type="String">No aplica</Data></Cell><Cell><Data ss:Type="String">No aplica</Data></Cell><Cell><Data ss:Type="String">No realizada</Data></Cell><Cell><Data ss:Type="String">No aplica</Data></Cell><Cell><Data ss:Type="String">No aplica</Data></Cell><Cell><Data ss:Type="String">No realizada</Data></Cell><Cell><Data ss:Type="String">No aplica</Data></Cell><Cell><Data ss:Type="String">No aplica</Data></Cell></Row><Row><Cell><Data ss:Type="String">Viviana Del Carmen Hermosilla Buon</Data></Cell><Cell><Data ss:Type="String">6.359.595-0</Data></Cell><Cell><Data ss:Type="String">verito_navarro@hotmail.cl</Data></Cell><Cell><Data ss:Type="String">Sin grupo</Data></Cell><Cell><Data ss:Type="String">No realizada</Data></Cell><Cell><Data ss:Type="String">No aplica</Data></Cell><Cell><Data ss:Type="String">No aplica</Data></Cell><Cell><Data ss:Type="String">No realizada</Data></Cell><Cell><Data ss:Type="String">No aplica</Data></Cell><Cell><Data ss:Type="String">No aplica</Data></Cell><Cell><Data ss:Type="String">No realizada</Data></Cell><Cell><Data ss:Type="String">No aplica</Data></Cell><Cell><Data ss:Type="String">No aplica</Data></Cell></Row><Row><Cell><Data ss:Type="String">Catalina De Los Angeles Hernández Andrade</Data></Cell><Cell><Data ss:Type="String">19.373.247-k</Data></Cell><Cell><Data ss:Type="String">chernandez@fundacionserra.cl</Data></Cell><Cell><Data ss:Type="String">Sin grupo</Data></Cell><Cell><Data ss:Type="String">No realizada</Data></Cell><Cell><Data ss:Type="String">No aplica</Data></Cell><Cell><Data ss:Type="String">No aplica</Data></Cell><Cell><Data ss:Type="String">No realizada</Data></Cell><Cell><Data ss:Type="String">No aplica</Data></Cell><Cell><Data ss:Type="String">No aplica</Data></Cell><Cell><Data ss:Type="String">No realizada</Data></Cell><Cell><Data ss:Type="String">No aplica</Data></Cell><Cell><Data ss:Type="String">No aplica</Data></Cell></Row><Row><Cell><Data ss:Type="String">ALMA ELENA HERNÁNDEZ RODRÍGUEZ</Data></Cell><Cell><Data ss:Type="String">9.714.926-7</Data></Cell><Cell><Data ss:Type="String">BIBLIOCRACURANIPE@GMAIL.COM</Data></Cell><Cell><Data ss:Type="String">Sin grupo</Data></Cell><Cell><Data ss:Type="String">No realizada</Data></Cell><Cell><Data ss:Type="String">No aplica</Data></Cell><Cell><Data ss:Type="String">No aplica</Data></Cell><Cell><Data ss:Type="String">No realizada</Data></Cell><Cell><Data ss:Type="String">No aplica</Data></Cell><Cell><Data ss:Type="String">No aplica</Data></Cell><Cell><Data ss:Type="String">No realizada</Data></Cell><Cell><Data ss:Type="String">No aplica</Data></Cell><Cell><Data ss:Type="String">No aplica</Data></Cell></Row><Row><Cell><Data ss:Type="String">FABIOLA IBARRA GALLARDO</Data></Cell><Cell><Data ss:Type="String">13.460.901-k</Data></Cell><Cell><Data ss:Type="String">FABIBARRA08@GMAIL.COM</Data></Cell><Cell><Data ss:Type="String">Sin grupo</Data></Cell><Cell><Data ss:Type="String">No realizada</Data></Cell><Cell><Data ss:Type="String">No aplica</Data></Cell><Cell><Data ss:Type="String">No aplica</Data></Cell><Cell><Data ss:Type="String">No realizada</Data></Cell><Cell><Data ss:Type="String">No aplica</Data></Cell><Cell><Data ss:Type="String">No aplica</Data></Cell><Cell><Data ss:Type="String">No realizada</Data></Cell><Cell><Data ss:Type="String">No aplica</Data></Cell><Cell><Data ss:Type="String">No aplica</Data></Cell></Row><Row><Cell><Data ss:Type="String">BETSABÉ PAULINA ITURRIETA ARANCIBIA</Data></Cell><Cell><Data ss:Type="String">15.729.672-8</Data></Cell><Cell><Data ss:Type="String">BETSABEITURRIETAARANCIBIA@GMAIL.COM</Data></Cell><Cell><Data ss:Type="String">Sin grupo</Data></Cell><Cell><Data ss:Type="String">No realizada</Data></Cell><Cell><Data ss:Type="String">No aplica</Data></Cell><Cell><Data ss:Type="String">No aplica</Data></Cell><Cell><Data ss:Type="String">No realizada</Data></Cell><Cell><Data ss:Type="String">No aplica</Data></Cell><Cell><Data ss:Type="String">No aplica</Data></Cell><Cell><Data ss:Type="String">No realizada</Data></Cell><Cell><Data ss:Type="String">No aplica</Data></Cell><Cell><Data ss:Type="String">No aplica</Data></Cell></Row><Row><Cell><Data ss:Type="String">Cristina Elizabeth Jara Campos</Data></Cell><Cell><Data ss:Type="String">11.782.165-k</Data></Cell><Cell><Data ss:Type="String">cristinajaracampos@gmail.com</Data></Cell><Cell><Data ss:Type="String">Sin grupo</Data></Cell><Cell><Data ss:Type="String">No realizada</Data></Cell><Cell><Data ss:Type="String">No aplica</Data></Cell><Cell><Data ss:Type="String">No aplica</Data></Cell><Cell><Data ss:Type="String">No realizada</Data></Cell><Cell><Data ss:Type="String">No aplica</Data></Cell><Cell><Data ss:Type="String">No aplica</Data></Cell><Cell><Data ss:Type="String">No realizada</Data></Cell><Cell><Data ss:Type="String">No aplica</Data></Cell><Cell><Data ss:Type="String">No aplica</Data></Cell></Row><Row><Cell><Data ss:Type="String">Galia Jerez González</Data></Cell><Cell><Data ss:Type="String">25.840.694-k</Data></Cell><Cell><Data ss:Type="String">galiajg87@gmail.com</Data></Cell><Cell><Data ss:Type="String">Sin grupo</Data></Cell><Cell><Data ss:Type="String">No realizada</Data></Cell><Cell><Data ss:Type="String">No aplica</Data></Cell><Cell><Data ss:Type="String">No aplica</Data></Cell><Cell><Data ss:Type="String">No realizada</Data></Cell><Cell><Data ss:Type="String">No aplica</Data></Cell><Cell><Data ss:Type="String">No aplica</Data></Cell><Cell><Data ss:Type="String">No realizada</Data></Cell><Cell><Data ss:Type="String">No aplica</Data></Cell><Cell><Data ss:Type="String">No aplica</Data></Cell></Row><Row><Cell><Data ss:Type="String">ELENA ESTER LABRIN LOPEZ</Data></Cell><Cell><Data ss:Type="String">14.025.035-k</Data></Cell><Cell><Data ss:Type="String">ELENALAB_9@HOTMAIL.COM</Data></Cell><Cell><Data ss:Type="String">Sin grupo</Data></Cell><Cell><Data ss:Type="String">No realizada</Data></Cell><Cell><Data ss:Type="String">No aplica</Data></Cell><Cell><Data ss:Type="String">No aplica</Data></Cell><Cell><Data ss:Type="String">No realizada</Data></Cell><Cell><Data ss:Type="String">No aplica</Data></Cell><Cell><Data ss:Type="String">No aplica</Data></Cell><Cell><Data ss:Type="String">No realizada</Data></Cell><Cell><Data ss:Type="String">No aplica</Data></Cell><Cell><Data ss:Type="String">No aplica</Data></Cell></Row><Row><Cell><Data ss:Type="String">Maria Fernanda Lemus Molina</Data></Cell><Cell><Data ss:Type="String">16.596.629-5</Data></Cell><Cell><Data ss:Type="String">mariafernandalemus@gmail.com</Data></Cell><Cell><Data ss:Type="String">Sin grupo</Data></Cell><Cell><Data ss:Type="String">No realizada</Data></Cell><Cell><Data ss:Type="String">No aplica</Data></Cell><Cell><Data ss:Type="String">No aplica</Data></Cell><Cell><Data ss:Type="String">No realizada</Data></Cell><Cell><Data ss:Type="String">No aplica</Data></Cell><Cell><Data ss:Type="String">No aplica</Data></Cell><Cell><Data ss:Type="String">No realizada</Data></Cell><Cell><Data ss:Type="String">No aplica</Data></Cell><Cell><Data ss:Type="String">No aplica</Data></Cell></Row><Row><Cell><Data ss:Type="String">MARIA CRISITINA LEON VELIZ</Data></Cell><Cell><Data ss:Type="String">11.761.106-k</Data></Cell><Cell><Data ss:Type="String">MARIACRISTINA0671@GMAIL.COM</Data></Cell><Cell><Data ss:Type="String">Sin grupo</Data></Cell><Cell><Data ss:Type="String">No realizada</Data></Cell><Cell><Data ss:Type="String">No aplica</Data></Cell><Cell><Data ss:Type="String">No aplica</Data></Cell><Cell><Data ss:Type="String">No realizada</Data></Cell><Cell><Data ss:Type="String">No aplica</Data></Cell><Cell><Data ss:Type="String">No aplica</Data></Cell><Cell><Data ss:Type="String">No realizada</Data></Cell><Cell><Data ss:Type="String">No aplica</Data></Cell><Cell><Data ss:Type="String">No aplica</Data></Cell></Row><Row><Cell><Data ss:Type="String">Elia de las Rosas Leyton Henriquez</Data></Cell><Cell><Data ss:Type="String">9.366.633-k</Data></Cell><Cell><Data ss:Type="String">elia.leyton@educacionelbosque.cl</Data></Cell><Cell><Data ss:Type="String">Sin grupo</Data></Cell><Cell><Data ss:Type="String">No realizada</Data></Cell><Cell><Data ss:Type="String">No aplica</Data></Cell><Cell><Data ss:Type="String">No aplica</Data></Cell><Cell><Data ss:Type="String">No realizada</Data></Cell><Cell><Data ss:Type="String">No aplica</Data></Cell><Cell><Data ss:Type="String">No aplica</Data></Cell><Cell><Data ss:Type="String">No realizada</Data></Cell><Cell><Data ss:Type="String">No aplica</Data></Cell><Cell><Data ss:Type="String">No aplica</Data></Cell></Row><Row><Cell><Data ss:Type="String">INGRID SERALLA LOPEZ CARRERA</Data></Cell><Cell><Data ss:Type="String">15.549.281-3</Data></Cell><Cell><Data ss:Type="String">ilopez@fmachile.org</Data></Cell><Cell><Data ss:Type="String">Sin grupo</Data></Cell><Cell><Data ss:Type="String">No realizada</Data></Cell><Cell><Data ss:Type="String">No aplica</Data></Cell><Cell><Data ss:Type="String">No aplica</Data></Cell><Cell><Data ss:Type="String">No realizada</Data></Cell><Cell><Data ss:Type="String">No aplica</Data></Cell><Cell><Data ss:Type="String">No aplica</Data></Cell><Cell><Data ss:Type="String">No realizada</Data></Cell><Cell><Data ss:Type="String">No aplica</Data></Cell><Cell><Data ss:Type="String">No aplica</Data></Cell></Row><Row><Cell><Data ss:Type="String">GLADYS SOLEDAD LÓPEZ HORMAZÁBAL</Data></Cell><Cell><Data ss:Type="String">12.233.844-4</Data></Cell><Cell><Data ss:Type="String">yogsoledadlopezh@gmail.com</Data></Cell><Cell><Data ss:Type="String">Sin grupo</Data></Cell><Cell><Data ss:Type="String">No realizada</Data></Cell><Cell><Data ss:Type="String">No aplica</Data></Cell><Cell><Data ss:Type="String">No aplica</Data></Cell><Cell><Data ss:Type="String">No realizada</Data></Cell><Cell><Data ss:Type="String">No aplica</Data></Cell><Cell><Data ss:Type="String">No aplica</Data></Cell><Cell><Data ss:Type="String">No realizada</Data></Cell><Cell><Data ss:Type="String">No aplica</Data></Cell><Cell><Data ss:Type="String">No aplica</Data></Cell></Row><Row><Cell><Data ss:Type="String">PATRICIA ELIANA LOPEZ PEZOA</Data></Cell><Cell><Data ss:Type="String">10.460.109-k</Data></Cell><Cell><Data ss:Type="String">PACHYTA2009@HOTMAIL.COM</Data></Cell><Cell><Data ss:Type="String">Sin grupo</Data></Cell><Cell><Data ss:Type="String">No realizada</Data></Cell><Cell><Data ss:Type="String">No aplica</Data></Cell><Cell><Data ss:Type="String">No aplica</Data></Cell><Cell><Data ss:Type="String">No realizada</Data></Cell><Cell><Data ss:Type="String">No aplica</Data></Cell><Cell><Data ss:Type="String">No aplica</Data></Cell><Cell><Data ss:Type="String">No realizada</Data></Cell><Cell><Data ss:Type="String">No aplica</Data></Cell><Cell><Data ss:Type="String">No aplica</Data></Cell></Row><Row><Cell><Data ss:Type="String">Paulina Maldonado</Data></Cell><Cell><Data ss:Type="String">12.687.162-7</Data></Cell><Cell><Data ss:Type="String">paulina2310@gmail.com</Data></Cell><Cell><Data ss:Type="String">Sin grupo</Data></Cell><Cell><Data ss:Type="String">No realizada</Data></Cell><Cell><Data ss:Type="String">No aplica</Data></Cell><Cell><Data ss:Type="String">No aplica</Data></Cell><Cell><Data ss:Type="String">No realizada</Data></Cell><Cell><Data ss:Type="String">No aplica</Data></Cell><Cell><Data ss:Type="String">No aplica</Data></Cell><Cell><Data ss:Type="String">No realizada</Data></Cell><Cell><Data ss:Type="String">No aplica</Data></Cell><Cell><Data ss:Type="String">No aplica</Data></Cell></Row><Row><Cell><Data ss:Type="String">MELITA DEL CARMEN MANCILLA TURRA</Data></Cell><Cell><Data ss:Type="String">12.005.012-5</Data></Cell><Cell><Data ss:Type="String">MELITAMANSILLA@HOTMAIL.COM</Data></Cell><Cell><Data ss:Type="String">Sin grupo</Data></Cell><Cell><Data ss:Type="String">Realizada</Data></Cell><Cell><Data ss:Type="String">02-11-2021</Data></Cell><Cell><Data ss:Type="String">NO</Data></Cell><Cell><Data ss:Type="String">Realizada</Data></Cell><Cell><Data ss:Type="String">02-11-2021</Data></Cell><Cell><Data ss:Type="String">NO</Data></Cell><Cell><Data ss:Type="String">Realizada</Data></Cell><Cell><Data ss:Type="String">02-11-2021</Data></Cell><Cell><Data ss:Type="String">NO</Data></Cell></Row><Row><Cell><Data ss:Type="String">Sofía Leonor Manríquez Figueroa</Data></Cell><Cell><Data ss:Type="String">10.540.025-k</Data></Cell><Cell><Data ss:Type="String">smanriquez@ceas.cl</Data></Cell><Cell><Data ss:Type="String">Sin grupo</Data></Cell><Cell><Data ss:Type="String">No realizada</Data></Cell><Cell><Data ss:Type="String">No aplica</Data></Cell><Cell><Data ss:Type="String">No aplica</Data></Cell><Cell><Data ss:Type="String">No realizada</Data></Cell><Cell><Data ss:Type="String">No aplica</Data></Cell><Cell><Data ss:Type="String">No aplica</Data></Cell><Cell><Data ss:Type="String">No realizada</Data></Cell><Cell><Data ss:Type="String">No aplica</Data></Cell><Cell><Data ss:Type="String">No aplica</Data></Cell></Row><Row><Cell><Data ss:Type="String">daniela mardones azócar</Data></Cell><Cell><Data ss:Type="String">11.347.547-1</Data></Cell><Cell><Data ss:Type="String">danielamardones7@hotmail.com</Data></Cell><Cell><Data ss:Type="String">Sin grupo</Data></Cell><Cell><Data ss:Type="String">No realizada</Data></Cell><Cell><Data ss:Type="String">No aplica</Data></Cell><Cell><Data ss:Type="String">No aplica</Data></Cell><Cell><Data ss:Type="String">No realizada</Data></Cell><Cell><Data ss:Type="String">No aplica</Data></Cell><Cell><Data ss:Type="String">No aplica</Data></Cell><Cell><Data ss:Type="String">No realizada</Data></Cell><Cell><Data ss:Type="String">No aplica</Data></Cell><Cell><Data ss:Type="String">No aplica</Data></Cell></Row><Row><Cell><Data ss:Type="String">ELENA MARÍN ORDENES</Data></Cell><Cell><Data ss:Type="String">13.024.301-0</Data></Cell><Cell><Data ss:Type="String">BELEN2100@YAHOO.ES</Data></Cell><Cell><Data ss:Type="String">Sin grupo</Data></Cell><Cell><Data ss:Type="String">No realizada</Data></Cell><Cell><Data ss:Type="String">No aplica</Data></Cell><Cell><Data ss:Type="String">No aplica</Data></Cell><Cell><Data ss:Type="String">No realizada</Data></Cell><Cell><Data ss:Type="String">No aplica</Data></Cell><Cell><Data ss:Type="String">No aplica</Data></Cell><Cell><Data ss:Type="String">No realizada</Data></Cell><Cell><Data ss:Type="String">No aplica</Data></Cell><Cell><Data ss:Type="String">No aplica</Data></Cell></Row><Row><Cell><Data ss:Type="String">NATALY MARQUEZ RIVERA</Data></Cell><Cell><Data ss:Type="String">17.131.403-8</Data></Cell><Cell><Data ss:Type="String">NATALYMARQUEZ88@GMAIL.COM</Data></Cell><Cell><Data ss:Type="String">Sin grupo</Data></Cell><Cell><Data ss:Type="String">No realizada</Data></Cell><Cell><Data ss:Type="String">No aplica</Data></Cell><Cell><Data ss:Type="String">No aplica</Data></Cell><Cell><Data ss:Type="String">No realizada</Data></Cell><Cell><Data ss:Type="String">No aplica</Data></Cell><Cell><Data ss:Type="String">No aplica</Data></Cell><Cell><Data ss:Type="String">No realizada</Data></Cell><Cell><Data ss:Type="String">No aplica</Data></Cell><Cell><Data ss:Type="String">No aplica</Data></Cell></Row><Row><Cell><Data ss:Type="String">Felipe Gastón Mellado Vargas</Data></Cell><Cell><Data ss:Type="String">17.224.045-3</Data></Cell><Cell><Data ss:Type="String">fmellado@laprovidenciaconcepcion.cl</Data></Cell><Cell><Data ss:Type="String">Sin grupo</Data></Cell><Cell><Data ss:Type="String">No realizada</Data></Cell><Cell><Data ss:Type="String">No aplica</Data></Cell><Cell><Data ss:Type="String">No aplica</Data></Cell><Cell><Data ss:Type="String">No realizada</Data></Cell><Cell><Data ss:Type="String">No aplica</Data></Cell><Cell><Data ss:Type="String">No aplica</Data></Cell><Cell><Data ss:Type="String">No realizada</Data></Cell><Cell><Data ss:Type="String">No aplica</Data></Cell><Cell><Data ss:Type="String">No aplica</Data></Cell></Row><Row><Cell><Data ss:Type="String">Veronica Patricia Muñoz Arancibia</Data></Cell><Cell><Data ss:Type="String">8.932.790-3</Data></Cell><Cell><Data ss:Type="String">joyce.polanco.ccll@gmail.com</Data></Cell><Cell><Data ss:Type="String">Sin grupo</Data></Cell><Cell><Data ss:Type="String">Realizada</Data></Cell><Cell><Data ss:Type="String">29-11-2021</Data></Cell><Cell><Data ss:Type="String">NO</Data></Cell><Cell><Data ss:Type="String">Realizada</Data></Cell><Cell><Data ss:Type="String">29-11-2021</Data></Cell><Cell><Data ss:Type="String">NO</Data></Cell><Cell><Data ss:Type="String">Realizada</Data></Cell><Cell><Data ss:Type="String">29-11-2021</Data></Cell><Cell><Data ss:Type="String">NO</Data></Cell></Row><Row><Cell><Data ss:Type="String">Erika Elizabeth Muñoz Lizana</Data></Cell><Cell><Data ss:Type="String">9.496.193-9</Data></Cell><Cell><Data ss:Type="String">brifo@colegiosah.cl</Data></Cell><Cell><Data ss:Type="String">Sin grupo</Data></Cell><Cell><Data ss:Type="String">No realizada</Data></Cell><Cell><Data ss:Type="String">No aplica</Data></Cell><Cell><Data ss:Type="String">No aplica</Data></Cell><Cell><Data ss:Type="String">No realizada</Data></Cell><Cell><Data ss:Type="String">No aplica</Data></Cell><Cell><Data ss:Type="String">No aplica</Data></Cell><Cell><Data ss:Type="String">No realizada</Data></Cell><Cell><Data ss:Type="String">No aplica</Data></Cell><Cell><Data ss:Type="String">No aplica</Data></Cell></Row><Row><Cell><Data ss:Type="String">Maria Cielo Muñoz Pereira</Data></Cell><Cell><Data ss:Type="String">18.097.167-k</Data></Cell><Cell><Data ss:Type="String">cielo.munoz.pereira@gmail.com</Data></Cell><Cell><Data ss:Type="String">Sin grupo</Data></Cell><Cell><Data ss:Type="String">No realizada</Data></Cell><Cell><Data ss:Type="String">No aplica</Data></Cell><Cell><Data ss:Type="String">No aplica</Data></Cell><Cell><Data ss:Type="String">No realizada</Data></Cell><Cell><Data ss:Type="String">No aplica</Data></Cell><Cell><Data ss:Type="String">No aplica</Data></Cell><Cell><Data ss:Type="String">No realizada</Data></Cell><Cell><Data ss:Type="String">No aplica</Data></Cell><Cell><Data ss:Type="String">No aplica</Data></Cell></Row><Row><Cell><Data ss:Type="String">Verónica Cecilia Navea Huenche</Data></Cell><Cell><Data ss:Type="String">11.727.427-6</Data></Cell><Cell><Data ss:Type="String">vnaveah@hotmail.com</Data></Cell><Cell><Data ss:Type="String">Sin grupo</Data></Cell><Cell><Data ss:Type="String">No realizada</Data></Cell><Cell><Data ss:Type="String">No aplica</Data></Cell><Cell><Data ss:Type="String">No aplica</Data></Cell><Cell><Data ss:Type="String">No realizada</Data></Cell><Cell><Data ss:Type="String">No aplica</Data></Cell><Cell><Data ss:Type="String">No aplica</Data></Cell><Cell><Data ss:Type="String">No realizada</Data></Cell><Cell><Data ss:Type="String">No aplica</Data></Cell><Cell><Data ss:Type="String">No aplica</Data></Cell></Row><Row><Cell><Data ss:Type="String">Ivonne Adriana Nicolai Orellana</Data></Cell><Cell><Data ss:Type="String">6.069.950-k</Data></Cell><Cell><Data ss:Type="String">ivonnenicolai@gmail.com</Data></Cell><Cell><Data ss:Type="String">Sin grupo</Data></Cell><Cell><Data ss:Type="String">No realizada</Data></Cell><Cell><Data ss:Type="String">No aplica</Data></Cell><Cell><Data ss:Type="String">No aplica</Data></Cell><Cell><Data ss:Type="String">No realizada</Data></Cell><Cell><Data ss:Type="String">No aplica</Data></Cell><Cell><Data ss:Type="String">No aplica</Data></Cell><Cell><Data ss:Type="String">No realizada</Data></Cell><Cell><Data ss:Type="String">No aplica</Data></Cell><Cell><Data ss:Type="String">No aplica</Data></Cell></Row><Row><Cell><Data ss:Type="String">DANIELA NOVOA CONCHA</Data></Cell><Cell><Data ss:Type="String">12.729.903-k</Data></Cell><Cell><Data ss:Type="String">NOVOACONCHADANIELA@GMAIL.COM</Data></Cell><Cell><Data ss:Type="String">Sin grupo</Data></Cell><Cell><Data ss:Type="String">No realizada</Data></Cell><Cell><Data ss:Type="String">No aplica</Data></Cell><Cell><Data ss:Type="String">No aplica</Data></Cell><Cell><Data ss:Type="String">No realizada</Data></Cell><Cell><Data ss:Type="String">No aplica</Data></Cell><Cell><Data ss:Type="String">No aplica</Data></Cell><Cell><Data ss:Type="String">No realizada</Data></Cell><Cell><Data ss:Type="String">No aplica</Data></Cell><Cell><Data ss:Type="String">No aplica</Data></Cell></Row><Row><Cell><Data ss:Type="String">Yasna Pamela O Jeda Hernández</Data></Cell><Cell><Data ss:Type="String">15.307.741-k</Data></Cell><Cell><Data ss:Type="String">Yasnahernandez1981@gmail.com</Data></Cell><Cell><Data ss:Type="String">Sin grupo</Data></Cell><Cell><Data ss:Type="String">No realizada</Data></Cell><Cell><Data ss:Type="String">No aplica</Data></Cell><Cell><Data ss:Type="String">No aplica</Data></Cell><Cell><Data ss:Type="String">No realizada</Data></Cell><Cell><Data ss:Type="String">No aplica</Data></Cell><Cell><Data ss:Type="String">No aplica</Data></Cell><Cell><Data ss:Type="String">No realizada</Data></Cell><Cell><Data ss:Type="String">No aplica</Data></Cell><Cell><Data ss:Type="String">No aplica</Data></Cell></Row><Row><Cell><Data ss:Type="String">Maria Jose Ogaz Lopez</Data></Cell><Cell><Data ss:Type="String">19.058.019-9</Data></Cell><Cell><Data ss:Type="String">mariajose.ogaz@king-school.org</Data></Cell><Cell><Data ss:Type="String">Sin grupo</Data></Cell><Cell><Data ss:Type="String">No realizada</Data></Cell><Cell><Data ss:Type="String">No aplica</Data></Cell><Cell><Data ss:Type="String">No aplica</Data></Cell><Cell><Data ss:Type="String">No realizada</Data></Cell><Cell><Data ss:Type="String">No aplica</Data></Cell><Cell><Data ss:Type="String">No aplica</Data></Cell><Cell><Data ss:Type="String">No realizada</Data></Cell><Cell><Data ss:Type="String">No aplica</Data></Cell><Cell><Data ss:Type="String">No aplica</Data></Cell></Row><Row><Cell><Data ss:Type="String">Luis Fabián Ojeda Sanhueza</Data></Cell><Cell><Data ss:Type="String">12.338.212-9</Data></Cell><Cell><Data ss:Type="String">fabianojeda@gmail.com</Data></Cell><Cell><Data ss:Type="String">Sin grupo</Data></Cell><Cell><Data ss:Type="String">No realizada</Data></Cell><Cell><Data ss:Type="String">No aplica</Data></Cell><Cell><Data ss:Type="String">No aplica</Data></Cell><Cell><Data ss:Type="String">No realizada</Data></Cell><Cell><Data ss:Type="String">No aplica</Data></Cell><Cell><Data ss:Type="String">No aplica</Data></Cell><Cell><Data ss:Type="String">No realizada</Data></Cell><Cell><Data ss:Type="String">No aplica</Data></Cell><Cell><Data ss:Type="String">No aplica</Data></Cell></Row><Row><Cell><Data ss:Type="String">PATRICIA MATILDE ORTEGA ROJAS</Data></Cell><Cell><Data ss:Type="String">10.187.446-k</Data></Cell><Cell><Data ss:Type="String">PATTOR64@YAHOO.ES</Data></Cell><Cell><Data ss:Type="String">Sin grupo</Data></Cell><Cell><Data ss:Type="String">No realizada</Data></Cell><Cell><Data ss:Type="String">No aplica</Data></Cell><Cell><Data ss:Type="String">No aplica</Data></Cell><Cell><Data ss:Type="String">No realizada</Data></Cell><Cell><Data ss:Type="String">No aplica</Data></Cell><Cell><Data ss:Type="String">No aplica</Data></Cell><Cell><Data ss:Type="String">No realizada</Data></Cell><Cell><Data ss:Type="String">No aplica</Data></Cell><Cell><Data ss:Type="String">No aplica</Data></Cell></Row><Row><Cell><Data ss:Type="String">Cristian Otarola Saavedra</Data></Cell><Cell><Data ss:Type="String">15.786.665-6</Data></Cell><Cell><Data ss:Type="String">CRISTIAN.OTAROLA2010@GMAIL.COM</Data></Cell><Cell><Data ss:Type="String">Sin grupo</Data></Cell><Cell><Data ss:Type="String">Realizada</Data></Cell><Cell><Data ss:Type="String">16-11-2021</Data></Cell><Cell><Data ss:Type="String">NO</Data></Cell><Cell><Data ss:Type="String">Realizada</Data></Cell><Cell><Data ss:Type="String">16-11-2021</Data></Cell><Cell><Data ss:Type="String">NO</Data></Cell><Cell><Data ss:Type="String">Realizada</Data></Cell><Cell><Data ss:Type="String">16-11-2021</Data></Cell><Cell><Data ss:Type="String">NO</Data></Cell></Row><Row><Cell><Data ss:Type="String">VIRGINIA ISABEL PARRA LARA</Data></Cell><Cell><Data ss:Type="String">13.618.635-3</Data></Cell><Cell><Data ss:Type="String">VICKYPARRALARA@GMAIL.COM</Data></Cell><Cell><Data ss:Type="String">Sin grupo</Data></Cell><Cell><Data ss:Type="String">No realizada</Data></Cell><Cell><Data ss:Type="String">No aplica</Data></Cell><Cell><Data ss:Type="String">No aplica</Data></Cell><Cell><Data ss:Type="String">No realizada</Data></Cell><Cell><Data ss:Type="String">No aplica</Data></Cell><Cell><Data ss:Type="String">No aplica</Data></Cell><Cell><Data ss:Type="String">No realizada</Data></Cell><Cell><Data ss:Type="String">No aplica</Data></Cell><Cell><Data ss:Type="String">No aplica</Data></Cell></Row><Row><Cell><Data ss:Type="String">Alejandra Andrea Pinto Cuevas</Data></Cell><Cell><Data ss:Type="String">17.290.212-k</Data></Cell><Cell><Data ss:Type="String">janii.andre0719@gmail.com</Data></Cell><Cell><Data ss:Type="String">Sin grupo</Data></Cell><Cell><Data ss:Type="String">No realizada</Data></Cell><Cell><Data ss:Type="String">No aplica</Data></Cell><Cell><Data ss:Type="String">No aplica</Data></Cell><Cell><Data ss:Type="String">No realizada</Data></Cell><Cell><Data ss:Type="String">No aplica</Data></Cell><Cell><Data ss:Type="String">No aplica</Data></Cell><Cell><Data ss:Type="String">No realizada</Data></Cell><Cell><Data ss:Type="String">No aplica</Data></Cell><Cell><Data ss:Type="String">No aplica</Data></Cell></Row><Row><Cell><Data ss:Type="String">ANGÉLICA PORTILLA CAMPILLAY</Data></Cell><Cell><Data ss:Type="String">10.413.191-3</Data></Cell><Cell><Data ss:Type="String">ANGEPORTILLA@YAHOO.ES</Data></Cell><Cell><Data ss:Type="String">Sin grupo</Data></Cell><Cell><Data ss:Type="String">No realizada</Data></Cell><Cell><Data ss:Type="String">No aplica</Data></Cell><Cell><Data ss:Type="String">No aplica</Data></Cell><Cell><Data ss:Type="String">No realizada</Data></Cell><Cell><Data ss:Type="String">No aplica</Data></Cell><Cell><Data ss:Type="String">No aplica</Data></Cell><Cell><Data ss:Type="String">No realizada</Data></Cell><Cell><Data ss:Type="String">No aplica</Data></Cell><Cell><Data ss:Type="String">No aplica</Data></Cell></Row><Row><Cell><Data ss:Type="String">Cristian Luciano Ramírez Jofré</Data></Cell><Cell><Data ss:Type="String">15.742.038-0</Data></Cell><Cell><Data ss:Type="String">cristian.ramirez@sansebastianmelipilla.cl</Data></Cell><Cell><Data ss:Type="String">Sin grupo</Data></Cell><Cell><Data ss:Type="String">No realizada</Data></Cell><Cell><Data ss:Type="String">No aplica</Data></Cell><Cell><Data ss:Type="String">No aplica</Data></Cell><Cell><Data ss:Type="String">No realizada</Data></Cell><Cell><Data ss:Type="String">No aplica</Data></Cell><Cell><Data ss:Type="String">No aplica</Data></Cell><Cell><Data ss:Type="String">No realizada</Data></Cell><Cell><Data ss:Type="String">No aplica</Data></Cell><Cell><Data ss:Type="String">No aplica</Data></Cell></Row><Row><Cell><Data ss:Type="String">LEYLA NICOLE RAMOS ORTIZ</Data></Cell><Cell><Data ss:Type="String">17.828.052-k</Data></Cell><Cell><Data ss:Type="String">LEYLA.NICOLE2210@GMAIL.COM</Data></Cell><Cell><Data ss:Type="String">Sin grupo</Data></Cell><Cell><Data ss:Type="String">Realizada</Data></Cell><Cell><Data ss:Type="String">01-12-2021</Data></Cell><Cell><Data ss:Type="String">NO</Data></Cell><Cell><Data ss:Type="String">No realizada</Data></Cell><Cell><Data ss:Type="String">No aplica</Data></Cell><Cell><Data ss:Type="String">No aplica</Data></Cell><Cell><Data ss:Type="String">No realizada</Data></Cell><Cell><Data ss:Type="String">No aplica</Data></Cell><Cell><Data ss:Type="String">No aplica</Data></Cell></Row><Row><Cell><Data ss:Type="String">Cecilia Daniela Riquelme Ceballos</Data></Cell><Cell><Data ss:Type="String">16.845.377-9</Data></Cell><Cell><Data ss:Type="String">ceciliariquelme@colegiobetaniachillan.cl</Data></Cell><Cell><Data ss:Type="String">Sin grupo</Data></Cell><Cell><Data ss:Type="String">No realizada</Data></Cell><Cell><Data ss:Type="String">No aplica</Data></Cell><Cell><Data ss:Type="String">No aplica</Data></Cell><Cell><Data ss:Type="String">No realizada</Data></Cell><Cell><Data ss:Type="String">No aplica</Data></Cell><Cell><Data ss:Type="String">No aplica</Data></Cell><Cell><Data ss:Type="String">No realizada</Data></Cell><Cell><Data ss:Type="String">No aplica</Data></Cell><Cell><Data ss:Type="String">No aplica</Data></Cell></Row><Row><Cell><Data ss:Type="String">Leticia Roa Roa</Data></Cell><Cell><Data ss:Type="String">9.946.195-0</Data></Cell><Cell><Data ss:Type="String">ambar154@gmail.com</Data></Cell><Cell><Data ss:Type="String">Sin grupo</Data></Cell><Cell><Data ss:Type="String">No realizada</Data></Cell><Cell><Data ss:Type="String">No aplica</Data></Cell><Cell><Data ss:Type="String">No aplica</Data></Cell><Cell><Data ss:Type="String">No realizada</Data></Cell><Cell><Data ss:Type="String">No aplica</Data></Cell><Cell><Data ss:Type="String">No aplica</Data></Cell><Cell><Data ss:Type="String">No realizada</Data></Cell><Cell><Data ss:Type="String">No aplica</Data></Cell><Cell><Data ss:Type="String">No aplica</Data></Cell></Row><Row><Cell><Data ss:Type="String">ELIZABETH DEL CARMEN ROJAS DÍAZ</Data></Cell><Cell><Data ss:Type="String">7.219.809-3</Data></Cell><Cell><Data ss:Type="String">taraytommy2@gmail.com</Data></Cell><Cell><Data ss:Type="String">Sin grupo</Data></Cell><Cell><Data ss:Type="String">No realizada</Data></Cell><Cell><Data ss:Type="String">No aplica</Data></Cell><Cell><Data ss:Type="String">No aplica</Data></Cell><Cell><Data ss:Type="String">No realizada</Data></Cell><Cell><Data ss:Type="String">No aplica</Data></Cell><Cell><Data ss:Type="String">No aplica</Data></Cell><Cell><Data ss:Type="String">No realizada</Data></Cell><Cell><Data ss:Type="String">No aplica</Data></Cell><Cell><Data ss:Type="String">No aplica</Data></Cell></Row><Row><Cell><Data ss:Type="String">ESTER DE LOURDES SALDIVIA ARTEAGA</Data></Cell><Cell><Data ss:Type="String">10.267.538-k</Data></Cell><Cell><Data ss:Type="String">ESTERSALDI@HOTMAIL.COM</Data></Cell><Cell><Data ss:Type="String">Sin grupo</Data></Cell><Cell><Data ss:Type="String">No realizada</Data></Cell><Cell><Data ss:Type="String">No aplica</Data></Cell><Cell><Data ss:Type="String">No aplica</Data></Cell><Cell><Data ss:Type="String">No realizada</Data></Cell><Cell><Data ss:Type="String">No aplica</Data></Cell><Cell><Data ss:Type="String">No aplica</Data></Cell><Cell><Data ss:Type="String">No realizada</Data></Cell><Cell><Data ss:Type="String">No aplica</Data></Cell><Cell><Data ss:Type="String">No aplica</Data></Cell></Row><Row><Cell><Data ss:Type="String">NELLY CRISTINA SANDOVAL VALENZUELA</Data></Cell><Cell><Data ss:Type="String">6.959.038-1</Data></Cell><Cell><Data ss:Type="String">KINAFREDES@YAHOO.ES</Data></Cell><Cell><Data ss:Type="String">Sin grupo</Data></Cell><Cell><Data ss:Type="String">No realizada</Data></Cell><Cell><Data ss:Type="String">No aplica</Data></Cell><Cell><Data ss:Type="String">No aplica</Data></Cell><Cell><Data ss:Type="String">No realizada</Data></Cell><Cell><Data ss:Type="String">No aplica</Data></Cell><Cell><Data ss:Type="String">No aplica</Data></Cell><Cell><Data ss:Type="String">No realizada</Data></Cell><Cell><Data ss:Type="String">No aplica</Data></Cell><Cell><Data ss:Type="String">No aplica</Data></Cell></Row><Row><Cell><Data ss:Type="String">PAZ SANDROCK SOLSONA</Data></Cell><Cell><Data ss:Type="String">16.654.840-3</Data></Cell><Cell><Data ss:Type="String">PAZ.SANDROCK@GMAIL.COM</Data></Cell><Cell><Data ss:Type="String">Sin grupo</Data></Cell><Cell><Data ss:Type="String">No realizada</Data></Cell><Cell><Data ss:Type="String">No aplica</Data></Cell><Cell><Data ss:Type="String">No aplica</Data></Cell><Cell><Data ss:Type="String">No realizada</Data></Cell><Cell><Data ss:Type="String">No aplica</Data></Cell><Cell><Data ss:Type="String">No aplica</Data></Cell><Cell><Data ss:Type="String">No realizada</Data></Cell><Cell><Data ss:Type="String">No aplica</Data></Cell><Cell><Data ss:Type="String">No aplica</Data></Cell></Row><Row><Cell><Data ss:Type="String">ERIKA SANTANA ALTAMIRANO</Data></Cell><Cell><Data ss:Type="String">12.200.032-k</Data></Cell><Cell><Data ss:Type="String">IKASANTANA.A@GMAIL.COM</Data></Cell><Cell><Data ss:Type="String">Sin grupo</Data></Cell><Cell><Data ss:Type="String">No realizada</Data></Cell><Cell><Data ss:Type="String">No aplica</Data></Cell><Cell><Data ss:Type="String">No aplica</Data></Cell><Cell><Data ss:Type="String">No realizada</Data></Cell><Cell><Data ss:Type="String">No aplica</Data></Cell><Cell><Data ss:Type="String">No aplica</Data></Cell><Cell><Data ss:Type="String">No realizada</Data></Cell><Cell><Data ss:Type="String">No aplica</Data></Cell><Cell><Data ss:Type="String">No aplica</Data></Cell></Row><Row><Cell><Data ss:Type="String">PRISCILA ESTRELLA DEL ROSARIO SANTANDER VIDELA</Data></Cell><Cell><Data ss:Type="String">9.230.198-2</Data></Cell><Cell><Data ss:Type="String">PRISCISANTANDER@GMAIL.COM</Data></Cell><Cell><Data ss:Type="String">Sin grupo</Data></Cell><Cell><Data ss:Type="String">No realizada</Data></Cell><Cell><Data ss:Type="String">No aplica</Data></Cell><Cell><Data ss:Type="String">No aplica</Data></Cell><Cell><Data ss:Type="String">No realizada</Data></Cell><Cell><Data ss:Type="String">No aplica</Data></Cell><Cell><Data ss:Type="String">No aplica</Data></Cell><Cell><Data ss:Type="String">No realizada</Data></Cell><Cell><Data ss:Type="String">No aplica</Data></Cell><Cell><Data ss:Type="String">No aplica</Data></Cell></Row><Row><Cell><Data ss:Type="String">NATALIA SENOCEAIN MARTINEZ</Data></Cell><Cell><Data ss:Type="String">15.928.980-k</Data></Cell><Cell><Data ss:Type="String">N.SECOCEAIN@GMAIL.COM</Data></Cell><Cell><Data ss:Type="String">Sin grupo</Data></Cell><Cell><Data ss:Type="String">No realizada</Data></Cell><Cell><Data ss:Type="String">No aplica</Data></Cell><Cell><Data ss:Type="String">No aplica</Data></Cell><Cell><Data ss:Type="String">No realizada</Data></Cell><Cell><Data ss:Type="String">No aplica</Data></Cell><Cell><Data ss:Type="String">No aplica</Data></Cell><Cell><Data ss:Type="String">No realizada</Data></Cell><Cell><Data ss:Type="String">No aplica</Data></Cell><Cell><Data ss:Type="String">No aplica</Data></Cell></Row><Row><Cell><Data ss:Type="String">ANGELICA SEPULVEDA GONZALEZ</Data></Cell><Cell><Data ss:Type="String">14.020.724-1</Data></Cell><Cell><Data ss:Type="String">ANGELICASEPGON@GMAIL.COM</Data></Cell><Cell><Data ss:Type="String">Sin grupo</Data></Cell><Cell><Data ss:Type="String">No realizada</Data></Cell><Cell><Data ss:Type="String">No aplica</Data></Cell><Cell><Data ss:Type="String">No aplica</Data></Cell><Cell><Data ss:Type="String">No realizada</Data></Cell><Cell><Data ss:Type="String">No aplica</Data></Cell><Cell><Data ss:Type="String">No aplica</Data></Cell><Cell><Data ss:Type="String">No realizada</Data></Cell><Cell><Data ss:Type="String">No aplica</Data></Cell><Cell><Data ss:Type="String">No aplica</Data></Cell></Row><Row><Cell><Data ss:Type="String">Karim Margarita Silva González</Data></Cell><Cell><Data ss:Type="String">13.340.676-k</Data></Cell><Cell><Data ss:Type="String">ksilva@colegioohiggins.cl</Data></Cell><Cell><Data ss:Type="String">Sin grupo</Data></Cell><Cell><Data ss:Type="String">No realizada</Data></Cell><Cell><Data ss:Type="String">No aplica</Data></Cell><Cell><Data ss:Type="String">No aplica</Data></Cell><Cell><Data ss:Type="String">No realizada</Data></Cell><Cell><Data ss:Type="String">No aplica</Data></Cell><Cell><Data ss:Type="String">No aplica</Data></Cell><Cell><Data ss:Type="String">No realizada</Data></Cell><Cell><Data ss:Type="String">No aplica</Data></Cell><Cell><Data ss:Type="String">No aplica</Data></Cell></Row><Row><Cell><Data ss:Type="String">JULIA MARCELA SOTO GARAY</Data></Cell><Cell><Data ss:Type="String">12.079.663-1</Data></Cell><Cell><Data ss:Type="String">IMPRESION.ERCILLA@GMAIL.COM</Data></Cell><Cell><Data ss:Type="String">Sin grupo</Data></Cell><Cell><Data ss:Type="String">No realizada</Data></Cell><Cell><Data ss:Type="String">No aplica</Data></Cell><Cell><Data ss:Type="String">No aplica</Data></Cell><Cell><Data ss:Type="String">No realizada</Data></Cell><Cell><Data ss:Type="String">No aplica</Data></Cell><Cell><Data ss:Type="String">No aplica</Data></Cell><Cell><Data ss:Type="String">No realizada</Data></Cell><Cell><Data ss:Type="String">No aplica</Data></Cell><Cell><Data ss:Type="String">No aplica</Data></Cell></Row><Row><Cell><Data ss:Type="String">MARISOL SOTO MORALES</Data></Cell><Cell><Data ss:Type="String">8.544.574-k</Data></Cell><Cell><Data ss:Type="String">msoto.morales@reduca.cl</Data></Cell><Cell><Data ss:Type="String">Sin grupo</Data></Cell><Cell><Data ss:Type="String">No realizada</Data></Cell><Cell><Data ss:Type="String">No aplica</Data></Cell><Cell><Data ss:Type="String">No aplica</Data></Cell><Cell><Data ss:Type="String">No realizada</Data></Cell><Cell><Data ss:Type="String">No aplica</Data></Cell><Cell><Data ss:Type="String">No aplica</Data></Cell><Cell><Data ss:Type="String">No realizada</Data></Cell><Cell><Data ss:Type="String">No aplica</Data></Cell><Cell><Data ss:Type="String">No aplica</Data></Cell></Row><Row><Cell><Data ss:Type="String">ELIANA TELLO CABELLO</Data></Cell><Cell><Data ss:Type="String">8.068.297-2</Data></Cell><Cell><Data ss:Type="String">ELIANATELLO.C@GMAIL.COM</Data></Cell><Cell><Data ss:Type="String">Sin grupo</Data></Cell><Cell><Data ss:Type="String">No realizada</Data></Cell><Cell><Data ss:Type="String">No aplica</Data></Cell><Cell><Data ss:Type="String">No aplica</Data></Cell><Cell><Data ss:Type="String">No realizada</Data></Cell><Cell><Data ss:Type="String">No aplica</Data></Cell><Cell><Data ss:Type="String">No aplica</Data></Cell><Cell><Data ss:Type="String">No realizada</Data></Cell><Cell><Data ss:Type="String">No aplica</Data></Cell><Cell><Data ss:Type="String">No aplica</Data></Cell></Row><Row><Cell><Data ss:Type="String">Maria Paz Torres Alarcón</Data></Cell><Cell><Data ss:Type="String">16.386.695-1</Data></Cell><Cell><Data ss:Type="String">maripitorres2005@gmail.com</Data></Cell><Cell><Data ss:Type="String">Sin grupo</Data></Cell><Cell><Data ss:Type="String">No realizada</Data></Cell><Cell><Data ss:Type="String">No aplica</Data></Cell><Cell><Data ss:Type="String">No aplica</Data></Cell><Cell><Data ss:Type="String">No realizada</Data></Cell><Cell><Data ss:Type="String">No aplica</Data></Cell><Cell><Data ss:Type="String">No aplica</Data></Cell><Cell><Data ss:Type="String">No realizada</Data></Cell><Cell><Data ss:Type="String">No aplica</Data></Cell><Cell><Data ss:Type="String">No aplica</Data></Cell></Row><Row><Cell><Data ss:Type="String">Sergio Dario Trujillo Sepulveda</Data></Cell><Cell><Data ss:Type="String">6.531.983-7</Data></Cell><Cell><Data ss:Type="String">trujilloser@gmail.com</Data></Cell><Cell><Data ss:Type="String">Sin grupo</Data></Cell><Cell><Data ss:Type="String">No realizada</Data></Cell><Cell><Data ss:Type="String">No aplica</Data></Cell><Cell><Data ss:Type="String">No aplica</Data></Cell><Cell><Data ss:Type="String">No realizada</Data></Cell><Cell><Data ss:Type="String">No aplica</Data></Cell><Cell><Data ss:Type="String">No aplica</Data></Cell><Cell><Data ss:Type="String">No realizada</Data></Cell><Cell><Data ss:Type="String">No aplica</Data></Cell><Cell><Data ss:Type="String">No aplica</Data></Cell></Row><Row><Cell><Data ss:Type="String">Carolina Andrea Ulloa Arancibia</Data></Cell><Cell><Data ss:Type="String">15.907.236-3</Data></Cell><Cell><Data ss:Type="String">CULLOA.CULTURA@GMAIL.COM</Data></Cell><Cell><Data ss:Type="String">Sin grupo</Data></Cell><Cell><Data ss:Type="String">No realizada</Data></Cell><Cell><Data ss:Type="String">No aplica</Data></Cell><Cell><Data ss:Type="String">No aplica</Data></Cell><Cell><Data ss:Type="String">No realizada</Data></Cell><Cell><Data ss:Type="String">No aplica</Data></Cell><Cell><Data ss:Type="String">No aplica</Data></Cell><Cell><Data ss:Type="String">No realizada</Data></Cell><Cell><Data ss:Type="String">No aplica</Data></Cell><Cell><Data ss:Type="String">No aplica</Data></Cell></Row><Row><Cell><Data ss:Type="String">Francisca Valenzuela</Data></Cell><Cell><Data ss:Type="String">15.069.616-k</Data></Cell><Cell><Data ss:Type="String">FRANCISCA_BIBLIO@YAHOO.ES</Data></Cell><Cell><Data ss:Type="String">Sin grupo</Data></Cell><Cell><Data ss:Type="String">No realizada</Data></Cell><Cell><Data ss:Type="String">No aplica</Data></Cell><Cell><Data ss:Type="String">No aplica</Data></Cell><Cell><Data ss:Type="String">No realizada</Data></Cell><Cell><Data ss:Type="String">No aplica</Data></Cell><Cell><Data ss:Type="String">No aplica</Data></Cell><Cell><Data ss:Type="String">No realizada</Data></Cell><Cell><Data ss:Type="String">No aplica</Data></Cell><Cell><Data ss:Type="String">No aplica</Data></Cell></Row><Row><Cell><Data ss:Type="String">María Valenzuela</Data></Cell><Cell><Data ss:Type="String">13.344.485-8</Data></Cell><Cell><Data ss:Type="String">HETAUA@GMAIL.COM</Data></Cell><Cell><Data ss:Type="String">Sin grupo</Data></Cell><Cell><Data ss:Type="String">No realizada</Data></Cell><Cell><Data ss:Type="String">No aplica</Data></Cell><Cell><Data ss:Type="String">No aplica</Data></Cell><Cell><Data ss:Type="String">No realizada</Data></Cell><Cell><Data ss:Type="String">No aplica</Data></Cell><Cell><Data ss:Type="String">No aplica</Data></Cell><Cell><Data ss:Type="String">No realizada</Data></Cell><Cell><Data ss:Type="String">No aplica</Data></Cell><Cell><Data ss:Type="String">No aplica</Data></Cell></Row><Row><Cell><Data ss:Type="String">Susana Vargas Miranda</Data></Cell><Cell><Data ss:Type="String">10.292.324-3</Data></Cell><Cell><Data ss:Type="String">PEPACHARITO@GMAIL.COM</Data></Cell><Cell><Data ss:Type="String">Sin grupo</Data></Cell><Cell><Data ss:Type="String">No realizada</Data></Cell><Cell><Data ss:Type="String">No aplica</Data></Cell><Cell><Data ss:Type="String">No aplica</Data></Cell><Cell><Data ss:Type="String">No realizada</Data></Cell><Cell><Data ss:Type="String">No aplica</Data></Cell><Cell><Data ss:Type="String">No aplica</Data></Cell><Cell><Data ss:Type="String">No realizada</Data></Cell><Cell><Data ss:Type="String">No aplica</Data></Cell><Cell><Data ss:Type="String">No aplica</Data></Cell></Row><Row><Cell><Data ss:Type="String">Yoana Victoria Vargas Perez</Data></Cell><Cell><Data ss:Type="String">13.967.633-5</Data></Cell><Cell><Data ss:Type="String">yvargasperez@gmail.com</Data></Cell><Cell><Data ss:Type="String">Sin grupo</Data></Cell><Cell><Data ss:Type="String">No realizada</Data></Cell><Cell><Data ss:Type="String">No aplica</Data></Cell><Cell><Data ss:Type="String">No aplica</Data></Cell><Cell><Data ss:Type="String">No realizada</Data></Cell><Cell><Data ss:Type="String">No aplica</Data></Cell><Cell><Data ss:Type="String">No aplica</Data></Cell><Cell><Data ss:Type="String">No realizada</Data></Cell><Cell><Data ss:Type="String">No aplica</Data></Cell><Cell><Data ss:Type="String">No aplica</Data></Cell></Row><Row><Cell><Data ss:Type="String">Karina Nicole Vargas Pizarro</Data></Cell><Cell><Data ss:Type="String">16.840.233-3</Data></Cell><Cell><Data ss:Type="String">karinavargas@colegiosdiegoportales.cl</Data></Cell><Cell><Data ss:Type="String">Sin grupo</Data></Cell><Cell><Data ss:Type="String">No realizada</Data></Cell><Cell><Data ss:Type="String">No aplica</Data></Cell><Cell><Data ss:Type="String">No aplica</Data></Cell><Cell><Data ss:Type="String">No realizada</Data></Cell><Cell><Data ss:Type="String">No aplica</Data></Cell><Cell><Data ss:Type="String">No aplica</Data></Cell><Cell><Data ss:Type="String">No realizada</Data></Cell><Cell><Data ss:Type="String">No aplica</Data></Cell><Cell><Data ss:Type="String">No aplica</Data></Cell></Row><Row><Cell><Data ss:Type="String">CAROLINA VARGAS SANCHEZ</Data></Cell><Cell><Data ss:Type="String">16.907.874-2</Data></Cell><Cell><Data ss:Type="String">CAVARGAS7@GMAIL.COM</Data></Cell><Cell><Data ss:Type="String">Sin grupo</Data></Cell><Cell><Data ss:Type="String">No realizada</Data></Cell><Cell><Data ss:Type="String">No aplica</Data></Cell><Cell><Data ss:Type="String">No aplica</Data></Cell><Cell><Data ss:Type="String">No realizada</Data></Cell><Cell><Data ss:Type="String">No aplica</Data></Cell><Cell><Data ss:Type="String">No aplica</Data></Cell><Cell><Data ss:Type="String">No realizada</Data></Cell><Cell><Data ss:Type="String">No aplica</Data></Cell><Cell><Data ss:Type="String">No aplica</Data></Cell></Row><Row><Cell><Data ss:Type="String">Maria Cristina Aida Vasquez Navarrete</Data></Cell><Cell><Data ss:Type="String">13.619.348-1</Data></Cell><Cell><Data ss:Type="String">mariacristina62@gmail.com</Data></Cell><Cell><Data ss:Type="String">Sin grupo</Data></Cell><Cell><Data ss:Type="String">No realizada</Data></Cell><Cell><Data ss:Type="String">No aplica</Data></Cell><Cell><Data ss:Type="String">No aplica</Data></Cell><Cell><Data ss:Type="String">No realizada</Data></Cell><Cell><Data ss:Type="String">No aplica</Data></Cell><Cell><Data ss:Type="String">No aplica</Data></Cell><Cell><Data ss:Type="String">No realizada</Data></Cell><Cell><Data ss:Type="String">No aplica</Data></Cell><Cell><Data ss:Type="String">No aplica</Data></Cell></Row><Row><Cell><Data ss:Type="String">Gloria Marisol Vent Maita</Data></Cell><Cell><Data ss:Type="String">13.903.586-0</Data></Cell><Cell><Data ss:Type="String">marisol.vent@industrialchillan.cl</Data></Cell><Cell><Data ss:Type="String">Sin grupo</Data></Cell><Cell><Data ss:Type="String">Realizada</Data></Cell><Cell><Data ss:Type="String">05-11-2021</Data></Cell><Cell><Data ss:Type="String">NO</Data></Cell><Cell><Data ss:Type="String">Realizada</Data></Cell><Cell><Data ss:Type="String">05-11-2021</Data></Cell><Cell><Data ss:Type="String">NO</Data></Cell><Cell><Data ss:Type="String">Realizada</Data></Cell><Cell><Data ss:Type="String">23-11-2021</Data></Cell><Cell><Data ss:Type="String">NO</Data></Cell></Row><Row><Cell><Data ss:Type="String">Carla Stephani Villarroel Mayorga</Data></Cell><Cell><Data ss:Type="String">17.240.641-6</Data></Cell><Cell><Data ss:Type="String">carla.villarroelmayorga@gmail.com</Data></Cell><Cell><Data ss:Type="String">Sin grupo</Data></Cell><Cell><Data ss:Type="String">No realizada</Data></Cell><Cell><Data ss:Type="String">No aplica</Data></Cell><Cell><Data ss:Type="String">No aplica</Data></Cell><Cell><Data ss:Type="String">No realizada</Data></Cell><Cell><Data ss:Type="String">No aplica</Data></Cell><Cell><Data ss:Type="String">No aplica</Data></Cell><Cell><Data ss:Type="String">No realizada</Data></Cell><Cell><Data ss:Type="String">No aplica</Data></Cell><Cell><Data ss:Type="String">No aplica</Data></Cell></Row><Row><Cell><Data ss:Type="String">Berenice Elena Wendegass Moreno</Data></Cell><Cell><Data ss:Type="String">13.032.729-k</Data></Cell><Cell><Data ss:Type="String">bwendega@uc.cl</Data></Cell><Cell><Data ss:Type="String">Sin grupo</Data></Cell><Cell><Data ss:Type="String">No realizada</Data></Cell><Cell><Data ss:Type="String">No aplica</Data></Cell><Cell><Data ss:Type="String">No aplica</Data></Cell><Cell><Data ss:Type="String">No realizada</Data></Cell><Cell><Data ss:Type="String">No aplica</Data></Cell><Cell><Data ss:Type="String">No aplica</Data></Cell><Cell><Data ss:Type="String">No realizada</Data></Cell><Cell><Data ss:Type="String">No aplica</Data></Cell><Cell><Data ss:Type="String">No aplica</Data></Cell></Row><Row><Cell><Data ss:Type="String">Enrique Alfredo White Bahamondes</Data></Cell><Cell><Data ss:Type="String">17.390.262-k</Data></Cell><Cell><Data ss:Type="String">t.white_22@hotmail.com</Data></Cell><Cell><Data ss:Type="String">Sin grupo</Data></Cell><Cell><Data ss:Type="String">No realizada</Data></Cell><Cell><Data ss:Type="String">No aplica</Data></Cell><Cell><Data ss:Type="String">No aplica</Data></Cell><Cell><Data ss:Type="String">No realizada</Data></Cell><Cell><Data ss:Type="String">No aplica</Data></Cell><Cell><Data ss:Type="String">No aplica</Data></Cell><Cell><Data ss:Type="String">No realizada</Data></Cell><Cell><Data ss:Type="String">No aplica</Data></Cell><Cell><Data ss:Type="String">No aplica</Data></Cell></Row><Row><Cell><Data ss:Type="String">Sandra Yevenes Navarrete</Data></Cell><Cell><Data ss:Type="String">11.237.645-3</Data></Cell><Cell><Data ss:Type="String">SANDRA.YEVENES.28@GMAIL.COM</Data></Cell><Cell><Data ss:Type="String">Sin grupo</Data></Cell><Cell><Data ss:Type="String">No realizada</Data></Cell><Cell><Data ss:Type="String">No aplica</Data></Cell><Cell><Data ss:Type="String">No aplica</Data></Cell><Cell><Data ss:Type="String">No realizada</Data></Cell><Cell><Data ss:Type="String">No aplica</Data></Cell><Cell><Data ss:Type="String">No aplica</Data></Cell><Cell><Data ss:Type="String">No realizada</Data></Cell><Cell><Data ss:Type="String">No aplica</Data></Cell><Cell><Data ss:Type="String">No aplica</Data></Cell></Row><Row><Cell><Data ss:Type="String">Gisselle Fernanda Zuñiga Esquivel</Data></Cell><Cell><Data ss:Type="String">18.645.514-2</Data></Cell><Cell><Data ss:Type="String">gzuniga@colegionazaret.cl</Data></Cell><Cell><Data ss:Type="String">Sin grupo</Data></Cell><Cell><Data ss:Type="String">No realizada</Data></Cell><Cell><Data ss:Type="String">No aplica</Data></Cell><Cell><Data ss:Type="String">No aplica</Data></Cell><Cell><Data ss:Type="String">No realizada</Data></Cell><Cell><Data ss:Type="String">No aplica</Data></Cell><Cell><Data ss:Type="String">No aplica</Data></Cell><Cell><Data ss:Type="String">No realizada</Data></Cell><Cell><Data ss:Type="String">No aplica</Data></Cell><Cell><Data ss:Type="String">No aplica</Data></Cell></Row></Table></Worksheet></Workbook>