<?xml version="1.0" encoding="UTF-8"?><?mso-application progid="Excel.Sheet"?><Workbook xmlns="urn:schemas-microsoft-com:office:spreadsheet" xmlns:ss="urn:schemas-microsoft-com:office:spreadsheet"><DocumentProperties xmlns="urn:schemas-microsoft-com:office:office"><Author>Axel Richter</Author><Created>1639580812991</Created></DocumentProperties><Styles><Style ss:ID="Currency"><NumberFormat ss:Format="Currency"></NumberFormat></Style><Style ss:ID="Date"><NumberFormat ss:Format="Medium Date"></NumberFormat></Style></Styles><Worksheet ss:Name="General"><Table><Row><Cell><Data ss:Type="String">Reporte: </Data></Cell><Cell><Data ss:Type="String">Estado de actividades</Data></Cell></Row><Row><Cell><Data ss:Type="String">Categoría: </Data></Cell><Cell><Data ss:Type="String">Aulas Tutorial (#1315)</Data></Cell></Row><Row><Cell><Data ss:Type="String">Curso: </Data></Cell><Cell><Data ss:Type="String">Curso 0 o Tutorial - Aula 11 (#10823)</Data></Cell></Row><Row><Cell><Data ss:Type="String">Fecha de generación: </Data></Cell><Cell><Data ss:Type="String">15/12/2021</Data></Cell></Row><Row></Row><Row><Cell><Data ss:Type="String">Actividad</Data></Cell><Cell><Data ss:Type="String">#Usuarios</Data></Cell></Row><Row><Cell><Data ss:Type="String">Cuestionario de prerrequisito técnico</Data></Cell><Cell><Data ss:Type="String">27</Data></Cell></Row><Row><Cell><Data ss:Type="String">Foro de prerrequisito técnico</Data></Cell><Cell><Data ss:Type="String">21</Data></Cell></Row><Row><Cell><Data ss:Type="String">Etiqueta</Data></Cell><Cell><Data ss:Type="String">21</Data></Cell></Row></Table></Worksheet><Worksheet ss:Name="Detalle"><Table><Row><Cell><Data ss:Type="String">Nombre</Data></Cell><Cell><Data ss:Type="String">ID</Data></Cell><Cell><Data ss:Type="String">Email</Data></Cell><Cell><Data ss:Type="String">Grupo</Data></Cell><Cell><Data ss:Type="String">Cuestionario de prerrequisito técnico</Data></Cell><Cell><Data ss:Type="String">Fecha de término</Data></Cell><Cell><Data ss:Type="String">Suplantado</Data></Cell><Cell><Data ss:Type="String">Foro de prerrequisito técnico</Data></Cell><Cell><Data ss:Type="String">Fecha de término</Data></Cell><Cell><Data ss:Type="String">Suplantado</Data></Cell><Cell><Data ss:Type="String">Etiqueta</Data></Cell><Cell><Data ss:Type="String">Fecha de término</Data></Cell><Cell><Data ss:Type="String">Suplantado</Data></Cell></Row><Row><Cell><Data ss:Type="String">Cecilia De Los Angeles Águila Cárdenas</Data></Cell><Cell><Data ss:Type="String">10.063.578-k</Data></Cell><Cell><Data ss:Type="String">angeleschili147@gmail.com</Data></Cell><Cell><Data ss:Type="String">Sin grupo</Data></Cell><Cell><Data ss:Type="String">No realizada</Data></Cell><Cell><Data ss:Type="String">No aplica</Data></Cell><Cell><Data ss:Type="String">No aplica</Data></Cell><Cell><Data ss:Type="String">No realizada</Data></Cell><Cell><Data ss:Type="String">No aplica</Data></Cell><Cell><Data ss:Type="String">No aplica</Data></Cell><Cell><Data ss:Type="String">No realizada</Data></Cell><Cell><Data ss:Type="String">No aplica</Data></Cell><Cell><Data ss:Type="String">No aplica</Data></Cell></Row><Row><Cell><Data ss:Type="String">Lenka Álvarez Carrasco</Data></Cell><Cell><Data ss:Type="String">9.035.812-k</Data></Cell><Cell><Data ss:Type="String">lenkaveren@gmail.com</Data></Cell><Cell><Data ss:Type="String">Sin grupo</Data></Cell><Cell><Data ss:Type="String">No realizada</Data></Cell><Cell><Data ss:Type="String">No aplica</Data></Cell><Cell><Data ss:Type="String">No aplica</Data></Cell><Cell><Data ss:Type="String">No realizada</Data></Cell><Cell><Data ss:Type="String">No aplica</Data></Cell><Cell><Data ss:Type="String">No aplica</Data></Cell><Cell><Data ss:Type="String">No realizada</Data></Cell><Cell><Data ss:Type="String">No aplica</Data></Cell><Cell><Data ss:Type="String">No aplica</Data></Cell></Row><Row><Cell><Data ss:Type="String">Marisol del Carmen Aravena Dellinger</Data></Cell><Cell><Data ss:Type="String">10.621.547-2</Data></Cell><Cell><Data ss:Type="String">marisoldellinger@gmail.com</Data></Cell><Cell><Data ss:Type="String">Sin grupo</Data></Cell><Cell><Data ss:Type="String">No realizada</Data></Cell><Cell><Data ss:Type="String">No aplica</Data></Cell><Cell><Data ss:Type="String">No aplica</Data></Cell><Cell><Data ss:Type="String">No realizada</Data></Cell><Cell><Data ss:Type="String">No aplica</Data></Cell><Cell><Data ss:Type="String">No aplica</Data></Cell><Cell><Data ss:Type="String">No realizada</Data></Cell><Cell><Data ss:Type="String">No aplica</Data></Cell><Cell><Data ss:Type="String">No aplica</Data></Cell></Row><Row><Cell><Data ss:Type="String">VALENTINA VALERIA ARGOMEDO LORCA</Data></Cell><Cell><Data ss:Type="String">17.966.237-k</Data></Cell><Cell><Data ss:Type="String">ARGOMEDO.LORCA.VALE@GMAIL.COM</Data></Cell><Cell><Data ss:Type="String">Sin grupo</Data></Cell><Cell><Data ss:Type="String">No realizada</Data></Cell><Cell><Data ss:Type="String">No aplica</Data></Cell><Cell><Data ss:Type="String">No aplica</Data></Cell><Cell><Data ss:Type="String">No realizada</Data></Cell><Cell><Data ss:Type="String">No aplica</Data></Cell><Cell><Data ss:Type="String">No aplica</Data></Cell><Cell><Data ss:Type="String">No realizada</Data></Cell><Cell><Data ss:Type="String">No aplica</Data></Cell><Cell><Data ss:Type="String">No aplica</Data></Cell></Row><Row><Cell><Data ss:Type="String">Vania Valentina Barrera Orosco</Data></Cell><Cell><Data ss:Type="String">19.268.125-1</Data></Cell><Cell><Data ss:Type="String">vaniabarrera@iclalosandes.cl</Data></Cell><Cell><Data ss:Type="String">Sin grupo</Data></Cell><Cell><Data ss:Type="String">Realizada</Data></Cell><Cell><Data ss:Type="String">14-10-2021</Data></Cell><Cell><Data ss:Type="String">NO</Data></Cell><Cell><Data ss:Type="String">Realizada</Data></Cell><Cell><Data ss:Type="String">19-10-2021</Data></Cell><Cell><Data ss:Type="String">NO</Data></Cell><Cell><Data ss:Type="String">Realizada</Data></Cell><Cell><Data ss:Type="String">19-10-2021</Data></Cell><Cell><Data ss:Type="String">NO</Data></Cell></Row><Row><Cell><Data ss:Type="String">HORTENSIA MARGARITA BARRIGA RIOS</Data></Cell><Cell><Data ss:Type="String">11.395.714-k</Data></Cell><Cell><Data ss:Type="String">HORTENSIAJARDIN15@GMAIL.COM</Data></Cell><Cell><Data ss:Type="String">Sin grupo</Data></Cell><Cell><Data ss:Type="String">No realizada</Data></Cell><Cell><Data ss:Type="String">No aplica</Data></Cell><Cell><Data ss:Type="String">No aplica</Data></Cell><Cell><Data ss:Type="String">No realizada</Data></Cell><Cell><Data ss:Type="String">No aplica</Data></Cell><Cell><Data ss:Type="String">No aplica</Data></Cell><Cell><Data ss:Type="String">No realizada</Data></Cell><Cell><Data ss:Type="String">No aplica</Data></Cell><Cell><Data ss:Type="String">No aplica</Data></Cell></Row><Row><Cell><Data ss:Type="String">ANIBAL MAURICIO BELLO RIVERA</Data></Cell><Cell><Data ss:Type="String">7.479.109-3</Data></Cell><Cell><Data ss:Type="String">BRAM1247@GMAIL.COM</Data></Cell><Cell><Data ss:Type="String">Sin grupo</Data></Cell><Cell><Data ss:Type="String">No realizada</Data></Cell><Cell><Data ss:Type="String">No aplica</Data></Cell><Cell><Data ss:Type="String">No aplica</Data></Cell><Cell><Data ss:Type="String">No realizada</Data></Cell><Cell><Data ss:Type="String">No aplica</Data></Cell><Cell><Data ss:Type="String">No aplica</Data></Cell><Cell><Data ss:Type="String">No realizada</Data></Cell><Cell><Data ss:Type="String">No aplica</Data></Cell><Cell><Data ss:Type="String">No aplica</Data></Cell></Row><Row><Cell><Data ss:Type="String">IRMA CARRASCO RUIZ</Data></Cell><Cell><Data ss:Type="String">9.166.125-k</Data></Cell><Cell><Data ss:Type="String">IRMAPROSPERINA@GMAIL.COM</Data></Cell><Cell><Data ss:Type="String">Sin grupo</Data></Cell><Cell><Data ss:Type="String">No realizada</Data></Cell><Cell><Data ss:Type="String">No aplica</Data></Cell><Cell><Data ss:Type="String">No aplica</Data></Cell><Cell><Data ss:Type="String">No realizada</Data></Cell><Cell><Data ss:Type="String">No aplica</Data></Cell><Cell><Data ss:Type="String">No aplica</Data></Cell><Cell><Data ss:Type="String">No realizada</Data></Cell><Cell><Data ss:Type="String">No aplica</Data></Cell><Cell><Data ss:Type="String">No aplica</Data></Cell></Row><Row><Cell><Data ss:Type="String">René Carreño Macaya</Data></Cell><Cell><Data ss:Type="String">12.683.276-1</Data></Cell><Cell><Data ss:Type="String">rene.carreno@tuclase.cl</Data></Cell><Cell><Data ss:Type="String">Sin grupo</Data></Cell><Cell><Data ss:Type="String">No realizada</Data></Cell><Cell><Data ss:Type="String">No aplica</Data></Cell><Cell><Data ss:Type="String">No aplica</Data></Cell><Cell><Data ss:Type="String">No realizada</Data></Cell><Cell><Data ss:Type="String">No aplica</Data></Cell><Cell><Data ss:Type="String">No aplica</Data></Cell><Cell><Data ss:Type="String">No realizada</Data></Cell><Cell><Data ss:Type="String">No aplica</Data></Cell><Cell><Data ss:Type="String">No aplica</Data></Cell></Row><Row><Cell><Data ss:Type="String">CLAUDIA CARVALLO VERGARA - 1145</Data></Cell><Cell><Data ss:Type="String">15.056.607-k</Data></Cell><Cell><Data ss:Type="String">C.CARVALLO26@GMAIL.COM</Data></Cell><Cell><Data ss:Type="String">Sin grupo</Data></Cell><Cell><Data ss:Type="String">No realizada</Data></Cell><Cell><Data ss:Type="String">No aplica</Data></Cell><Cell><Data ss:Type="String">No aplica</Data></Cell><Cell><Data ss:Type="String">No realizada</Data></Cell><Cell><Data ss:Type="String">No aplica</Data></Cell><Cell><Data ss:Type="String">No aplica</Data></Cell><Cell><Data ss:Type="String">No realizada</Data></Cell><Cell><Data ss:Type="String">No aplica</Data></Cell><Cell><Data ss:Type="String">No aplica</Data></Cell></Row><Row><Cell><Data ss:Type="String">Luz Mariza Cataño Valencia</Data></Cell><Cell><Data ss:Type="String">26.871.247-k</Data></Cell><Cell><Data ss:Type="String">fdo.p.lcatano@snaeduca.cl</Data></Cell><Cell><Data ss:Type="String">Sin grupo</Data></Cell><Cell><Data ss:Type="String">Realizada</Data></Cell><Cell><Data ss:Type="String">18-11-2021</Data></Cell><Cell><Data ss:Type="String">NO</Data></Cell><Cell><Data ss:Type="String">Realizada</Data></Cell><Cell><Data ss:Type="String">18-11-2021</Data></Cell><Cell><Data ss:Type="String">NO</Data></Cell><Cell><Data ss:Type="String">Realizada</Data></Cell><Cell><Data ss:Type="String">18-11-2021</Data></Cell><Cell><Data ss:Type="String">NO</Data></Cell></Row><Row><Cell><Data ss:Type="String">EFIGENIA DE LAS MERCEDES CAVASSA DAVILA</Data></Cell><Cell><Data ss:Type="String">12.138.613-5</Data></Cell><Cell><Data ss:Type="String">ECAVASSA@COLEGIOCHILLAN.CL</Data></Cell><Cell><Data ss:Type="String">Sin grupo</Data></Cell><Cell><Data ss:Type="String">No realizada</Data></Cell><Cell><Data ss:Type="String">No aplica</Data></Cell><Cell><Data ss:Type="String">No aplica</Data></Cell><Cell><Data ss:Type="String">No realizada</Data></Cell><Cell><Data ss:Type="String">No aplica</Data></Cell><Cell><Data ss:Type="String">No aplica</Data></Cell><Cell><Data ss:Type="String">No realizada</Data></Cell><Cell><Data ss:Type="String">No aplica</Data></Cell><Cell><Data ss:Type="String">No aplica</Data></Cell></Row><Row><Cell><Data ss:Type="String">SUSANA CÓRDOVA</Data></Cell><Cell><Data ss:Type="String">14.299.867-k</Data></Cell><Cell><Data ss:Type="String">tiasusi.etj@gmail.com</Data></Cell><Cell><Data ss:Type="String">Sin grupo</Data></Cell><Cell><Data ss:Type="String">No realizada</Data></Cell><Cell><Data ss:Type="String">No aplica</Data></Cell><Cell><Data ss:Type="String">No aplica</Data></Cell><Cell><Data ss:Type="String">No realizada</Data></Cell><Cell><Data ss:Type="String">No aplica</Data></Cell><Cell><Data ss:Type="String">No aplica</Data></Cell><Cell><Data ss:Type="String">No realizada</Data></Cell><Cell><Data ss:Type="String">No aplica</Data></Cell><Cell><Data ss:Type="String">No aplica</Data></Cell></Row><Row><Cell><Data ss:Type="String">JANET ALEJANDRA CORREA RIQUELME</Data></Cell><Cell><Data ss:Type="String">16.633.439-k</Data></Cell><Cell><Data ss:Type="String">LAJANNE1987@LIVE.COM</Data></Cell><Cell><Data ss:Type="String">Sin grupo</Data></Cell><Cell><Data ss:Type="String">No realizada</Data></Cell><Cell><Data ss:Type="String">No aplica</Data></Cell><Cell><Data ss:Type="String">No aplica</Data></Cell><Cell><Data ss:Type="String">No realizada</Data></Cell><Cell><Data ss:Type="String">No aplica</Data></Cell><Cell><Data ss:Type="String">No aplica</Data></Cell><Cell><Data ss:Type="String">No realizada</Data></Cell><Cell><Data ss:Type="String">No aplica</Data></Cell><Cell><Data ss:Type="String">No aplica</Data></Cell></Row><Row><Cell><Data ss:Type="String">Patricia Isidora Cruz González</Data></Cell><Cell><Data ss:Type="String">18.781.653-k</Data></Cell><Cell><Data ss:Type="String">patricia.cruz@eiv.cl</Data></Cell><Cell><Data ss:Type="String">Sin grupo</Data></Cell><Cell><Data ss:Type="String">No realizada</Data></Cell><Cell><Data ss:Type="String">No aplica</Data></Cell><Cell><Data ss:Type="String">No aplica</Data></Cell><Cell><Data ss:Type="String">No realizada</Data></Cell><Cell><Data ss:Type="String">No aplica</Data></Cell><Cell><Data ss:Type="String">No aplica</Data></Cell><Cell><Data ss:Type="String">No realizada</Data></Cell><Cell><Data ss:Type="String">No aplica</Data></Cell><Cell><Data ss:Type="String">No aplica</Data></Cell></Row><Row><Cell><Data ss:Type="String">FRANCISCA JAVIERA DIAZ CAMPOS</Data></Cell><Cell><Data ss:Type="String">18.721.999-k</Data></Cell><Cell><Data ss:Type="String">FRANCISCA.DIAZC@SLEPCOLCHAGUA.CL</Data></Cell><Cell><Data ss:Type="String">Sin grupo</Data></Cell><Cell><Data ss:Type="String">No realizada</Data></Cell><Cell><Data ss:Type="String">No aplica</Data></Cell><Cell><Data ss:Type="String">No aplica</Data></Cell><Cell><Data ss:Type="String">No realizada</Data></Cell><Cell><Data ss:Type="String">No aplica</Data></Cell><Cell><Data ss:Type="String">No aplica</Data></Cell><Cell><Data ss:Type="String">No realizada</Data></Cell><Cell><Data ss:Type="String">No aplica</Data></Cell><Cell><Data ss:Type="String">No aplica</Data></Cell></Row><Row><Cell><Data ss:Type="String">Mercedes Leticia Epuñán Torres</Data></Cell><Cell><Data ss:Type="String">9.371.945-k</Data></Cell><Cell><Data ss:Type="String">meche1874@gmail.com</Data></Cell><Cell><Data ss:Type="String">Sin grupo</Data></Cell><Cell><Data ss:Type="String">Realizada</Data></Cell><Cell><Data ss:Type="String">14-12-2021</Data></Cell><Cell><Data ss:Type="String">NO</Data></Cell><Cell><Data ss:Type="String">No realizada</Data></Cell><Cell><Data ss:Type="String">No aplica</Data></Cell><Cell><Data ss:Type="String">No aplica</Data></Cell><Cell><Data ss:Type="String">No realizada</Data></Cell><Cell><Data ss:Type="String">No aplica</Data></Cell><Cell><Data ss:Type="String">No aplica</Data></Cell></Row><Row><Cell><Data ss:Type="String">Marcela Dolores Escalante Valdes - 2092</Data></Cell><Cell><Data ss:Type="String">9.788.807-8</Data></Cell><Cell><Data ss:Type="String">mescalante@daemsantodomingo.cl</Data></Cell><Cell><Data ss:Type="String">Sin grupo</Data></Cell><Cell><Data ss:Type="String">No realizada</Data></Cell><Cell><Data ss:Type="String">No aplica</Data></Cell><Cell><Data ss:Type="String">No aplica</Data></Cell><Cell><Data ss:Type="String">No realizada</Data></Cell><Cell><Data ss:Type="String">No aplica</Data></Cell><Cell><Data ss:Type="String">No aplica</Data></Cell><Cell><Data ss:Type="String">No realizada</Data></Cell><Cell><Data ss:Type="String">No aplica</Data></Cell><Cell><Data ss:Type="String">No aplica</Data></Cell></Row><Row><Cell><Data ss:Type="String">YUVICA ESPINOZA</Data></Cell><Cell><Data ss:Type="String">13.064.304-3</Data></Cell><Cell><Data ss:Type="String">YESPINOZA@TUCLASE.CL</Data></Cell><Cell><Data ss:Type="String">Sin grupo</Data></Cell><Cell><Data ss:Type="String">No realizada</Data></Cell><Cell><Data ss:Type="String">No aplica</Data></Cell><Cell><Data ss:Type="String">No aplica</Data></Cell><Cell><Data ss:Type="String">No realizada</Data></Cell><Cell><Data ss:Type="String">No aplica</Data></Cell><Cell><Data ss:Type="String">No aplica</Data></Cell><Cell><Data ss:Type="String">No realizada</Data></Cell><Cell><Data ss:Type="String">No aplica</Data></Cell><Cell><Data ss:Type="String">No aplica</Data></Cell></Row><Row><Cell><Data ss:Type="String">GERTRUDY FIGUEROA GONZALEZ</Data></Cell><Cell><Data ss:Type="String">8.766.408-2</Data></Cell><Cell><Data ss:Type="String">GERTRUFIGUEROA@GMAIL.COM</Data></Cell><Cell><Data ss:Type="String">Sin grupo</Data></Cell><Cell><Data ss:Type="String">No realizada</Data></Cell><Cell><Data ss:Type="String">No aplica</Data></Cell><Cell><Data ss:Type="String">No aplica</Data></Cell><Cell><Data ss:Type="String">No realizada</Data></Cell><Cell><Data ss:Type="String">No aplica</Data></Cell><Cell><Data ss:Type="String">No aplica</Data></Cell><Cell><Data ss:Type="String">No realizada</Data></Cell><Cell><Data ss:Type="String">No aplica</Data></Cell><Cell><Data ss:Type="String">No aplica</Data></Cell></Row><Row><Cell><Data ss:Type="String">Fabiola Del Pilar Figueroa Macaya</Data></Cell><Cell><Data ss:Type="String">9.062.676-0</Data></Cell><Cell><Data ss:Type="String">fabiolaorama20@gmail.com</Data></Cell><Cell><Data ss:Type="String">Sin grupo</Data></Cell><Cell><Data ss:Type="String">No realizada</Data></Cell><Cell><Data ss:Type="String">No aplica</Data></Cell><Cell><Data ss:Type="String">No aplica</Data></Cell><Cell><Data ss:Type="String">No realizada</Data></Cell><Cell><Data ss:Type="String">No aplica</Data></Cell><Cell><Data ss:Type="String">No aplica</Data></Cell><Cell><Data ss:Type="String">No realizada</Data></Cell><Cell><Data ss:Type="String">No aplica</Data></Cell><Cell><Data ss:Type="String">No aplica</Data></Cell></Row><Row><Cell><Data ss:Type="String">MARLIS JEANETTE FISCHER CAMADRO</Data></Cell><Cell><Data ss:Type="String">8.294.488-5</Data></Cell><Cell><Data ss:Type="String">MARLISFC@GMAIL.COM</Data></Cell><Cell><Data ss:Type="String">Sin grupo</Data></Cell><Cell><Data ss:Type="String">No realizada</Data></Cell><Cell><Data ss:Type="String">No aplica</Data></Cell><Cell><Data ss:Type="String">No aplica</Data></Cell><Cell><Data ss:Type="String">No realizada</Data></Cell><Cell><Data ss:Type="String">No aplica</Data></Cell><Cell><Data ss:Type="String">No aplica</Data></Cell><Cell><Data ss:Type="String">No realizada</Data></Cell><Cell><Data ss:Type="String">No aplica</Data></Cell><Cell><Data ss:Type="String">No aplica</Data></Cell></Row><Row><Cell><Data ss:Type="String">VIVIANE JAQUELINE FUENTEALBA ESPINOZA</Data></Cell><Cell><Data ss:Type="String">9.343.710-1</Data></Cell><Cell><Data ss:Type="String">VIVIFUENTEALBAE@HOTMAIL.COM</Data></Cell><Cell><Data ss:Type="String">Sin grupo</Data></Cell><Cell><Data ss:Type="String">No realizada</Data></Cell><Cell><Data ss:Type="String">No aplica</Data></Cell><Cell><Data ss:Type="String">No aplica</Data></Cell><Cell><Data ss:Type="String">No realizada</Data></Cell><Cell><Data ss:Type="String">No aplica</Data></Cell><Cell><Data ss:Type="String">No aplica</Data></Cell><Cell><Data ss:Type="String">No realizada</Data></Cell><Cell><Data ss:Type="String">No aplica</Data></Cell><Cell><Data ss:Type="String">No aplica</Data></Cell></Row><Row><Cell><Data ss:Type="String">MIRIAM  GAJARDO HERNANDEZ</Data></Cell><Cell><Data ss:Type="String">11.080.625-6</Data></Cell><Cell><Data ss:Type="String">QUILAGAJARDO@HOTMAIL.COM</Data></Cell><Cell><Data ss:Type="String">Sin grupo</Data></Cell><Cell><Data ss:Type="String">No realizada</Data></Cell><Cell><Data ss:Type="String">No aplica</Data></Cell><Cell><Data ss:Type="String">No aplica</Data></Cell><Cell><Data ss:Type="String">No realizada</Data></Cell><Cell><Data ss:Type="String">No aplica</Data></Cell><Cell><Data ss:Type="String">No aplica</Data></Cell><Cell><Data ss:Type="String">No realizada</Data></Cell><Cell><Data ss:Type="String">No aplica</Data></Cell><Cell><Data ss:Type="String">No aplica</Data></Cell></Row><Row><Cell><Data ss:Type="String">ANA GODOY SOBARZO</Data></Cell><Cell><Data ss:Type="String">13.377.585-4</Data></Cell><Cell><Data ss:Type="String">anagodoysobarzo@gmail.com</Data></Cell><Cell><Data ss:Type="String">Sin grupo</Data></Cell><Cell><Data ss:Type="String">No realizada</Data></Cell><Cell><Data ss:Type="String">No aplica</Data></Cell><Cell><Data ss:Type="String">No aplica</Data></Cell><Cell><Data ss:Type="String">No realizada</Data></Cell><Cell><Data ss:Type="String">No aplica</Data></Cell><Cell><Data ss:Type="String">No aplica</Data></Cell><Cell><Data ss:Type="String">No realizada</Data></Cell><Cell><Data ss:Type="String">No aplica</Data></Cell><Cell><Data ss:Type="String">No aplica</Data></Cell></Row><Row><Cell><Data ss:Type="String">María José González Reynaud</Data></Cell><Cell><Data ss:Type="String">16.729.194-5</Data></Cell><Cell><Data ss:Type="String">mj.gonzalez@escuelabasicatalca.cl</Data></Cell><Cell><Data ss:Type="String">Sin grupo</Data></Cell><Cell><Data ss:Type="String">No realizada</Data></Cell><Cell><Data ss:Type="String">No aplica</Data></Cell><Cell><Data ss:Type="String">No aplica</Data></Cell><Cell><Data ss:Type="String">No realizada</Data></Cell><Cell><Data ss:Type="String">No aplica</Data></Cell><Cell><Data ss:Type="String">No aplica</Data></Cell><Cell><Data ss:Type="String">No realizada</Data></Cell><Cell><Data ss:Type="String">No aplica</Data></Cell><Cell><Data ss:Type="String">No aplica</Data></Cell></Row><Row><Cell><Data ss:Type="String">EDMUNDO HERNANDEZ CISTERNA</Data></Cell><Cell><Data ss:Type="String">9.451.312-k</Data></Cell><Cell><Data ss:Type="String">EDMUNDOHER@GMAIL.COM</Data></Cell><Cell><Data ss:Type="String">Sin grupo</Data></Cell><Cell><Data ss:Type="String">No realizada</Data></Cell><Cell><Data ss:Type="String">No aplica</Data></Cell><Cell><Data ss:Type="String">No aplica</Data></Cell><Cell><Data ss:Type="String">No realizada</Data></Cell><Cell><Data ss:Type="String">No aplica</Data></Cell><Cell><Data ss:Type="String">No aplica</Data></Cell><Cell><Data ss:Type="String">No realizada</Data></Cell><Cell><Data ss:Type="String">No aplica</Data></Cell><Cell><Data ss:Type="String">No aplica</Data></Cell></Row><Row><Cell><Data ss:Type="String">JAVIERA FERNANDA INOSTROZA SEPULVEDA</Data></Cell><Cell><Data ss:Type="String">18.436.247-3</Data></Cell><Cell><Data ss:Type="String">INOSTROZA31.07@GMAIL.COM</Data></Cell><Cell><Data ss:Type="String">Sin grupo</Data></Cell><Cell><Data ss:Type="String">No realizada</Data></Cell><Cell><Data ss:Type="String">No aplica</Data></Cell><Cell><Data ss:Type="String">No aplica</Data></Cell><Cell><Data ss:Type="String">No realizada</Data></Cell><Cell><Data ss:Type="String">No aplica</Data></Cell><Cell><Data ss:Type="String">No aplica</Data></Cell><Cell><Data ss:Type="String">No realizada</Data></Cell><Cell><Data ss:Type="String">No aplica</Data></Cell><Cell><Data ss:Type="String">No aplica</Data></Cell></Row><Row><Cell><Data ss:Type="String">Mirta Elizabeth Isamit Duarte</Data></Cell><Cell><Data ss:Type="String">12.163.413-9</Data></Cell><Cell><Data ss:Type="String">MISAMIT@DAEMREQUINOA.CL</Data></Cell><Cell><Data ss:Type="String">Sin grupo</Data></Cell><Cell><Data ss:Type="String">No realizada</Data></Cell><Cell><Data ss:Type="String">No aplica</Data></Cell><Cell><Data ss:Type="String">No aplica</Data></Cell><Cell><Data ss:Type="String">No realizada</Data></Cell><Cell><Data ss:Type="String">No aplica</Data></Cell><Cell><Data ss:Type="String">No aplica</Data></Cell><Cell><Data ss:Type="String">No realizada</Data></Cell><Cell><Data ss:Type="String">No aplica</Data></Cell><Cell><Data ss:Type="String">No aplica</Data></Cell></Row><Row><Cell><Data ss:Type="String">IVONNE JACQUELINE LAGOS VALDEBENITO</Data></Cell><Cell><Data ss:Type="String">13.862.031-k</Data></Cell><Cell><Data ss:Type="String">ENGEL__27@HOTMAIL.COM</Data></Cell><Cell><Data ss:Type="String">Sin grupo</Data></Cell><Cell><Data ss:Type="String">No realizada</Data></Cell><Cell><Data ss:Type="String">No aplica</Data></Cell><Cell><Data ss:Type="String">No aplica</Data></Cell><Cell><Data ss:Type="String">No realizada</Data></Cell><Cell><Data ss:Type="String">No aplica</Data></Cell><Cell><Data ss:Type="String">No aplica</Data></Cell><Cell><Data ss:Type="String">No realizada</Data></Cell><Cell><Data ss:Type="String">No aplica</Data></Cell><Cell><Data ss:Type="String">No aplica</Data></Cell></Row><Row><Cell><Data ss:Type="String">ROSA EVARISTA MUÑOZ CATALDO</Data></Cell><Cell><Data ss:Type="String">9.707.267-1</Data></Cell><Cell><Data ss:Type="String">koquita_m@yahoo.es</Data></Cell><Cell><Data ss:Type="String">Sin grupo</Data></Cell><Cell><Data ss:Type="String">No realizada</Data></Cell><Cell><Data ss:Type="String">No aplica</Data></Cell><Cell><Data ss:Type="String">No aplica</Data></Cell><Cell><Data ss:Type="String">No realizada</Data></Cell><Cell><Data ss:Type="String">No aplica</Data></Cell><Cell><Data ss:Type="String">No aplica</Data></Cell><Cell><Data ss:Type="String">No realizada</Data></Cell><Cell><Data ss:Type="String">No aplica</Data></Cell><Cell><Data ss:Type="String">No aplica</Data></Cell></Row><Row><Cell><Data ss:Type="String">Linda Millaray Navarro Ayala</Data></Cell><Cell><Data ss:Type="String">15.350.485-7</Data></Cell><Cell><Data ss:Type="String">Millaray.navarro@mineduc.cl</Data></Cell><Cell><Data ss:Type="String">Sin grupo</Data></Cell><Cell><Data ss:Type="String">No realizada</Data></Cell><Cell><Data ss:Type="String">No aplica</Data></Cell><Cell><Data ss:Type="String">No aplica</Data></Cell><Cell><Data ss:Type="String">No realizada</Data></Cell><Cell><Data ss:Type="String">No aplica</Data></Cell><Cell><Data ss:Type="String">No aplica</Data></Cell><Cell><Data ss:Type="String">No realizada</Data></Cell><Cell><Data ss:Type="String">No aplica</Data></Cell><Cell><Data ss:Type="String">No aplica</Data></Cell></Row><Row><Cell><Data ss:Type="String">MARIA ANGELICA OVALLE MEZA</Data></Cell><Cell><Data ss:Type="String">12.831.362-1</Data></Cell><Cell><Data ss:Type="String">CATSOF21@GMAIL.COM</Data></Cell><Cell><Data ss:Type="String">Sin grupo</Data></Cell><Cell><Data ss:Type="String">No realizada</Data></Cell><Cell><Data ss:Type="String">No aplica</Data></Cell><Cell><Data ss:Type="String">No aplica</Data></Cell><Cell><Data ss:Type="String">No realizada</Data></Cell><Cell><Data ss:Type="String">No aplica</Data></Cell><Cell><Data ss:Type="String">No aplica</Data></Cell><Cell><Data ss:Type="String">No realizada</Data></Cell><Cell><Data ss:Type="String">No aplica</Data></Cell><Cell><Data ss:Type="String">No aplica</Data></Cell></Row><Row><Cell><Data ss:Type="String">Rosa Elena Pereira Cárdenas</Data></Cell><Cell><Data ss:Type="String">13.754.714-7</Data></Cell><Cell><Data ss:Type="String">pereira.rosita@gmail.com</Data></Cell><Cell><Data ss:Type="String">Sin grupo</Data></Cell><Cell><Data ss:Type="String">No realizada</Data></Cell><Cell><Data ss:Type="String">No aplica</Data></Cell><Cell><Data ss:Type="String">No aplica</Data></Cell><Cell><Data ss:Type="String">No realizada</Data></Cell><Cell><Data ss:Type="String">No aplica</Data></Cell><Cell><Data ss:Type="String">No aplica</Data></Cell><Cell><Data ss:Type="String">No realizada</Data></Cell><Cell><Data ss:Type="String">No aplica</Data></Cell><Cell><Data ss:Type="String">No aplica</Data></Cell></Row><Row><Cell><Data ss:Type="String">Mercedes Del Carmen Ramírez Acencio</Data></Cell><Cell><Data ss:Type="String">8.579.079-k</Data></Cell><Cell><Data ss:Type="String">mercedes421@gmail.com</Data></Cell><Cell><Data ss:Type="String">Sin grupo</Data></Cell><Cell><Data ss:Type="String">No realizada</Data></Cell><Cell><Data ss:Type="String">No aplica</Data></Cell><Cell><Data ss:Type="String">No aplica</Data></Cell><Cell><Data ss:Type="String">No realizada</Data></Cell><Cell><Data ss:Type="String">No aplica</Data></Cell><Cell><Data ss:Type="String">No aplica</Data></Cell><Cell><Data ss:Type="String">No realizada</Data></Cell><Cell><Data ss:Type="String">No aplica</Data></Cell><Cell><Data ss:Type="String">No aplica</Data></Cell></Row><Row><Cell><Data ss:Type="String">reinaldo del carmen riquelme</Data></Cell><Cell><Data ss:Type="String">7.837.098-k</Data></Cell><Cell><Data ss:Type="String">direycano06@yahoo.es</Data></Cell><Cell><Data ss:Type="String">Sin grupo</Data></Cell><Cell><Data ss:Type="String">No realizada</Data></Cell><Cell><Data ss:Type="String">No aplica</Data></Cell><Cell><Data ss:Type="String">No aplica</Data></Cell><Cell><Data ss:Type="String">No realizada</Data></Cell><Cell><Data ss:Type="String">No aplica</Data></Cell><Cell><Data ss:Type="String">No aplica</Data></Cell><Cell><Data ss:Type="String">No realizada</Data></Cell><Cell><Data ss:Type="String">No aplica</Data></Cell><Cell><Data ss:Type="String">No aplica</Data></Cell></Row><Row><Cell><Data ss:Type="String">MICHELLE PRISCILLA SALAZAR SALAZAR</Data></Cell><Cell><Data ss:Type="String">14.028.131-k</Data></Cell><Cell><Data ss:Type="String">MICHELLESALAZ@GMAIL.COM</Data></Cell><Cell><Data ss:Type="String">Sin grupo</Data></Cell><Cell><Data ss:Type="String">No realizada</Data></Cell><Cell><Data ss:Type="String">No aplica</Data></Cell><Cell><Data ss:Type="String">No aplica</Data></Cell><Cell><Data ss:Type="String">No realizada</Data></Cell><Cell><Data ss:Type="String">No aplica</Data></Cell><Cell><Data ss:Type="String">No aplica</Data></Cell><Cell><Data ss:Type="String">No realizada</Data></Cell><Cell><Data ss:Type="String">No aplica</Data></Cell><Cell><Data ss:Type="String">No aplica</Data></Cell></Row><Row><Cell><Data ss:Type="String">Flor Victoria San Martin Chacc</Data></Cell><Cell><Data ss:Type="String">7.898.049-4</Data></Cell><Cell><Data ss:Type="String">florsanmartinchacc@gmail.com</Data></Cell><Cell><Data ss:Type="String">Sin grupo</Data></Cell><Cell><Data ss:Type="String">No realizada</Data></Cell><Cell><Data ss:Type="String">No aplica</Data></Cell><Cell><Data ss:Type="String">No aplica</Data></Cell><Cell><Data ss:Type="String">No realizada</Data></Cell><Cell><Data ss:Type="String">No aplica</Data></Cell><Cell><Data ss:Type="String">No aplica</Data></Cell><Cell><Data ss:Type="String">No realizada</Data></Cell><Cell><Data ss:Type="String">No aplica</Data></Cell><Cell><Data ss:Type="String">No aplica</Data></Cell></Row><Row><Cell><Data ss:Type="String">ISABEL ANDREA SANHUEZA BRAVO</Data></Cell><Cell><Data ss:Type="String">15.371.913-6</Data></Cell><Cell><Data ss:Type="String">ISABEL.SANHUEZA@MINEDUC.CL</Data></Cell><Cell><Data ss:Type="String">Sin grupo</Data></Cell><Cell><Data ss:Type="String">No realizada</Data></Cell><Cell><Data ss:Type="String">No aplica</Data></Cell><Cell><Data ss:Type="String">No aplica</Data></Cell><Cell><Data ss:Type="String">No realizada</Data></Cell><Cell><Data ss:Type="String">No aplica</Data></Cell><Cell><Data ss:Type="String">No aplica</Data></Cell><Cell><Data ss:Type="String">No realizada</Data></Cell><Cell><Data ss:Type="String">No aplica</Data></Cell><Cell><Data ss:Type="String">No aplica</Data></Cell></Row><Row><Cell><Data ss:Type="String">Jenny Alejandra Solís Parra</Data></Cell><Cell><Data ss:Type="String">16.273.138-6</Data></Cell><Cell><Data ss:Type="String">jenny.solis@epabloneruda.cl</Data></Cell><Cell><Data ss:Type="String">Sin grupo</Data></Cell><Cell><Data ss:Type="String">No realizada</Data></Cell><Cell><Data ss:Type="String">No aplica</Data></Cell><Cell><Data ss:Type="String">No aplica</Data></Cell><Cell><Data ss:Type="String">No realizada</Data></Cell><Cell><Data ss:Type="String">No aplica</Data></Cell><Cell><Data ss:Type="String">No aplica</Data></Cell><Cell><Data ss:Type="String">No realizada</Data></Cell><Cell><Data ss:Type="String">No aplica</Data></Cell><Cell><Data ss:Type="String">No aplica</Data></Cell></Row><Row><Cell><Data ss:Type="String">ROSA ELVIRA SOLSONA MAYORGA</Data></Cell><Cell><Data ss:Type="String">7.240.436-k</Data></Cell><Cell><Data ss:Type="String">rosita.solsona@gmail.com</Data></Cell><Cell><Data ss:Type="String">Sin grupo</Data></Cell><Cell><Data ss:Type="String">No realizada</Data></Cell><Cell><Data ss:Type="String">No aplica</Data></Cell><Cell><Data ss:Type="String">No aplica</Data></Cell><Cell><Data ss:Type="String">No realizada</Data></Cell><Cell><Data ss:Type="String">No aplica</Data></Cell><Cell><Data ss:Type="String">No aplica</Data></Cell><Cell><Data ss:Type="String">No realizada</Data></Cell><Cell><Data ss:Type="String">No aplica</Data></Cell><Cell><Data ss:Type="String">No aplica</Data></Cell></Row><Row><Cell><Data ss:Type="String">CLAUDIO SOTO GUERRERO</Data></Cell><Cell><Data ss:Type="String">7.042.472-k</Data></Cell><Cell><Data ss:Type="String">CLAUDIOSOG@GMAIL.COM</Data></Cell><Cell><Data ss:Type="String">Sin grupo</Data></Cell><Cell><Data ss:Type="String">No realizada</Data></Cell><Cell><Data ss:Type="String">No aplica</Data></Cell><Cell><Data ss:Type="String">No aplica</Data></Cell><Cell><Data ss:Type="String">No realizada</Data></Cell><Cell><Data ss:Type="String">No aplica</Data></Cell><Cell><Data ss:Type="String">No aplica</Data></Cell><Cell><Data ss:Type="String">No realizada</Data></Cell><Cell><Data ss:Type="String">No aplica</Data></Cell><Cell><Data ss:Type="String">No aplica</Data></Cell></Row><Row><Cell><Data ss:Type="String">noemi betsabe vargas</Data></Cell><Cell><Data ss:Type="String">16.158.856-3</Data></Cell><Cell><Data ss:Type="String">noe2018mt@gmail.com</Data></Cell><Cell><Data ss:Type="String">Sin grupo</Data></Cell><Cell><Data ss:Type="String">No realizada</Data></Cell><Cell><Data ss:Type="String">No aplica</Data></Cell><Cell><Data ss:Type="String">No aplica</Data></Cell><Cell><Data ss:Type="String">No realizada</Data></Cell><Cell><Data ss:Type="String">No aplica</Data></Cell><Cell><Data ss:Type="String">No aplica</Data></Cell><Cell><Data ss:Type="String">No realizada</Data></Cell><Cell><Data ss:Type="String">No aplica</Data></Cell><Cell><Data ss:Type="String">No aplica</Data></Cell></Row><Row><Cell><Data ss:Type="String">Berenice Elena Wendegass Moreno</Data></Cell><Cell><Data ss:Type="String">13.032.729-k</Data></Cell><Cell><Data ss:Type="String">bwendega@uc.cl</Data></Cell><Cell><Data ss:Type="String">Sin grupo</Data></Cell><Cell><Data ss:Type="String">No realizada</Data></Cell><Cell><Data ss:Type="String">No aplica</Data></Cell><Cell><Data ss:Type="String">No aplica</Data></Cell><Cell><Data ss:Type="String">No realizada</Data></Cell><Cell><Data ss:Type="String">No aplica</Data></Cell><Cell><Data ss:Type="String">No aplica</Data></Cell><Cell><Data ss:Type="String">No realizada</Data></Cell><Cell><Data ss:Type="String">No aplica</Data></Cell><Cell><Data ss:Type="String">No aplica</Data></Cell></Row><Row><Cell><Data ss:Type="String">Macarena Constanza Zúñiga González</Data></Cell><Cell><Data ss:Type="String">18.666.034-k</Data></Cell><Cell><Data ss:Type="String">mzunigag35@gmail.com</Data></Cell><Cell><Data ss:Type="String">Sin grupo</Data></Cell><Cell><Data ss:Type="String">No realizada</Data></Cell><Cell><Data ss:Type="String">No aplica</Data></Cell><Cell><Data ss:Type="String">No aplica</Data></Cell><Cell><Data ss:Type="String">No realizada</Data></Cell><Cell><Data ss:Type="String">No aplica</Data></Cell><Cell><Data ss:Type="String">No aplica</Data></Cell><Cell><Data ss:Type="String">No realizada</Data></Cell><Cell><Data ss:Type="String">No aplica</Data></Cell><Cell><Data ss:Type="String">No aplica</Data></Cell></Row></Table></Worksheet></Workbook>