<?xml version="1.0" encoding="UTF-8"?><?mso-application progid="Excel.Sheet"?><Workbook xmlns="urn:schemas-microsoft-com:office:spreadsheet" xmlns:ss="urn:schemas-microsoft-com:office:spreadsheet"><DocumentProperties xmlns="urn:schemas-microsoft-com:office:office"><Author>Axel Richter</Author><Created>1639051601754</Created></DocumentProperties><Styles><Style ss:ID="Currency"><NumberFormat ss:Format="Currency"></NumberFormat></Style><Style ss:ID="Date"><NumberFormat ss:Format="Medium Date"></NumberFormat></Style></Styles><Worksheet ss:Name="General"><Table><Row><Cell><Data ss:Type="String">Reporte: </Data></Cell><Cell><Data ss:Type="String">Cursos</Data></Cell></Row><Row><Cell><Data ss:Type="String">Categoría: </Data></Cell><Cell><Data ss:Type="String">Aulas Tutorial (#1315)</Data></Cell></Row><Row><Cell><Data ss:Type="String">Fecha de generación: </Data></Cell><Cell><Data ss:Type="String">09/12/2021</Data></Cell></Row></Table></Worksheet><Worksheet ss:Name="Detalle"><Table><Row><Cell><Data ss:Type="String">Id_Curso</Data></Cell><Cell><Data ss:Type="String">Nombre_Curso</Data></Cell><Cell><Data ss:Type="String">URL_Curso</Data></Cell><Cell><Data ss:Type="String">Ruta_categoría</Data></Cell></Row><Row><Cell><Data ss:Type="String">10778</Data></Cell><Cell><Data ss:Type="String">Curso 0 o Tutorial - Aula 1</Data></Cell><Cell><Data ss:Type="String">/course/view.php?id=10778</Data></Cell><Cell><Data ss:Type="String">/UCE/PLAN FORMACION CRA/Aulas Tutorial</Data></Cell></Row><Row><Cell><Data ss:Type="String">10779</Data></Cell><Cell><Data ss:Type="String">Curso 0 o Tutorial - Aula 2</Data></Cell><Cell><Data ss:Type="String">/course/view.php?id=10779</Data></Cell><Cell><Data ss:Type="String">/UCE/PLAN FORMACION CRA/Aulas Tutorial</Data></Cell></Row><Row><Cell><Data ss:Type="String">10780</Data></Cell><Cell><Data ss:Type="String">Curso 0 o Tutorial - Aula 3</Data></Cell><Cell><Data ss:Type="String">/course/view.php?id=10780</Data></Cell><Cell><Data ss:Type="String">/UCE/PLAN FORMACION CRA/Aulas Tutorial</Data></Cell></Row><Row><Cell><Data ss:Type="String">10804</Data></Cell><Cell><Data ss:Type="String">Curso 0 o Tutorial - Aula 4</Data></Cell><Cell><Data ss:Type="String">/course/view.php?id=10804</Data></Cell><Cell><Data ss:Type="String">/UCE/PLAN FORMACION CRA/Aulas Tutorial</Data></Cell></Row><Row><Cell><Data ss:Type="String">10805</Data></Cell><Cell><Data ss:Type="String">Curso 0 o Tutorial - Aula 5</Data></Cell><Cell><Data ss:Type="String">/course/view.php?id=10805</Data></Cell><Cell><Data ss:Type="String">/UCE/PLAN FORMACION CRA/Aulas Tutorial</Data></Cell></Row><Row><Cell><Data ss:Type="String">10806</Data></Cell><Cell><Data ss:Type="String">Curso 0 o Tutorial - Aula 6</Data></Cell><Cell><Data ss:Type="String">/course/view.php?id=10806</Data></Cell><Cell><Data ss:Type="String">/UCE/PLAN FORMACION CRA/Aulas Tutorial</Data></Cell></Row><Row><Cell><Data ss:Type="String">10807</Data></Cell><Cell><Data ss:Type="String">Curso 0 o Tutorial - Aula 7</Data></Cell><Cell><Data ss:Type="String">/course/view.php?id=10807</Data></Cell><Cell><Data ss:Type="String">/UCE/PLAN FORMACION CRA/Aulas Tutorial</Data></Cell></Row><Row><Cell><Data ss:Type="String">10812</Data></Cell><Cell><Data ss:Type="String">Curso 0 o Tutorial - Aula 8</Data></Cell><Cell><Data ss:Type="String">/course/view.php?id=10812</Data></Cell><Cell><Data ss:Type="String">/UCE/PLAN FORMACION CRA/Aulas Tutorial</Data></Cell></Row><Row><Cell><Data ss:Type="String">10813</Data></Cell><Cell><Data ss:Type="String">Curso 0 o Tutorial - Aula 9</Data></Cell><Cell><Data ss:Type="String">/course/view.php?id=10813</Data></Cell><Cell><Data ss:Type="String">/UCE/PLAN FORMACION CRA/Aulas Tutorial</Data></Cell></Row><Row><Cell><Data ss:Type="String">10820</Data></Cell><Cell><Data ss:Type="String">Curso 0 o Tutorial - Aula 13</Data></Cell><Cell><Data ss:Type="String">/course/view.php?id=10820</Data></Cell><Cell><Data ss:Type="String">/UCE/PLAN FORMACION CRA/Aulas Tutorial</Data></Cell></Row><Row><Cell><Data ss:Type="String">10822</Data></Cell><Cell><Data ss:Type="String">Curso 0 o Tutorial - Aula 10</Data></Cell><Cell><Data ss:Type="String">/course/view.php?id=10822</Data></Cell><Cell><Data ss:Type="String">/UCE/PLAN FORMACION CRA/Aulas Tutorial</Data></Cell></Row><Row><Cell><Data ss:Type="String">10823</Data></Cell><Cell><Data ss:Type="String">Curso 0 o Tutorial - Aula 11</Data></Cell><Cell><Data ss:Type="String">/course/view.php?id=10823</Data></Cell><Cell><Data ss:Type="String">/UCE/PLAN FORMACION CRA/Aulas Tutorial</Data></Cell></Row><Row><Cell><Data ss:Type="String">10824</Data></Cell><Cell><Data ss:Type="String">Curso 0 o Tutorial - Aula 12</Data></Cell><Cell><Data ss:Type="String">/course/view.php?id=10824</Data></Cell><Cell><Data ss:Type="String">/UCE/PLAN FORMACION CRA/Aulas Tutorial</Data></Cell></Row><Row><Cell><Data ss:Type="String">10834</Data></Cell><Cell><Data ss:Type="String">Curso 0 o Tutorial - Aula 14</Data></Cell><Cell><Data ss:Type="String">/course/view.php?id=10834</Data></Cell><Cell><Data ss:Type="String">/UCE/PLAN FORMACION CRA/Aulas Tutorial</Data></Cell></Row><Row><Cell><Data ss:Type="String">10835</Data></Cell><Cell><Data ss:Type="String">Curso 0 o Tutorial - Aula 15</Data></Cell><Cell><Data ss:Type="String">/course/view.php?id=10835</Data></Cell><Cell><Data ss:Type="String">/UCE/PLAN FORMACION CRA/Aulas Tutorial</Data></Cell></Row><Row><Cell><Data ss:Type="String">10836</Data></Cell><Cell><Data ss:Type="String">Curso 0 o Tutorial - Aula 16</Data></Cell><Cell><Data ss:Type="String">/course/view.php?id=10836</Data></Cell><Cell><Data ss:Type="String">/UCE/PLAN FORMACION CRA/Aulas Tutorial</Data></Cell></Row><Row><Cell><Data ss:Type="String">10837</Data></Cell><Cell><Data ss:Type="String">Curso 0 o Tutorial - Aula 17</Data></Cell><Cell><Data ss:Type="String">/course/view.php?id=10837</Data></Cell><Cell><Data ss:Type="String">/UCE/PLAN FORMACION CRA/Aulas Tutorial</Data></Cell></Row><Row><Cell><Data ss:Type="String">10838</Data></Cell><Cell><Data ss:Type="String">Curso 0 o Tutorial - Aula 18</Data></Cell><Cell><Data ss:Type="String">/course/view.php?id=10838</Data></Cell><Cell><Data ss:Type="String">/UCE/PLAN FORMACION CRA/Aulas Tutorial</Data></Cell></Row></Table></Worksheet></Workbook>