<?xml version="1.0" encoding="UTF-8"?><?mso-application progid="Excel.Sheet"?><Workbook xmlns="urn:schemas-microsoft-com:office:spreadsheet" xmlns:ss="urn:schemas-microsoft-com:office:spreadsheet"><DocumentProperties xmlns="urn:schemas-microsoft-com:office:office"><Author>Axel Richter</Author><Created>1639051588184</Created></DocumentProperties><Styles><Style ss:ID="Currency"><NumberFormat ss:Format="Currency"></NumberFormat></Style><Style ss:ID="Date"><NumberFormat ss:Format="Medium Date"></NumberFormat></Style></Styles><Worksheet ss:Name="General"><Table><Row><Cell><Data ss:Type="String">Reporte: </Data></Cell><Cell><Data ss:Type="String">Cursos</Data></Cell></Row><Row><Cell><Data ss:Type="String">Categoría: </Data></Cell><Cell><Data ss:Type="String">Aulas curso G (#1318)</Data></Cell></Row><Row><Cell><Data ss:Type="String">Fecha de generación: </Data></Cell><Cell><Data ss:Type="String">09/12/2021</Data></Cell></Row></Table></Worksheet><Worksheet ss:Name="Detalle"><Table><Row><Cell><Data ss:Type="String">Id_Curso</Data></Cell><Cell><Data ss:Type="String">Nombre_Curso</Data></Cell><Cell><Data ss:Type="String">URL_Curso</Data></Cell><Cell><Data ss:Type="String">Ruta_categoría</Data></Cell></Row><Row><Cell><Data ss:Type="String">10796</Data></Cell><Cell><Data ss:Type="String">Plan de formación; Curso G - Decisiones basadas en evidencia para la mejora de la biblioteca escolar-Aula 1</Data></Cell><Cell><Data ss:Type="String">/course/view.php?id=10796</Data></Cell><Cell><Data ss:Type="String">/UCE/PLAN FORMACION CRA/Aulas curso G</Data></Cell></Row><Row><Cell><Data ss:Type="String">10797</Data></Cell><Cell><Data ss:Type="String">Plan de formación; Curso G - Decisiones basadas en evidencia para la mejora de la biblioteca escolar-Aula 2</Data></Cell><Cell><Data ss:Type="String">/course/view.php?id=10797</Data></Cell><Cell><Data ss:Type="String">/UCE/PLAN FORMACION CRA/Aulas curso G</Data></Cell></Row><Row><Cell><Data ss:Type="String">10798</Data></Cell><Cell><Data ss:Type="String">Plan de formación; Curso G - Decisiones basadas en evidencia para la mejora de la biblioteca escolar - Aula 3</Data></Cell><Cell><Data ss:Type="String">/course/view.php?id=10798</Data></Cell><Cell><Data ss:Type="String">/UCE/PLAN FORMACION CRA/Aulas curso G</Data></Cell></Row><Row><Cell><Data ss:Type="String">10817</Data></Cell><Cell><Data ss:Type="String">Plan de Formación: curso G - Aula 4</Data></Cell><Cell><Data ss:Type="String">/course/view.php?id=10817</Data></Cell><Cell><Data ss:Type="String">/UCE/PLAN FORMACION CRA/Aulas curso G</Data></Cell></Row></Table></Worksheet></Workbook>