<?xml version="1.0" encoding="UTF-8"?><?mso-application progid="Excel.Sheet"?><Workbook xmlns="urn:schemas-microsoft-com:office:spreadsheet" xmlns:ss="urn:schemas-microsoft-com:office:spreadsheet"><DocumentProperties xmlns="urn:schemas-microsoft-com:office:office"><Author>Axel Richter</Author><Created>1639051571029</Created></DocumentProperties><Styles><Style ss:ID="Currency"><NumberFormat ss:Format="Currency"></NumberFormat></Style><Style ss:ID="Date"><NumberFormat ss:Format="Medium Date"></NumberFormat></Style></Styles><Worksheet ss:Name="General"><Table><Row><Cell><Data ss:Type="String">Reporte: </Data></Cell><Cell><Data ss:Type="String">Cursos</Data></Cell></Row><Row><Cell><Data ss:Type="String">Categoría: </Data></Cell><Cell><Data ss:Type="String">Aulas Curso B (#1319)</Data></Cell></Row><Row><Cell><Data ss:Type="String">Fecha de generación: </Data></Cell><Cell><Data ss:Type="String">09/12/2021</Data></Cell></Row></Table></Worksheet><Worksheet ss:Name="Detalle"><Table><Row><Cell><Data ss:Type="String">Id_Curso</Data></Cell><Cell><Data ss:Type="String">Nombre_Curso</Data></Cell><Cell><Data ss:Type="String">URL_Curso</Data></Cell><Cell><Data ss:Type="String">Ruta_categoría</Data></Cell></Row><Row><Cell><Data ss:Type="String">10799</Data></Cell><Cell><Data ss:Type="String">Plan de formación; Curso B: Organización, catalogación y circulación de recursos de la biblioteca escolar - Aula 1</Data></Cell><Cell><Data ss:Type="String">/course/view.php?id=10799</Data></Cell><Cell><Data ss:Type="String">/UCE/PLAN FORMACION CRA/Aulas Curso B</Data></Cell></Row><Row><Cell><Data ss:Type="String">10800</Data></Cell><Cell><Data ss:Type="String">Plan de formación; Curso B: Organización, catalogación y circulación de recursos de la biblioteca escolar -Aula 2</Data></Cell><Cell><Data ss:Type="String">/course/view.php?id=10800</Data></Cell><Cell><Data ss:Type="String">/UCE/PLAN FORMACION CRA/Aulas Curso B</Data></Cell></Row><Row><Cell><Data ss:Type="String">10801</Data></Cell><Cell><Data ss:Type="String">Plan de formación; Curso B: Organización, catalogación y circulación de recursos de la biblioteca escolar - Aula 3</Data></Cell><Cell><Data ss:Type="String">/course/view.php?id=10801</Data></Cell><Cell><Data ss:Type="String">/UCE/PLAN FORMACION CRA/Aulas Curso B</Data></Cell></Row><Row><Cell><Data ss:Type="String">10802</Data></Cell><Cell><Data ss:Type="String">Plan de formación: Curso B - Organización, catalogación y circulación de recursos de la biblioteca escolar - Aula 4</Data></Cell><Cell><Data ss:Type="String">/course/view.php?id=10802</Data></Cell><Cell><Data ss:Type="String">/UCE/PLAN FORMACION CRA/Aulas Curso B</Data></Cell></Row><Row><Cell><Data ss:Type="String">10803</Data></Cell><Cell><Data ss:Type="String">Plan de formación; Curso B: Organización, catalogación y circulación de recursos de la biblioteca escolar - Aula 5</Data></Cell><Cell><Data ss:Type="String">/course/view.php?id=10803</Data></Cell><Cell><Data ss:Type="String">/UCE/PLAN FORMACION CRA/Aulas Curso B</Data></Cell></Row><Row><Cell><Data ss:Type="String">10819</Data></Cell><Cell><Data ss:Type="String">Plan de Formación; Curso B: Organización, catalogación y circulación de recursos en la biblioteca escolar - Aula 6</Data></Cell><Cell><Data ss:Type="String">/course/view.php?id=10819</Data></Cell><Cell><Data ss:Type="String">/UCE/PLAN FORMACION CRA/Aulas Curso B</Data></Cell></Row><Row><Cell><Data ss:Type="String">10840</Data></Cell><Cell><Data ss:Type="String">Plan de formación; Curso B: Organización, catalogación y circulación de recursos de la biblioteca escolar - Aula 7</Data></Cell><Cell><Data ss:Type="String">/course/view.php?id=10840</Data></Cell><Cell><Data ss:Type="String">/UCE/PLAN FORMACION CRA/Aulas Curso B</Data></Cell></Row><Row><Cell><Data ss:Type="String">10841</Data></Cell><Cell><Data ss:Type="String">Plan de formación; Curso B: Organización, catalogación y circulación de recursos de la biblioteca escolar - Aula 8</Data></Cell><Cell><Data ss:Type="String">/course/view.php?id=10841</Data></Cell><Cell><Data ss:Type="String">/UCE/PLAN FORMACION CRA/Aulas Curso B</Data></Cell></Row><Row><Cell><Data ss:Type="String">10842</Data></Cell><Cell><Data ss:Type="String">Plan de formación; Curso B: Organización, catalogación y circulación de recursos de la biblioteca escolar - Aula 9</Data></Cell><Cell><Data ss:Type="String">/course/view.php?id=10842</Data></Cell><Cell><Data ss:Type="String">/UCE/PLAN FORMACION CRA/Aulas Curso B</Data></Cell></Row></Table></Worksheet></Workbook>